query,clicks_7d,impressions_7d,ctr_7d,position_7d,clicks_28d,impressions_28d,ctr_28d,position_28d,clicks_previous_28d,impressions_previous_28d,ctr_previous_28d,position_previous_28d,click_change_28d,impression_change_28d,clicks_3mo,impressions_3mo,ctr_3mo,position_3mo
laser hair removal,0,64,0.00,1.34,0,1424,0.00,3.33,0,448,0.00,11.23,0,976,0,2425,0.00,7.89
gfc treatment,,,,,0,1147,0.00,7.48,0,519,0.00,11.18,0,628,0,1712,0.00,9.23
radiance skin & hair clinics,11,205,5.37,5.95,55,924,5.95,5.92,95,1416,6.71,4.06,-40,-492,238,4234,5.62,4.48
skin doctor,,,,,0,814,0.00,33.68,0,1630,0.00,38.01,0,-816,0,4468,0.00,37.09
radiance clinic,8,175,4.57,11.60,37,677,5.47,11.76,16,466,3.43,18.90,21,211,73,1752,4.17,16.03
hair transplant in bhubaneswar,3,166,1.81,9.51,17,631,2.69,8.41,8,643,1.24,7.60,9,-12,42,2149,1.95,7.79
best dermatologist in bhubaneswar,0,124,0.00,6.29,0,531,0.00,6.31,2,516,0.39,6.39,-2,15,5,1728,0.29,6.36
closed comedones,0,370,0.00,10.98,0,370,0.00,10.98,0,0,0.00,0.00,0,370,0,370,0.00,10.98
skin radiance,0,5,0.00,2.00,0,350,0.00,3.19,0,347,0.00,4.50,0,3,0,922,0.00,5.09
hair transplant bhubaneswar,0,82,0.00,9.11,11,346,3.18,6.61,5,322,1.55,5.05,6,24,29,1055,2.75,4.78
hair transplant clinic in bhubaneswar,0,84,0.00,15.67,1,340,0.29,11.17,3,279,1.08,10.29,-2,61,10,996,1.00,9.09
hair treatment in bhubaneswar,0,109,0.00,10.61,1,331,0.30,12.39,4,333,1.20,13.06,-3,-2,8,973,0.82,13.55
best hair transplant in bhubaneswar,0,69,0.00,12.00,5,330,1.52,15.91,1,303,0.33,14.94,4,27,12,1062,1.13,15.19
best hair doctor in bhubaneswar,0,60,0.00,4.22,1,317,0.32,5.97,5,318,1.57,5.75,-4,-1,7,975,0.72,5.87
best skin doctor in bhubaneswar,0,85,0.00,9.16,0,313,0.00,9.01,0,244,0.00,10.01,0,69,0,862,0.00,9.60
skin care doctor,,,,,0,312,0.00,27.52,0,497,0.00,31.35,0,-185,0,1458,0.00,29.88
radiance clinic bhubaneswar,6,65,9.23,1.02,20,309,6.47,1.50,8,181,4.42,3.62,12,128,38,651,5.84,1.97
dermatologist in bhubaneswar,0,75,0.00,8.27,0,288,0.00,8.72,3,257,1.17,8.85,-3,31,3,912,0.33,8.86
best hair transplant clinic in bhubaneswar,1,40,2.50,10.15,5,281,1.78,9.40,2,340,0.59,8.96,3,-59,12,964,1.24,7.88
hair doctor bhubaneswar,0,72,0.00,5.39,3,278,1.08,4.93,0,210,0.00,5.93,3,68,3,727,0.41,5.44
radiance skin & hair clinics reviews,0,34,0.00,4.03,1,256,0.39,7.37,1,244,0.41,9.08,0,12,2,818,0.24,8.40
hair clinic in bhubaneswar,0,53,0.00,19.98,1,238,0.42,22.61,1,226,0.44,21.94,0,12,5,753,0.66,22.59
top 10 skin specialist in bhubaneswar,0,65,0.00,7.75,1,229,0.44,8.15,0,199,0.00,8.25,1,30,1,662,0.15,8.36
hair specialist in bhubaneswar,0,51,0.00,12.51,2,224,0.89,10.91,1,180,0.56,12.92,1,44,5,633,0.79,12.12
hair specialist doctor in bhubaneswar,0,57,0.00,11.58,3,215,1.40,8.23,1,65,1.54,11.58,2,150,4,346,1.16,9.28
laser hair removal bhubaneswar,2,54,3.70,11.83,3,188,1.60,8.84,2,166,1.20,7.34,1,22,6,543,1.10,7.66
best hair specialist in bhubaneswar,0,49,0.00,13.00,1,181,0.55,11.06,0,194,0.00,12.35,1,-13,2,595,0.34,11.30
skincare doctor,,,,,0,180,0.00,28.08,0,146,0.00,28.99,0,34,0,523,0.00,30.45
hair removal treatment,,,,,0,174,0.00,53.76,0,242,0.00,49.95,0,-68,0,693,0.00,48.69
radiant skin clinic,0,44,0.00,31.98,0,170,0.00,34.42,0,168,0.00,35.84,0,2,0,528,0.00,34.71
radiance skin & hair clinics photos,0,38,0.00,3.32,1,167,0.60,2.72,0,141,0.00,2.10,1,26,4,503,0.80,2.37
best hair clinic in bhubaneswar,0,35,0.00,14.26,2,166,1.20,13.57,1,153,0.65,11.12,1,13,3,534,0.56,12.27
best dermatologist bhubaneswar,1,33,3.03,5.91,1,156,0.64,6.87,2,141,1.42,6.97,-1,15,4,456,0.88,7.03
radiance skin clinic,2,45,4.44,13.96,6,154,3.90,16.73,1,99,1.01,19.90,5,55,15,424,3.54,17.70
acne prone skin,,,,,0,151,0.00,27.43,0,382,0.00,28.37,0,-231,0,774,0.00,27.49
laser hair removal in bhubaneswar,0,37,0.00,11.32,2,149,1.34,15.30,3,145,2.07,15.59,-1,4,6,489,1.23,15.39
radiance hair clinic,1,29,3.45,41.83,3,145,2.07,33.55,4,159,2.52,36.21,-1,-14,10,503,1.99,36.48
hair clinic bhubaneswar,1,32,3.12,2.69,3,141,2.13,2.96,1,159,0.63,3.29,2,-18,4,450,0.89,3.21
hair doctor in bhubaneswar,0,26,0.00,9.00,0,135,0.00,8.44,1,139,0.72,11.16,-1,-4,1,434,0.23,11.40
hair doctor kolkata,,,,,0,132,0.00,5.92,0,143,0.00,8.29,0,-11,0,305,0.00,7.55
radiance skin and hair clinic,0,25,0.00,21.40,1,130,0.77,16.25,3,207,1.45,11.82,-2,-77,7,599,1.17,15.14
skin clinic bhubaneswar,1,25,4.00,9.28,1,126,0.79,10.29,0,63,0.00,11.19,1,63,1,324,0.31,10.42
radiance,1,36,2.78,7.47,3,123,2.44,6.50,4,93,4.30,4.75,-1,30,13,348,3.74,5.17
acne check,,,,,0,118,0.00,9.28,0,156,0.00,11.18,0,-38,0,333,0.00,11.02
laser treatment in bhubaneswar,0,36,0.00,9.47,0,116,0.00,12.24,2,72,2.78,11.67,-2,44,2,349,0.57,11.14
radiance hair transplant,0,31,0.00,29.23,4,116,3.45,36.48,0,128,0.00,38.27,4,-12,5,435,1.15,39.06
hair specialist,0,3,0.00,9.00,0,116,0.00,61.91,0,225,0.00,68.57,0,-109,0,597,0.00,67.37
hair doctor near me,1,34,2.94,7.26,1,115,0.87,7.05,0,119,0.00,6.78,1,-4,1,359,0.28,7.16
skin clinic in bhubaneswar,0,34,0.00,13.12,0,115,0.00,13.53,0,101,0.00,13.21,0,14,0,341,0.00,13.16
dandruff treatment,0,64,0.00,5.12,0,114,0.00,5.05,0,503,0.00,5.67,0,-389,0,1218,0.00,5.87
hair patch in bhubaneswar,0,3,0.00,25.67,3,113,2.65,5.46,3,205,1.46,5.88,0,-92,15,605,2.48,5.66
radiant clinic,0,20,0.00,17.80,1,112,0.89,20.68,0,77,0.00,24.75,1,35,2,331,0.60,21.46
gfc procedure,,,,,0,111,0.00,6.49,0,274,0.00,5.50,0,-163,0,561,0.00,5.70
dermatologist bhubaneswar,0,21,0.00,11.67,0,109,0.00,9.98,3,129,2.33,9.53,-3,-20,4,407,0.98,9.80
ฉีด gfc ผม,,,,,0,108,0.00,47.27,0,285,0.00,44.44,0,-177,0,534,0.00,44.69
gfc กระตุ้นรากผม,,,,,0,108,0.00,53.90,0,71,0.00,51.32,0,37,0,186,0.00,52.96
radiance skin,0,8,0.00,30.50,0,103,0.00,10.91,0,174,0.00,8.40,0,-71,0,477,0.00,11.04
skin clinic near me,0,15,0.00,9.80,0,98,0.00,8.80,0,109,0.00,8.44,0,-11,1,317,0.32,7.88
hair removal laser,0,5,0.00,1.00,0,95,0.00,1.00,0,1,0.00,54.00,0,94,0,104,0.00,1.81
hair transplant in kolkata,,,,,0,95,0.00,41.07,0,200,0.00,39.13,0,-105,0,551,0.00,40.99
hair transplant clinic in kolkata,,,,,0,92,0.00,38.42,0,167,0.00,43.05,0,-75,0,463,0.00,42.07
best hair treatment in bhubaneswar,0,18,0.00,9.78,1,88,1.14,8.26,0,96,0.00,7.61,1,-8,2,299,0.67,8.58
skin care doctors,,,,,0,88,0.00,48.10,0,172,0.00,42.65,0,-84,0,417,0.00,39.42
skin doctors,,,,,0,85,0.00,48.38,0,56,0.00,51.91,0,29,0,226,0.00,49.04
skin specialist in bhubaneswar,0,16,0.00,14.62,0,84,0.00,14.25,0,88,0.00,15.26,0,-4,0,294,0.00,15.65
top 10 hair transplant in bhubaneswar,0,15,0.00,7.73,0,83,0.00,7.71,0,95,0.00,8.31,0,-12,1,290,0.34,6.87
dermatologist near me,0,12,0.00,12.25,0,82,0.00,11.46,0,69,0.00,10.13,0,13,0,247,0.00,10.79
skin doctor bhubaneswar,1,21,4.76,16.24,1,81,1.23,14.40,0,97,0.00,15.15,1,-16,1,285,0.35,14.24
hydra facial in bhubaneswar,1,15,6.67,25.07,1,80,1.25,15.44,1,82,1.22,12.62,0,-2,3,270,1.11,13.82
hair transplant clinic near me,0,11,0.00,8.27,0,79,0.00,3.96,1,62,1.61,3.56,-1,17,1,225,0.44,3.97
best hair transplant near me,0,15,0.00,3.93,1,78,1.28,5.15,0,48,0.00,3.23,1,30,1,182,0.55,4.34
hair transplant cost in bhubaneswar,0,24,0.00,26.29,0,76,0.00,26.70,1,54,1.85,32.94,-1,22,1,194,0.52,26.10
bhubaneswar hair transplant clinic,0,24,0.00,3.38,1,75,1.33,2.40,3,95,3.16,2.19,-2,-20,8,287,2.79,2.43
radiance skin and hair clinic bhubaneswar,1,6,16.67,1.00,11,70,15.71,1.23,1,18,5.56,1.00,10,52,12,88,13.64,1.18
hair prp treatment in bhubaneswar,0,17,0.00,10.35,0,70,0.00,11.36,0,66,0.00,12.21,0,4,0,198,0.00,9.96
best skin clinic in bhubaneswar,0,15,0.00,10.87,0,70,0.00,12.04,1,45,2.22,14.67,-1,25,1,195,0.51,13.47
best hair transplant in kolkata,,,,,0,69,0.00,19.51,0,58,0.00,20.00,0,11,0,215,0.00,20.47
radiance bhubaneswar,1,18,5.56,1.00,3,68,4.41,1.00,0,33,0.00,14.45,3,35,7,127,5.51,4.50
dermal fillers treatment in bhubaneswar,0,18,0.00,14.28,0,68,0.00,21.97,0,80,0.00,20.01,0,-12,0,260,0.00,20.02
hair clinic near me,0,11,0.00,9.55,0,68,0.00,7.19,0,88,0.00,6.18,0,-20,0,254,0.00,6.55
botox treatment in bhubaneswar,0,17,0.00,21.41,0,66,0.00,16.55,2,72,2.78,12.17,-2,-6,2,245,0.82,14.01
hair clinic,0,14,0.00,36.93,0,65,0.00,33.32,0,30,0.00,25.17,0,35,0,129,0.00,29.26
best skin specialist in bhubaneswar,0,19,0.00,8.68,0,64,0.00,8.33,1,64,1.56,12.48,-1,0,1,230,0.43,11.45
prp treatment in bhubaneswar,2,20,10.00,5.25,3,63,4.76,3.90,2,61,3.28,1.02,1,2,5,199,2.51,2.90
site:www.radianceclinics.com,0,4,0.00,1.00,0,61,0.00,61.66,0,23,0.00,1.00,0,38,0,108,0.00,35.26
hair transplant candidates,,,,,0,61,0.00,74.77,0,137,0.00,77.51,0,-76,0,354,0.00,78.44
hair transplant clinic in odisha,0,14,0.00,1.57,0,59,0.00,1.46,0,49,0.00,1.39,0,10,0,181,0.00,1.84
skin care clinic bhubaneswar,0,5,0.00,11.40,0,59,0.00,10.86,1,59,1.69,10.68,-1,0,1,147,0.68,10.65
radiance hair and skin clinic,1,11,9.09,36.27,1,57,1.75,27.09,0,43,0.00,26.00,1,14,1,153,0.65,29.38
tattoo removal bhubaneswar,0,2,0.00,6.00,1,57,1.75,6.63,3,114,2.63,5.75,-2,-57,6,350,1.71,7.05
facial doctor,,,,,0,57,0.00,7.07,0,70,0.00,7.79,0,-13,0,198,0.00,8.07
acne skin treatment in bhubaneswar,0,16,0.00,21.88,0,55,0.00,14.82,0,58,0.00,15.98,0,-3,0,153,0.00,13.50
best hair transplant in odisha,0,14,0.00,3.21,0,55,0.00,2.84,1,52,1.92,2.38,-1,3,4,166,2.41,2.67
hair doctor,0,12,0.00,8.08,0,55,0.00,6.55,0,46,0.00,8.15,0,9,0,157,0.00,8.09
skin and hair clinic bhubaneswar,0,15,0.00,3.73,0,54,0.00,3.57,0,31,0.00,3.10,0,23,2,133,1.50,3.76
doctor skin,,,,,0,54,0.00,14.83,0,90,0.00,20.80,0,-36,0,271,0.00,18.80
bhubaneswar hair transplant,0,16,0.00,23.75,0,53,0.00,17.08,0,16,0.00,22.06,0,37,0,69,0.00,18.23
radiance skin & hair clinic,0,12,0.00,36.58,1,53,1.89,35.74,2,82,2.44,28.99,-1,-29,5,304,1.64,28.23
hair transplant,0,2,0.00,4.00,1,53,1.89,5.08,0,91,0.00,4.80,1,-38,2,241,0.83,4.67
laser treatment bhubaneswar,0,23,0.00,5.91,0,50,0.00,6.62,0,38,0.00,12.03,0,12,0,143,0.00,10.10
prp treatment,0,7,0.00,1.57,1,50,2.00,2.42,0,38,0.00,2.87,1,12,1,130,0.77,2.90
hair patch service near me,,,,,0,50,0.00,7.96,1,99,1.01,8.51,-1,-49,2,332,0.60,7.32
hair doctor cuttack,,,,,0,50,0.00,10.80,0,109,0.00,9.83,0,-59,0,270,0.00,9.89
ear piercing bhubaneswar,,,,,0,50,0.00,11.44,0,94,0.00,11.30,0,-44,0,188,0.00,11.40
gfc ผม,,,,,0,50,0.00,36.44,0,51,0.00,34.33,0,-1,0,164,0.00,34.83
hair treatment bhubaneswar,0,13,0.00,12.46,0,49,0.00,10.22,1,48,2.08,7.19,-1,1,1,157,0.64,7.09
hair transplant service bhubaneswar,0,12,0.00,1.50,0,49,0.00,1.37,0,45,0.00,3.44,0,4,0,144,0.00,1.90
prp treatment for hair in bhubaneswar,0,15,0.00,4.93,0,48,0.00,5.52,0,39,0.00,6.87,0,9,0,139,0.00,6.05
best hair restoration in odisha,0,12,0.00,1.42,0,48,0.00,1.42,0,69,0.00,2.07,0,-21,0,187,0.00,1.77
hair specialist bhubaneswar,0,11,0.00,18.91,0,48,0.00,6.85,1,62,1.61,4.66,-1,-14,1,164,0.61,5.41
hair doctor in berhampur,0,7,0.00,11.43,0,48,0.00,7.52,0,28,0.00,6.86,0,20,0,117,0.00,7.58
hair specialist doctor in berhampur,,,,,0,48,0.00,6.21,0,54,0.00,6.93,0,-6,0,163,0.00,6.60
skin care dr,,,,,0,48,0.00,8.62,0,109,0.00,8.53,0,-61,1,255,0.39,8.21
บำรุงผม gfc,,,,,0,48,0.00,34.15,0,58,0.00,35.31,0,-10,0,185,0.00,35.55
glutathione treatment in bhubaneswar,1,10,10.00,32.70,1,47,2.13,22.23,0,53,0.00,18.55,1,-6,1,208,0.48,19.56
best laser treatment in bhubaneswar,0,17,0.00,11.88,0,47,0.00,13.70,0,4,0.00,9.00,0,43,0,66,0.00,11.56
hair transplant in odisha,0,11,0.00,3.27,1,45,2.22,3.47,1,45,2.22,2.47,0,0,7,143,4.90,2.77
best dermatologist in bhubaneswar for hair,0,18,0.00,2.67,0,44,0.00,2.80,0,49,0.00,2.82,0,-5,2,168,1.19,3.12
aft treatment for hair,0,15,0.00,7.67,0,44,0.00,7.36,0,32,0.00,8.00,0,12,0,127,0.00,7.60
best cosmetologist in bhubaneswar,0,12,0.00,31.25,0,44,0.00,22.82,0,10,0.00,11.90,0,34,0,74,0.00,17.34
chemical peeling cost,,,,,0,44,0.00,11.75,0,37,0.00,12.73,0,7,0,123,0.00,12.13
skin doctor near me,0,16,0.00,5.38,0,43,0.00,7.53,0,30,0.00,8.57,0,13,0,110,0.00,7.75
hair transplant near me,0,7,0.00,4.43,0,43,0.00,4.98,0,43,0.00,5.07,0,0,2,168,1.19,5.47
best hair doctor in berhampur,,,,,0,43,0.00,6.91,0,42,0.00,7.36,0,1,0,132,0.00,7.39
nose piercing near me,,,,,0,43,0.00,8.40,0,48,0.00,8.98,0,-5,0,99,0.00,8.85
hair specialist doctor kolkata,,,,,0,43,0.00,9.84,0,34,0.00,10.74,0,9,0,79,0.00,10.28
hair care after hair transplant,,,,,0,43,0.00,79.00,0,69,0.00,79.43,0,-26,0,170,0.00,81.58
deep acne scars,0,42,0.00,25.40,0,42,0.00,25.40,0,0,0.00,0.00,0,42,0,42,0.00,25.40
services offered by radiance skin & hair clinics,0,7,0.00,1.00,3,42,7.14,1.93,0,35,0.00,1.00,3,7,3,126,2.38,1.32
aesthetic clinic bhubaneswar,0,13,0.00,6.62,2,41,4.88,7.78,0,22,0.00,9.23,2,19,2,96,2.08,8.36
bio hair transplant,0,1,0.00,4.00,0,41,0.00,13.61,0,44,0.00,14.25,0,-3,1,143,0.70,12.83
derma radiance skin & hair clinic,,,,,0,41,0.00,9.59,0,62,0.00,7.73,0,-21,4,228,1.75,8.95
best hair patch in bhubaneswar,0,6,0.00,10.67,1,40,2.50,6.88,2,62,3.23,4.02,-1,-22,5,213,2.35,4.69
how to reverse the signs of ageing,,,,,0,40,0.00,56.35,0,46,0.00,51.67,0,-6,0,160,0.00,53.52
hair restoration in bhubaneswar,0,13,0.00,1.77,0,39,0.00,1.54,0,39,0.00,2.10,0,0,0,132,0.00,1.55
hydra facial price in bhubaneswar,0,12,0.00,8.08,0,39,0.00,8.82,0,53,0.00,10.04,0,-14,0,154,0.00,10.58
hair transplantation in bhubaneswar,0,11,0.00,5.00,0,39,0.00,5.00,0,47,0.00,5.00,0,-8,0,146,0.00,4.62
vitiligo treatment in bhubaneswar,0,8,0.00,44.88,0,39,0.00,20.38,0,11,0.00,6.55,0,28,1,86,1.16,14.13
piercing near me,,,,,0,39,0.00,10.18,0,54,0.00,10.19,0,-15,0,157,0.00,10.24
wart doctor,,,,,0,39,0.00,59.77,0,23,0.00,51.91,0,16,0,88,0.00,56.47
aft treatment,0,9,0.00,17.78,0,38,0.00,18.32,0,26,0.00,17.46,0,12,0,97,0.00,20.73
skin radiance clinic,0,9,0.00,32.89,1,38,2.63,36.03,0,25,0.00,33.76,1,13,1,103,0.97,35.31
radiance clinics,0,4,0.00,6.25,0,38,0.00,9.37,0,21,0.00,6.57,0,17,3,96,3.12,7.61
best hair doctor in cuttack,0,1,0.00,10.00,0,38,0.00,10.71,0,60,0.00,10.88,0,-22,0,200,0.00,10.09
laser hair removal cost in bhubaneswar,0,9,0.00,31.89,0,37,0.00,21.11,2,35,5.71,14.14,-2,2,3,106,2.83,22.67
bhubaneswar best hair transplant clinic,0,8,0.00,6.38,0,37,0.00,5.27,0,8,0.00,5.62,0,29,0,45,0.00,5.33
laser hair removal near me,0,8,0.00,8.50,0,37,0.00,8.27,0,35,0.00,7.14,0,2,0,105,0.00,7.99
hair specialist doctor near me,0,8,0.00,9.25,0,37,0.00,8.22,0,38,0.00,7.82,0,-1,0,111,0.00,8.08
best prp treatment in bhubaneswar,0,7,0.00,4.00,2,37,5.41,3.62,0,22,0.00,3.86,2,15,4,95,4.21,3.44
best hair doctor near me,0,1,0.00,8.00,0,37,0.00,6.76,0,29,0.00,5.97,0,8,0,106,0.00,6.51
check acne,,,,,0,37,0.00,2.08,0,102,0.00,1.74,0,-65,0,266,0.00,1.76
doctor facial,,,,,0,37,0.00,3.65,0,66,0.00,3.53,0,-29,0,205,0.00,4.56
hair fall treatment in bhubaneswar,0,14,0.00,3.21,0,36,0.00,3.72,0,34,0.00,5.09,0,2,2,113,1.77,4.35
pigmentation treatment in bhubaneswar,0,11,0.00,17.64,0,36,0.00,15.89,0,0,0.00,0.00,0,36,0,36,0.00,15.89
vampire facial treatment in bhubaneswar,0,10,0.00,13.60,0,36,0.00,10.89,0,41,0.00,9.00,0,-5,0,130,0.00,9.40
dermal filler in bhubaneswar,0,8,0.00,9.75,0,36,0.00,9.64,0,35,0.00,8.49,0,1,0,132,0.00,7.80
vampire facial in bhubaneswar,0,7,0.00,17.71,0,36,0.00,7.86,0,38,0.00,6.29,0,-2,0,120,0.00,7.48
gfc,,,,,0,35,0.00,26.83,0,48,0.00,27.27,0,-13,0,162,0.00,25.15
best hair transplant clinic in kolkata,,,,,0,35,0.00,33.54,0,74,0.00,32.89,0,-39,0,181,0.00,35.60
dermatologist wart removal,,,,,0,35,0.00,73.60,0,28,0.00,65.21,0,7,0,88,0.00,71.22
lice treatment in bhubaneswar,0,10,0.00,1.60,0,34,0.00,2.62,1,31,3.23,2.13,-1,3,1,114,0.88,2.02
exosomes treatment in bhubaneswar,0,9,0.00,45.22,0,34,0.00,38.00,0,30,0.00,33.63,0,4,0,105,0.00,34.08
gfc treatment in bhubaneswar,0,7,0.00,3.57,1,34,2.94,3.41,0,10,0.00,3.10,1,24,1,47,2.13,3.30
best hair transplant clinic near me,0,5,0.00,1.00,0,34,0.00,1.94,0,30,0.00,2.17,0,4,0,78,0.00,2.03
hair doctor berhampur,0,5,0.00,11.20,0,34,0.00,7.88,0,37,0.00,7.19,0,-3,0,101,0.00,7.59
radiance skin and hair care,0,3,0.00,68.33,0,34,0.00,53.79,0,28,0.00,41.54,0,6,0,113,0.00,48.47
skin treatment doctor,,,,,0,34,0.00,39.62,0,103,0.00,48.71,0,-69,0,255,0.00,44.28
skin doctor in bhubaneswar,0,9,0.00,15.11,0,33,0.00,15.30,0,22,0.00,12.27,0,11,0,94,0.00,15.52
skin specialist bhubaneswar,0,9,0.00,16.22,0,33,0.00,17.33,0,38,0.00,18.50,0,-5,0,108,0.00,17.87
trichologist bhubaneswar,0,11,0.00,1.09,0,32,0.00,1.19,0,19,0.00,1.16,0,13,1,61,1.64,1.15
laser hair removal treatment in bhubaneswar,0,9,0.00,9.33,0,32,0.00,8.59,0,23,0.00,11.74,0,9,1,102,0.98,10.12
top 10 skin specialist in odisha,0,9,0.00,10.11,0,32,0.00,9.09,0,27,0.00,9.07,0,5,0,91,0.00,8.81
best hair treatment doctor in bhubaneswar,0,7,0.00,6.43,0,32,0.00,5.50,0,21,0.00,2.81,0,11,0,66,0.00,4.12
carbon facial in bhubaneswar,0,7,0.00,24.00,0,32,0.00,15.06,0,33,0.00,12.21,0,-1,0,117,0.00,12.80
botox treatment,0,2,0.00,3.00,0,32,0.00,24.41,0,63,0.00,26.00,0,-31,0,140,0.00,27.91
scarring alopecia,,,,,0,32,0.00,91.44,0,44,0.00,88.09,0,-12,0,105,0.00,88.70
skin clinic,0,10,0.00,6.40,0,31,0.00,5.90,0,4,0.00,8.25,0,27,0,44,0.00,6.52
laser treatment price in bhubaneswar,0,8,0.00,1.38,0,31,0.00,1.87,0,22,0.00,1.41,0,9,0,64,0.00,1.66
anti aging treatment in bhubaneswar,0,8,0.00,24.75,0,31,0.00,18.26,0,40,0.00,15.65,0,-9,0,113,0.00,15.68
best skin doctor bhubaneswar,0,7,0.00,10.71,0,31,0.00,9.65,0,33,0.00,9.27,0,-2,0,100,0.00,9.38
microblading eyebrows in bhubaneswar,0,6,0.00,1.00,2,31,6.45,2.39,0,32,0.00,4.31,2,-1,3,99,3.03,3.46
laser for hair removal,0,1,0.00,1.00,0,31,0.00,1.35,0,0,0.00,0.00,0,31,0,32,0.00,1.34
hair patch service in bhubaneswar,,,,,1,31,3.23,2.39,1,24,4.17,3.33,0,7,2,82,2.44,2.82
best doctor for hair treatment in bhubaneswar,0,14,0.00,18.43,1,30,3.33,12.40,0,9,0.00,6.67,1,21,1,41,2.44,10.59
traya bhubaneswar,0,10,0.00,3.60,0,30,0.00,3.37,0,38,0.00,3.47,0,-8,0,117,0.00,3.18
hair fall doctor near me,0,9,0.00,9.67,0,30,0.00,8.47,0,21,0.00,8.00,0,9,0,83,0.00,7.88
aft laser,0,7,0.00,29.00,0,30,0.00,26.77,0,10,0.00,25.90,0,20,0,54,0.00,27.11
radiant hair transplant clinic,0,6,0.00,16.67,0,30,0.00,37.83,0,40,0.00,38.08,0,-10,0,129,0.00,33.54
best dermatologist in odisha,0,3,0.00,8.67,0,30,0.00,7.53,0,34,0.00,6.91,0,-4,0,108,0.00,7.16
hair rejuvenation treatment,,,,,0,30,0.00,66.73,0,50,0.00,57.30,0,-20,0,144,0.00,60.58
face clinic,0,11,0.00,8.45,0,29,0.00,8.72,0,20,0.00,10.75,0,9,0,62,0.00,9.39
best hair transplant clinic in odisha,0,9,0.00,4.89,1,29,3.45,3.83,1,27,3.70,3.41,0,2,2,116,1.72,3.32
radiance salon,0,9,0.00,7.67,0,29,0.00,8.17,0,17,0.00,7.59,0,12,0,99,0.00,8.65
radiance skin antiaging & hair transplant clinic,0,8,0.00,45.38,0,29,0.00,36.83,0,25,0.00,35.48,0,4,0,99,0.00,37.08
platelet rich plasma in hair treatment in bhubaneswar,0,7,0.00,27.57,0,29,0.00,30.31,0,31,0.00,34.45,0,-2,0,109,0.00,33.53
radiance hair and sk,0,7,0.00,51.71,0,29,0.00,52.93,0,54,0.00,48.87,0,-25,0,137,0.00,47.01
rupam clinic,0,6,0.00,26.00,0,29,0.00,26.45,0,43,0.00,27.63,0,-14,0,99,0.00,28.30
hair treatment berhampur,,,,,1,29,3.45,5.55,0,17,0.00,5.53,1,12,1,76,1.32,5.70
pseudoacanthosis nigricans,,,,,1,29,3.45,11.52,0,17,0.00,17.71,1,12,1,72,1.39,13.72
zap laser,,,,,0,29,0.00,29.34,0,28,0.00,29.36,0,1,0,84,0.00,31.55
best hair fall doctor in bhubaneswar,0,7,0.00,1.00,1,28,3.57,3.82,0,8,0.00,3.88,1,20,1,36,2.78,3.83
best skin care clinic in bhubaneswar,0,6,0.00,9.00,0,28,0.00,13.61,0,27,0.00,12.81,0,1,0,103,0.00,12.69
hydrafacial in bhubaneswar,0,6,0.00,12.33,0,28,0.00,12.68,0,40,0.00,10.68,0,-12,0,113,0.00,10.70
skin care clinic in bhubaneswar,0,6,0.00,12.33,0,28,0.00,10.54,0,23,0.00,9.26,0,5,0,94,0.00,11.22
skin booster treatment in bhubaneswar,0,5,0.00,36.60,0,28,0.00,43.75,0,26,0.00,43.46,0,2,0,90,0.00,44.78
gfc hair treatment,0,3,0.00,11.00,0,28,0.00,23.25,1,146,0.68,32.19,-1,-118,2,402,0.50,34.53
trichologist near me,,,,,0,28,0.00,6.50,0,19,0.00,5.68,0,9,0,65,0.00,5.88
doctor skin care,,,,,0,28,0.00,39.93,0,27,0.00,36.00,0,1,0,144,0.00,29.32
hair specialist doctor,0,9,0.00,5.89,0,27,0.00,5.81,0,25,0.00,9.12,0,2,0,79,0.00,7.03
radiance skin care,0,6,0.00,2.00,0,27,0.00,25.11,0,63,0.00,20.81,0,-36,0,186,0.00,19.24
bhubaneswar best hair doctor,0,5,0.00,5.60,1,27,3.70,7.52,0,5,0.00,10.20,1,22,1,32,3.12,7.94
who is the best skin specialist in bhubaneswar,0,4,0.00,8.50,0,27,0.00,8.67,0,23,0.00,9.65,0,4,0,89,0.00,9.28
best hair doctor in balasore,0,2,0.00,2.00,0,27,0.00,7.04,1,49,2.04,6.61,-1,-22,2,126,1.59,6.52
lip pigmentation treatment,,,,,0,27,0.00,7.93,0,123,0.00,30.59,0,-96,1,284,0.35,25.34
dr satyarth prakash,4,11,36.36,1.64,6,26,23.08,2.81,2,26,7.69,2.62,4,0,8,89,8.99,2.81
laser treatment,0,9,0.00,10.78,0,26,0.00,9.81,0,11,0.00,9.27,0,15,0,104,0.00,10.08
mole removal bhubaneswar,0,6,0.00,4.33,0,26,0.00,7.23,0,12,0.00,9.33,0,14,0,78,0.00,8.29
bhubaneswar hair doctor,0,5,0.00,7.40,0,26,0.00,5.58,0,23,0.00,7.65,0,3,0,71,0.00,6.34
laser tattoo removal treatment in bhubaneswar,0,4,0.00,36.00,0,26,0.00,28.42,0,31,0.00,25.13,0,-5,0,93,0.00,23.68
skin and hair clinic near me,0,3,0.00,9.67,0,26,0.00,6.88,0,20,0.00,6.40,0,6,0,67,0.00,7.09
hair specialist in sambalpur,,,,,0,26,0.00,10.08,0,51,0.00,10.08,0,-25,0,138,0.00,10.17
co2 laser treatment in bhubaneswar,0,10,0.00,10.20,0,25,0.00,11.24,0,18,0.00,14.78,0,7,0,76,0.00,13.59
dermatologist,0,6,0.00,6.83,0,25,0.00,8.48,0,16,0.00,7.75,0,9,0,63,0.00,8.03
hydra facial bhubaneswar,0,3,0.00,6.33,0,25,0.00,7.16,0,29,0.00,7.62,0,-4,1,102,0.98,6.66
best dermatologist near me,0,3,0.00,11.33,0,25,0.00,9.80,0,20,0.00,8.90,0,5,0,87,0.00,9.28
hair wig in bhubaneswar,,,,,1,25,4.00,6.16,1,28,3.57,4.64,0,-3,2,113,1.77,5.69
piercing shops near me,,,,,0,25,0.00,11.28,0,23,0.00,10.74,0,2,0,55,0.00,11.18
hair treatment in kolkata,,,,,0,25,0.00,12.88,0,57,0.00,23.58,0,-32,0,169,0.00,24.57
is laser hair removal permanent,,,,,0,25,0.00,31.44,0,57,0.00,25.19,0,-32,0,133,0.00,27.14
acne scar treatment,,,,,0,25,0.00,59.80,0,4,0.00,26.25,0,21,0,46,0.00,38.57
forehead lines,,,,,0,25,0.00,79.28,0,10,0.00,70.00,0,15,0,39,0.00,75.18
bhubaneswar,0,5,0.00,2.00,0,24,0.00,2.92,0,7,0.00,2.57,0,17,0,35,0.00,2.94
hair dermatologist near me,0,3,0.00,10.67,0,24,0.00,8.96,0,31,0.00,7.65,0,-7,0,75,0.00,7.52
lice treatment parlour in bhubaneswar,0,2,0.00,2.50,0,24,0.00,1.75,0,7,0.00,1.29,0,17,0,54,0.00,1.56
clinics in bhubaneswar,0,5,0.00,12.60,1,23,4.35,9.70,2,20,10.00,8.00,-1,3,3,74,4.05,8.55
best hair doctor in odisha,0,4,0.00,8.25,0,23,0.00,6.57,1,20,5.00,5.00,-1,3,1,56,1.79,5.50
best hair treatment clinic in bhubaneswar,0,3,0.00,8.33,1,23,4.35,6.43,0,13,0.00,7.00,1,10,1,36,2.78,6.64
piercing bhubaneswar,,,,,0,23,0.00,8.91,0,44,0.00,8.82,0,-21,0,129,0.00,8.78
laser vs waxing,,,,,0,23,0.00,18.13,0,29,0.00,28.24,0,-6,0,73,0.00,28.79
doctors skin care,,,,,0,23,0.00,29.35,0,48,0.00,29.71,0,-25,0,139,0.00,23.81
best skin care clinic in odisha,0,8,0.00,11.50,0,22,0.00,11.64,0,15,0.00,12.80,0,7,0,49,0.00,12.20
hydrafacial treatment in bhubaneswar,0,5,0.00,16.00,0,22,0.00,26.77,0,34,0.00,25.94,0,-12,0,93,0.00,33.11
hair transplant in berhampur,0,1,0.00,7.00,0,22,0.00,5.73,2,66,3.03,4.45,-2,-44,3,92,3.26,4.75
painless wart removal,,,,,0,22,0.00,1.91,0,22,0.00,1.23,0,0,0,89,0.00,1.71
berhampur hair doctor,,,,,0,22,0.00,7.09,0,35,0.00,6.97,0,-13,0,79,0.00,6.89
gfc treatment for hair loss,,,,,0,22,0.00,13.18,0,13,0.00,11.00,0,9,0,53,0.00,13.32
best hair clinic in kolkata,,,,,0,22,0.00,25.27,0,53,0.00,27.62,0,-31,0,134,0.00,31.92
hair transplant kolkata,,,,,0,22,0.00,40.55,0,35,0.00,37.43,0,-13,0,122,0.00,40.84
best laser hair removal in bhubaneswar,0,10,0.00,1.30,1,21,4.76,4.29,0,15,0.00,4.20,1,6,1,40,2.50,4.28
best skin specialist bhubaneswar,0,6,0.00,6.17,0,21,0.00,7.95,0,19,0.00,6.89,0,2,0,76,0.00,7.55
can you reverse signs of aging,0,6,0.00,60.67,0,21,0.00,72.38,0,23,0.00,86.04,0,-2,0,72,0.00,80.72
radiance skin & hair clinics bhubaneswar,0,4,0.00,1.00,2,21,9.52,1.19,2,36,5.56,1.06,0,-15,6,91,6.59,1.08
laser women,,,,,0,21,0.00,1.24,0,25,0.00,2.32,0,-4,0,49,0.00,3.12
hair transplant in sambalpur,,,,,0,21,0.00,4.38,0,38,0.00,3.97,0,-17,0,89,0.00,4.12
gfc therapy,,,,,0,21,0.00,11.00,0,43,0.00,13.26,0,-22,0,147,0.00,20.01
doctor for face skin,,,,,0,21,0.00,13.62,0,32,0.00,11.59,0,-11,0,122,0.00,12.02
hair clinic in kolkata,,,,,0,21,0.00,29.43,0,27,0.00,33.81,0,-6,0,86,0.00,34.62
hair laser removal,1,2,50.00,9.00,1,20,5.00,2.10,0,0,0.00,0.00,1,20,1,23,4.35,2.39
hair fall treatment,0,3,0.00,3.00,0,20,0.00,3.25,0,18,0.00,2.61,0,2,0,57,0.00,2.98
hair specialist near me,0,3,0.00,4.67,0,20,0.00,6.95,0,38,0.00,6.29,0,-18,0,119,0.00,6.56
hair doctor in angul,,,,,0,20,0.00,5.10,0,27,0.00,4.85,0,-7,0,47,0.00,4.96
gfc meaning hair,,,,,0,20,0.00,7.50,0,28,0.00,7.96,0,-8,0,54,0.00,7.72
tattoo removal in bhubaneswar,,,,,0,20,0.00,9.05,2,39,5.13,8.21,-2,-19,4,107,3.74,9.17
what is radiance skin,,,,,0,20,0.00,16.20,0,15,0.00,32.47,0,5,0,70,0.00,20.54
face skin doctor,,,,,0,20,0.00,17.20,0,3,0.00,21.67,0,17,0,23,0.00,17.78
acne checker,,,,,0,20,0.00,30.60,0,1123,0.00,11.49,0,-1103,0,1643,0.00,12.42
laser zap,,,,,0,20,0.00,43.55,0,29,0.00,43.17,0,-9,0,85,0.00,46.13
radiance clinic bbsr,1,12,8.33,1.08,2,19,10.53,1.11,1,13,7.69,1.00,1,6,6,84,7.14,1.04
clinic bhubaneswar,0,11,0.00,11.45,0,19,0.00,10.74,0,3,0.00,14.67,0,16,0,28,0.00,11.54
skin clinic nayapalli,0,8,0.00,7.12,0,19,0.00,8.21,0,5,0.00,9.60,0,14,0,25,0.00,8.40
yes,0,7,0.00,2.86,0,19,0.00,3.21,1,17,5.88,4.06,-1,2,1,46,2.17,3.24
hair dermatologist in bhubaneswar,0,7,0.00,5.00,0,19,0.00,4.16,0,18,0.00,7.17,0,1,0,45,0.00,5.07
trichologist in bhubaneswar,0,6,0.00,1.00,0,19,0.00,5.79,0,10,0.00,1.00,0,9,0,46,0.00,5.24
skin laser clinic near me,0,6,0.00,16.17,0,19,0.00,13.47,0,13,0.00,12.54,0,6,0,50,0.00,13.28
dr satyartha prakash,0,4,0.00,1.00,2,19,10.53,2.05,0,12,0.00,3.42,2,7,2,40,5.00,2.45
skin whitening treatment in bhubaneswar,0,4,0.00,7.50,0,19,0.00,9.42,0,25,0.00,9.32,0,-6,1,68,1.47,9.16
best dermatologist in bbsr,0,3,0.00,7.00,0,19,0.00,7.05,0,15,0.00,6.33,0,4,0,59,0.00,6.42
hair patch bhubaneswar,0,3,0.00,14.33,0,19,0.00,9.05,1,40,2.50,5.70,-1,-21,2,86,2.33,5.70
prp treatment for hair,0,2,0.00,1.00,0,19,0.00,1.68,0,16,0.00,2.56,0,3,0,47,0.00,2.30
best hydra facial in bhubaneswar,0,2,0.00,3.00,0,19,0.00,4.42,1,16,6.25,4.19,-1,3,1,57,1.75,4.61
best hair specialist in cuttack,0,1,0.00,4.00,0,19,0.00,9.32,0,35,0.00,9.57,0,-16,0,93,0.00,9.48
wart removal clinic near me,0,1,0.00,6.00,0,19,0.00,9.16,2,33,6.06,7.88,-2,-14,2,94,2.13,8.64
hair treatment,,,,,0,19,0.00,8.79,0,13,0.00,9.00,0,6,0,52,0.00,9.15
what is bio hair,,,,,0,19,0.00,9.05,0,63,0.00,10.14,0,-44,0,102,0.00,10.10
laser tattoo removal in bhubaneswar,,,,,0,19,0.00,13.95,0,0,0.00,0.00,0,19,0,19,0.00,13.95
best doctor for hair loss treatment in bhubaneswar,0,11,0.00,7.73,0,18,0.00,7.67,0,0,0.00,0.00,0,18,0,18,0.00,7.67
trichologist,0,5,0.00,2.00,0,18,0.00,2.22,0,11,0.00,2.36,0,7,0,42,0.00,2.55
hair treatment doctor near me,0,5,0.00,3.80,0,18,0.00,7.72,0,19,0.00,6.95,0,-1,0,63,0.00,7.63
keloid treatment in bhubaneswar,0,4,0.00,43.25,0,18,0.00,33.11,0,16,0.00,35.31,0,2,0,52,0.00,32.04
hair transplant in cuttack,0,2,0.00,1.00,1,18,5.56,5.11,1,22,4.55,5.05,0,-4,4,71,5.63,4.99
nearby hair transplant clinic,0,2,0.00,1.00,0,18,0.00,2.83,0,16,0.00,3.88,0,2,0,53,0.00,5.77
best skin clinic bhubaneswar,0,2,0.00,6.50,0,18,0.00,7.44,0,17,0.00,6.06,0,1,0,50,0.00,6.58
best plastic surgeon in bhubaneswar,0,2,0.00,9.00,0,18,0.00,10.83,0,15,0.00,11.00,0,3,0,59,0.00,11.66
body hair transplant,,,,,0,18,0.00,74.94,0,32,0.00,77.03,0,-14,0,77,0.00,76.40
prp hair treatment,0,4,0.00,1.75,0,17,0.00,2.00,0,23,0.00,5.70,0,-6,0,75,0.00,3.99
co2 laser treatment near me,0,4,0.00,16.75,0,17,0.00,13.53,0,19,0.00,16.11,0,-2,0,63,0.00,13.89
top dermatologist in bhubaneswar,0,3,0.00,5.00,0,17,0.00,6.24,0,21,0.00,7.52,0,-4,1,61,1.64,7.59
cosmetologist in bhubaneswar,0,2,0.00,6.00,1,17,5.88,6.94,0,8,0.00,6.88,1,9,1,37,2.70,7.16
hair doctor balasore,0,2,0.00,13.50,0,17,0.00,10.06,0,27,0.00,9.67,0,-10,0,73,0.00,9.15
lip vitiligo permanent treatment,0,1,0.00,11.00,0,17,0.00,10.88,0,7,0.00,11.43,0,10,0,24,0.00,11.04
hair patch price in bhubaneswar,,,,,0,17,0.00,6.88,2,18,11.11,7.00,-2,-1,2,78,2.56,7.10
best hair doctor in sambalpur,,,,,0,17,0.00,9.24,0,33,0.00,9.97,0,-16,0,75,0.00,9.88
piercing in bhubaneswar,,,,,0,17,0.00,9.29,0,17,0.00,8.71,0,0,0,76,0.00,9.58
facial skin doctor,,,,,0,17,0.00,30.47,0,26,0.00,33.77,0,-9,0,52,0.00,30.19
best hair transplant kolkata,,,,,0,17,0.00,34.12,0,36,0.00,25.67,0,-19,0,106,0.00,30.75
non surgical hair transplant in kolkata,,,,,0,17,0.00,44.06,0,29,0.00,46.00,0,-12,0,95,0.00,46.06
closed comedone,0,16,0.00,20.88,0,16,0.00,20.88,0,0,0.00,0.00,0,16,0,16,0.00,20.88
trichoscopy test near me,0,9,0.00,1.11,0,16,0.00,3.69,0,9,0.00,5.89,0,7,0,31,0.00,5.13
laser treatment near me,0,6,0.00,7.67,0,16,0.00,7.81,0,13,0.00,5.77,0,3,0,51,0.00,7.47
prp treatment bhubaneswar,0,5,0.00,5.20,0,16,0.00,2.38,0,15,0.00,1.67,0,1,0,46,0.00,1.78
skin doctor nayapalli,0,5,0.00,9.40,0,16,0.00,7.38,0,13,0.00,6.08,0,3,0,36,0.00,6.94
laser treatment for face,0,4,0.00,5.50,0,16,0.00,8.12,0,25,0.00,8.40,0,-9,1,61,1.64,7.93
best dermatologist in bhubaneswar for skin,0,3,0.00,6.00,0,16,0.00,6.44,0,30,0.00,7.00,0,-14,0,91,0.00,6.59
lip laser treatment cost in bhubaneswar,0,2,0.00,2.00,2,16,12.50,6.19,0,20,0.00,6.70,2,-4,2,46,4.35,6.50
bhubaneswar hair patch,0,2,0.00,9.00,0,16,0.00,7.06,0,23,0.00,5.48,0,-7,0,49,0.00,5.59
bbsr hair transplant clinic,,,,,0,16,0.00,3.44,0,1,0.00,1.00,0,15,0,17,0.00,3.29
berhampur hair treatment,,,,,0,16,0.00,6.69,1,10,10.00,6.70,-1,6,1,31,3.23,6.81
hair specialist in balasore,,,,,0,16,0.00,8.50,0,30,0.00,7.13,0,-14,0,76,0.00,7.37
bio hair,,,,,0,16,0.00,10.19,0,31,0.00,10.55,0,-15,0,50,0.00,10.34
roots restore,,,,,0,16,0.00,11.25,0,34,0.00,8.41,0,-18,0,59,0.00,9.07
doctor skincare,,,,,0,16,0.00,13.19,0,21,0.00,14.86,0,-5,0,64,0.00,17.08
kolkata best hair transplant clinic,,,,,0,16,0.00,17.88,0,20,0.00,19.30,0,-4,0,64,0.00,20.80
prp hair treatment near me,,,,,0,16,0.00,19.50,0,23,0.00,24.57,0,-7,0,48,0.00,21.08
growth factor therapy,,,,,0,16,0.00,52.06,0,5,0.00,42.40,0,11,0,25,0.00,48.12
reverse the signs of aging,,,,,0,16,0.00,64.81,0,11,0.00,61.91,0,5,0,61,0.00,62.56
laser hair reduction treatment,1,11,9.09,40.82,1,15,6.67,31.40,0,7,0.00,39.00,1,8,1,22,4.55,33.82
close comedones,0,15,0.00,9.53,0,15,0.00,9.53,0,0,0.00,0.00,0,15,0,15,0.00,9.53
skin care clinic near me,0,7,0.00,6.00,0,15,0.00,5.93,0,3,0.00,6.33,0,12,0,29,0.00,6.62
odisha hair transplant clinic,0,4,0.00,6.25,1,15,6.67,5.53,0,1,0.00,2.00,1,14,3,41,7.32,3.85
laser toning treatment in bhubaneswar,0,4,0.00,20.75,0,15,0.00,16.93,0,24,0.00,18.17,0,-9,0,62,0.00,16.23
hair treatment near me,0,3,0.00,10.67,0,15,0.00,10.33,2,28,7.14,7.36,-2,-13,2,87,2.30,8.02
best hair transplant center in bhubaneswar,0,3,0.00,46.33,0,15,0.00,50.53,0,19,0.00,61.42,0,-4,0,62,0.00,57.06
hair transplant cost,0,2,0.00,5.00,0,15,0.00,3.07,0,22,0.00,3.95,0,-7,1,65,1.54,2.92
wart removal bhubaneswar,,,,,1,15,6.67,3.53,1,34,2.94,6.06,0,-19,3,87,3.45,5.46
bhubaneswar hair clinic,,,,,0,15,0.00,2.73,0,11,0.00,3.36,0,4,0,46,0.00,3.26
painless warts removal,,,,,0,15,0.00,4.20,0,21,0.00,1.00,0,-6,0,54,0.00,1.96
cosmetic clinic in bhubaneswar,,,,,0,15,0.00,4.67,0,6,0.00,2.17,0,9,0,35,0.00,3.40
lip pigmentation laser treatment price near me,,,,,0,15,0.00,5.40,0,9,0.00,6.11,0,6,0,41,0.00,5.34
skin treatment near me,,,,,0,15,0.00,6.00,0,10,0.00,6.70,0,5,0,26,0.00,6.35
chest hair restoration in kolkata,,,,,0,15,0.00,37.93,0,25,0.00,40.52,0,-10,0,83,0.00,39.25
growth factor hair,,,,,0,15,0.00,53.80,0,25,0.00,60.88,0,-10,0,76,0.00,60.99
open pore treatment,,,,,0,15,0.00,83.60,0,2,0.00,86.00,0,13,0,17,0.00,83.88
radiance hair clinic bhubaneswar,0,6,0.00,1.00,0,14,0.00,1.00,3,41,7.32,1.00,-3,-27,7,135,5.19,1.00
bhubaneswar laser treatment,0,3,0.00,4.67,0,14,0.00,6.21,0,1,0.00,1.00,0,13,0,15,0.00,5.87
hydrafacial bhubaneswar,0,3,0.00,6.00,0,14,0.00,6.29,1,23,4.35,6.83,-1,-9,1,70,1.43,6.31
best hydrafacial in bhubaneswar,0,3,0.00,14.67,0,14,0.00,5.79,0,9,0.00,3.56,0,5,0,45,0.00,3.51
hair fall doctor,0,2,0.00,11.00,0,14,0.00,7.29,0,19,0.00,8.74,0,-5,0,50,0.00,8.36
chemical peeling treatment in bhubaneswar,0,2,0.00,28.00,0,14,0.00,19.43,0,22,0.00,19.91,0,-8,0,48,0.00,19.02
what causes lines on neck,0,2,0.00,85.50,0,14,0.00,78.93,0,19,0.00,77.89,0,-5,0,49,0.00,78.76
permanent treatment,,,,,0,14,0.00,4.43,0,1,0.00,13.00,0,13,0,18,0.00,5.67
hair wig shop in bhubaneswar,,,,,0,14,0.00,6.79,0,17,0.00,6.18,0,-3,0,56,0.00,7.12
hair clinic berhampur,,,,,0,14,0.00,8.00,0,26,0.00,7.81,0,-12,0,40,0.00,7.88
waxing vs laser hair reduction,,,,,0,14,0.00,16.14,0,13,0.00,21.85,0,1,0,38,0.00,28.42
scalp micropigmentation clinic,,,,,0,14,0.00,18.79,0,27,0.00,18.11,0,-13,0,91,0.00,19.00
growth factor concentrate for hair,,,,,0,14,0.00,23.50,0,35,0.00,24.80,0,-21,0,96,0.00,26.50
diode laser hair removal in newtown,,,,,0,14,0.00,50.21,0,25,0.00,39.80,0,-11,0,62,0.00,44.58
slimming treatment,,,,,0,14,0.00,55.57,0,18,0.00,55.50,0,-4,0,53,0.00,55.23
hair regrowth therapy,,,,,0,14,0.00,78.50,0,22,0.00,79.05,0,-8,0,54,0.00,72.11
forehead line,,,,,0,14,0.00,82.71,0,3,0.00,67.67,0,11,0,17,0.00,80.06
rolling acne scars,0,13,0.00,30.46,0,13,0.00,30.46,0,0,0.00,0.00,0,13,0,13,0.00,30.46
why does melasma come back after treatment,0,13,0.00,87.54,0,13,0.00,87.54,0,0,0.00,0.00,0,13,0,13,0.00,87.54
skin and hair doctor near me,0,11,0.00,10.18,0,13,0.00,9.46,0,7,0.00,7.86,0,6,0,20,0.00,8.90
best dermatology doctor in bhubaneswar,0,9,0.00,7.33,0,13,0.00,7.46,0,3,0.00,10.33,0,10,0,24,0.00,8.00
best trichologist in bhubaneswar,0,6,0.00,1.17,0,13,0.00,2.77,0,18,0.00,2.78,0,-5,0,45,0.00,2.44
skin treatment in bhubaneswar,0,5,0.00,5.40,0,13,0.00,9.31,0,14,0.00,6.93,0,-1,0,45,0.00,7.53
radiance elite,0,5,0.00,58.80,0,13,0.00,62.77,0,8,0.00,64.88,0,5,0,37,0.00,62.59
dermatologist in bbsr,0,4,0.00,8.75,0,13,0.00,9.31,0,7,0.00,11.00,0,6,0,31,0.00,9.39
new radiance,0,4,0.00,53.50,0,13,0.00,53.31,0,12,0.00,46.50,0,1,0,39,0.00,47.82
best hair transplant clinic bhubaneswar,0,3,0.00,6.33,0,13,0.00,3.77,0,2,0.00,8.00,0,11,0,17,0.00,3.94
hair treatment doctor,0,1,0.00,10.00,0,13,0.00,4.92,0,3,0.00,9.67,0,10,0,20,0.00,6.45
hair botox treatment price in bhubaneswar,,,,,0,13,0.00,7.85,0,12,0.00,4.25,0,1,1,36,2.78,5.58
bio treatment for hair,,,,,0,13,0.00,9.00,0,43,0.00,9.21,0,-30,0,112,0.00,8.54
bhatudi treatment in bhubaneswar,,,,,0,13,0.00,9.23,0,15,0.00,10.13,0,-2,0,40,0.00,9.45
hair specialist doctor in kolkata,,,,,0,13,0.00,10.08,0,13,0.00,10.46,0,0,0,26,0.00,10.27
hair treatment kolkata,,,,,0,13,0.00,10.08,0,52,0.00,8.08,0,-39,0,99,0.00,8.59
do people regret hair transplants,,,,,0,13,0.00,10.15,0,3,0.00,9.67,0,10,0,16,0.00,10.06
hair wig shop near me,,,,,0,13,0.00,10.23,0,11,0.00,8.45,0,2,0,47,0.00,8.64
hair treatment clinic in kolkata,,,,,0,13,0.00,35.08,0,30,0.00,36.57,0,-17,0,88,0.00,36.49
hair growth factor treatment,,,,,0,13,0.00,38.69,0,23,0.00,34.83,0,-10,0,59,0.00,35.22
beard transplant clinic in kolkata,,,,,0,13,0.00,42.69,0,30,0.00,46.20,0,-17,0,80,0.00,44.42
dermatology certificate,,,,,0,13,0.00,44.08,0,18,0.00,54.33,0,-5,0,62,0.00,50.15
bioregeneratieve haartherapie,,,,,0,13,0.00,73.92,0,9,0.00,74.33,0,4,0,22,0.00,74.09
scarring hair loss,,,,,0,13,0.00,80.31,0,25,0.00,76.56,0,-12,0,44,0.00,77.16
uneven skin tone,0,12,0.00,63.08,0,12,0.00,63.08,0,0,0.00,0.00,0,12,,,,
dermatologist for hair loss near me,0,4,0.00,3.75,0,12,0.00,5.50,0,9,0.00,8.11,0,3,0,28,0.00,7.43
good dermatologist in bhubaneswar,0,2,0.00,7.50,0,12,0.00,6.92,0,14,0.00,7.14,0,-2,0,45,0.00,6.67
lazer hair removal,0,1,0.00,1.00,0,12,0.00,1.00,0,3,0.00,1.00,0,9,0,16,0.00,1.00
radiant clinic near me,0,1,0.00,9.00,0,12,0.00,4.17,0,10,0.00,4.60,0,2,0,36,0.00,3.58
hair doctor angul,,,,,1,12,8.33,5.58,0,1,0.00,6.00,1,11,1,13,7.69,5.62
laser hair remover,,,,,0,12,0.00,1.00,0,3,0.00,4.67,0,9,0,19,0.00,3.11
zap treatment,,,,,0,12,0.00,9.50,0,9,0.00,6.11,0,3,0,25,0.00,8.96
hair treatment sambalpur,,,,,0,12,0.00,9.83,0,8,0.00,9.00,0,4,0,20,0.00,9.50
hair doctor in cuttack,,,,,0,12,0.00,11.50,0,17,0.00,10.53,0,-5,0,44,0.00,10.66
waxing and laser hair removal,,,,,0,12,0.00,16.08,0,0,0.00,0.00,0,12,0,12,0.00,16.08
cheap hair transplant risks,,,,,0,12,0.00,64.33,0,23,0.00,65.22,0,-11,0,61,0.00,67.08
skin doctor treatment,,,,,0,12,0.00,81.67,0,9,0.00,74.33,0,3,0,38,0.00,76.13
rolling scars,0,11,0.00,63.27,0,11,0.00,63.27,0,0,0.00,0.00,0,11,,,,
radiance ayurveda,0,8,0.00,51.62,0,11,0.00,50.91,0,11,0.00,51.91,0,0,0,37,0.00,52.89
aft laser treatment,0,7,0.00,29.43,0,11,0.00,27.09,0,2,0.00,20.00,0,9,0,23,0.00,27.87
best hair dermatologist in bhubaneswar,0,5,0.00,2.40,1,11,9.09,3.91,1,19,5.26,3.32,0,-8,2,48,4.17,3.23
radience,0,5,0.00,9.40,0,11,0.00,6.27,0,0,0.00,0.00,0,11,,,,
radiance near me,0,4,0.00,31.00,0,11,0.00,32.00,0,4,0.00,9.75,0,7,0,30,0.00,24.87
facial treatments,0,2,0.00,1.00,0,11,0.00,21.91,0,14,0.00,23.36,0,-3,0,26,0.00,21.88
carbon laser treatment price in bhubaneswar,0,2,0.00,3.50,0,11,0.00,6.45,0,11,0.00,4.55,0,0,0,36,0.00,6.00
hair tansplant,0,2,0.00,9.50,0,11,0.00,17.36,0,10,0.00,17.40,0,1,0,32,0.00,15.75
hair specialist doctor in cuttack,0,2,0.00,10.00,0,11,0.00,10.73,0,13,0.00,10.15,0,-2,0,59,0.00,10.31
hydrafacial price in bhubaneswar,0,1,0.00,9.00,0,11,0.00,10.82,0,28,0.00,11.14,0,-17,3,82,3.66,10.90
electrolysis hair removal near me,0,1,0.00,11.00,0,11,0.00,8.27,0,7,0.00,6.86,0,4,0,33,0.00,8.48
pain free wart removal,,,,,0,11,0.00,1.00,0,9,0.00,1.00,0,2,0,32,0.00,1.00
radiance salon near me,,,,,0,11,0.00,7.27,0,5,0.00,8.20,0,6,0,33,0.00,7.12
best hair clinic near me,,,,,0,11,0.00,8.36,0,19,0.00,6.58,0,-8,1,55,1.82,6.73
gfc therapy for hair,,,,,0,11,0.00,9.45,0,12,0.00,15.83,0,-1,0,34,0.00,15.71
hair clinic kolkata,,,,,0,11,0.00,9.45,0,14,0.00,9.86,0,-3,0,35,0.00,11.00
face laser treatment,,,,,0,11,0.00,10.27,0,10,0.00,5.80,0,1,0,38,0.00,7.92
what is gfc treatment,,,,,0,11,0.00,11.55,0,2,0.00,9.00,0,9,0,14,0.00,12.29
hair transplant in rourkela,,,,,0,11,0.00,12.27,0,18,0.00,11.50,0,-7,1,60,1.67,11.45
hydra facial in bhubaneswar price,,,,,0,11,0.00,13.00,0,12,0.00,11.42,0,-1,0,38,0.00,13.45
hair ka doctor,,,,,0,11,0.00,15.55,0,15,0.00,15.07,0,-4,0,46,0.00,15.54
aqua skin whitening injection,,,,,0,11,0.00,19.82,0,13,0.00,24.38,0,-2,0,32,0.00,25.25
eye facial,,,,,0,11,0.00,32.36,0,0,0.00,0.00,0,11,,,,
how long do powder brows last,,,,,0,11,0.00,53.55,0,21,0.00,48.86,0,-10,0,57,0.00,47.05
hair transplant specialist,,,,,0,11,0.00,80.91,0,16,0.00,73.44,0,-5,0,47,0.00,76.00
prp treatment near me,1,5,20.00,4.00,1,10,10.00,4.80,0,10,0.00,6.80,1,0,1,29,3.45,5.38
post acne hyperpigmentation,0,10,0.00,87.30,0,10,0.00,87.30,0,0,0.00,0.00,0,10,,,,
skin specialist near me,0,6,0.00,20.17,0,10,0.00,16.30,0,11,0.00,11.45,0,-1,0,32,0.00,12.97
dermatologist in bhubaneswar near me,0,5,0.00,6.40,0,10,0.00,5.80,0,8,0.00,6.38,0,2,0,25,0.00,7.32
top skin specialist in bhubaneswar,0,4,0.00,10.25,0,10,0.00,11.10,0,12,0.00,19.50,0,-2,0,35,0.00,17.63
hydrafacial near me,0,3,0.00,8.67,0,10,0.00,8.10,0,6,0.00,9.33,0,4,0,26,0.00,9.19
hair transplant cost bhubaneswar,0,3,0.00,65.67,0,10,0.00,26.80,0,7,0.00,3.43,0,3,0,25,0.00,12.08
in bhubaneswar,0,2,0.00,3.50,0,10,0.00,3.40,0,7,0.00,2.43,0,3,1,25,4.00,2.96
laser hair reduction,0,2,0.00,7.50,0,10,0.00,18.70,0,20,0.00,50.40,0,-10,0,38,0.00,33.13
gfc hair treatment near me,0,2,0.00,8.00,0,10,0.00,14.40,0,6,0.00,7.00,0,4,0,34,0.00,8.85
tattoo removal near me,0,2,0.00,8.00,0,10,0.00,9.00,0,11,0.00,10.73,0,-1,0,60,0.00,15.93
laser removal of hair,0,1,0.00,1.00,0,10,0.00,1.00,0,1,0.00,10.00,0,9,0,12,0.00,1.92
lice treatment,0,1,0.00,2.00,0,10,0.00,3.30,0,11,0.00,4.00,0,-1,0,29,0.00,3.69
lice treatment near me,0,1,0.00,10.00,0,10,0.00,4.60,0,8,0.00,3.12,0,2,0,30,0.00,4.03
hair transplant bbsr,,,,,0,10,0.00,3.20,0,16,0.00,4.00,0,-6,1,39,2.56,3.31
wig shop bhubaneswar,,,,,0,10,0.00,7.10,0,12,0.00,5.17,0,-2,0,22,0.00,6.05
best skin doctor in odisha,,,,,0,10,0.00,10.70,0,1,0.00,10.00,0,9,0,19,0.00,10.21
what is gfc,,,,,0,10,0.00,16.00,0,39,0.00,13.69,0,-29,0,99,0.00,15.45
weight loss treatment near me,,,,,0,10,0.00,16.20,0,8,0.00,19.50,0,2,0,31,0.00,18.19
hair loss affecting confidence,,,,,0,10,0.00,16.90,0,23,0.00,16.52,0,-13,0,36,0.00,17.97
wart removal professional,,,,,0,10,0.00,23.90,0,12,0.00,37.83,0,-2,0,29,0.00,29.76
microblading eyebrows cost,,,,,0,10,0.00,38.80,0,11,0.00,37.73,0,-1,0,48,0.00,36.17
how many sessions of prp are usually needed,,,,,0,10,0.00,50.50,0,23,0.00,49.17,0,-13,0,72,0.00,45.51
strands of meaning: hair and the making of the self,,,,,0,10,0.00,92.10,0,0,0.00,0.00,0,10,,,,
best hair transplant surgeon in bhubaneswar,0,7,0.00,7.71,0,9,0.00,8.44,0,0,0.00,0.00,0,9,,,,
prp hair treatment in bhubaneswar,0,5,0.00,3.80,0,9,0.00,3.56,1,18,5.56,3.83,-1,-9,1,67,1.49,2.78
bhubaneswar dermatologist,0,5,0.00,7.60,0,9,0.00,7.78,0,10,0.00,5.30,0,-1,0,30,0.00,8.10
lice treatment parlour near me,0,4,0.00,8.25,0,9,0.00,5.44,0,15,0.00,3.93,0,-6,0,46,0.00,5.50
best dermatologist for hair in bhubaneswar,0,3,0.00,2.33,1,9,11.11,2.56,0,1,0.00,3.00,1,8,1,10,10.00,2.60
beauty clinic,0,3,0.00,16.33,0,9,0.00,17.00,0,6,0.00,16.83,0,3,0,22,0.00,16.18
skin treatments,0,3,0.00,35.67,0,9,0.00,17.22,0,3,0.00,10.33,0,6,0,17,0.00,14.24
grey hair treatment,0,2,0.00,4.50,0,9,0.00,4.11,0,6,0.00,4.83,0,3,1,23,4.35,4.87
best dermatologist,0,2,0.00,6.00,0,9,0.00,6.00,0,6,0.00,5.83,0,3,0,18,0.00,6.06
best prp treatment near me,0,1,0.00,1.00,1,9,11.11,5.78,0,10,0.00,8.90,1,-1,1,26,3.85,7.88
hair plantation near me,0,1,0.00,1.00,0,9,0.00,2.11,0,8,0.00,2.50,0,1,1,28,3.57,3.71
lip laser treatment near me,0,1,0.00,1.00,0,9,0.00,8.22,0,8,0.00,4.25,0,1,0,19,0.00,6.42
prp treatment cost in bhubaneswar,0,1,0.00,1.00,0,9,0.00,5.33,1,3,33.33,1.67,-1,6,1,12,8.33,4.42
hair transplant cost in odisha,0,1,0.00,2.00,0,9,0.00,2.00,0,27,0.00,1.93,0,-18,0,109,0.00,1.87
hair treatment clinic near me,0,1,0.00,7.00,0,9,0.00,5.67,0,5,0.00,4.80,0,4,0,16,0.00,5.25
hair hospital near me,0,1,0.00,10.00,0,9,0.00,6.22,0,11,0.00,6.45,0,-2,0,31,0.00,6.58
how effective is gfc for hair growth,,,,,0,9,0.00,1.00,0,0,0.00,0.00,0,9,0,16,0.00,1.00
hair prp treatment,,,,,0,9,0.00,2.22,0,5,0.00,18.00,0,4,0,19,0.00,7.00
prp treatment cost,,,,,0,9,0.00,2.44,0,5,0.00,3.00,0,4,0,22,0.00,6.00
hair patch near me,,,,,0,9,0.00,5.44,0,35,0.00,6.20,0,-26,0,76,0.00,6.92
dermatologist for hair fall near me,,,,,0,9,0.00,6.56,0,2,0.00,5.00,0,7,0,12,0.00,6.58
dermatologist for hair loss,,,,,0,9,0.00,6.56,0,12,0.00,7.42,0,-3,0,32,0.00,6.19
laser treatment for skin,,,,,0,9,0.00,8.89,0,1,0.00,7.00,0,8,0,13,0.00,9.00
piercing studio near me,,,,,0,9,0.00,10.44,0,0,0.00,0.00,0,9,,,,
pseudoacanthosis,,,,,0,9,0.00,10.89,0,3,0.00,10.67,0,6,0,18,0.00,11.28
smp micropigmentation near me,,,,,0,9,0.00,12.11,0,21,0.00,11.57,0,-12,0,48,0.00,11.96
hair transplant regret,,,,,0,9,0.00,13.33,0,17,0.00,14.06,0,-8,0,38,0.00,13.37
bio fue hair transplant,,,,,0,9,0.00,14.00,0,5,0.00,13.60,0,4,0,14,0.00,13.86
growth factor concentrate hair treatment,,,,,0,9,0.00,16.67,0,12,0.00,17.58,0,-3,0,36,0.00,17.19
gfc hair therapy,,,,,0,9,0.00,20.11,0,10,0.00,21.10,0,-1,0,34,0.00,27.06
anti aging fillers,,,,,0,9,0.00,40.78,0,23,0.00,41.43,0,-14,0,55,0.00,40.91
fillers,,,,,0,9,0.00,44.22,0,7,0.00,51.86,0,2,0,44,0.00,48.20
psoriasis treatment in bhubaneswar,,,,,0,9,0.00,52.33,0,0,0.00,0.00,0,9,,,,
why do i have neck lines,,,,,0,9,0.00,76.56,0,14,0.00,78.36,0,-5,0,32,0.00,79.12
best hair removal laser in bhubaneswar,0,8,0.00,7.50,0,8,0.00,7.50,0,0,0.00,0.00,0,8,,,,
acne pigmentation,0,8,0.00,44.38,0,8,0.00,44.38,0,0,0.00,0.00,0,8,,,,
post acne pigmentation,0,8,0.00,60.62,0,8,0.00,60.62,0,0,0.00,0.00,0,8,,,,
hyperpigmentation from acne,0,8,0.00,92.25,0,8,0.00,92.25,0,0,0.00,0.00,0,8,,,,
radiance skin & laser clinic,0,7,0.00,60.71,0,8,0.00,64.88,0,1,0.00,36.00,0,7,0,16,0.00,55.62
female pattern hair loss,0,7,0.00,75.14,0,8,0.00,66.12,0,2,0.00,2.00,0,6,,,,
skin laser treatment near me,0,5,0.00,6.60,0,8,0.00,6.62,0,7,0.00,6.14,0,1,0,25,0.00,6.76
aesthetic skin clinic,0,5,0.00,6.80,0,8,0.00,7.38,0,0,0.00,0.00,0,8,,,,
skin laser treatment,0,4,0.00,9.50,0,8,0.00,8.25,1,5,20.00,3.20,-1,3,1,17,5.88,6.47
hair care clinic near me,0,4,0.00,9.75,0,8,0.00,8.88,0,4,0.00,9.00,0,4,0,14,0.00,8.43
ultherapy,0,4,0.00,42.50,0,8,0.00,47.00,0,5,0.00,36.20,0,3,0,24,0.00,40.17
kaya skin clinic bhubaneswar,0,3,0.00,1.00,0,8,0.00,1.62,0,6,0.00,1.00,0,2,0,18,0.00,1.44
hair laser treatment,0,3,0.00,11.67,1,8,12.50,8.12,0,3,0.00,7.00,1,5,1,12,8.33,7.75
best hair and dental center in bhubaneswar,0,3,0.00,46.00,0,8,0.00,44.00,0,8,0.00,32.50,0,0,0,24,0.00,37.29
glutathione treatment,0,2,0.00,1.00,0,8,0.00,4.38,0,10,0.00,30.40,0,-2,0,25,0.00,19.56
lip lightening treatment,0,2,0.00,2.00,0,8,0.00,4.25,0,9,0.00,3.56,0,-1,1,30,3.33,3.73
hair fall doctor in bhubaneswar,0,2,0.00,6.00,0,8,0.00,5.88,0,22,0.00,5.82,0,-14,0,40,0.00,6.25
traya in bhubaneswar,0,1,0.00,2.00,0,8,0.00,1.50,0,6,0.00,7.83,0,2,0,26,0.00,4.88
best dermat in bhubaneswar,0,1,0.00,5.00,1,8,12.50,5.75,0,9,0.00,6.89,1,-1,1,25,4.00,6.84
best dermatologist doctor in bhubaneswar,0,1,0.00,6.00,0,8,0.00,7.38,0,18,0.00,7.11,0,-10,0,36,0.00,7.11
skin care clinic,0,1,0.00,6.00,0,8,0.00,7.88,0,3,0.00,10.00,0,5,0,15,0.00,9.27
chemical peel treatment,0,1,0.00,10.00,0,8,0.00,5.62,0,1,0.00,4.00,0,7,0,13,0.00,4.69
weight loss doctor near me,,,,,1,8,12.50,10.38,0,7,0.00,10.43,1,1,1,23,4.35,10.17
hair removal by laser,,,,,0,8,0.00,2.38,0,0,0.00,0.00,0,8,,,,
lice treatment in parlour near me,,,,,0,8,0.00,4.75,0,0,0.00,0.00,0,8,,,,
microblading near me,,,,,0,8,0.00,5.12,1,9,11.11,4.00,-1,-1,2,29,6.90,4.72
doctor for face treatment,,,,,0,8,0.00,6.25,0,14,0.00,8.36,0,-6,0,40,0.00,7.67
skin care hospital,,,,,0,8,0.00,6.25,0,0,0.00,0.00,0,8,,,,
skin and hair clinic,,,,,0,8,0.00,6.50,0,5,0.00,8.40,0,3,0,18,0.00,7.11
lip laser treatment,,,,,0,8,0.00,7.12,0,7,0.00,12.57,0,1,0,23,0.00,11.78
dermatologist near me for hair,,,,,0,8,0.00,7.50,0,6,0.00,8.33,0,2,0,18,0.00,8.44
hair skin specialist near me,,,,,0,8,0.00,7.75,0,1,0.00,10.00,0,7,,,,
radiance hair salon,,,,,0,8,0.00,7.75,0,1,0.00,10.00,0,7,0,12,0.00,7.92
best female dermatologist in bhubaneswar,,,,,0,8,0.00,8.62,0,3,0.00,7.67,0,5,0,12,0.00,8.33
laser clinics near me,,,,,0,8,0.00,8.62,0,0,0.00,0.00,0,8,1,10,10.00,7.70
scalp micropigmentation,,,,,0,8,0.00,9.88,0,8,0.00,10.88,0,0,0,23,0.00,9.22
radiance skin antiaging and hair transplant clinic reviews,,,,,0,8,0.00,10.25,0,2,0.00,11.00,0,6,,,,
radiance skin hair and laser clinic,,,,,0,8,0.00,12.12,0,3,0.00,6.00,0,5,0,12,0.00,10.00
pseudo acanthosis nigricans,,,,,0,8,0.00,12.88,1,8,12.50,20.62,-1,0,1,40,2.50,14.72
weight loss treatment near you,,,,,0,8,0.00,16.25,0,12,0.00,13.00,0,-4,0,21,0.00,15.29
full body hair removal,,,,,0,8,0.00,17.12,0,6,0.00,26.83,0,2,0,27,0.00,22.30
gfc treatment for hair,,,,,0,8,0.00,17.50,0,76,0.00,23.88,0,-68,0,182,0.00,27.05
radiance for skin,,,,,0,8,0.00,20.62,0,6,0.00,21.00,0,2,0,23,0.00,24.13
skin treatment clinic,,,,,0,8,0.00,24.88,0,5,0.00,20.80,0,3,0,14,0.00,22.43
aft laser hair removal,,,,,0,8,0.00,32.00,0,4,0.00,36.50,0,4,0,19,0.00,32.37
how long does ombre brows last,,,,,0,8,0.00,36.75,0,20,0.00,43.70,0,-12,0,49,0.00,37.98
aft hair removal,,,,,0,8,0.00,38.75,0,6,0.00,48.50,0,2,0,31,0.00,43.65
gloss clinic,,,,,0,8,0.00,39.25,0,5,0.00,35.60,0,3,0,21,0.00,37.76
face skin care doctor,,,,,0,8,0.00,44.12,0,16,0.00,61.69,0,-8,0,69,0.00,34.38
piercing,,,,,0,8,0.00,45.88,0,25,0.00,9.92,0,-17,0,67,0.00,15.16
acne scar removal treatment,,,,,0,8,0.00,51.12,0,0,0.00,0.00,0,8,,,,
beauty salon hair removal,,,,,0,8,0.00,82.75,0,0,0.00,0.00,0,8,,,,
best hair treatment doctor near me,0,7,0.00,9.14,0,7,0.00,9.14,0,0,0.00,0.00,0,7,,,,
gluthathione treatment in bhubaneswar,0,7,0.00,18.43,0,7,0.00,18.43,0,0,0.00,0.00,0,7,,,,
best aesthetic physician in bhubaneswar,0,7,0.00,26.43,0,7,0.00,26.43,0,0,0.00,0.00,0,7,,,,
vitiligo surgery in bhubaneswar,0,7,0.00,43.29,0,7,0.00,43.29,0,0,0.00,0.00,0,7,,,,
white stretch marks,0,7,0.00,75.71,0,7,0.00,75.71,0,0,0.00,0.00,0,7,,,,
radiant salon,0,6,0.00,9.50,0,7,0.00,9.00,0,1,0.00,4.00,0,6,,,,
hifu treatment near me,0,5,0.00,3.00,0,7,0.00,4.00,0,1,0.00,5.00,0,6,,,,
beauty clinic treatments,0,5,0.00,34.40,0,7,0.00,31.43,0,14,0.00,21.29,0,-7,0,35,0.00,25.34
prp therapy,0,4,0.00,3.50,0,7,0.00,3.71,0,0,0.00,0.00,0,7,,,,
acne scar treatment near me,0,4,0.00,8.00,0,7,0.00,7.71,0,2,0.00,6.00,0,5,0,17,0.00,7.00
best clinic bhubaneswar,0,4,0.00,12.50,0,7,0.00,10.71,0,1,0.00,24.00,0,6,,,,
aesthetic doctor,0,3,0.00,9.00,0,7,0.00,9.00,0,0,0.00,0.00,0,7,,,,
skin care near me,0,3,0.00,11.33,0,7,0.00,10.14,0,8,0.00,9.25,0,-1,0,25,0.00,8.60
microblading eyebrows near me,0,2,0.00,1.50,0,7,0.00,2.71,0,16,0.00,4.62,0,-9,0,57,0.00,5.46
hair care doctor near me,0,2,0.00,2.50,0,7,0.00,4.57,0,14,0.00,8.93,0,-7,0,36,0.00,8.50
hairfall doctors near me,0,2,0.00,6.00,0,7,0.00,7.43,0,1,0.00,1.00,0,6,,,,
skin treatment bhubaneswar,0,2,0.00,6.50,1,7,14.29,6.29,0,16,0.00,5.81,1,-9,2,40,5.00,5.55
bhubaneswar best dermatologist,0,2,0.00,7.00,0,7,0.00,7.29,0,10,0.00,5.40,0,-3,0,27,0.00,6.96
leisure treatment,0,2,0.00,7.50,0,7,0.00,5.57,0,3,0.00,8.33,0,4,0,16,0.00,7.31
hair and skin clinic,0,2,0.00,11.00,1,7,14.29,9.14,0,4,0.00,3.75,1,3,1,12,8.33,7.50
exosome mesotherapy treatment in bhubaneswar,0,2,0.00,20.00,0,7,0.00,15.57,0,8,0.00,11.50,0,-1,0,25,0.00,12.72
best skin treatment in bhubaneswar,0,1,0.00,3.00,0,7,0.00,3.86,0,5,0.00,6.20,0,2,0,16,0.00,4.44
hair transplant centre near me,0,1,0.00,6.00,0,7,0.00,1.71,0,9,0.00,3.22,0,-2,0,19,0.00,4.21
hair transplant clinic,0,1,0.00,6.00,0,7,0.00,3.14,0,8,0.00,2.62,0,-1,0,25,0.00,3.40
coolsculpting near me,0,1,0.00,11.00,0,7,0.00,7.71,0,1,0.00,9.00,0,6,,,,
glutathione iv drip bhubaneswar,,,,,1,7,14.29,3.00,0,4,0.00,8.50,1,3,2,23,8.70,4.61
bhubaneswar hair specialist,,,,,0,7,0.00,3.43,0,0,0.00,0.00,0,7,,,,
root restore therapy,,,,,0,7,0.00,4.43,0,11,0.00,5.91,0,-4,0,75,0.00,7.12
skin perfect clinic bhubaneswar,,,,,0,7,0.00,5.43,0,0,0.00,0.00,0,7,,,,
nipple piercing near me,,,,,0,7,0.00,5.71,0,6,0.00,5.50,0,1,0,21,0.00,5.95
gfc treatment near me,,,,,0,7,0.00,5.86,0,6,0.00,5.17,0,1,0,28,0.00,10.50
balasore hair specialist doctor,,,,,0,7,0.00,8.86,0,9,0.00,7.44,0,-2,0,16,0.00,8.06
hair doctor sambalpur,,,,,0,7,0.00,10.43,0,2,0.00,8.50,0,5,,,,
hair fix bhubaneswar,,,,,0,7,0.00,10.71,0,15,0.00,10.53,0,-8,0,44,0.00,10.30
best skin doctor near me,,,,,0,7,0.00,11.71,0,12,0.00,7.58,0,-5,0,26,0.00,8.15
"radiance skin, hair & cosmetic center",,,,,0,7,0.00,13.00,0,9,0.00,10.67,0,-2,0,16,0.00,11.69
scalp micropigmentation near me,,,,,0,7,0.00,13.57,0,31,0.00,15.87,0,-24,0,68,0.00,12.93
hair doctor in kolkata,,,,,0,7,0.00,17.86,0,2,0.00,11.00,0,5,,,,
lip vitiligo treatment,,,,,0,7,0.00,18.00,0,2,0.00,12.00,0,5,,,,
how many prp sessions are needed for hair,,,,,0,7,0.00,18.14,0,19,0.00,22.05,0,-12,0,63,0.00,30.08
vitiligo surgery treatment in bhubaneswar,,,,,0,7,0.00,21.86,0,6,0.00,11.50,0,1,0,18,0.00,14.22
hair transplant in raipur,,,,,0,7,0.00,38.43,0,6,0.00,35.50,0,1,0,22,0.00,35.64
lip colouring treatment,,,,,0,7,0.00,45.00,0,6,0.00,42.50,0,1,0,22,0.00,41.32
under eye treatment near me,,,,,0,7,0.00,48.00,0,6,0.00,52.67,0,1,0,17,0.00,51.47
doctor in skin,,,,,0,7,0.00,48.86,0,3,0.00,43.00,0,4,0,22,0.00,38.77
professional wart removal,,,,,0,7,0.00,52.86,0,5,0.00,59.00,0,2,0,21,0.00,49.38
chemical face peel,,,,,0,7,0.00,54.71,0,10,0.00,64.40,0,-3,0,24,0.00,59.08
skinhance,,,,,0,7,0.00,55.43,0,1,0.00,53.00,0,6,,,,
best hair transplant for women,,,,,0,7,0.00,60.00,0,2,0.00,57.00,0,5,,,,
reason for open pores,,,,,0,7,0.00,73.71,0,2,0.00,71.00,0,5,,,,
closed comedones causes,0,6,0.00,11.17,0,6,0.00,11.17,0,0,0.00,0.00,0,6,,,,
closed whiteheads,0,6,0.00,21.00,0,6,0.00,21.00,0,0,0.00,0.00,0,6,,,,
what causes uneven skin pigmentation,0,6,0.00,91.17,0,6,0.00,91.17,0,0,0.00,0.00,0,6,,,,
prp treatment for face,0,3,0.00,1.33,0,6,0.00,1.67,0,2,0.00,2.00,0,4,0,16,0.00,2.50
skin treatment clinic near me,0,3,0.00,5.67,0,6,0.00,5.50,0,0,0.00,0.00,0,6,0,15,0.00,7.00
skin treatment,0,3,0.00,6.00,0,6,0.00,7.00,0,26,0.00,25.96,0,-20,0,44,0.00,21.16
skin scan clinic,0,3,0.00,7.00,0,6,0.00,7.50,0,1,0.00,11.00,0,5,,,,
best skin hospital in bhubaneswar,0,3,0.00,8.00,0,6,0.00,10.17,0,8,0.00,8.75,0,-2,0,21,0.00,8.76
liquid rhinoplasty in bhubaneswar,0,3,0.00,77.00,0,6,0.00,73.50,0,3,0.00,68.33,0,3,,,,
hair transplant in bhubaneswar cost,0,2,0.00,1.50,0,6,0.00,5.00,0,16,0.00,2.38,0,-10,0,33,0.00,4.21
hair loss treatment,0,2,0.00,2.00,0,6,0.00,3.00,0,11,0.00,2.73,0,-5,0,61,0.00,6.67
best skin and hair doctor in bhubaneswar,0,2,0.00,3.00,0,6,0.00,2.83,0,19,0.00,5.26,0,-13,0,25,0.00,4.68
hair consultant near me,0,2,0.00,7.50,0,6,0.00,6.17,0,5,0.00,8.40,0,1,0,15,0.00,7.13
nearby skin clinic,0,2,0.00,8.50,0,6,0.00,10.50,0,2,0.00,8.50,0,4,,,,
best skin doctor in bbsr,0,2,0.00,11.50,0,6,0.00,9.67,0,14,0.00,7.50,0,-8,0,32,0.00,7.91
best plastic surgeon in odisha,0,2,0.00,20.00,0,6,0.00,13.33,0,7,0.00,11.29,0,-1,0,18,0.00,12.22
neck lines causes,0,2,0.00,68.50,0,6,0.00,67.50,0,5,0.00,77.60,0,1,0,18,0.00,69.78
hair fall treatment doctor near me,0,1,0.00,1.00,0,6,0.00,6.50,0,0,0.00,0.00,0,6,,,,
radiant hair clinic,0,1,0.00,3.00,0,6,0.00,16.33,0,8,0.00,6.00,0,-2,1,25,4.00,8.72
hair replacement near me,0,1,0.00,7.00,0,6,0.00,6.00,0,4,0.00,6.50,0,2,0,16,0.00,6.25
best dermatologist in bhubaneswar for face,0,1,0.00,8.00,0,6,0.00,7.83,0,8,0.00,7.25,0,-2,0,26,0.00,7.92
hair fall treatment near me,0,1,0.00,8.00,0,6,0.00,8.67,2,13,15.38,6.85,-2,-7,2,27,7.41,6.93
hydrafacial,0,1,0.00,8.00,0,6,0.00,32.17,0,8,0.00,24.12,0,-2,0,20,0.00,30.10
best dermatology in bhubaneswar,0,1,0.00,10.00,0,6,0.00,8.33,0,0,0.00,0.00,0,6,,,,
dark circle treatment near me,0,1,0.00,11.00,0,6,0.00,20.67,0,0,0.00,0.00,0,6,,,,
hair wig for men in bhubaneswar,,,,,1,6,16.67,6.00,0,9,0.00,6.11,1,-3,1,21,4.76,6.38
botox treatment near me,,,,,0,6,0.00,1.00,0,7,0.00,1.00,0,-1,0,23,0.00,2.61
is gfc treatment effective,,,,,0,6,0.00,1.00,0,16,0.00,1.00,0,-10,0,22,0.00,1.00
chemical peel before and after,,,,,0,6,0.00,2.83,0,0,0.00,0.00,0,6,,,,
best eyebrow transplant near me,,,,,0,6,0.00,3.50,0,0,0.00,0.00,0,6,,,,
hair specialist doctor in angul,,,,,0,6,0.00,4.17,0,0,0.00,0.00,0,6,,,,
lip pigmentation treatment near me,,,,,0,6,0.00,4.33,0,6,0.00,24.17,0,0,0,26,0.00,14.73
earlobe repair near me,,,,,0,6,0.00,5.50,2,9,22.22,5.00,-2,-3,2,28,7.14,7.68
odisha best dermatologist doctor,,,,,0,6,0.00,5.50,0,2,0.00,9.00,0,4,,,,
cosmetic clinic near me,,,,,0,6,0.00,6.67,0,11,0.00,11.91,0,-5,0,28,0.00,11.25
face laser,,,,,0,6,0.00,6.67,0,6,0.00,8.00,0,0,0,18,0.00,7.22
ear hole repair without surgery near me,,,,,0,6,0.00,7.33,0,13,0.00,8.77,0,-7,0,31,0.00,8.94
gfc injection for hair growth,,,,,0,6,0.00,7.50,0,3,0.00,1.00,0,3,,,,
hair wig near me,,,,,0,6,0.00,7.50,0,3,0.00,5.33,0,3,0,14,0.00,6.93
rhinoplasty in bhubaneswar,,,,,0,6,0.00,7.50,0,0,0.00,0.00,0,6,,,,
piercing doctor near me,,,,,0,6,0.00,8.17,0,1,0.00,7.00,0,5,,,,
balo ka doctor near me,,,,,0,6,0.00,8.33,0,4,0.00,10.25,0,2,0,20,0.00,9.15
hair and skin clinic near me,,,,,0,6,0.00,8.83,0,6,0.00,6.67,0,0,0,17,0.00,6.88
eugenix bhubaneswar,,,,,0,6,0.00,9.00,0,5,0.00,7.00,0,1,0,14,0.00,9.43
skin pixel clinic,,,,,0,6,0.00,9.33,0,1,0.00,8.00,0,5,,,,
best skin specialist in odisha,,,,,0,6,0.00,9.50,0,2,0.00,7.50,0,4,0,16,0.00,8.56
gfc means in hair,,,,,0,6,0.00,9.67,0,0,0.00,0.00,0,6,,,,
wart treatment near me,,,,,0,6,0.00,10.00,0,5,0.00,6.40,0,1,0,20,0.00,8.25
ear piercing in bhubaneswar,,,,,0,6,0.00,10.50,0,24,0.00,10.92,0,-18,0,47,0.00,10.94
hair transplant ka result kab tak aata hai,,,,,0,6,0.00,10.67,0,18,0.00,9.00,0,-12,0,26,0.00,9.46
place for piercings near me,,,,,0,6,0.00,10.67,0,0,0.00,0.00,0,6,,,,
hair specialist in rourkela,,,,,0,6,0.00,11.17,0,5,0.00,10.80,0,1,,,,
face peeling treatment price,,,,,0,6,0.00,12.83,0,6,0.00,10.83,0,0,0,17,0.00,11.06
how to buy a wig,,,,,0,6,0.00,16.83,0,7,0.00,18.14,0,-1,0,25,0.00,18.80
prp treatment for hair thinning,,,,,0,6,0.00,17.00,0,5,0.00,21.20,0,1,0,22,0.00,16.55
what is gfc hair treatment,,,,,0,6,0.00,19.50,0,25,0.00,22.32,0,-19,0,59,0.00,24.12
density focused hair transplant,,,,,0,6,0.00,19.67,0,6,0.00,26.00,0,0,0,18,0.00,20.94
growth factor concentrate treatment,,,,,0,6,0.00,21.00,0,20,0.00,22.80,0,-14,0,38,0.00,23.18
best hair treatment in kolkata,,,,,0,6,0.00,22.50,0,34,0.00,12.44,0,-28,0,91,0.00,15.97
gfc hair,,,,,0,6,0.00,23.17,0,17,0.00,27.18,0,-11,0,77,0.00,29.30
loss of confidence due to hair loss,,,,,0,6,0.00,24.33,0,6,0.00,19.50,0,0,0,17,0.00,29.00
gfc after hair transplant,,,,,0,6,0.00,26.17,0,3,0.00,26.33,0,3,,,,
best hair transplant clinic in vizag,,,,,0,6,0.00,27.50,0,6,0.00,26.83,0,0,0,23,0.00,27.35
lip pigmentation treatment cost,,,,,0,6,0.00,27.83,0,4,0.00,33.50,0,2,0,22,0.00,33.14
hair transplantation in vizag,,,,,0,6,0.00,29.67,0,10,0.00,30.40,0,-4,0,35,0.00,31.43
aft laser treatment reviews,,,,,0,6,0.00,32.50,0,4,0.00,34.00,0,2,0,16,0.00,34.50
hair transplant in vizag,,,,,0,6,0.00,39.17,0,13,0.00,35.31,0,-7,0,57,0.00,34.72
how long do ombre brows last,,,,,0,6,0.00,40.17,0,14,0.00,28.86,0,-8,0,38,0.00,36.55
ultra high density hair transplant,,,,,0,6,0.00,42.00,0,10,0.00,42.10,0,-4,0,30,0.00,44.93
roots clinic,,,,,0,6,0.00,43.00,0,7,0.00,34.71,0,-1,0,20,0.00,37.30
keratin treatment price in bbsr,,,,,0,6,0.00,49.83,0,10,0.00,41.10,0,-4,0,26,0.00,46.65
weight loss clinic,,,,,0,6,0.00,60.67,0,17,0.00,41.06,0,-11,0,44,0.00,49.86
the best treatment for acne scars,,,,,0,6,0.00,62.17,0,9,0.00,65.11,0,-3,0,37,0.00,67.08
do powder brows fade completely,,,,,0,6,0.00,67.50,0,2,0.00,56.50,0,4,,,,
hair treatments for hair growth,,,,,0,6,0.00,77.67,0,3,0.00,91.33,0,3,0,23,0.00,64.91
causes of scarring alopecia,,,,,0,6,0.00,86.83,0,7,0.00,87.43,0,-1,0,16,0.00,86.31
laser hair removal cost,0,5,0.00,3.60,0,5,0.00,3.60,0,2,0.00,1.00,0,3,0,22,0.00,1.95
closed comedones on face,0,5,0.00,11.00,0,5,0.00,11.00,0,0,0.00,0.00,0,5,,,,
closed comedones reasons,0,5,0.00,11.00,0,5,0.00,11.00,0,0,0.00,0.00,0,5,,,,
uneven skin color on body,0,5,0.00,88.60,0,5,0.00,88.60,0,0,0.00,0.00,0,5,,,,
best skin specialist in bbsr,0,4,0.00,9.25,0,5,0.00,8.20,0,4,0.00,5.75,0,1,0,12,0.00,6.92
kaya skin clinic,0,3,0.00,2.33,0,5,0.00,2.20,0,2,0.00,1.50,0,3,0,15,0.00,1.93
best hair clinic,0,3,0.00,4.67,0,5,0.00,5.80,0,0,0.00,0.00,0,5,,,,
full body laser hair removal,0,3,0.00,5.33,0,5,0.00,4.80,0,6,0.00,55.67,0,-1,0,18,0.00,42.39
plastic surgeon in bhubaneswar,0,3,0.00,23.00,0,5,0.00,23.40,0,2,0.00,24.50,0,3,0,12,0.00,22.33
hair transplant clinics near me,0,2,0.00,1.00,0,5,0.00,2.40,0,0,0.00,0.00,0,5,,,,
laser waxing,0,2,0.00,2.50,0,5,0.00,21.60,0,2,0.00,43.50,0,3,0,20,0.00,51.80
prp clinic near me,0,2,0.00,3.00,0,5,0.00,3.60,0,1,0.00,6.00,0,4,,,,
hair fall,0,2,0.00,3.50,0,5,0.00,2.60,0,3,0.00,3.00,0,2,,,,
near hair transplant clinic,0,2,0.00,5.00,0,5,0.00,4.80,0,7,0.00,5.43,0,-2,0,21,0.00,5.38
pigmentation treatment near me for face,0,2,0.00,5.00,0,5,0.00,4.40,0,0,0.00,0.00,0,5,,,,
dermatologist bbsr,0,2,0.00,5.50,0,5,0.00,6.00,0,9,0.00,7.44,0,-4,0,32,0.00,8.91
laser treatment for hair removal,0,2,0.00,6.00,0,5,0.00,16.40,0,9,0.00,51.89,0,-4,0,21,0.00,28.10
radiance laser,0,2,0.00,6.50,0,5,0.00,9.80,0,0,0.00,0.00,0,5,,,,
beauty clinic near me,0,2,0.00,8.50,0,5,0.00,8.60,0,0,0.00,0.00,0,5,,,,
best hair treatment,0,2,0.00,8.50,0,5,0.00,7.80,0,4,0.00,10.25,0,1,0,12,0.00,8.08
warts removal near me,0,2,0.00,9.00,0,5,0.00,10.60,0,0,0.00,0.00,0,5,,,,
bhubaneswar best skin doctor,0,2,0.00,10.00,0,5,0.00,8.40,0,6,0.00,8.83,0,-1,0,29,0.00,8.14
janpath bhubaneswar clinics with phone number,0,2,0.00,11.00,0,5,0.00,11.00,0,0,0.00,0.00,0,5,,,,
for hair which doctor,0,2,0.00,12.50,0,5,0.00,11.60,0,3,0.00,8.33,0,2,0,12,0.00,10.00
radiant skin and hair clinic,0,2,0.00,16.00,0,5,0.00,17.60,1,7,14.29,3.29,-1,-2,1,15,6.67,11.27
best clinic in bhubaneswar,0,1,0.00,1.00,0,5,0.00,4.60,0,5,0.00,5.60,0,0,0,21,0.00,7.10
nearest hair transplant,0,1,0.00,1.00,0,5,0.00,6.00,0,8,0.00,8.12,0,-3,0,19,0.00,10.42
prp price,0,1,0.00,2.00,0,5,0.00,2.80,0,2,0.00,3.00,0,3,,,,
microneedling bhubaneswar,0,1,0.00,4.00,0,5,0.00,3.80,0,0,0.00,0.00,0,5,,,,
best laser treatment near me,0,1,0.00,6.00,0,5,0.00,8.80,0,1,0.00,5.00,0,4,,,,
good skin doctor in bhubaneswar,0,1,0.00,6.00,0,5,0.00,6.20,0,5,0.00,8.00,0,0,0,16,0.00,8.50
hair hospital,0,1,0.00,7.00,0,5,0.00,6.20,0,1,0.00,9.00,0,4,0,13,0.00,6.31
hair fall treatment doctor,0,1,0.00,8.00,0,5,0.00,3.40,0,3,0.00,4.67,0,2,0,16,0.00,4.94
scalp treatment near me,0,1,0.00,9.00,0,5,0.00,5.00,0,1,0.00,10.00,0,4,,,,
top rated dermatologist in bhubaneswar,0,1,0.00,9.00,0,5,0.00,5.20,0,14,0.00,7.79,0,-9,0,32,0.00,7.38
face clinic bhubaneswar,0,1,0.00,10.00,0,5,0.00,13.80,0,2,0.00,7.50,0,3,,,,
hair loss treatment near me,0,1,0.00,10.00,0,5,0.00,4.00,0,4,0.00,8.00,0,1,0,16,0.00,6.12
how many prp sessions are needed for hair growth,,,,,0,5,0.00,1.00,0,12,0.00,9.92,0,-7,0,36,0.00,6.64
painless wart,,,,,0,5,0.00,2.00,0,3,0.00,1.00,0,2,,,,
nikki skincare,,,,,0,5,0.00,4.00,0,0,0.00,0.00,0,5,,,,
best hair transplant clinic,,,,,0,5,0.00,4.20,0,4,0.00,9.00,0,1,0,29,0.00,5.00
how gfc treatment works,,,,,0,5,0.00,4.20,0,0,0.00,0.00,0,5,,,,
gfc hair treatment process,,,,,0,5,0.00,4.60,0,16,0.00,4.19,0,-11,0,25,0.00,4.28
best hair doctor,,,,,0,5,0.00,5.60,0,6,0.00,4.67,0,-1,0,18,0.00,5.83
wig shop near me,,,,,0,5,0.00,5.60,0,8,0.00,7.12,0,-3,0,21,0.00,6.57
pigmentation treatment near me,,,,,0,5,0.00,5.80,0,2,0.00,9.00,0,3,,,,
hair care centre near me,,,,,0,5,0.00,6.60,0,5,0.00,6.40,0,0,0,12,0.00,6.92
hair loss treatment for women near me,,,,,0,5,0.00,7.00,0,1,0.00,9.00,0,4,,,,
dermatologist hair specialist near me,,,,,0,5,0.00,7.80,0,0,0.00,0.00,0,5,,,,
hair wig centre in bhubaneswar,,,,,0,5,0.00,7.80,0,16,0.00,7.88,0,-11,0,37,0.00,8.43
permanent eyebrows near me,,,,,0,5,0.00,8.60,0,8,0.00,6.75,0,-3,0,21,0.00,7.38
microblading eyebrows cost near me,,,,,0,5,0.00,10.40,0,3,0.00,7.00,0,2,0,16,0.00,11.19
scalp test near me,,,,,0,5,0.00,10.40,0,1,0.00,9.00,0,4,,,,
kolkata hair transplant clinic,,,,,0,5,0.00,10.80,0,8,0.00,14.88,0,-3,0,20,0.00,14.85
needle piercing near me,,,,,0,5,0.00,10.80,0,1,0.00,10.00,0,4,,,,
hair solution near me,,,,,0,5,0.00,11.40,0,0,0.00,0.00,0,5,,,,
regret hair transplant,,,,,0,5,0.00,11.40,0,3,0.00,10.67,0,2,0,15,0.00,11.80
kolkata best hair doctor,,,,,0,5,0.00,11.80,0,6,0.00,22.83,0,-1,,,,
skin near me,,,,,0,5,0.00,12.00,0,0,0.00,0.00,0,5,,,,
बालों का डॉक्टर,,,,,0,5,0.00,12.00,0,1,0.00,11.00,0,4,,,,
body piercing,,,,,0,5,0.00,13.00,0,3,0.00,9.00,0,2,,,,
balo ka doctor,,,,,0,5,0.00,15.00,0,5,0.00,15.00,0,0,0,21,0.00,14.24
hair regain treatment,,,,,0,5,0.00,15.60,0,1,0.00,15.00,0,4,,,,
botox anti aging treatment,,,,,0,5,0.00,15.80,0,12,0.00,14.58,0,-7,0,22,0.00,15.64
permanent makeup clinic near me,,,,,0,5,0.00,16.60,0,0,0.00,0.00,0,5,,,,
slimming centre near me,,,,,0,5,0.00,17.60,0,5,0.00,22.80,0,0,0,14,0.00,22.43
radience clinic,,,,,0,5,0.00,18.60,0,0,0.00,0.00,0,5,,,,
bio fue technique,,,,,0,5,0.00,19.40,0,2,0.00,23.00,0,3,0,12,0.00,20.17
microbotox treatment in bhubaneswar,,,,,0,5,0.00,19.40,0,10,0.00,21.30,0,-5,0,30,0.00,17.37
slimming clinic near me,,,,,0,5,0.00,21.40,0,7,0.00,32.57,0,-2,0,21,0.00,26.24
plasma hair treatment near me,,,,,0,5,0.00,21.80,0,26,0.00,23.15,0,-21,0,31,0.00,22.94
body reshaping doctor in bhubaneswar,,,,,0,5,0.00,30.20,0,11,0.00,22.82,0,-6,0,30,0.00,27.90
can laser hair removal be permanent,,,,,0,5,0.00,30.60,0,18,0.00,33.11,0,-13,0,33,0.00,31.73
dr skin care,,,,,0,5,0.00,31.20,0,10,0.00,27.50,0,-5,0,32,0.00,22.53
best hair transplant clinic in visakhapatnam,,,,,0,5,0.00,31.80,0,4,0.00,35.50,0,1,0,18,0.00,31.78
hair aesthetic clinic,,,,,0,5,0.00,36.80,0,0,0.00,0.00,0,5,,,,
solace hair transplant,,,,,0,5,0.00,36.80,0,6,0.00,40.67,0,-1,0,14,0.00,39.71
hair transplant cost in raipur,,,,,0,5,0.00,37.40,0,9,0.00,35.56,0,-4,0,22,0.00,35.77
tattoo removal service,,,,,0,5,0.00,40.40,0,1,0.00,41.00,0,4,,,,
best acne scar treatment,,,,,0,5,0.00,41.20,0,3,0.00,61.33,0,2,0,13,0.00,48.38
radiance hair studio,,,,,0,5,0.00,41.60,0,8,0.00,26.25,0,-3,0,24,0.00,36.00
under eye treatment,,,,,0,5,0.00,41.60,0,10,0.00,42.40,0,-5,0,25,0.00,46.44
neck lines,,,,,0,5,0.00,46.00,0,8,0.00,45.12,0,-3,0,27,0.00,46.56
radiance-boosting facials,,,,,0,5,0.00,46.20,0,3,0.00,54.67,0,2,0,22,0.00,47.23
top 10 hair transplant clinic in kolkata,,,,,0,5,0.00,49.20,0,9,0.00,48.78,0,-4,0,24,0.00,50.38
laser clinic,,,,,0,5,0.00,54.80,0,3,0.00,5.67,0,2,,,,
can hair be transplanted from body to head,,,,,0,5,0.00,63.60,0,3,0.00,70.00,0,2,,,,
anti acne treatment,,,,,0,5,0.00,72.40,0,5,0.00,47.00,0,0,0,25,0.00,60.76
hair transplant from body hair,,,,,0,5,0.00,77.20,0,12,0.00,75.50,0,-7,0,27,0.00,74.41
early scarring alopecia,,,,,0,5,0.00,90.80,0,5,0.00,86.40,0,0,,,,
wide local excision in bhubaneswar,0,4,0.00,1.00,0,4,0.00,1.00,0,0,0.00,0.00,0,4,,,,
near skin clinic,0,4,0.00,5.00,0,4,0.00,5.00,0,2,0.00,9.00,0,2,,,,
closed pimple,0,4,0.00,9.75,0,4,0.00,9.75,0,0,0.00,0.00,0,4,,,,
close comedonal acne,0,4,0.00,10.50,0,4,0.00,10.50,0,0,0.00,0.00,0,4,,,,
closed comedonal acne,0,4,0.00,10.50,0,4,0.00,10.50,0,0,0.00,0.00,0,4,,,,
what is closed comedones on face,0,4,0.00,10.75,0,4,0.00,10.75,0,0,0.00,0.00,0,4,,,,
what is closed comedones,0,4,0.00,11.25,0,4,0.00,11.25,0,0,0.00,0.00,0,4,,,,
reason for closed comedones,0,4,0.00,11.50,0,4,0.00,11.50,0,0,0.00,0.00,0,4,,,,
deep cystic acne,0,4,0.00,16.50,0,4,0.00,16.50,0,0,0.00,0.00,0,4,,,,
moles removal in bhubaneswar,0,4,0.00,31.25,0,4,0.00,31.25,0,0,0.00,0.00,0,4,,,,
female hair transplant,0,4,0.00,40.00,0,4,0.00,40.00,0,1,0.00,4.00,0,3,,,,
does laser hair removal help with strawberry legs,0,4,0.00,67.75,0,4,0.00,67.75,0,0,0.00,0.00,0,4,,,,
desiccated skin,0,4,0.00,70.25,0,4,0.00,70.25,0,0,0.00,0.00,0,4,,,,
female pattern baldness,0,4,0.00,73.25,0,4,0.00,73.25,0,0,0.00,0.00,0,4,,,,
causes of pigmentation on face,0,4,0.00,73.75,0,4,0.00,73.75,0,0,0.00,0.00,0,4,,,,
difference between uneven skin tone and pigmentation,0,4,0.00,75.50,0,4,0.00,75.50,0,0,0.00,0.00,0,4,,,,
hair transplant cost mumbai,0,3,0.00,1.00,0,4,0.00,1.00,0,0,0.00,0.00,0,4,,,,
best vitiligo doctor in bhubaneswar,0,3,0.00,6.00,0,4,0.00,6.75,1,3,33.33,4.67,-1,1,1,21,4.76,5.57
best skin laser treatment near me,0,3,0.00,6.67,0,4,0.00,7.00,0,1,0.00,6.00,0,3,,,,
hair dr specialist near me,0,3,0.00,8.67,0,4,0.00,8.75,0,0,0.00,0.00,0,4,,,,
odisha best skin specialist doctor,0,3,0.00,9.00,0,4,0.00,9.25,0,3,0.00,9.33,0,1,,,,
best plastic surgery hospital in odisha,0,3,0.00,12.00,0,4,0.00,14.00,0,1,0.00,18.00,0,3,,,,
plastic surgeon bhubaneswar,0,3,0.00,15.67,0,4,0.00,16.75,0,4,0.00,6.25,0,0,,,,
radiance aesthetic clinic,0,3,0.00,27.67,0,4,0.00,22.50,0,1,0.00,48.00,0,3,,,,
aft skin rejuvenation,0,3,0.00,35.67,0,4,0.00,35.00,0,0,0.00,0.00,0,4,,,,
radiant skin care and hair transplant center,0,3,0.00,42.00,0,4,0.00,44.00,0,3,0.00,10.67,0,1,,,,
hair ke liye best doctor,0,2,0.00,1.00,0,4,0.00,6.00,0,0,0.00,0.00,0,4,,,,
kaya clinic bhubaneswar,0,2,0.00,1.00,0,4,0.00,2.50,0,4,0.00,1.00,0,0,0,16,0.00,2.31
laser hair removal permanent,0,2,0.00,1.00,0,4,0.00,33.00,0,12,0.00,45.25,0,-8,0,21,0.00,40.14
hair care specialist doctor near me,0,2,0.00,2.00,0,4,0.00,4.25,0,0,0.00,0.00,0,4,,,,
botox,0,2,0.00,2.50,0,4,0.00,3.75,0,2,0.00,4.00,0,2,,,,
liposuction in bhubaneswar,0,2,0.00,6.50,0,4,0.00,5.25,0,10,0.00,6.00,0,-6,0,26,0.00,5.77
hair transplant dr,0,2,0.00,9.00,0,4,0.00,7.75,0,1,0.00,5.00,0,3,,,,
hair transplant doctors near me,0,1,0.00,1.00,0,4,0.00,1.00,0,6,0.00,1.00,0,-2,,,,
radiance hair,0,1,0.00,1.00,0,4,0.00,4.00,0,1,0.00,1.00,0,3,1,13,7.69,2.15
in odisha,0,1,0.00,3.00,0,4,0.00,4.25,0,5,0.00,3.80,0,-1,,,,
best botox hair treatment near me,0,1,0.00,4.00,0,4,0.00,7.75,0,2,0.00,4.00,0,2,,,,
in bbsr,0,1,0.00,4.00,1,4,25.00,3.25,0,2,0.00,4.00,1,2,1,7,14.29,3.57
mesotherapy for hair,0,1,0.00,4.00,0,4,0.00,3.75,0,7,0.00,1.43,0,-3,0,15,0.00,2.53
skin and hair specialist near me,0,1,0.00,5.00,0,4,0.00,7.00,0,1,0.00,8.00,0,3,,,,
best skin specialist in bhubaneswar odisha,0,1,0.00,6.00,1,4,25.00,4.75,0,3,0.00,6.00,1,1,1,10,10.00,8.30
carbon laser treatment,0,1,0.00,6.00,0,4,0.00,6.50,0,3,0.00,7.33,0,1,0,21,0.00,20.00
face laser treatment price,0,1,0.00,6.00,0,4,0.00,5.00,0,1,0.00,1.00,0,3,,,,
hair care hospital,0,1,0.00,6.00,0,4,0.00,8.50,0,0,0.00,0.00,0,4,,,,
hair expert near me,0,1,0.00,6.00,0,4,0.00,7.75,0,5,0.00,9.60,0,-1,0,12,0.00,8.42
face laser hair removal,0,1,0.00,7.00,0,4,0.00,7.00,0,0,0.00,0.00,0,4,,,,
face treatment,0,1,0.00,8.00,0,4,0.00,8.25,0,4,0.00,7.50,0,0,,,,
hair checkup near me,0,1,0.00,8.00,0,4,0.00,7.50,0,4,0.00,8.75,0,0,0,12,0.00,8.33
hair growth doctor near me,0,1,0.00,8.00,0,4,0.00,9.00,0,3,0.00,8.33,0,1,,,,
hair prp treatment near me,0,1,0.00,8.00,0,4,0.00,7.00,0,7,0.00,7.00,0,-3,0,13,0.00,6.23
prp treatment for hair near me,0,1,0.00,8.00,0,4,0.00,14.50,0,7,0.00,10.86,0,-3,0,17,0.00,13.71
skin hospital bhubaneswar,0,1,0.00,10.00,0,4,0.00,10.00,0,1,0.00,6.00,0,3,,,,
can laser remove hair permanently,0,1,0.00,11.00,0,4,0.00,39.00,0,13,0.00,36.85,0,-9,0,24,0.00,37.04
doctor for hair,0,1,0.00,11.00,0,4,0.00,7.75,0,6,0.00,8.83,0,-2,0,23,0.00,8.74
laser clinic near me,,,,,1,4,25.00,9.00,0,2,0.00,11.00,1,2,1,14,7.14,11.86
best hair restoration near me,,,,,0,4,0.00,1.00,0,0,0.00,0.00,0,4,,,,
cfc treatment for hair,,,,,0,4,0.00,1.00,0,0,0.00,0.00,0,4,,,,
laser hair remove,,,,,0,4,0.00,1.00,0,5,0.00,2.00,0,-1,,,,
microblading eyebrow,,,,,0,4,0.00,1.00,0,0,0.00,0.00,0,4,,,,
doctor for hair fall,,,,,0,4,0.00,1.25,0,0,0.00,0.00,0,4,,,,
check pimples,,,,,0,4,0.00,1.75,0,15,0.00,1.53,0,-11,0,43,0.00,1.53
prp therapy near me,,,,,0,4,0.00,1.75,0,0,0.00,0.00,0,4,,,,
the skin radiance,,,,,0,4,0.00,2.00,0,7,0.00,2.57,0,-3,,,,
what is prp treatment,,,,,0,4,0.00,2.00,0,0,0.00,0.00,0,4,,,,
lip blushing near me,,,,,0,4,0.00,2.25,0,2,0.00,6.00,0,2,1,15,6.67,4.27
laser hair removal for men,,,,,0,4,0.00,3.25,0,2,0.00,5.50,0,2,,,,
radiance hair and skin,,,,,0,4,0.00,3.25,0,10,0.00,7.70,0,-6,0,24,0.00,5.33
derma clinics,,,,,0,4,0.00,3.50,0,0,0.00,0.00,0,4,,,,
hydra facial clinic near me,,,,,0,4,0.00,3.50,0,0,0.00,0.00,0,4,,,,
aqua skin iv,,,,,0,4,0.00,5.50,0,2,0.00,14.00,0,2,,,,
best gfc treatment near me,,,,,0,4,0.00,5.50,1,10,10.00,5.70,-1,-6,1,23,4.35,6.65
wig shop in bhubaneswar,,,,,0,4,0.00,5.50,0,15,0.00,5.80,0,-11,0,29,0.00,6.17
eyebrow microblading near me,,,,,0,4,0.00,5.75,1,3,33.33,6.33,-1,1,2,20,10.00,5.30
hair consultant,,,,,0,4,0.00,5.75,0,2,0.00,6.00,0,2,,,,
skin hair removal,,,,,0,4,0.00,5.75,0,3,0.00,5.33,0,1,,,,
skin aesthetic clinic,,,,,0,4,0.00,6.00,0,0,0.00,0.00,0,4,,,,
best clinic for hair treatment,,,,,0,4,0.00,6.25,0,0,0.00,0.00,0,4,,,,
lip tattoo near me,,,,,0,4,0.00,6.25,0,5,0.00,4.60,0,-1,,,,
prp near me,,,,,0,4,0.00,6.25,0,7,0.00,7.00,0,-3,0,13,0.00,5.85
derma clinic near me,,,,,0,4,0.00,6.50,0,0,0.00,0.00,0,4,,,,
laser skin treatment,,,,,0,4,0.00,7.00,0,5,0.00,7.60,0,-1,0,16,0.00,7.31
belly piercing near me,,,,,0,4,0.00,7.25,0,3,0.00,8.33,0,1,,,,
electrolysis hair removal,,,,,0,4,0.00,7.50,0,10,0.00,3.40,0,-6,0,17,0.00,4.24
best hair patch service near me,,,,,0,4,0.00,7.75,0,3,0.00,8.00,0,1,,,,
aesthetic clinic near,,,,,0,4,0.00,8.00,0,0,0.00,0.00,0,4,,,,
best hair wig in bhubaneswar,,,,,0,4,0.00,8.00,0,0,0.00,0.00,0,4,,,,
ear stitching near me,,,,,0,4,0.00,8.00,0,1,0.00,10.00,0,3,0,20,0.00,10.60
skin institute,,,,,0,4,0.00,8.25,0,8,0.00,8.75,0,-4,0,18,0.00,8.50
best laser hair removal near me,,,,,0,4,0.00,8.50,0,2,0.00,9.00,0,2,,,,
hair loss dermatologist near me,,,,,0,4,0.00,8.50,0,1,0.00,9.00,0,3,,,,
hydra facial near me,,,,,0,4,0.00,8.50,0,4,0.00,9.75,0,0,0,20,0.00,9.55
best tattoo removal near me,,,,,0,4,0.00,8.75,0,0,0.00,0.00,0,4,0,14,0.00,16.07
face care doctor,,,,,0,4,0.00,8.75,0,13,0.00,8.62,0,-9,0,37,0.00,7.73
hair skin doctor near me,,,,,0,4,0.00,8.75,0,2,0.00,8.50,0,2,,,,
best weight loss treatment near me,,,,,0,4,0.00,9.25,0,0,0.00,0.00,0,4,,,,
gfc treatments,,,,,0,4,0.00,9.25,0,1,0.00,1.00,0,3,,,,
near hair doctor,,,,,0,4,0.00,9.25,0,4,0.00,9.00,0,0,,,,
hair system service near me,,,,,0,4,0.00,9.50,0,1,0.00,7.00,0,3,,,,
best skin specialist doctor in bhubaneswar,,,,,0,4,0.00,9.75,0,0,0.00,0.00,0,4,,,,
hair fall ke liye doctor near me,,,,,0,4,0.00,9.75,0,0,0.00,0.00,0,4,,,,
best ear piercing in bhubaneswar,,,,,0,4,0.00,10.00,0,8,0.00,11.00,0,-4,0,23,0.00,10.09
gluta c injection,,,,,0,4,0.00,10.00,0,2,0.00,11.00,0,2,,,,
hair doctors near me,,,,,0,4,0.00,10.25,0,14,0.00,7.79,0,-10,0,34,0.00,7.24
lung transplantation in bhubaneswar,,,,,0,4,0.00,10.25,0,16,0.00,17.81,0,-12,0,34,0.00,16.74
wig expert,,,,,0,4,0.00,10.25,0,9,0.00,9.44,0,-5,0,17,0.00,9.29
best doctor for hair fall treatment,,,,,0,4,0.00,10.75,0,3,0.00,4.33,0,1,,,,
laser vs wax hair removal,,,,,0,4,0.00,10.75,0,1,0.00,26.00,0,3,,,,
smp clinic near me,,,,,0,4,0.00,11.00,0,16,0.00,8.50,0,-12,0,40,0.00,9.20
weight loss doctor,,,,,0,4,0.00,11.00,0,1,0.00,10.00,0,3,0,12,0.00,11.00
laser tattoo removal,,,,,0,4,0.00,11.50,0,12,0.00,10.58,0,-8,0,29,0.00,22.21
hair gfc treatment,,,,,0,4,0.00,12.75,0,6,0.00,11.83,0,-2,0,25,0.00,13.20
weight loss clinic near me,,,,,0,4,0.00,13.00,0,5,0.00,23.40,0,-1,0,21,0.00,24.00
grc treatment,,,,,0,4,0.00,13.75,0,0,0.00,0.00,0,4,,,,
hair specialist in kolkata,,,,,0,4,0.00,13.75,0,3,0.00,12.00,0,1,,,,
dermatology clinic near me,,,,,0,4,0.00,14.75,0,0,0.00,0.00,0,4,,,,
ombre brows how long do they last,,,,,0,4,0.00,15.00,0,0,0.00,0.00,0,4,,,,
waxing or laser hair removal,,,,,0,4,0.00,16.25,0,4,0.00,22.75,0,0,,,,
wart removal treatment franchise,,,,,0,4,0.00,17.00,0,0,0.00,0.00,0,4,,,,
armpit laser hair removal vs waxing,,,,,0,4,0.00,19.75,0,4,0.00,19.75,0,0,,,,
radiance skin care system india,,,,,0,4,0.00,23.25,0,5,0.00,25.20,0,-1,,,,
radiance skin antiaging and hair transplant clinic,,,,,0,4,0.00,23.75,0,2,0.00,5.50,0,2,0,14,0.00,11.71
chemical peel,,,,,0,4,0.00,24.25,0,0,0.00,0.00,0,4,,,,
bio treatment,,,,,0,4,0.00,25.25,0,4,0.00,26.00,0,0,0,22,0.00,24.05
the radiance elite hair & skin aesthetic clinic,,,,,0,4,0.00,27.25,0,2,0.00,35.00,0,2,,,,
hair transplant result,,,,,0,4,0.00,29.25,0,8,0.00,28.00,0,-4,0,31,0.00,38.52
microblading price,,,,,0,4,0.00,31.50,0,4,0.00,34.00,0,0,,,,
hair restoration near me,,,,,0,4,0.00,32.25,0,6,0.00,5.33,0,-2,,,,
does laser remove hair permanently,,,,,0,4,0.00,34.75,0,15,0.00,33.87,0,-11,0,52,0.00,36.06
growth factor hair treatment,,,,,0,4,0.00,35.00,0,9,0.00,33.00,0,-5,0,22,0.00,33.09
scalp micropigmentation cost,,,,,0,4,0.00,36.00,0,4,0.00,35.50,0,0,0,12,0.00,34.17
lip pigmentation laser treatment,,,,,0,4,0.00,36.75,0,11,0.00,29.18,0,-7,0,27,0.00,33.59
microblading cost,,,,,0,4,0.00,38.00,0,3,0.00,41.33,0,1,,,,
face treatment doctor,,,,,0,4,0.00,44.50,0,1,0.00,11.00,0,3,0,24,0.00,41.42
cosmo radiance,,,,,0,4,0.00,45.25,0,1,0.00,46.00,0,3,,,,
hair transplant surgery in kolkata,,,,,0,4,0.00,46.50,0,9,0.00,49.67,0,-5,0,55,0.00,49.73
acne scars treatment,,,,,0,4,0.00,47.25,0,1,0.00,6.00,0,3,,,,
hairfall cure,,,,,0,4,0.00,47.75,0,2,0.00,47.50,0,2,,,,
permanent beard shaping,,,,,0,4,0.00,47.75,0,8,0.00,58.50,0,-4,0,19,0.00,55.05
enhance clinic hair transplant cost,,,,,0,4,0.00,49.75,0,2,0.00,45.50,0,2,,,,
nose reshaping in bhubaneswar,,,,,0,4,0.00,52.75,0,3,0.00,52.67,0,1,0,12,0.00,52.50
collagen induction therapy,,,,,0,4,0.00,54.25,0,2,0.00,53.50,0,2,,,,
laser hair removal treatment near me,,,,,0,4,0.00,54.25,0,2,0.00,7.00,0,2,,,,
laser body hair reduction,,,,,0,4,0.00,67.00,0,0,0.00,0.00,0,4,,,,
hair transplant candidate,,,,,0,4,0.00,68.25,0,5,0.00,76.20,0,-1,0,21,0.00,74.33
radiance clinic mysore,,,,,0,4,0.00,68.75,0,3,0.00,35.00,0,1,,,,
kolkata best hair transplant,,,,,0,4,0.00,69.25,0,13,0.00,61.31,0,-9,0,25,0.00,59.00
radiance hair transplant rajahmundry,,,,,0,4,0.00,69.50,0,1,0.00,12.00,0,3,,,,
inch loss treatment cost,,,,,0,4,0.00,71.00,0,1,0.00,68.00,0,3,,,,
growth factor injections for hair loss,,,,,0,4,0.00,72.00,0,18,0.00,87.56,0,-14,0,51,0.00,85.31
hair transplant from body,,,,,0,4,0.00,72.25,0,8,0.00,73.50,0,-4,0,19,0.00,75.84
hair transplant body hair,,,,,0,4,0.00,80.00,0,5,0.00,80.20,0,-1,0,16,0.00,81.75
alopecia with scarring,,,,,0,4,0.00,87.75,0,2,0.00,84.00,0,2,,,,
aesthetic clinic in bhubaneswar,0,3,0.00,1.67,0,3,0.00,1.67,0,0,0.00,0.00,0,3,1,11,9.09,4.00
hair transplant in ahmedabad,0,3,0.00,2.00,0,3,0.00,2.00,0,0,0.00,0.00,0,3,,,,
hair doctor in sum hospital bhubaneswar,0,3,0.00,2.33,0,3,0.00,2.33,0,0,0.00,0.00,0,3,,,,
hair specialist clinic near me,0,3,0.00,5.67,0,3,0.00,5.67,0,1,0.00,7.00,0,2,,,,
near hair hospital,0,3,0.00,5.67,0,3,0.00,5.67,0,0,0.00,0.00,0,3,,,,
cosmetic skin and hair clinic,0,3,0.00,6.33,0,3,0.00,6.33,0,1,0.00,1.00,0,2,,,,
facial hair removal laser,0,2,0.00,1.00,0,3,0.00,2.67,0,0,0.00,0.00,0,3,,,,
hair and skin treatment near me,0,2,0.00,1.00,0,3,0.00,4.00,0,0,0.00,0.00,0,3,,,,
hair fall best doctor near me,0,2,0.00,1.00,0,3,0.00,1.33,0,0,0.00,0.00,0,3,,,,
hair transplant cost pune,0,2,0.00,1.00,0,3,0.00,1.00,0,0,0.00,0.00,0,3,,,,
irc bhubaneswar clinics with phone number,0,2,0.00,1.00,0,3,0.00,1.00,0,0,0.00,0.00,0,3,,,,
which is the best clinic for hair fall treatment?,0,2,0.00,1.50,0,3,0.00,1.67,0,0,0.00,0.00,0,3,,,,
hair loss treatment for women,0,2,0.00,3.00,0,3,0.00,5.33,0,0,0.00,0.00,0,3,,,,
cost,0,2,0.00,3.50,0,3,0.00,3.33,0,1,0.00,4.00,0,2,,,,
hair & skin clinic near me,0,2,0.00,7.50,0,3,0.00,5.33,0,2,0.00,2.00,0,1,,,,
anti dandruff treatment near me,0,1,0.00,1.00,0,3,0.00,1.00,0,1,0.00,2.00,0,2,,,,
c gfc,0,1,0.00,1.00,0,3,0.00,1.00,0,0,0.00,0.00,0,3,,,,
skin and hair doctor,0,1,0.00,1.00,0,3,0.00,4.33,0,0,0.00,0.00,0,3,,,,
hair transplantation,0,1,0.00,2.00,0,3,0.00,3.33,0,0,0.00,0.00,0,3,,,,
microneedling,0,1,0.00,2.00,0,3,0.00,4.67,0,0,0.00,0.00,0,3,,,,
skin lightening treatment,0,1,0.00,4.00,0,3,0.00,5.00,0,0,0.00,0.00,0,3,,,,
skin whitening treatment,0,1,0.00,4.00,0,3,0.00,3.00,0,2,0.00,10.00,0,1,0,36,0.00,10.06
anti lice treatment,0,1,0.00,5.00,0,3,0.00,5.33,0,1,0.00,5.00,0,2,,,,
ha,0,1,0.00,5.00,0,3,0.00,3.33,0,0,0.00,0.00,0,3,,,,
hair removal laser treatment near me,0,1,0.00,5.00,0,3,0.00,2.33,0,0,0.00,0.00,0,3,,,,
laser facial hair removal,0,1,0.00,5.00,0,3,0.00,5.00,1,2,50.00,1.00,-1,1,1,5,20.00,3.40
radiance skin clinic bangalore,0,1,0.00,5.00,0,3,0.00,4.00,0,0,0.00,0.00,0,3,,,,
underarm treatment near me,0,1,0.00,7.00,0,3,0.00,5.67,0,2,0.00,8.00,0,1,,,,
hair fall specialist doctor near me,0,1,0.00,8.00,0,3,0.00,4.00,0,2,0.00,11.00,0,1,,,,
dermatologist for hair fall,,,,,1,3,33.33,1.00,0,2,0.00,11.50,1,1,1,7,14.29,5.71
top hair transplant clinic in india,,,,,1,3,33.33,1.67,0,2,0.00,1.50,1,1,1,5,20.00,1.60
photorejuvenation treatment,,,,,1,3,33.33,2.33,0,0,0.00,0.00,1,3,1,3,33.33,2.33
hair transplant in bhubaneswar price list,,,,,1,3,33.33,5.33,0,3,0.00,7.67,1,0,1,20,5.00,6.60
mole laser removal near me,,,,,1,3,33.33,6.33,0,0,0.00,0.00,1,3,1,4,25.00,6.50
mole removal centre near me,,,,,1,3,33.33,6.67,0,0,0.00,0.00,1,3,1,3,33.33,6.67
for skin radiance,,,,,0,3,0.00,1.00,0,2,0.00,1.00,0,1,,,,
gfc c,,,,,0,3,0.00,1.00,0,0,0.00,0.00,0,3,,,,
hair removal lazer,,,,,0,3,0.00,1.00,0,0,0.00,0.00,0,3,,,,
hair treatment for hair fall,,,,,0,3,0.00,1.00,0,2,0.00,4.50,0,1,,,,
kaya clinic near me,,,,,0,3,0.00,1.00,0,3,0.00,1.00,0,0,,,,
lasers for hair removal,,,,,0,3,0.00,1.00,0,0,0.00,0.00,0,3,,,,
mens hair transplant near me,,,,,0,3,0.00,1.00,0,1,0.00,1.00,0,2,,,,
painless warts,,,,,0,3,0.00,1.00,0,2,0.00,1.00,0,1,,,,
how many prp sessions are required,,,,,0,3,0.00,1.33,0,4,0.00,1.00,0,-1,,,,
wart removal without pain,,,,,0,3,0.00,1.33,0,4,0.00,1.00,0,-1,,,,
hair fall problem doctor near me,,,,,0,3,0.00,1.67,0,0,0.00,0.00,0,3,,,,
whole body hair removal for men,,,,,0,3,0.00,1.67,0,0,0.00,0.00,0,3,,,,
check pimple,,,,,0,3,0.00,2.00,0,16,0.00,2.12,0,-13,0,35,0.00,1.89
lip blushing cost,,,,,0,3,0.00,2.00,0,3,0.00,3.67,0,0,,,,
prp therapy for hair,,,,,0,3,0.00,2.00,0,0,0.00,0.00,0,3,,,,
prp vs gfc which is better,,,,,0,3,0.00,2.00,0,1,0.00,2.00,0,2,,,,
which doctor to consult for hair fall,,,,,0,3,0.00,2.00,1,2,50.00,4.00,-1,1,1,9,11.11,2.11
hair clinics near me,,,,,0,3,0.00,2.33,0,1,0.00,7.00,0,2,,,,
hair transplant hyderabad,,,,,0,3,0.00,2.33,0,0,0.00,0.00,0,3,,,,
traya clinic in bhubaneswar,,,,,0,3,0.00,2.33,0,0,0.00,0.00,0,3,,,,
traya store near me,,,,,0,3,0.00,2.33,0,2,0.00,4.00,0,1,,,,
beard doctor near me,,,,,0,3,0.00,3.00,0,1,0.00,11.00,0,2,0,12,0.00,6.08
best clinics for laser hair removal,,,,,0,3,0.00,3.00,0,0,0.00,0.00,0,3,,,,
dr partha skin and hair clinic,,,,,0,3,0.00,3.00,0,14,0.00,2.36,0,-11,0,17,0.00,2.47
good skin and hair clinic,,,,,0,3,0.00,3.00,0,2,0.00,4.50,0,1,,,,
hair plantation in bhubaneswar,,,,,0,3,0.00,3.00,0,0,0.00,0.00,0,3,,,,
traya centre near me,,,,,0,3,0.00,3.33,0,4,0.00,8.75,0,-1,0,12,0.00,5.17
bbsr,,,,,0,3,0.00,3.67,0,0,0.00,0.00,0,3,,,,
lip blush treatment price,,,,,0,3,0.00,3.67,0,7,0.00,9.29,0,-4,0,20,0.00,5.95
are acne scars permanent,,,,,0,3,0.00,4.00,0,12,0.00,10.00,0,-9,0,18,0.00,10.00
best prp hair treatment near me,,,,,0,3,0.00,4.00,0,2,0.00,1.00,0,1,,,,
cost in bhubaneswar,,,,,0,3,0.00,4.00,0,0,0.00,0.00,0,3,,,,
radiant skin,,,,,0,3,0.00,4.00,0,13,0.00,15.31,0,-10,0,37,0.00,15.16
hair fall treatment near me for women,,,,,0,3,0.00,4.33,0,0,0.00,0.00,0,3,,,,
lasik hair removal,,,,,0,3,0.00,4.33,0,0,0.00,0.00,0,3,,,,
best skin care clinic near me,,,,,0,3,0.00,4.67,0,0,0.00,0.00,0,3,,,,
hair doctor called,,,,,0,3,0.00,5.00,0,0,0.00,0.00,0,3,,,,
hair fillers,,,,,0,3,0.00,5.00,0,0,0.00,0.00,0,3,,,,
ipl treatment for face,,,,,0,3,0.00,5.00,0,0,0.00,0.00,0,3,,,,
sambalpur hair transplant clinic,,,,,0,3,0.00,5.33,1,29,3.45,6.00,-1,-26,1,42,2.38,6.40
best dermatologist for face near me,,,,,0,3,0.00,5.67,0,0,0.00,0.00,0,3,,,,
chemical peel cost,,,,,0,3,0.00,5.67,0,10,0.00,27.70,0,-7,0,27,0.00,18.26
laser hair reduction near me,,,,,0,3,0.00,5.67,0,5,0.00,4.80,0,-2,0,13,0.00,5.54
women hair transplant near me,,,,,0,3,0.00,5.67,0,0,0.00,0.00,0,3,,,,
doctor for face,,,,,0,3,0.00,6.00,0,6,0.00,32.50,0,-3,0,13,0.00,25.85
permanent makeup,,,,,0,3,0.00,6.00,0,0,0.00,0.00,0,3,,,,
private laser,,,,,0,3,0.00,6.00,0,0,0.00,0.00,0,3,,,,
best hair dermatologist near me,,,,,0,3,0.00,6.33,0,7,0.00,5.43,0,-4,0,15,0.00,6.53
dermatologist for beard growth,,,,,0,3,0.00,6.33,0,0,0.00,0.00,0,3,,,,
best,,,,,1,2,50.00,2.00,0,0,0.00,0.00,1,2,1,2,50.00,2.00
face laser treatment near me,,,,,1,2,50.00,5.00,0,1,0.00,12.00,1,1,1,4,25.00,8.00
places to buy wigs near me,,,,,1,2,50.00,11.50,0,0,0.00,0.00,1,2,1,2,50.00,11.50
best skin clinic in india,1,1,100.00,1.00,1,1,100.00,1.00,0,0,0.00,0.00,1,1,1,1,100.00,1.00
"india, odisha",1,1,100.00,1.00,1,1,100.00,1.00,0,0,0.00,0.00,1,1,1,1,100.00,1.00
hydra facial around me,1,1,100.00,2.00,1,1,100.00,2.00,0,0,0.00,0.00,1,1,1,1,100.00,2.00
radiant bhubaneswar,1,1,100.00,11.00,1,1,100.00,11.00,0,0,0.00,0.00,1,1,1,2,50.00,11.00
best rhinoplasty surgeon in odisha,1,1,100.00,14.00,1,1,100.00,14.00,0,0,0.00,0.00,1,1,1,1,100.00,14.00
eyebrow micropigmentation near me,,,,,1,1,100.00,1.00,0,0,0.00,0.00,1,1,1,1,100.00,1.00
hair care doctor name,,,,,1,1,100.00,1.00,0,0,0.00,0.00,1,1,1,1,100.00,1.00
top rated,,,,,1,1,100.00,1.00,0,0,0.00,0.00,1,1,1,1,100.00,1.00
best doctor,,,,,1,1,100.00,2.00,0,1,0.00,1.00,1,0,1,2,50.00,1.50
laser hair removal places,,,,,1,1,100.00,6.00,0,0,0.00,0.00,1,1,1,1,100.00,6.00
best hair care clinic,,,,,1,1,100.00,10.00,0,1,0.00,1.00,1,0,1,3,33.33,6.33
hair regrowth doctor,,,,,1,1,100.00,25.00,0,0,0.00,0.00,1,1,1,1,100.00,25.00
pediatrician bhubaneswar,,,,,1,1,100.00,141.00,0,0,0.00,0.00,1,1,1,3,33.33,140.67
hair scalp doctor near me,0,3,0.00,7.67,,,,,0,5,0.00,7.20,0,-2,,,,
pigmentation vs tan,0,3,0.00,8.33,,,,,,,,,,,,,,
prp hair clinic near me,0,3,0.00,9.00,,,,,,,,,,,,,,
closed comedones (whiteheads,0,3,0.00,9.33,,,,,,,,,,,,,,
closed comedones (whiteheads),0,3,0.00,9.33,,,,,,,,,,,,,,
acne scars and open pores difference,0,3,0.00,10.00,,,,,,,,,,,,,,
hollywood facial near me,0,3,0.00,10.00,,,,,,,,,,,,,,
white closed comedones,0,3,0.00,10.00,,,,,,,,,,,,,,
deep acne marks,0,3,0.00,10.33,,,,,,,,,,,,,,
flaky meaning in hair,0,3,0.00,11.00,,,,,,,,,,,,,,
comedones,0,3,0.00,16.33,,,,,,,,,,,,,,
what are closed comedones,0,3,0.00,18.33,,,,,,,,,,,,,,
skin consultation,0,3,0.00,19.33,,,,,,,,,,,,,,
micro-needling treatment in bhubaneswar,0,3,0.00,28.67,,,,,,,,,,,,,,
best hydrafacial treatment in bhubaneswar,0,3,0.00,35.67,,,,,,,,,,,,,,
laser hair removal clinics near me,0,3,0.00,38.00,,,,,,,,,,,,,,
xanthelasma treatment in bhubaneswar,0,3,0.00,50.67,,,,,,,,,,,,,,
radiance skin clinic mysore,0,3,0.00,51.33,,,,,0,4,0.00,27.25,0,-1,,,,
patchy hair loss,0,3,0.00,70.67,,,,,,,,,,,,,,
reason for pigmentation on face,0,3,0.00,78.67,,,,,,,,,,,,,,
uneven skin color,0,3,0.00,84.67,,,,,,,,,,,,,,
left side hairline receding,0,3,0.00,87.00,,,,,,,,,,,,,,
best doctor for female hair loss,0,2,0.00,1.00,,,,,,,,,,,,,,
best hair treatment for frizzy hair and hair fall,0,2,0.00,1.00,,,,,,,,,,,,,,
grow hair glow skin near me,0,2,0.00,1.00,,,,,,,,,,,,,,
hair health treatment near me,0,2,0.00,1.00,,,,,,,,,,,,,,
prp treatment price,0,2,0.00,1.00,,,,,,,,,,,,,,
prp,0,2,0.00,1.50,,,,,0,4,0.00,6.00,0,-2,0,17,0.00,3.76
1 month,0,2,0.00,2.00,,,,,,,,,,,,,,
cryotherapy treatment,0,2,0.00,2.00,,,,,,,,,,,,,,
lip fillers,0,2,0.00,2.00,,,,,,,,,,,,,,
is it available in bbsr,0,2,0.00,2.50,,,,,,,,,,,,,,
hair removal clinic,0,2,0.00,4.00,,,,,,,,,,,,,,
hair treatment clinic,0,2,0.00,4.50,,,,,,,,,,,,,,
dermatologist clinic near me,0,2,0.00,5.00,,,,,,,,,,,,,,
hair and skin,0,2,0.00,5.00,,,,,,,,,,,,,,
doctor for hair treatment near me,0,2,0.00,5.50,,,,,,,,,,,,,,
hair clinic near,0,2,0.00,5.50,,,,,,,,,,,,,,
hair hospital near me for men,0,2,0.00,5.50,,,,,,,,,,,,,,
hair thinning clinic,0,2,0.00,5.50,,,,,,,,,,,,,,
hair transplant contact number,0,2,0.00,6.00,,,,,,,,,,,,,,
laser treatment clinic near me,0,2,0.00,6.00,,,,,,,,,,,,,,
small skin clinic near me,0,2,0.00,6.00,,,,,,,,,,,,,,
hair care clinic,0,2,0.00,6.50,,,,,,,,,,,,,,
microneedling with prp near me,0,2,0.00,7.00,,,,,,,,,,,,,,
scalp doctor,0,2,0.00,7.50,,,,,,,,,,,,,,
skin doctor for hair,0,2,0.00,7.50,,,,,,,,,,,,,,
white hair specialist doctor near me,0,2,0.00,7.50,,,,,,,,,,,,,,
widening hair part,0,2,0.00,7.50,,,,,,,,,,,,,,
beard transplant near me,0,2,0.00,8.00,,,,,0,5,0.00,4.20,0,-2,,,,
best hair hospital near me,0,2,0.00,8.00,,,,,0,6,0.00,6.50,0,-4,,,,
boxer scars,0,2,0.00,8.00,,,,,,,,,,,,,,
dermatologist skin specialist,0,2,0.00,8.00,,,,,,,,,,,,,,
for hair treatment which doctor to consult,0,2,0.00,8.00,,,,,,,,,,,,,,
hair fall clinic near me,0,2,0.00,8.00,,,,,0,5,0.00,7.40,0,-2,,,,
radiance spa,0,2,0.00,8.00,,,,,,,,,,,,,,
acne scars rolling,0,2,0.00,8.50,,,,,,,,,,,,,,
best skin doctor bbsr,0,2,0.00,8.50,,,,,,,,,,,,,,
prp gfc treatment,0,2,0.00,8.50,,,,,,,,,,,,,,
best doctor for hair treatment,0,2,0.00,9.00,,,,,,,,,,,,,,
best hair and scalp doctor near me,0,2,0.00,9.00,,,,,,,,,,,,,,
hair botox treatment near me,0,2,0.00,9.00,,,,,,,,,,,,,,
sebastian hair care products,0,2,0.00,9.00,,,,,,,,,,,,,,
hollywood peel near me,0,2,0.00,9.50,,,,,,,,,,,,,,
skin care doctor near me,0,2,0.00,9.50,,,,,,,,,,,,,,
best facial clinic near me,0,2,0.00,10.00,,,,,,,,,,,,,,
closed acne,0,2,0.00,10.00,,,,,,,,,,,,,,
esthetic clinic near me,0,2,0.00,10.00,,,,,,,,,,,,,,
how do closed comedones form,0,2,0.00,10.00,,,,,,,,,,,,,,
replant clinic bhubaneswar,0,2,0.00,10.00,,,,,,,,,,,,,,
whiteheads closed comedones,0,2,0.00,10.00,,,,,,,,,,,,,,
closed white comedones,0,2,0.00,10.50,,,,,,,,,,,,,,
dermatology doctor near me,0,2,0.00,10.50,,,,,,,,,,,,,,
good hair doctor near me,0,2,0.00,10.50,,,,,,,,,,,0,13,0.00,7.92
(closed comedones,0,2,0.00,11.00,,,,,,,,,,,,,,
close comedone,0,2,0.00,11.00,,,,,,,,,,,,,,
closed comodome,0,2,0.00,11.00,,,,,,,,,,,,,,
closed comodones,0,2,0.00,11.00,,,,,,,,,,,,,,
comedones whiteheads,0,2,0.00,11.00,,,,,,,,,,,,,,
skin laser treatment price near me,0,2,0.00,11.00,,,,,,,,,,,,,,
skin whitening laser treatment near me,0,2,0.00,11.00,,,,,,,,,,,,,,
what are closed comedones on face,0,2,0.00,11.00,,,,,,,,,,,,,,
closed comedones reason,0,2,0.00,11.50,,,,,,,,,,,,,,
radiance hair & skin clinic,0,2,0.00,11.50,,,,,0,12,0.00,18.33,0,-9,0,24,0.00,13.17
nanoplastia hair treatment near me,0,2,0.00,12.00,,,,,,,,,,,,,,
who is hair doctor,0,2,0.00,12.00,,,,,,,,,,,,,,
consultation process at a premium aesthetic clinic,0,2,0.00,13.00,,,,,,,,,,,,,,
dark neck laser treatment near me,0,2,0.00,13.00,,,,,,,,,,,,,,
aesthetic doctor near me,0,2,0.00,14.50,,,,,,,,,,,,,,
closed blackheads,0,2,0.00,17.00,,,,,,,,,,,,,,
surgical scars,0,2,0.00,17.00,,,,,,,,,,,,,,
pcos and laser hair removal,0,2,0.00,18.00,,,,,,,,,,,,,,
what are comedones?,0,2,0.00,22.50,,,,,,,,,,,,,,
rough skin texture,0,2,0.00,29.50,,,,,,,,,,,,,,
"clinics near barabunda, bhubaneswar with phone number",0,2,0.00,36.00,,,,,,,,,,,,,,
skin treatments near me,0,2,0.00,38.00,,,,,,,,,,,,,,
dehydrated skin symptoms,0,2,0.00,52.00,,,,,,,,,,,,,,
aesthetic dermatology clinic,0,2,0.00,54.00,,,,,,,,,,,,,,
best homeopathy doctor in bhubaneswar,0,2,0.00,58.00,,,,,,,,,,,,,,
neck lines since birth,0,2,0.00,59.00,,,,,,,,,,,,,,
old town salon,0,2,0.00,60.50,,,,,,,,,,,,,,
pigmentation and uneven skin tone,0,2,0.00,61.00,,,,,,,,,,,,,,
how to reverse the signs of aging,0,2,0.00,62.50,,,,,,,,,,,,,,
skin discoloration after acne,0,2,0.00,66.50,,,,,,,,,,,,,,
is white stretch marks permanent,0,2,0.00,68.50,,,,,,,,,,,,,,
post-acne pigmentation,0,2,0.00,69.00,,,,,,,,,,,,,,
black mark after pimple,0,2,0.00,70.50,,,,,,,,,,,,,,
persistent facial redness,0,2,0.00,70.50,,,,,,,,,,,,,,
pigmentation from acne,0,2,0.00,70.50,,,,,,,,,,,,,,
pigmentation vs hyperpigmentation,0,2,0.00,70.50,,,,,,,,,,,,,,
radiance aesthetics skin clinic,0,2,0.00,70.50,,,,,,,,,,,,,,
does acne cause hyperpigmentation,0,2,0.00,71.00,,,,,,,,,,,,,,
uneven skin pigmentation,0,2,0.00,71.50,,,,,,,,,,,,,,
dark spots caused by acne,0,2,0.00,73.50,,,,,,,,,,,,,,
dark spots on back from acne,0,2,0.00,74.00,,,,,,,,,,,,,,
pigmentation due to acne,0,2,0.00,74.00,,,,,,,,,,,,,,
hyperpigmentation vs melasma,0,2,0.00,75.50,,,,,,,,,,,,,,
even skin tone vs uneven skin tone,0,2,0.00,78.50,,,,,,,,,,,,,,
acne discoloration,0,2,0.00,80.50,,,,,,,,,,,,,,
dark spots on skin after acne,0,2,0.00,81.00,,,,,,,,,,,,,,
uneven skin complexion,0,2,0.00,81.00,,,,,,,,,,,,,,
hyperpigmentation and scarring,0,2,0.00,81.50,,,,,,,,,,,,,,
persistent redness on face,0,2,0.00,81.50,,,,,,,,,,,,,,
early receding hairline,0,2,0.00,82.00,,,,,,,,,,,,,,
female pattern first signs of hair thinning,0,2,0.00,86.00,,,,,,,,,,,,,,
uneven skin colour on face,0,2,0.00,86.50,,,,,,,,,,,,,,
why is my skin uneven,0,2,0.00,91.50,,,,,,,,,,,,,,
alopecia areata doctor near me,0,1,0.00,1.00,,,,,,,,,,,,,,
anti dandruff treatment,0,1,0.00,1.00,,,,,,,,,,,,,,
best hair fall dermatologist near me,0,1,0.00,1.00,,,,,,,,,,,,,,
best hair loss doctor near me,0,1,0.00,1.00,,,,,1,3,33.33,1.00,-1,-2,1,4,25.00,1.00
best hair loss treatment clinic near me,0,1,0.00,1.00,,,,,,,,,,,,,,
best hair related doctor near me,0,1,0.00,1.00,,,,,,,,,,,,,,
best hair transplant in bhubaneswar price,0,1,0.00,1.00,,,,,,,,,,,,,,
best homeopathy skin doctor in bhubaneswar,0,1,0.00,1.00,,,,,,,,,,,,,,
best laser treatment in india,0,1,0.00,1.00,,,,,,,,,,,,,,
best skin doctor homeopathy,0,1,0.00,1.00,,,,,,,,,,,,,,
bhadrak bhubaneswar clinics with phone number,0,1,0.00,1.00,,,,,,,,,,,,,,
chicken pox scar treatment near me,0,1,0.00,1.00,,,,,,,,,,,,,,
clinics in nayapalli bhubaneswar with phone number,0,1,0.00,1.00,,,,,,,,,,,,,,
"clinics near irc, bhubaneswar with phone number",0,1,0.00,1.00,,,,,,,,,,,,,,
"clinics near nayapali, bhubaneswar with phone number",0,1,0.00,1.00,,,,,,,,,,,,,,
closed comedones),0,1,0.00,1.00,,,,,,,,,,,,,,
dermatitis in face,0,1,0.00,1.00,,,,,,,,,,,,,,
dermatologist hair treatment,0,1,0.00,1.00,,,,,,,,,,,,,,
dermatologist near me for hair loss,0,1,0.00,1.00,,,,,,,,,,,,,,
dermatologists near me,0,1,0.00,1.00,,,,,,,,,,,,,,
doctor for hair treatment,0,1,0.00,1.00,,,,,,,,,,,,,,
does everyone have stretch marks on bum,0,1,0.00,1.00,,,,,,,,,,,,,,
dr hair transplant clinic,0,1,0.00,1.00,,,,,,,,,,,,,,
facial hair removal clinic near me,0,1,0.00,1.00,,,,,,,,,,,,,,
facial hair removal permanent solution,0,1,0.00,1.00,,,,,,,,,,,,,,
gfc injection for hair,0,1,0.00,1.00,,,,,,,,,,,,,,
glutathione treatment for skin whitening cost,0,1,0.00,1.00,,,,,,,,,,,,,,
gynecomastia surgery near me,0,1,0.00,1.00,,,,,,,,,,,,,,
hair fol,0,1,0.00,1.00,,,,,,,,,,,,,,
hair growth doctor recommended,0,1,0.00,1.00,,,,,,,,,,,,,,
hair loss treatment for women dermatologist,0,1,0.00,1.00,,,,,,,,,,,,,,
hair transplant clinics,0,1,0.00,1.00,,,,,,,,,,,,,,
hair transplant cost in ahmedabad india,0,1,0.00,1.00,,,,,,,,,,,,,,
hair transplant cost in india,0,1,0.00,1.00,,,,,,,,,,,,,,
hair transplant cost in mumbai for male,0,1,0.00,1.00,,,,,,,,,,,,,,
hair transplant kolkata cost,0,1,0.00,1.00,,,,,,,,,,,,,,
hair transplant singapore cost,0,1,0.00,1.00,,,,,,,,,,,,,,
hair treatment best doctor near me,0,1,0.00,1.00,,,,,,,,,,,,,,
how does an infection happen,0,1,0.00,1.00,,,,,,,,,,,,,,
how to describe eyebags,0,1,0.00,1.00,,,,,,,,,,,,,,
hydra facial benefits,0,1,0.00,1.00,,,,,,,,,,,,,,
kaya near me,0,1,0.00,1.00,,,,,,,,,,,,,,
keravive scalp treatment near me,0,1,0.00,1.00,,,,,,,,,,,,,,
laser appointment,0,1,0.00,1.00,,,,,,,,,,,,,,
leser hair removal,0,1,0.00,1.00,,,,,,,,,,,,,,
lice removal parlour near me,0,1,0.00,1.00,,,,,,,,,,,,,,
lip tint clinic near me,0,1,0.00,1.00,,,,,,,,,,,,,,
medical hair removal,0,1,0.00,1.00,,,,,,,,,,,,,,
mesotherapy,0,1,0.00,1.00,,,,,,,,,,,,,,
near by hair transplant clinic,0,1,0.00,1.00,,,,,,,,,,,,,,
near me hair clinic,0,1,0.00,1.00,,,,,,,,,,,,,,
open pores before and after treatment,0,1,0.00,1.00,,,,,,,,,,,,,,
permanently dilated pore treatment,0,1,0.00,1.00,,,,,,,,,,,,,,
radiance dermatologist,0,1,0.00,1.00,,,,,,,,,,,,,,
radiance skin clinic reviews,0,1,0.00,1.00,,,,,,,,,,,,,,
skin care services,0,1,0.00,1.00,,,,,,,,,,,,,,
skin services,0,1,0.00,1.00,,,,,,,,,,,,,,
specialist doctor for hair fall treatment,0,1,0.00,1.00,,,,,,,,,,,,,,
traya hair treatment near me,0,1,0.00,1.00,,,,,,,,,,,,,,
vitiligo micropigmentation near me,0,1,0.00,1.00,,,,,,,,,,,,,,
white hair treatment,0,1,0.00,1.00,,,,,,,,,,,,,,
why are pores so big on nose,0,1,0.00,1.00,,,,,,,,,,,,,,
acne,0,1,0.00,2.00,,,,,,,,,,,,,,
anti aging treatment,0,1,0.00,2.00,,,,,,,,,,,,,,
baldness treatment,0,1,0.00,2.00,,,,,,,,,,,,,,
best hair doctors near me,0,1,0.00,2.00,,,,,,,,,,,,,,
chocolate cyst treatment without surgery,0,1,0.00,2.00,,,,,,,,,,,,,,
cosmetologist near me,0,1,0.00,2.00,,,,,,,,,,,,,,
dental ayurvedic treatment,0,1,0.00,2.00,,,,,,,,,,,,,,
dr,0,1,0.00,2.00,,,,,,,,,,,,,,
full body laser hair removal cost near me,0,1,0.00,2.00,,,,,,,,,,,,,,
full leg laser hair removal,0,1,0.00,2.00,,,,,,,,,,,,,,
hair and skin doctor called,0,1,0.00,2.00,,,,,,,,,,,,,,
hair fall doctor called,0,1,0.00,2.00,,,,,,,,,,,,,,
hair transplant kozhikode,0,1,0.00,2.00,,,,,,,,,,,,,,
hair treatment doctor called,0,1,0.00,2.00,,,,,,,,,,,,,,
head lice treatment,0,1,0.00,2.00,,,,,,,,,,,,,,
hm kuhantu,0,1,0.00,2.00,,,,,,,,,,,,,,
how can i find clinics that offer good cosmetology treatments,0,1,0.00,2.00,,,,,,,,,,,,,,
in bhubaneswar?,0,1,0.00,2.00,,,,,,,,,,,,,,
in laser hair removal treatment,0,1,0.00,2.00,,,,,,,,,,,,,,
in odisha?,0,1,0.00,2.00,,,,,,,,,,,,,,
india's best hair treatment doctor,0,1,0.00,2.00,,,,,,,,,,,,,,
lice treatment doctor near me,0,1,0.00,2.00,,,,,,,,,,,,,,
lip pigmentation removal,0,1,0.00,2.00,,,,,,,,,,,,,,
location,0,1,0.00,2.00,,,,,,,,,,,,,,
microblading,0,1,0.00,2.00,,,,,,,,,,,,,,
micropigmentation for hair,0,1,0.00,2.00,,,,,,,,,,,,,,
neck darkness,0,1,0.00,2.00,,,,,,,,,,,,,,
new hair growth treatment,0,1,0.00,2.00,,,,,,,,,,,,,,
odisha me,0,1,0.00,2.00,,,,,,,,,,,,,,
odisha se hu,0,1,0.00,2.00,,,,,,,,,,,,,,
permanent hair removal,0,1,0.00,2.00,,,,,1,51,1.96,36.88,-1,-48,1,90,1.11,32.58
price,0,1,0.00,2.00,,,,,,,,,,,,,,
qht,0,1,0.00,2.00,,,,,,,,,,,,,,
radiance clinic photos,0,1,0.00,2.00,,,,,,,,,,,,,,
red cap therapy,0,1,0.00,2.00,,,,,,,,,,,,,,
the hair treatment,0,1,0.00,2.00,,,,,,,,,,,,,,
what will be the cost,0,1,0.00,2.00,,,,,,,,,,,,,,
white hair treatment doctor,0,1,0.00,2.00,,,,,,,,,,,,,,
best dermatologist for hair near me,0,1,0.00,3.00,,,,,,,,,,,,,,
best hair doctor in india,0,1,0.00,3.00,,,,,,,,,,,,,,
bhubaneswar re,0,1,0.00,3.00,,,,,,,,,,,,,,
bhubaneswara,0,1,0.00,3.00,,,,,,,,,,,,,,
botox treatment benefits,0,1,0.00,3.00,,,,,,,,,,,,,,
can i get pregnant with chocolate cyst,0,1,0.00,3.00,,,,,,,,,,,,,,
chocolate cyst,0,1,0.00,3.00,,,,,,,,,,,,,,
dekhaa,0,1,0.00,3.00,,,,,,,,,,,,,,
dermatologist for hair and skin,0,1,0.00,3.00,,,,,,,,,,,,,,
dr venus kondapur,0,1,0.00,3.00,,,,,,,,,,,,,,
eugenix hair transplant bhubaneswar,0,1,0.00,3.00,,,,,,,,,,,,,,
full body cost,0,1,0.00,3.00,,,,,,,,,,,,,,
fungal bacteria on skin,0,1,0.00,3.00,,,,,,,,,,,,,,
hair transplant amritsar,0,1,0.00,3.00,,,,,,,,,,,,,,
hair transplant cost in bhubaneswar price,0,1,0.00,3.00,,,,,,,,,,,,,,
heavy hair fall,0,1,0.00,3.00,,,,,,,,,,,,,,
laser tan removal treatment,0,1,0.00,3.00,,,,,,,,,,,,,,
lip pigmentation removal treatment cost,0,1,0.00,3.00,,,,,,,,,,,,,,
microneedling for eyebrows cost,0,1,0.00,3.00,,,,,,,,,,,,,,
no,0,1,0.00,3.00,,,,,,,,,,,,,,
permanent lice removal treatment,0,1,0.00,3.00,,,,,,,,,,,,,,
photo,0,1,0.00,3.00,,,,,,,,,,,,,,
qht hair transplant clinic hyderabad,0,1,0.00,3.00,,,,,,,,,,,,,,
raidance,0,1,0.00,3.00,,,,,,,,,,,,,,
reborn clinic kphb,0,1,0.00,3.00,,,,,,,,,,,,,,
rf facial,0,1,0.00,3.00,,,,,,,,,,,,,,
skin doctor mysore,0,1,0.00,3.00,,,,,,,,,,,,,,
the skin centre,0,1,0.00,3.00,,,,,,,,,,,,,,
then where,0,1,0.00,3.00,,,,,,,,,,,,,,
thinning hair on scalp,0,1,0.00,3.00,,,,,,,,,,,,,,
top 10 hair transplant in hyderabad,0,1,0.00,3.00,,,,,,,,,,,,,,
types of hair treatment,0,1,0.00,3.00,,,,,,,,,,,,,,
what does hair symbolize,0,1,0.00,3.00,,,,,,,,,,,,,,
which one is best?,0,1,0.00,3.00,,,,,,,,,,,,,,
"(""injectables"")",0,1,0.00,4.00,,,,,,,,,,,,,,
anti lice treatment in parlour,0,1,0.00,4.00,,,,,,,,,,,,,,
any,0,1,0.00,4.00,,,,,,,,,,,,,,
best clinic,0,1,0.00,4.00,,,,,,,,,,,,,,
best skin specialist near me,0,1,0.00,4.00,,,,,,,,,,,,,,
bhubaneswar best dermatologist doctor,0,1,0.00,4.00,,,,,,,,,,,,,,
black women with freckles,0,1,0.00,4.00,,,,,,,,,,,,,,
coolsculpting price,0,1,0.00,4.00,,,,,,,,,,,,,,
dark neck treatment dermatologist,0,1,0.00,4.00,,,,,,,,,,,,,,
derma to,0,1,0.00,4.00,,,,,,,,,,,,,,
dermatologist hair loss specialist near me,0,1,0.00,4.00,,,,,,,,,,,,,,
dermatologist near me open now,0,1,0.00,4.00,,,,,,,,,,,,,,
electrolysis near me hair removal,0,1,0.00,4.00,,,,,,,,,,,,,,
fair skin treatment,0,1,0.00,4.00,,,,,,,,,,,,,,
hair removal near me for men,0,1,0.00,4.00,,,,,,,,,,,,,,
hindi mai,0,1,0.00,4.00,,,,,,,,,,,,,,
how much it will cost,0,1,0.00,4.00,,,,,,,,,,,,,,
hydra facial price in parlour,0,1,0.00,4.00,,,,,,,,,,,,,,
in odis,0,1,0.00,4.00,,,,,,,,,,,,,,
left chest pain reason,0,1,0.00,4.00,,,,,,,,,,,,,,
mnrf treatment near me,0,1,0.00,4.00,,,,,,,,,,,,,,
new roots siliguri,0,1,0.00,4.00,,,,,,,,,,,,,,
nirav skin and hair clinic,0,1,0.00,4.00,,,,,,,,,,,,,,
plastic hair treatment,0,1,0.00,4.00,,,,,,,,,,,,,,
prp skin treatment,0,1,0.00,4.00,,,,,,,,,,,,,,
rupam clinic bbsr,0,1,0.00,4.00,,,,,,,,,,,,,,
there,0,1,0.00,4.00,,,,,,,,,,,,,,
aesthetic skin clinic near me,0,1,0.00,5.00,,,,,,,,,,,,,,
anti dandruff hair spa,0,1,0.00,5.00,,,,,,,,,,,,,,
best doctor in bhubaneswar,0,1,0.00,5.00,,,,,,,,,,,,,,
body laser,0,1,0.00,5.00,,,,,,,,,,,,,,
clear skin treatment,0,1,0.00,5.00,,,,,0,9,0.00,46.00,0,-8,,,,
clinic skin care,0,1,0.00,5.00,,,,,,,,,,,,,,
cool sculpting,0,1,0.00,5.00,,,,,,,,,,,,,,
cost involved,0,1,0.00,5.00,,,,,,,,,,,,,,
hair fall blood test package,0,1,0.00,5.00,,,,,,,,,,,,,,
hair removal lifetime,0,1,0.00,5.00,,,,,,,,,,,,,,
laser face hair removal,0,1,0.00,5.00,,,,,,,,,,,,,,
laser hair removal centres,0,1,0.00,5.00,,,,,,,,,,,,,,
nose surgery cost in bhubaneswar,0,1,0.00,5.00,,,,,,,,,,,,,,
odisha,0,1,0.00,5.00,,,,,0,4,0.00,3.25,0,-2,,,,
plasma treatment for hair,0,1,0.00,5.00,,,,,,,,,,,,,,
premature shedding,0,1,0.00,5.00,,,,,,,,,,,,,,
puri skin specialist,0,1,0.00,5.00,,,,,,,,,,,,,,
quality hair,0,1,0.00,5.00,,,,,,,,,,,,,,
radiance dental clinic,0,1,0.00,5.00,,,,,,,,,,,,,,
radiance dermacare,0,1,0.00,5.00,,,,,,,,,,,,,,
skin clinic near me open now,0,1,0.00,5.00,,,,,,,,,,,,,,
thermage treatment,0,1,0.00,5.00,,,,,,,,,,,,,,
this is how my face looks,0,1,0.00,5.00,,,,,,,,,,,,,,
widening part hair,0,1,0.00,5.00,,,,,,,,,,,,,,
best dr for hair fall,0,1,0.00,6.00,,,,,,,,,,,,,,
best hair removal clinic near me,0,1,0.00,6.00,,,,,,,,,,,,,,
best laser,0,1,0.00,6.00,,,,,,,,,,,,,,
bhubhaneswar,0,1,0.00,6.00,,,,,,,,,,,,,,
body lice treatment,0,1,0.00,6.00,,,,,,,,,,,,,,
co2 laser skin treatment near me,0,1,0.00,6.00,,,,,,,,,,,,,,
cosmetologist,0,1,0.00,6.00,,,,,,,,,,,,,,
dermatologist for facial hair,0,1,0.00,6.00,,,,,,,,,,,,,,
does prp help in hair growth,0,1,0.00,6.00,,,,,,,,,,,,,,
glutathione near me,0,1,0.00,6.00,,,,,,,,,,,,,,
hair clinic doctor,0,1,0.00,6.00,,,,,,,,,,,,,,
hair doctor clinic near me,0,1,0.00,6.00,,,,,,,,,,,1,8,12.50,6.62
hair fall on wash day,0,1,0.00,6.00,,,,,,,,,,,,,,
hair treatment hospital near me,0,1,0.00,6.00,,,,,0,4,0.00,8.75,0,-3,,,,
is glutathione good for health,0,1,0.00,6.00,,,,,,,,,,,,,,
is it normal to see scalp under bright light,0,1,0.00,6.00,,,,,,,,,,,,,,
laser hair removal clinic,0,1,0.00,6.00,,,,,,,,,,,,,,
laser removal of facial hair,0,1,0.00,6.00,,,,,,,,,,,,,,
laser resurfacing near me,0,1,0.00,6.00,,,,,,,,,,,,,,
lip chemical peel,0,1,0.00,6.00,,,,,,,,,,,,,,
lumecca treatment near me,0,1,0.00,6.00,,,,,,,,,,,,,,
radiance lounge photos,0,1,0.00,6.00,,,,,,,,,,,,,,
radiance parlour near me,0,1,0.00,6.00,,,,,,,,,,,,,,
rolling scar causes,0,1,0.00,6.00,,,,,,,,,,,,,,
shock loss,0,1,0.00,6.00,,,,,,,,,,,,,,
skin clinic for wart removal,0,1,0.00,6.00,,,,,,,,,,,,,,
skin roughness texture,0,1,0.00,6.00,,,,,,,,,,,,,,
best hair treatment name list,0,1,0.00,7.00,,,,,,,,,,,,,,
best place for prp hair treatment,0,1,0.00,7.00,,,,,,,,,,,,,,
central face,0,1,0.00,7.00,,,,,,,,,,,,,,
dr maitreyee panda appointment,0,1,0.00,7.00,,,,,,,,,,,,,,
enlarged pores vs acne scars,0,1,0.00,7.00,,,,,,,,,,,,,,
eyebrow microblading,0,1,0.00,7.00,,,,,,,,,,,,,,
eyebrows microblading,0,1,0.00,7.00,,,,,,,,,,,,,,
face hair removal with laser,0,1,0.00,7.00,,,,,,,,,,,,,,
glutathione,0,1,0.00,7.00,,,,,,,,,,,,,,
hair laser treatment near me,0,1,0.00,7.00,,,,,,,,,,,,,,
hair part widening,0,1,0.00,7.00,,,,,,,,,,,,,,
hair transplantation near me,0,1,0.00,7.00,,,,,,,,,,,,,,
hydra facial,0,1,0.00,7.00,,,,,0,4,0.00,4.75,0,-1,0,18,0.00,7.94
laser beard shaping,0,1,0.00,7.00,,,,,,,,,,,0,13,0.00,33.00
laser hair reduction on face,0,1,0.00,7.00,,,,,,,,,,,,,,
lice shampoo,0,1,0.00,7.00,,,,,,,,,,,,,,
near hair clinic,0,1,0.00,7.00,,,,,,,,,,,,,,
permanent mole creation near me,0,1,0.00,7.00,,,,,,,,,,,,,,
pigmentation on face treatment,0,1,0.00,7.00,,,,,,,,,,,,,,
prp and gfc treatment,0,1,0.00,7.00,,,,,,,,,,,,,,
receding hairline from one side,0,1,0.00,7.00,,,,,,,,,,,,,,
scalp widening,0,1,0.00,7.00,,,,,,,,,,,,,,
skin pigmentation treatment clinic,0,1,0.00,7.00,,,,,,,,,,,,,,
skin specialist in bhubaneswar near me,0,1,0.00,7.00,,,,,,,,,,,,,,
asymmetric hairline,0,1,0.00,8.00,,,,,,,,,,,,,,
beard transplant,0,1,0.00,8.00,,,,,,,,,,,,,,
best dermatologist for milia removal,0,1,0.00,8.00,,,,,,,,,,,,,,
best doctor for dandruff treatment near me,0,1,0.00,8.00,,,,,,,,,,,,,,
boxer scar,0,1,0.00,8.00,,,,,,,,,,,,,,
closed comedones white,0,1,0.00,8.00,,,,,,,,,,,,,,
cystic acne signs,0,1,0.00,8.00,,,,,,,,,,,,,,
deep acne lesion,0,1,0.00,8.00,,,,,,,,,,,,,,
deep cystic,0,1,0.00,8.00,,,,,,,,,,,,,,
deep cystic bump,0,1,0.00,8.00,,,,,,,,,,,,,,
dermatologist skin specialist near me,0,1,0.00,8.00,,,,,,,,,,,,,,
detan clinic near me,0,1,0.00,8.00,,,,,,,,,,,,,,
face tretment,0,1,0.00,8.00,,,,,,,,,,,,,,
hair laser,0,1,0.00,8.00,,,,,,,,,,,,,,
hair medical near me,0,1,0.00,8.00,,,,,0,4,0.00,6.50,0,-2,1,10,10.00,7.20
hair transplant with low density donor area,0,1,0.00,8.00,,,,,,,,,,,,,,
hydrafacial machine,0,1,0.00,8.00,,,,,,,,,,,,,,
lip fillers near me,0,1,0.00,8.00,,,,,,,,,,,,,,
milia removal near me,0,1,0.00,8.00,,,,,,,,,,,,,,
nad shot near me,0,1,0.00,8.00,,,,,,,,,,,,,,
rolling acne scars broad shallow undulating depressions definition,0,1,0.00,8.00,,,,,,,,,,,,,,
scar removal treatment cost in india,0,1,0.00,8.00,,,,,,,,,,,,,,
so what should i do,0,1,0.00,8.00,,,,,,,,,,,,,,
aesthetic treatment,0,1,0.00,9.00,,,,,,,,,,,,,,
anti aging treatment near me,0,1,0.00,9.00,,,,,,,,,,,,,,
best dermatologist in near me,0,1,0.00,9.00,,,,,,,,,,,,,,
best facial hair laser treatment near me,0,1,0.00,9.00,,,,,,,,,,,,,,
best hair expert,0,1,0.00,9.00,,,,,,,,,,,,,,
cap therapy near me,0,1,0.00,9.00,,,,,,,,,,,,,,
closed whitehead,0,1,0.00,9.00,,,,,,,,,,,,,,
dermatologist for hair loss treatment near me,0,1,0.00,9.00,,,,,,,,,,,,,,
dermatologist for scalp issues,0,1,0.00,9.00,,,,,,,,,,,,,,
dermatologist skin doctor,0,1,0.00,9.00,,,,,,,,,,,,,,
does pcos affect laser hair removal,0,1,0.00,9.00,,,,,,,,,,,,,,
facial hair laser treatment,0,1,0.00,9.00,,,,,,,,,,,,,,
fordyce spots treatment near me,0,1,0.00,9.00,,,,,,,,,,,,,,
hair problem doctor near me,0,1,0.00,9.00,,,,,,,,,,,,,,
hydra facial price,0,1,0.00,9.00,,,,,0,5,0.00,5.00,0,-4,0,12,0.00,31.25
laser hair growth treatment,0,1,0.00,9.00,,,,,,,,,,,,,,
lip coloring near me,0,1,0.00,9.00,,,,,,,,,,,,,,
lips laser treatment near me,0,1,0.00,9.00,,,,,,,,,,,,,,
one side of hairline receding,0,1,0.00,9.00,,,,,,,,,,,,,,
pores vs acne scars,0,1,0.00,9.00,,,,,,,,,,,,,,
radiance beauty parlour,0,1,0.00,9.00,,,,,0,6,0.00,7.00,0,-3,,,,
review clinic,0,1,0.00,9.00,,,,,,,,,,,,,,
skin and hair dermatologist near me,0,1,0.00,9.00,,,,,,,,,,,,,,
skin care treatment price,0,1,0.00,9.00,,,,,,,,,,,,,,
skin doctor bhubaneswar near me,0,1,0.00,9.00,,,,,,,,,,,,,,
skin doctor near me government hospital,0,1,0.00,9.00,,,,,,,,,,,,,,
skin laser treatment cost,0,1,0.00,9.00,,,,,,,,,,,,,,
skin roughness,0,1,0.00,9.00,,,,,,,,,,,,,,
skin whitening treatment near me,0,1,0.00,9.00,,,,,,,,,,,,,,
thread lift near me,0,1,0.00,9.00,,,,,,,,,,,,,,
treatment of lice in hair permanent solution,0,1,0.00,9.00,,,,,,,,,,,,,,
why my one side hairline is receding,0,1,0.00,9.00,,,,,,,,,,,,,,
30 سنة,0,1,0.00,10.00,,,,,,,,,,,,,,
best clinic for glutathione injection,0,1,0.00,10.00,,,,,,,,,,,,,,
best doctor for acne treatment near me,0,1,0.00,10.00,,,,,,,,,,,,,,
best salon for hair botox treatment,0,1,0.00,10.00,,,,,,,,,,,,,,
best skin dr in bhubaneswar,0,1,0.00,10.00,,,,,,,,,,,0,13,0.00,8.85
closed acne bumps,0,1,0.00,10.00,,,,,,,,,,,,,,
closed comedone whitehead,0,1,0.00,10.00,,,,,,,,,,,,,,
closed comedones meaning,0,1,0.00,10.00,,,,,,,,,,,,,,
closed comedones on skin,0,1,0.00,10.00,,,,,,,,,,,,,,
closed comedones pimples,0,1,0.00,10.00,,,,,,,,,,,,,,
closed comedones with whiteheads,0,1,0.00,10.00,,,,,,,,,,,,,,
comedones closed,0,1,0.00,10.00,,,,,,,,,,,,,,
dermatologist apollo,0,1,0.00,10.00,,,,,,,,,,,,,,
dermatologist for hair treatment near me,0,1,0.00,10.00,,,,,,,,,,,,,,
dr madhusmita pradhan skin specialist bhubaneswar,0,1,0.00,10.00,,,,,,,,,,,,,,
hair care treatment near me,0,1,0.00,10.00,,,,,,,,,,,,,,
hair growth specialist doctor,0,1,0.00,10.00,,,,,,,,,,,,,,
hair removal full body,0,1,0.00,10.00,,,,,,,,,,,,,,
ice picked scars,0,1,0.00,10.00,,,,,,,,,,,,,,
keloid treatment,0,1,0.00,10.00,,,,,,,,,,,,,,
laser removal,0,1,0.00,10.00,,,,,,,,,,,,,,
lasers treatment,0,1,0.00,10.00,,,,,,,,,,,,,,
lazer hair cut,0,1,0.00,10.00,,,,,,,,,,,,,,
loose scalp,0,1,0.00,10.00,,,,,,,,,,,,,,
mole removal clinic near me,0,1,0.00,10.00,,,,,,,,,,,,,,
nanoplastia hair treatment price in bhubaneswar,0,1,0.00,10.00,,,,,,,,,,,,,,
nearest laser treatment,0,1,0.00,10.00,,,,,,,,,,,,,,
older white stretch marks,0,1,0.00,10.00,,,,,,,,,,,,,,
pigmented lips treatment dermatologist,0,1,0.00,10.00,,,,,,,,,,,,,,
premium aesthetic clinic,0,1,0.00,10.00,,,,,,,,,,,,,,
prp treatment near me for hair,0,1,0.00,10.00,,,,,,,,,,,,,,
pubic hair,0,1,0.00,10.00,,,,,,,,,,,,,,
radiance saloon,0,1,0.00,10.00,,,,,,,,,,,,,,
radince,0,1,0.00,10.00,,,,,,,,,,,,,,
reasons for closed comedones,0,1,0.00,10.00,,,,,,,,,,,,,,
skin checkup near me,0,1,0.00,10.00,,,,,,,,,,,,,,
skin lightening treatment near me,0,1,0.00,10.00,,,,,,,,,,,,,,
skin specialist in bbsr,0,1,0.00,10.00,,,,,,,,,,,,,,
skin tag removal cost,0,1,0.00,10.00,,,,,,,,,,,,,,
which one should i go,0,1,0.00,10.00,,,,,,,,,,,,,,
why do closed comedones form,0,1,0.00,10.00,,,,,,,,,,,,,,
www.radiance,0,1,0.00,10.00,,,,,,,,,,,,,,
acne closed comedones,0,1,0.00,11.00,,,,,,,,,,,,,,
acne treatment clinic near me,0,1,0.00,11.00,,,,,,,,,,,,,,
advance skin clinic,0,1,0.00,11.00,,,,,,,,,,,,,,
aesthetic clinic,0,1,0.00,11.00,,,,,,,,,,,,,,
aesthetic dermatologist,0,1,0.00,11.00,,,,,,,,,,,,,,
alopecia doctor near me,0,1,0.00,11.00,,,,,0,4,0.00,8.00,0,-3,0,13,0.00,7.31
alopecia specialist doctor,0,1,0.00,11.00,,,,,,,,,,,1,3,33.33,10.33
asian clinic,0,1,0.00,11.00,,,,,,,,,,,,,,
best clinic for laser hair removal,0,1,0.00,11.00,,,,,,,,,,,,,,
best scalp specialist near me,0,1,0.00,11.00,,,,,,,,,,,,,,
close comdones,0,1,0.00,11.00,,,,,,,,,,,,,,
close comedons,0,1,0.00,11.00,,,,,,,,,,,,,,
closed comdones,0,1,0.00,11.00,,,,,,,,,,,,,,
closed comedoens,0,1,0.00,11.00,,,,,,,,,,,,,,
closed comedogenic,0,1,0.00,11.00,,,,,,,,,,,,,,
closed comedomes,0,1,0.00,11.00,,,,,,,,,,,,,,
closed comedon,0,1,0.00,11.00,,,,,,,,,,,,,,
closed comedones.,0,1,0.00,11.00,,,,,,,,,,,,,,
closed comedowns,0,1,0.00,11.00,,,,,,,,,,,,,,
closed.comedones,0,1,0.00,11.00,,,,,,,,,,,,,,
dark brown acne scars,0,1,0.00,11.00,,,,,,,,,,,,,,
deep cystic acne bump,0,1,0.00,11.00,,,,,,,,,,,,,,
deep scarring acne,0,1,0.00,11.00,,,,,,,,,,,,,,
hair docto,0,1,0.00,11.00,,,,,,,,,,,,,,
hair dr near me,0,1,0.00,11.00,,,,,,,,,,,,,,
hair expert doctor near me,0,1,0.00,11.00,,,,,,,,,,,,,,
hair loss treatment in bhubaneswar,0,1,0.00,11.00,,,,,0,12,0.00,3.58,0,-11,0,13,0.00,4.15
hair removal clinic near me,0,1,0.00,11.00,,,,,,,,,,,,,,
hair transplant helmet,0,1,0.00,11.00,,,,,,,,,,,,,,
hifu treatment for face,0,1,0.00,11.00,,,,,,,,,,,,,,
how does closed comedones occur,0,1,0.00,11.00,,,,,,,,,,,,,,
ice pick scars,0,1,0.00,11.00,,,,,,,,,,,,,,
ipl laser for rosacea near me,0,1,0.00,11.00,,,,,,,,,,,,,,
laser bikini hair removal,0,1,0.00,11.00,,,,,,,,,,,,,,
near by hair clinic,0,1,0.00,11.00,,,,,,,,,,,,,,
odisha jaipur,0,1,0.00,11.00,,,,,,,,,,,,,,
radiance laser skin clinic,0,1,0.00,11.00,,,,,,,,,,,,,,
radiance laser skin clinic reviews,0,1,0.00,11.00,,,,,,,,,,,,,,
radiant hair salon,0,1,0.00,11.00,,,,,,,,,,,,,,
scalp dr,0,1,0.00,11.00,,,,,,,,,,,,,,
skin aesthetics,0,1,0.00,11.00,,,,,,,,,,,,,,
soft laser hair removal,0,1,0.00,11.00,,,,,,,,,,,,,,
tattoo removal shop near me,,,,,,,,,3,6,50.00,3.33,-3,-4,3,12,25.00,5.00
hair transplant clinic bhubaneswar,,,,,,,,,,,,,,,2,19,10.53,2.84
lip lightening treatment near me,,,,,,,,,0,15,0.00,47.27,0,-12,1,27,3.70,38.96
hair,,,,,,,,,0,14,0.00,5.14,0,-13,1,24,4.17,5.46
permanent tattoo removal,,,,,,,,,0,5,0.00,12.40,0,-3,1,20,5.00,8.80
eyebrow tattoo near me,,,,,,,,,0,5,0.00,4.20,0,-3,1,18,5.56,5.22
full body laser hair removal cost in bhubaneswar,,,,,,,,,,,,,,,1,18,5.56,7.50
best hair transplant clinic in india,,,,,,,,,1,6,16.67,12.67,-1,-6,1,15,6.67,6.80
lip blush treatment near me,,,,,,,,,0,9,0.00,8.67,0,-8,1,15,6.67,10.80
traya clinic near me,,,,,,,,,,,,,,,1,13,7.69,3.00
hair wig for men near me,,,,,,,,,1,4,25.00,7.00,-1,-2,1,13,7.69,7.77
fat loss treatment near me,,,,,,,,,1,5,20.00,33.80,-1,-4,1,12,8.33,39.58
hair and skin doctor near me,,,,,,,,,1,3,33.33,5.00,-1,-1,1,11,9.09,5.82
traya office near me,,,,,,,,,,,,,,,1,10,10.00,2.90
facial hair removal laser treatment cost,,,,,,,,,0,7,0.00,3.14,0,-7,1,9,11.11,2.89
laser treatment for lip pigmentation cost,,,,,,,,,,,,,,,1,9,11.11,48.11
wig for women near me,,,,,,,,,1,2,50.00,5.50,-1,-2,1,8,12.50,4.88
hair fall control,,,,,,,,,,,,,,,1,8,12.50,7.25
ear hole stitching near me,,,,,,,,,,,,,,,1,7,14.29,7.14
laser lip lightening treatment cost,,,,,,,,,,,,,,,1,7,14.29,25.14
hydrafacial bhubaneswar price,,,,,,,,,,,,,,,1,6,16.67,11.50
best hair fall treatment,,,,,,,,,,,,,,,1,5,20.00,1.80
for hair,,,,,,,,,1,4,25.00,2.00,-1,-4,1,5,20.00,2.00
laser skin treatment near me,,,,,,,,,1,5,20.00,7.00,-1,-5,1,5,20.00,7.00
permanent lip colour treatment price,,,,,,,,,1,2,50.00,8.00,-1,1,1,5,20.00,8.40
obesity clinic,,,,,,,,,1,1,100.00,9.00,-1,0,1,4,25.00,7.75
chemical peel cost dermatologist,,,,,,,,,,,,,,,1,4,25.00,9.00
reason for open pores on face,,,,,,,,,,,,,,,1,4,25.00,62.00
best hair expert doctor near me,,,,,,,,,,,,,,,1,3,33.33,1.00
prp treatment for face benefits,,,,,,,,,,,,,,,1,3,33.33,2.33
best hair and skin doctor near me,,,,,,,,,,,,,,,1,2,50.00,2.50
piercing center,,,,,,,,,1,2,50.00,3.00,-1,-2,1,2,50.00,3.00
hair transplant near by,,,,,,,,,,,,,,,1,2,50.00,4.50
microblading eyebrow near me,,,,,,,,,,,,,,,1,2,50.00,5.50
eyebrows microblading price,,,,,,,,,1,2,50.00,7.00,-1,-2,1,2,50.00,7.00
radiance cosmetics,,,,,,,,,1,1,100.00,1.00,-1,0,1,2,50.00,14.00
hairline tattoo near me,,,,,,,,,,,,,,,1,2,50.00,16.00
scalp tattoo near me,,,,,,,,,,,,,,,1,2,50.00,23.50
dark lip neutralization near me,,,,,,,,,,,,,,,1,1,100.00,1.00
for full body whitening,,,,,,,,,,,,,,,1,1,100.00,1.00
glutathione therapy near me,,,,,,,,,,,,,,,1,1,100.00,1.00
hair and scalp clinic near me,,,,,,,,,,,,,,,1,1,100.00,1.00
hair free hair grow clinic,,,,,,,,,,,,,,,1,1,100.00,1.00
hair prp near me,,,,,,,,,,,,,,,1,1,100.00,1.00
hairtransplant clinic,,,,,,,,,,,,,,,1,1,100.00,1.00
laser hair removal treatments,,,,,,,,,1,1,100.00,1.00,-1,-1,1,1,100.00,1.00
lip laser cost,,,,,,,,,,,,,,,1,1,100.00,1.00
nose piercing clinic near me,,,,,,,,,1,1,100.00,1.00,-1,-1,1,1,100.00,1.00
radio frequency treatment near me,,,,,,,,,1,1,100.00,1.00,-1,-1,1,1,100.00,1.00
skin radiant,,,,,,,,,1,1,100.00,1.00,-1,-1,1,1,100.00,1.00
yes i want to know,,,,,,,,,,,,,,,1,1,100.00,1.00
adress,,,,,,,,,1,1,100.00,2.00,-1,-1,1,1,100.00,2.00
estimated price,,,,,,,,,,,,,,,1,1,100.00,2.00
face acne scars treatment,,,,,,,,,1,1,100.00,2.00,-1,-1,1,1,100.00,2.00
lip lightening surgery,,,,,,,,,1,1,100.00,2.00,-1,-1,1,1,100.00,2.00
permanent skin whitening treatment,,,,,,,,,1,1,100.00,2.00,-1,-1,1,1,100.00,2.00
private area,,,,,,,,,1,1,100.00,2.00,-1,-1,1,1,100.00,2.00
scalp micropigmentation (smp),,,,,,,,,,,,,,,1,1,100.00,2.00
traya centres near me,,,,,,,,,,,,,,,1,1,100.00,2.00
blood test for this,,,,,,,,,1,1,100.00,3.00,-1,-1,1,1,100.00,3.00
clitoris piercing near me,,,,,,,,,1,1,100.00,3.00,-1,-1,1,1,100.00,3.00
what are the best facial treatments for aging skin,,,,,,,,,,,,,,,1,1,100.00,3.00
men's body hair removal near me,,,,,,,,,,,,,,,1,1,100.00,4.00
which one is the best,,,,,,,,,1,1,100.00,4.00,-1,-1,1,1,100.00,4.00
best clinic for botox near me,,,,,,,,,1,1,100.00,5.00,-1,-1,1,1,100.00,5.00
eyebrow grooming near me,,,,,,,,,1,1,100.00,6.00,-1,-1,1,1,100.00,6.00
inkless stretch mark removal near me,,,,,,,,,,,,,,,1,1,100.00,8.00
ear piercing online booking,,,,,,,,,,,,,,,1,1,100.00,11.00
gfc treatment price in sri lanka,,,,,,,,,1,1,100.00,15.00,-1,-1,1,1,100.00,15.00
skincare doctors,,,,,,,,,,,,,,,0,164,0.00,51.88
hair transplant surgeon in kolkata,,,,,,,,,,,,,,,0,102,0.00,48.27
what makes you feel most confident about your hair?,,,,,,,,,0,15,0.00,10.00,0,-15,0,101,0.00,9.65
tattoo removal,,,,,,,,,0,14,0.00,7.07,0,-14,0,55,0.00,16.15
skin radiance clinic photos,,,,,,,,,0,9,0.00,9.56,0,-8,0,52,0.00,9.85
lip laser treatment cost,,,,,,,,,0,12,0.00,26.50,0,-10,0,52,0.00,32.12
radiant skin treatment,,,,,,,,,0,6,0.00,48.17,0,-3,0,52,0.00,38.54
growth factor injections hair,,,,,,,,,0,22,0.00,55.32,0,-22,0,51,0.00,57.90
ear piercing near me,,,,,,,,,0,31,0.00,11.84,0,-28,0,48,0.00,11.88
moustache restoration treatment in kolkata,,,,,,,,,0,6,0.00,28.17,0,-4,0,47,0.00,27.81
ear piercing price in bhubaneswar,,,,,,,,,0,23,0.00,11.48,0,-20,0,46,0.00,11.72
hair transplant cuttack,,,,,,,,,0,14,0.00,4.36,0,-14,0,45,0.00,4.47
ear lobe repair in bhubaneswar,,,,,,,,,0,21,0.00,9.33,0,-18,0,45,0.00,9.00
radiance skin clinic bhubaneswar,,,,,,,,,0,16,0.00,1.00,0,-16,0,44,0.00,1.00
best hair doctor in kolkata,,,,,,,,,0,34,0.00,11.91,0,-32,0,44,0.00,12.50
mesotherapy hair treatment clinic in kolkata,,,,,,,,,,,,,,,0,44,0.00,36.48
best hair transplant clinics in bhubaneshwar,,,,,,,,,,,,,,,0,42,0.00,1.00
mesotherapy hair regrowth treatment in kolkata,,,,,,,,,,,,,,,0,42,0.00,38.10
how many prp treatments are needed,,,,,,,,,0,8,0.00,62.38,0,-6,0,41,0.00,56.34
hair transplant sambalpur,,,,,,,,,0,15,0.00,3.80,0,-14,0,40,0.00,4.08
high density hair transplant,,,,,,,,,0,15,0.00,40.20,0,-12,0,40,0.00,39.88
best hair doctor in rourkela,,,,,,,,,,,,,,,0,39,0.00,11.51
botox treatments,,,,,,,,,0,11,0.00,46.00,0,-10,0,39,0.00,43.33
clinics in bhubaneswer nayapalli,,,,,,,,,0,5,0.00,13.00,0,-5,0,37,0.00,4.78
what makes you feel most confident about your hair,,,,,,,,,0,9,0.00,9.44,0,-9,0,37,0.00,9.70
gfc full form,,,,,,,,,0,15,0.00,25.93,0,-13,0,37,0.00,30.30
professional acne treatment,,,,,,,,,0,10,0.00,81.20,0,-7,0,36,0.00,79.33
gfc for hair,,,,,,,,,0,7,0.00,29.00,0,-4,0,35,0.00,31.40
doctor for skin care,,,,,,,,,0,10,0.00,24.00,0,-7,0,34,0.00,23.12
eye cream vs laser pointer,,,,,,,,,,,,,,,0,32,0.00,4.38
lip pigmentation laser treatment price,,,,,,,,,0,9,0.00,18.67,0,-6,0,32,0.00,21.19
laser treatment for body hair,,,,,,,,,0,8,0.00,72.50,0,-5,0,32,0.00,77.81
aesthetic clinic near me,,,,,,,,,0,7,0.00,8.14,0,-5,0,31,0.00,11.19
beauty care in chandaka bhubaneshwar,,,,,,,,,0,4,0.00,11.00,0,-4,0,31,0.00,14.55
hair transplant density,,,,,,,,,0,27,0.00,31.89,0,-27,0,31,0.00,31.32
skin doctor skin care,,,,,,,,,0,8,0.00,19.75,0,-5,0,29,0.00,17.10
weight loss centres,,,,,,,,,0,20,0.00,38.35,0,-20,0,29,0.00,41.10
acne zap,,,,,,,,,0,14,0.00,11.21,0,-13,0,27,0.00,12.04
permanent hair reduction,,,,,,,,,0,21,0.00,34.14,0,-19,0,27,0.00,34.15
hair transplant clinic in newtown,,,,,,,,,0,5,0.00,35.00,0,-5,0,27,0.00,34.78
glutathione injection price in bhubaneswar,,,,,,,,,0,7,0.00,6.43,0,-5,0,26,0.00,6.27
gfc hair treatment benefits,,,,,,,,,0,6,0.00,33.33,0,-3,0,26,0.00,35.00
laser hair removal is it permanent,,,,,,,,,0,12,0.00,32.75,0,-12,0,26,0.00,36.77
clinics in bhubaneswer delta square,,,,,,,,,,,,,,,0,25,0.00,1.40
can laser remove facial hair permanently,,,,,,,,,0,23,0.00,44.26,0,-23,0,25,0.00,43.96
hair removal permanent,,,,,,,,,0,21,0.00,73.33,0,-19,0,25,0.00,70.28
growth factors treatment for hair loss,,,,,,,,,0,6,0.00,74.33,0,-5,0,25,0.00,73.12
eyebrow transplant in bhubaneswar,,,,,,,,,0,10,0.00,4.00,0,-8,0,23,0.00,3.43
gfc treatment procedure,,,,,,,,,0,6,0.00,5.50,0,-3,0,23,0.00,5.61
chemical peel treatment price,,,,,,,,,0,8,0.00,12.25,0,-7,0,23,0.00,11.04
tattoo removal studio,,,,,,,,,0,8,0.00,23.75,0,-7,0,23,0.00,28.52
genesis skin and hair clinic sambalpur,,,,,,,,,,,,,,,0,22,0.00,1.05
skin laser treatment in bhubaneswar,,,,,,,,,0,7,0.00,9.43,0,-7,0,22,0.00,6.64
wart removal near me,,,,,,,,,0,5,0.00,8.40,0,-3,0,22,0.00,8.14
growth factor concentrate therapy,,,,,,,,,0,7,0.00,18.43,0,-7,0,22,0.00,16.05
chemical peel treatment cost,,,,,,,,,0,7,0.00,25.14,0,-6,0,22,0.00,26.18
permanent laser hair removal,,,,,,,,,0,19,0.00,45.16,0,-17,0,22,0.00,41.82
inch loss treatment near me,,,,,,,,,0,10,0.00,42.30,0,-7,0,22,0.00,45.32
hair problem doctor,,,,,,,,,0,9,0.00,8.89,0,-9,0,21,0.00,10.29
hair loss confidence,,,,,,,,,0,7,0.00,28.00,0,-5,0,21,0.00,29.29
hair loss treatment in kolkata,,,,,,,,,,,,,,,0,21,0.00,45.24
skin laser treatment cost in bhubaneswar,,,,,,,,,,,,,,,0,20,0.00,6.85
बालो का डॉक्टर नियर में,,,,,,,,,0,11,0.00,10.00,0,-9,0,20,0.00,9.20
gfc for hair regrowth,,,,,,,,,0,5,0.00,19.20,0,-3,0,20,0.00,17.70
permanent make up clinic,,,,,,,,,0,6,0.00,24.33,0,-3,0,20,0.00,26.40
hair patch treatment,,,,,,,,,0,6,0.00,33.17,0,-5,0,20,0.00,30.50
dense hair transplant,,,,,,,,,0,8,0.00,47.38,0,-5,0,20,0.00,41.85
aqua skin point,,,,,,,,,,,,,,,0,19,0.00,2.84
hair doctor in sambalpur,,,,,,,,,0,6,0.00,10.67,0,-4,0,19,0.00,10.00
radiance skin care clinic,,,,,,,,,,,,,,,0,19,0.00,25.21
how long do ombre powder brows last,,,,,,,,,0,7,0.00,33.29,0,-5,0,19,0.00,29.79
hair transplant doctor in kolkata,,,,,,,,,0,8,0.00,47.88,0,-6,0,19,0.00,47.21
how to stop hairfall in monsoon,,,,,,,,,0,7,0.00,58.43,0,-4,0,19,0.00,61.74
acne cheker,,,,,,,,,0,11,0.00,9.64,0,-11,0,18,0.00,10.39
acnezap,,,,,,,,,,,,,,,0,18,0.00,11.33
lip pigmentation laser treatment cost,,,,,,,,,0,5,0.00,39.60,0,-3,0,18,0.00,42.11
non surgical hair regrowth treatment in kolkata,,,,,,,,,0,9,0.00,52.00,0,-9,0,18,0.00,52.17
dr srichandan skin specialist bhubaneswar,,,,,,,,,0,15,0.00,2.87,0,-15,0,17,0.00,5.53
hair patch for men near me,,,,,,,,,,,,,,,0,17,0.00,6.00
aqua skin,,,,,,,,,,,,,,,0,17,0.00,6.59
tattoo remove price,,,,,,,,,0,7,0.00,8.86,0,-4,0,17,0.00,7.47
skin care bhubaneswar,,,,,,,,,0,10,0.00,7.30,0,-10,0,17,0.00,8.24
hair transplant clinic in bhubaneswar price list,,,,,,,,,,,,,,,0,17,0.00,8.29
mole removal near me,,,,,,,,,,,,,,,0,17,0.00,8.41
scalp doctor near me,,,,,,,,,0,8,0.00,8.88,0,-5,0,17,0.00,8.65
subsicion,,,,,,,,,0,4,0.00,8.75,0,-2,0,17,0.00,15.06
lip pigmentation treatment price,,,,,,,,,0,9,0.00,28.11,0,-7,0,17,0.00,27.94
cosmetic surgery face lift in bhubaneswar,,,,,,,,,0,6,0.00,27.83,0,-3,0,17,0.00,28.53
best hair transplant in vizag,,,,,,,,,,,,,,,0,17,0.00,29.47
beard restoration treatment in kolkata,,,,,,,,,,,,,,,0,17,0.00,32.18
how many prp injections are needed for hair,,,,,,,,,0,6,0.00,34.17,0,-3,0,17,0.00,41.65
hair plantation in kolkata,,,,,,,,,0,4,0.00,51.25,0,-3,0,17,0.00,49.59
bes belly fat removal surgery in bhubaneswar,,,,,,,,,0,7,0.00,48.43,0,-5,0,17,0.00,52.24
how to control hair fall in monsoon,,,,,,,,,0,7,0.00,57.71,0,-5,0,17,0.00,61.59
laser treatment for face in bhubaneswar price,,,,,,,,,,,,,,,0,16,0.00,6.50
bio hair treatment,,,,,,,,,0,5,0.00,9.60,0,-2,0,16,0.00,7.94
botox hair treatment in bhubaneswar,,,,,,,,,,,,,,,0,16,0.00,9.44
hair fix near me,,,,,,,,,0,6,0.00,9.67,0,-3,0,16,0.00,9.44
piercings near me,,,,,,,,,0,6,0.00,11.00,0,-3,0,16,0.00,10.56
prp how many sessions,,,,,,,,,,,,,,,0,16,0.00,15.38
hair transplant cost in vizag,,,,,,,,,0,4,0.00,32.25,0,-1,0,16,0.00,33.38
does laser hair removal permanently remove hair,,,,,,,,,0,12,0.00,32.33,0,-12,0,16,0.00,35.44
roots skin clinic,,,,,,,,,0,6,0.00,32.00,0,-3,0,16,0.00,35.50
hair transplant centre in kolkata,,,,,,,,,0,5,0.00,39.60,0,-3,0,16,0.00,43.81
hair transplantation in visakhapatnam,,,,,,,,,0,7,0.00,43.43,0,-7,0,16,0.00,44.69
how long does powder brows last,,,,,,,,,0,5,0.00,55.80,0,-3,0,16,0.00,46.44
how many prp after hair transplant,,,,,,,,,0,8,0.00,50.62,0,-6,0,16,0.00,51.94
alopecia scarring,,,,,,,,,0,9,0.00,84.22,0,-6,0,16,0.00,84.75
gfc hair loss,,,,,,,,,0,6,0.00,1.00,0,-6,0,15,0.00,1.00
tattoo removal clinic near me,,,,,,,,,0,5,0.00,7.40,0,-4,0,15,0.00,10.20
acnechecker,,,,,,,,,0,12,0.00,10.42,0,-11,0,15,0.00,10.47
hair specialist doctor in rourkela,,,,,,,,,,,,,,,0,15,0.00,12.20
acne treatment in bhubaneswar,,,,,,,,,,,,,,,0,15,0.00,16.73
scalp micropigmentation in pcmc,,,,,,,,,0,4,0.00,17.75,0,-1,0,15,0.00,17.60
fat loss near me,,,,,,,,,0,5,0.00,37.40,0,-3,0,15,0.00,34.40
hair transplant in visakhapatnam,,,,,,,,,0,4,0.00,34.75,0,-1,0,15,0.00,36.27
ombre powder brows after 2 years,,,,,,,,,0,7,0.00,41.00,0,-4,0,15,0.00,38.80
can laser treatment remove hair permanently,,,,,,,,,0,10,0.00,37.50,0,-7,0,15,0.00,39.13
under eye rejuvenation,,,,,,,,,0,12,0.00,46.00,0,-11,0,15,0.00,45.73
lip laser treatment price,,,,,,,,,,,,,,,0,15,0.00,53.13
alopecia treatment,,,,,,,,,,,,,,,0,14,0.00,3.71
top 10 dermatologist in bhubaneswar,,,,,,,,,,,,,,,0,14,0.00,6.14
root restore,,,,,,,,,0,10,0.00,6.20,0,-8,0,14,0.00,6.43
ear hole repair near me,,,,,,,,,0,5,0.00,5.00,0,-4,0,14,0.00,6.79
hair transplant result kitne din me aata hai,,,,,,,,,0,7,0.00,8.43,0,-4,0,14,0.00,7.79
face clinic near me,,,,,,,,,,,,,,,0,14,0.00,9.64
"the face clinics – centre of excellence in skin, hair & laser, 13+ years
experience, odisha’s 1st dermafrac bhubaneswar",,,,,,,,,0,6,0.00,9.00,0,-6,0,14,0.00,9.79
prp session gap,,,,,,,,,0,13,0.00,7.62,0,-12,0,14,0.00,10.57
lip colour treatment,,,,,,,,,,,,,,,0,14,0.00,21.50
the radiance clinic,,,,,,,,,,,,,,,0,14,0.00,22.00
hair toppers shop near me,,,,,,,,,0,13,0.00,46.85,0,-12,0,14,0.00,50.36
how to stop hair fall in monsoon,,,,,,,,,0,6,0.00,66.17,0,-4,0,14,0.00,64.71
does gfc treatment work,,,,,,,,,0,13,0.00,1.00,0,-13,0,13,0.00,1.00
aqua skin point shower gel,,,,,,,,,,,,,,,0,13,0.00,3.54
radiant hair transplant,,,,,,,,,,,,,,,0,13,0.00,4.92
best hair transplant,,,,,,,,,0,8,0.00,5.25,0,-5,0,13,0.00,5.62
obesity clinic near me,,,,,,,,,,,,,,,0,13,0.00,8.31
laser wart removal near me,,,,,,,,,0,7,0.00,10.71,0,-6,0,13,0.00,8.46
face treatment near me,,,,,,,,,0,4,0.00,9.25,0,-2,0,13,0.00,8.77
best wig shop near me,,,,,,,,,0,8,0.00,8.50,0,-6,0,13,0.00,8.85
hair dr,,,,,,,,,0,5,0.00,10.00,0,-2,0,13,0.00,9.92
ear piercing,,,,,,,,,,,,,,,0,13,0.00,10.00
bhubaneswar skin specialist doctor,,,,,,,,,,,,,,,0,13,0.00,14.15
hair transplant results,,,,,,,,,,,,,,,0,13,0.00,14.46
bio hair transplant clinic,,,,,,,,,0,5,0.00,15.40,0,-3,0,13,0.00,16.00
skin care doc,,,,,,,,,0,5,0.00,15.20,0,-4,0,13,0.00,16.62
gfc for hair growth,,,,,,,,,0,6,0.00,10.17,0,-5,0,13,0.00,17.08
fue vs fut hair transplant,,,,,,,,,0,13,0.00,21.46,0,-13,0,13,0.00,21.46
gfc treatment cost,,,,,,,,,,,,,,,0,13,0.00,23.92
best hair transplant in raipur,,,,,,,,,,,,,,,0,13,0.00,30.15
hair patch in coimbatore,,,,,,,,,0,4,0.00,28.50,0,-2,0,13,0.00,30.54
dermatology clinic,,,,,,,,,0,6,0.00,33.33,0,-4,0,13,0.00,31.77
how many prp treatments are needed for hair,,,,,,,,,,,,,,,0,13,0.00,32.15
laser hair removal safe and permanent,,,,,,,,,0,5,0.00,36.20,0,-2,0,13,0.00,34.54
best hair plantation in kolkata,,,,,,,,,0,5,0.00,37.80,0,-3,0,13,0.00,43.08
prp treatment indore,,,,,,,,,0,6,0.00,75.67,0,-3,0,13,0.00,74.31
scarring alopecia causes,,,,,,,,,,,,,,,0,13,0.00,87.92
"""semi-autobiography"" ""that hair""",,,,,,,,,0,10,0.00,2.00,0,-10,0,12,0.00,2.00
skin aqua,,,,,,,,,,,,,,,0,12,0.00,3.75
lip depigmentation treatment,,,,,,,,,,,,,,,0,12,0.00,5.25
trichologist doctor near me,,,,,,,,,0,4,0.00,5.50,0,-3,0,12,0.00,5.25
wig near me,,,,,,,,,0,6,0.00,5.50,0,-6,0,12,0.00,5.58
best cosmetic surgeon in bhubaneswar,,,,,,,,,0,4,0.00,8.00,0,-2,0,12,0.00,6.25
best dermatologist in india,,,,,,,,,,,,,,,0,12,0.00,6.33
hair dermatologist,,,,,,,,,0,8,0.00,5.00,0,-6,0,12,0.00,6.50
hair wig service near me,,,,,,,,,0,8,0.00,6.75,0,-8,0,12,0.00,6.92
hair loss doctor near me,,,,,,,,,0,8,0.00,8.12,0,-6,0,12,0.00,7.83
what happens if you get a hair transplant too early,,,,,,,,,,,,,,,0,12,0.00,8.58
hair patch salon near me,,,,,,,,,0,4,0.00,10.50,0,-1,0,12,0.00,8.92
skin clinics near me,,,,,,,,,0,6,0.00,8.83,0,-3,0,12,0.00,8.92
wig centre near me,,,,,,,,,,,,,,,0,12,0.00,9.75
हेयर स्पेशलिस्ट डॉक्टर,,,,,,,,,,,,,,,0,12,0.00,9.92
dermatologist for hair,,,,,,,,,0,6,0.00,8.17,0,-6,0,12,0.00,10.00
growth factor concentrate,,,,,,,,,0,6,0.00,13.33,0,-4,0,12,0.00,16.58
radiance skin treatment,,,,,,,,,,,,,,,0,12,0.00,30.17
best hair transplant centre in kolkata,,,,,,,,,0,5,0.00,39.60,0,-3,0,12,0.00,42.33
female hair transplant in kolkata,,,,,,,,,0,4,0.00,46.00,0,-2,0,12,0.00,45.50
permanent removal of hair,,,,,,,,,0,10,0.00,46.80,0,-10,0,12,0.00,48.67
near me laser hair removal clinic,,,,,,,,,0,11,0.00,7.27,0,-11,,,,
hair gfc,,,,,,,,,0,10,0.00,6.80,0,-10,,,,
best hair fall treatment clinic near me,,,,,,,,,0,9,0.00,6.11,0,-9,,,,
permanent lip colour treatment near me,,,,,,,,,0,8,0.00,3.38,0,-8,,,,
the face clinic bhubaneswar,,,,,,,,,0,8,0.00,3.75,0,-8,,,,
laser lip lightening treatment,,,,,,,,,0,8,0.00,8.00,0,-8,,,,
micropigmentation hair near me,,,,,,,,,0,8,0.00,20.38,0,-7,,,,
medical weight loss program near me,,,,,,,,,0,8,0.00,39.88,0,-8,,,,
facial hair laser treatment cost,,,,,,,,,0,7,0.00,2.71,0,-7,,,,
best microblading eyebrows near me,,,,,,,,,0,7,0.00,4.14,0,-7,,,,
skin hair clinic near me,,,,,,,,,0,7,0.00,7.86,0,-6,,,,
wig store near me,,,,,,,,,0,7,0.00,8.57,0,-6,,,,
are pimple scars permanent,,,,,,,,,0,7,0.00,35.57,0,-7,,,,
medical weight loss near me,,,,,,,,,0,7,0.00,36.86,0,-7,,,,
laser depilation,,,,,,,,,0,7,0.00,54.00,0,-7,,,,
how long does a hair transplant take to heal,,,,,,,,,0,7,0.00,76.14,0,-7,,,,
wart removal specialist,,,,,,,,,0,7,0.00,79.43,0,-5,,,,
eye line elevation treatment,,,,,,,,,0,7,0.00,79.57,0,-4,,,,
hair treatment for growth,,,,,,,,,0,6,0.00,1.83,0,-6,,,,
do hair transplants work,,,,,,,,,0,6,0.00,2.17,0,-6,,,,
hair care specialist near me,,,,,,,,,0,6,0.00,4.83,0,-4,,,,
best skin doctor,,,,,,,,,0,6,0.00,5.67,0,-3,,,,
best dermatologist near me for hair,,,,,,,,,0,6,0.00,5.83,0,-4,,,,
dermatologist bhubaneswar near me,,,,,,,,,0,6,0.00,6.67,0,-4,,,,
best hair treatment near me,,,,,,,,,0,6,0.00,7.17,0,-5,,,,
derma facial near me,,,,,,,,,0,6,0.00,8.17,0,-6,,,,
skin brightening clinic near me,,,,,,,,,0,6,0.00,8.83,0,-6,,,,
g f c hair treatment,,,,,,,,,0,6,0.00,9.83,0,-6,,,,
hair loss doctor,,,,,,,,,0,6,0.00,10.00,0,-5,,,,
hair treatment cuttack,,,,,,,,,0,6,0.00,10.17,0,-6,,,,
hair growth factor concentrate,,,,,,,,,0,6,0.00,15.50,0,-4,,,,
hair fue vs fut,,,,,,,,,0,6,0.00,21.67,0,-6,,,,
does laser permanently remove hair,,,,,,,,,0,6,0.00,24.50,0,-6,,,,
does laser hair removal remove hair permanently,,,,,,,,,0,6,0.00,25.67,0,-6,,,,
fut and fue hair transplant,,,,,,,,,0,6,0.00,25.83,0,-6,,,,
does laser really remove hair permanently?,,,,,,,,,0,6,0.00,40.00,0,-6,,,,
removal hair permanent,,,,,,,,,0,6,0.00,49.83,0,-6,,,,
lip blush treatment,,,,,,,,,0,6,0.00,56.67,0,-6,,,,
laser hair removal treatment,,,,,,,,,0,6,0.00,67.83,0,-6,,,,
is gfc good for hair growth,,,,,,,,,0,5,0.00,1.00,0,-5,,,,
cosmetic skin and hair clinic photos,,,,,,,,,0,5,0.00,1.20,0,-5,,,,
skin radiance meaning,,,,,,,,,0,5,0.00,1.40,0,-5,,,,
radiance in skin,,,,,,,,,0,5,0.00,1.80,0,-3,,,,
jatamansi,,,,,,,,,0,5,0.00,2.00,0,-5,,,,
acne on check,,,,,,,,,0,5,0.00,2.20,0,-5,,,,
acne scars,,,,,,,,,0,5,0.00,2.60,0,-5,,,,
"radiance skin, hair, & laser clinic thillai nagar - hair loss, laser, acne
scar treatments by dr rakhavi reviews",,,,,,,,,0,5,0.00,2.80,0,-5,,,,
microneedling in bhubaneswar,,,,,,,,,0,5,0.00,3.80,0,-5,,,,
best trichologist near me,,,,,,,,,0,5,0.00,4.00,0,-3,,,,
hair transplant cost in cuttack odisha,,,,,,,,,0,5,0.00,4.00,0,-5,,,,
best hair specialist doctor near me,,,,,,,,,0,5,0.00,4.60,0,-4,,,,
hair consultant doctor near me,,,,,,,,,0,5,0.00,4.60,0,-3,,,,
acne checked,,,,,,,,,0,5,0.00,5.00,0,-5,,,,
best skin clinic,,,,,,,,,0,5,0.00,5.40,0,-4,,,,
ear repair near me,,,,,,,,,0,5,0.00,6.00,0,-4,,,,
hairfall specialist near me,,,,,,,,,0,5,0.00,6.40,0,-4,,,,
best skin specialist,,,,,,,,,0,5,0.00,7.00,0,-5,,,,
laser skin whitening treatment near me,,,,,,,,,0,5,0.00,7.20,0,-5,,,,
hair patching near me,,,,,,,,,0,5,0.00,8.20,0,-5,,,,
hair fall treatment clinic in bhubaneswar,,,,,,,,,0,5,0.00,8.80,0,-5,,,,
skin health clinic,,,,,,,,,0,5,0.00,8.80,0,-4,,,,
hair wigs near me,,,,,,,,,0,5,0.00,9.20,0,-2,,,,
enhance hairtech clinics | hair transplant clinic in bhubaneswar,,,,,,,,,0,5,0.00,9.40,0,-3,,,,
best microneedling treatment near me,,,,,,,,,0,5,0.00,10.20,0,-5,,,,
bio hair implants,,,,,,,,,0,5,0.00,10.80,0,-5,,,,
ance checker,,,,,,,,,0,5,0.00,11.00,0,-5,,,,
dandruff treatment near me,,,,,,,,,0,5,0.00,11.80,0,-4,,,,
radiant aesthetics clinic,,,,,,,,,0,5,0.00,11.80,0,-3,,,,
skin institute bhubaneswar,,,,,,,,,0,5,0.00,14.60,0,-4,,,,
full body wax vs laser,,,,,,,,,0,5,0.00,15.20,0,-4,,,,
hair transplant results month by month,,,,,,,,,0,5,0.00,18.00,0,-5,,,,
plastic surgery bhubaneswar,,,,,,,,,0,5,0.00,18.40,0,-4,,,,
laser hair transplant,,,,,,,,,0,5,0.00,22.20,0,-5,,,,
scalp micro pigmentation,,,,,,,,,0,5,0.00,24.80,0,-5,,,,
hair removal permanently,,,,,,,,,0,5,0.00,38.80,0,-5,,,,
weight loss program near me,,,,,,,,,0,5,0.00,42.60,0,-3,,,,
how long does it take for hair transplant to grow,,,,,,,,,0,5,0.00,47.00,0,-5,,,,
hair transplant kalyan,,,,,,,,,0,5,0.00,49.40,0,-4,,,,
open pores meaning,,,,,,,,,0,5,0.00,51.80,0,-5,,,,
hair topper shop near me,,,,,,,,,0,5,0.00,57.60,0,-5,,,,
puffy eyes treatment near me,,,,,,,,,0,5,0.00,60.00,0,-2,,,,
how to stop balding,,,,,,,,,0,4,0.00,1.00,0,-4,,,,
easy grow hair replacement centre sambalpur,,,,,,,,,0,4,0.00,1.25,0,-4,,,,
face prp treatment,,,,,,,,,0,4,0.00,1.75,0,-4,,,,
radiance hospital,,,,,,,,,0,4,0.00,1.75,0,-2,,,,
acanthosis,,,,,,,,,0,4,0.00,2.00,0,-4,,,,
dr m srichandan skin specialist bhubaneswar,,,,,,,,,0,4,0.00,2.00,0,-2,,,,
prp treatment for hair cost in india,,,,,,,,,0,4,0.00,2.00,0,-4,,,,
permanent scarring.,,,,,,,,,0,4,0.00,2.50,0,-3,,,,
traya hair clinic near me,,,,,,,,,0,4,0.00,2.50,0,-4,,,,
hair mask for hair fall,,,,,,,,,0,4,0.00,3.00,0,-4,,,,
men laser hair removal,,,,,,,,,0,4,0.00,4.00,0,-4,,,,
wigs near me,,,,,,,,,0,4,0.00,4.25,0,-3,,,,
ear piercing at home service,,,,,,,,,0,4,0.00,4.75,0,-4,,,,
best doctor for hair,,,,,,,,,0,4,0.00,5.00,0,-4,,,,
hair loss,,,,,,,,,0,4,0.00,5.00,0,-4,,,,
laser lip lightening treatment near me,,,,,,,,,0,4,0.00,5.00,0,-4,,,,
best hair fall doctor near me,,,,,,,,,0,4,0.00,5.25,0,-4,,,,
cellulite injections near me,,,,,,,,,0,4,0.00,5.25,0,-4,,,,
hair patch near me for men,,,,,,,,,0,4,0.00,5.25,0,-3,,,,
laser or waxing which is better,,,,,,,,,0,4,0.00,5.75,0,-3,,,,
laser hair removal full body,,,,,,,,,0,4,0.00,6.75,0,-4,,,,
hair radiance,,,,,,,,,0,4,0.00,7.00,0,-4,,,,
piercing in body,,,,,,,,,0,4,0.00,7.00,0,-4,,,,
laser hair near me,,,,,,,,,0,4,0.00,7.25,0,-2,,,,
under eye hair,,,,,,,,,0,4,0.00,7.50,0,-3,,,,
hair treatment dr near me,,,,,,,,,0,4,0.00,7.75,0,-4,,,,
pigmentation clinic near me,,,,,,,,,0,4,0.00,8.25,0,-3,,,,
piercing studio,,,,,,,,,0,4,0.00,8.50,0,-2,,,,
wig for men near me,,,,,,,,,0,4,0.00,8.75,0,-2,,,,
acne checket,,,,,,,,,0,4,0.00,9.00,0,-4,,,,
piercing near me open now,,,,,,,,,0,4,0.00,9.00,0,-3,,,,
skin institute nayapalli,,,,,,,,,0,4,0.00,9.00,0,-4,,,,
skincare clinic near me,,,,,,,,,0,4,0.00,9.00,0,-4,,,,
best piercing studio near me,,,,,,,,,0,4,0.00,9.25,0,-4,,,,
lips laser treatment cost,,,,,,,,,0,4,0.00,9.25,0,-4,,,,
odisha best skin doctor,,,,,,,,,0,4,0.00,9.50,0,-3,,,,
tan removal treatment,,,,,,,,,0,4,0.00,9.50,0,-4,,,,
tattoo remove,,,,,,,,,0,4,0.00,9.75,0,-3,,,,
how long ombre brows last,,,,,,,,,0,4,0.00,10.00,0,-2,,,,
weight loss centre near me,,,,,,,,,0,4,0.00,10.00,0,-4,,,,
acne cgecker,,,,,,,,,0,4,0.00,10.25,0,-4,,,,
best skin clinic near me,,,,,,,,,0,4,0.00,10.50,0,-3,,,,
obesity doctor near me,,,,,,,,,0,4,0.00,10.50,0,-2,,,,
wig clinic,,,,,,,,,0,4,0.00,10.50,0,-4,,,,
helix piercing near me,,,,,,,,,0,4,0.00,11.25,0,-3,,,,
hair kg in odisha,,,,,,,,,0,4,0.00,12.50,0,-4,,,,
hair expert kolkata,,,,,,,,,0,4,0.00,13.00,0,-4,,,,
bhubaneswar clinic,,,,,,,,,0,4,0.00,14.25,0,-2,,,,
radiance beauty salon,,,,,,,,,0,4,0.00,16.25,0,-3,,,,
zap acne treatment,,,,,,,,,0,4,0.00,24.25,0,-4,,,,
hair transplant fue vs fut,,,,,,,,,0,4,0.00,27.50,0,-3,,,,
laser aft,,,,,,,,,0,4,0.00,29.50,0,-3,,,,
can laser permanently remove hair,,,,,,,,,0,4,0.00,31.25,0,-2,,,,
skin radiance clinic logo,,,,,,,,,0,4,0.00,34.50,0,-4,,,,
how long does ombre powder brows last,,,,,,,,,0,4,0.00,35.75,0,-2,,,,
lip lightening treatment cost,,,,,,,,,0,4,0.00,35.75,0,-3,,,,
hair transplant raipur,,,,,,,,,0,4,0.00,36.25,0,-2,,,,
growth factors for hair,,,,,,,,,0,4,0.00,38.50,0,-3,,,,
lip color treatment near me,,,,,,,,,0,4,0.00,39.50,0,-1,,,,
do laser removes hair permanently,,,,,,,,,0,4,0.00,40.00,0,-4,,,,
hair transplant in trichy,,,,,,,,,0,4,0.00,41.50,0,-3,,,,
how long does powder brow last,,,,,,,,,0,4,0.00,42.00,0,-2,,,,
top hair transplant clinic in kolkata,,,,,,,,,0,4,0.00,43.75,0,-2,,,,
laser hair treatment,,,,,,,,,0,4,0.00,44.00,0,-4,,,,
fue vs fut in coimbatore,,,,,,,,,0,4,0.00,46.50,0,-2,,,,
mesotherapy hair fall treatment,,,,,,,,,0,4,0.00,47.00,0,-1,,,,
cellulite reduction treatment near me,,,,,,,,,0,4,0.00,48.75,0,-3,,,,
fue hair transplant cost,,,,,,,,,0,4,0.00,49.75,0,-4,,,,
gfc stands for,,,,,,,,,0,4,0.00,52.75,0,-3,,,,
gfc treatment for face in indore,,,,,,,,,0,4,0.00,56.00,0,-4,,,,
lines on neck meaning,,,,,,,,,0,4,0.00,57.50,0,-1,,,,
body hair transplant to head,,,,,,,,,0,4,0.00,57.75,0,-3,,,,
gfc hair treatment in indore,,,,,,,,,0,4,0.00,57.75,0,-3,,,,
professional acne,,,,,,,,,0,4,0.00,59.75,0,-4,,,,
diode laser hair removal,,,,,,,,,0,4,0.00,63.75,0,-3,,,,
gfc treatment in coimbatore,,,,,,,,,0,4,0.00,66.00,0,-3,,,,
unwanted hair removal permanent,,,,,,,,,0,4,0.00,66.00,0,-4,,,,
gfc hair treatment in coimbatore,,,,,,,,,0,4,0.00,67.00,0,-2,,,,
prp treatment in indore,,,,,,,,,0,4,0.00,70.25,0,-2,,,,
laser anti ageing treatment,,,,,,,,,0,4,0.00,70.75,0,-4,,,,
neck lines cause,,,,,,,,,0,4,0.00,74.25,0,-3,,,,
hair rejuvenation therapy,,,,,,,,,0,4,0.00,75.25,0,-4,,,,
top acne scar treatment,,,,,,,,,0,4,0.00,79.00,0,-3,,,,
what causes neck wrinkles,,,,,,,,,0,4,0.00,83.50,0,-2,,,,
