query,old_page,current_page,old_clicks_28d,current_clicks_28d,old_impressions_28d,current_impressions_28d,old_position_28d,current_position_28d,ctr_change_percentage_points,clicks_7d,impressions_7d,position_7d,probable_cause,target_page,required_action,priority,pre_migration_data,source_window,checked_at
radiance skin & hair clinics,,,95,55,1416,924,4.06,5.92,-0.76,11,205,5.95,CTR_PROBLEM,/,Preserve the homepage as the observed owner for this branded query and maintain clear links to the relevant hair treatment pathways.,P0,No direct migration-period export available in current authenticated GSC session,Authenticated Google Search Console Performance UI: last 7 days and last 28 complete days compared with previous 28 complete days. Exact migration-period API export is unavailable in the current property session.,2026-09-24
hair transplant in bhubaneswar,https://www.radianceclinics.com/,https://www.radianceclinics.com/,15,5,631,601,8.2,5.4,1.45,3,166,9.51,CTR_PROBLEM,/hair-transplant-bhubaneswar,Review the exact query-page snippet before changing a protected title or H1; preserve the established query owner unless evidence shows a mismatch.,P0,No direct migration-period export available in current authenticated GSC session,"Authenticated GSC exact-query Pages report, last 28 complete days compared with previous 28 complete days, transcribed 2026-09-24. The homepage remains the observed query owner; the dedicated page is a supporting commercial destination.",2026-09-24
hair transplant bhubaneswar,,,5,11,322,346,5.05,6.61,1.63,0,82,9.11,CTR_PROBLEM,/hair-transplant-bhubaneswar,Review the exact query-page snippet before changing a protected title or H1; preserve the established query owner unless evidence shows a mismatch.,P0,No direct migration-period export available in current authenticated GSC session,Authenticated Google Search Console Performance UI: last 7 days and last 28 complete days compared with previous 28 complete days. Exact migration-period API export is unavailable in the current property session.,2026-09-24
best hair doctor in bhubaneswar,,,5,1,318,317,5.75,5.97,-1.25,0,60,4.22,CTR_PROBLEM,/hair-loss-clinic-bhubaneswar,Review the exact query-page snippet before changing a protected title or H1; preserve the established query owner unless evidence shows a mismatch.,P0,No direct migration-period export available in current authenticated GSC session,Authenticated Google Search Console Performance UI: last 7 days and last 28 complete days compared with previous 28 complete days. Exact migration-period API export is unavailable in the current property session.,2026-09-24
radiance hair clinic,,,4,3,159,145,36.21,33.55,-0.45,1,29,41.83,NORMAL_VOLATILITY,/,Preserve the homepage as the observed owner for this branded query and maintain clear links to the relevant hair treatment pathways.,P0,No direct migration-period export available in current authenticated GSC session,Authenticated Google Search Console Performance UI: last 7 days and last 28 complete days compared with previous 28 complete days. Exact migration-period API export is unavailable in the current property session.,2026-09-24
hair transplant clinic in bhubaneswar,,,3,1,279,340,10.29,11.17,-0.79,0,84,15.67,MONITOR,/hair-transplant-bhubaneswar,"Strengthen the existing hair transplant owner with relevant internal links, results and decision content; do not create a keyword-variant URL.",P0,No direct migration-period export available in current authenticated GSC session,Authenticated Google Search Console Performance UI: last 7 days and last 28 complete days compared with previous 28 complete days. Exact migration-period API export is unavailable in the current property session.,2026-09-24
radiance skin and hair clinic,,,3,1,207,130,11.82,16.25,-0.68,0,25,21.4,TRAFFIC_DECLINE_REQUIRES_QUERY_PAGE_REVIEW,/,Preserve the homepage as the observed owner for this branded query and maintain clear links to the relevant hair treatment pathways.,P0,No direct migration-period export available in current authenticated GSC session,Authenticated Google Search Console Performance UI: last 7 days and last 28 complete days compared with previous 28 complete days. Exact migration-period API export is unavailable in the current property session.,2026-09-24
bhubaneswar hair transplant clinic,,,3,1,95,75,2.19,2.4,-1.83,0,24,3.38,TRAFFIC_DECLINE_REQUIRES_QUERY_PAGE_REVIEW,/hair-transplant-bhubaneswar,"Strengthen the existing hair transplant owner with relevant internal links, results and decision content; do not create a keyword-variant URL.",P0,No direct migration-period export available in current authenticated GSC session,Authenticated Google Search Console Performance UI: last 7 days and last 28 complete days compared with previous 28 complete days. Exact migration-period API export is unavailable in the current property session.,2026-09-24
radiance hair clinic bhubaneswar,,,3,0,41,14,1,1,-7.32,0,6,1,TRAFFIC_DECLINE_REQUIRES_QUERY_PAGE_REVIEW,/,Preserve the homepage as the observed owner for this branded query and maintain clear links to the relevant hair treatment pathways.,P0,No direct migration-period export available in current authenticated GSC session,Authenticated Google Search Console Performance UI: last 7 days and last 28 complete days compared with previous 28 complete days. Exact migration-period API export is unavailable in the current property session.,2026-09-24
best hair transplant clinic in bhubaneswar,,,2,5,340,281,8.96,9.4,1.19,1,40,10.15,WRONG_PAGE_RANKING,/hair-transplant-bhubaneswar,"Strengthen the existing hair transplant owner with relevant internal links, results and decision content; do not create a keyword-variant URL.",P0,No direct migration-period export available in current authenticated GSC session,Authenticated Google Search Console Performance UI: last 7 days and last 28 complete days compared with previous 28 complete days. Exact migration-period API export is unavailable in the current property session.,2026-09-24
radiance skin & hair clinic,,,2,1,82,53,28.99,35.74,-0.55,0,12,36.58,TRAFFIC_DECLINE_REQUIRES_QUERY_PAGE_REVIEW,/,Preserve the homepage as the observed owner for this branded query and maintain clear links to the relevant hair treatment pathways.,P0,No direct migration-period export available in current authenticated GSC session,Authenticated Google Search Console Performance UI: last 7 days and last 28 complete days compared with previous 28 complete days. Exact migration-period API export is unavailable in the current property session.,2026-09-24
best hair patch in bhubaneswar,,,2,1,62,40,4.02,6.88,-0.73,0,6,10.67,TRAFFIC_DECLINE_REQUIRES_QUERY_PAGE_REVIEW,/non-surgical-hair-replacement-bhubaneswar,"Strengthen the canonical hair patch and wig page, keep legacy redirects one hop, and inspect the canonical URL after deployment.",P0,No direct migration-period export available in current authenticated GSC session,Authenticated Google Search Console Performance UI: last 7 days and last 28 complete days compared with previous 28 complete days. Exact migration-period API export is unavailable in the current property session.,2026-09-24
hair patch in bhubaneswar,https://www.radianceclinics.com/hair-patch/,https://www.radianceclinics.com/non-surgical-hair-replacement-bhubaneswar,2,0,92,35,6.2,15.7,1.19,0,3,25.67,WRONG_PAGE_RANKING,/non-surgical-hair-replacement-bhubaneswar,"Strengthen the canonical hair patch and wig page, keep legacy redirects one hop, and inspect the canonical URL after deployment.",P0,No direct migration-period export available in current authenticated GSC session,"Authenticated GSC exact-query Pages report, last 28 complete days compared with previous 28 complete days, transcribed 2026-09-24. Canonical replacement appeared at position 10.2 for 13 impressions; legacy /hair-patch/ retained historical signals only.",2026-09-24
hair transplant in berhampur,,,2,0,66,22,4.45,5.73,-3.03,0,1,7,TRAFFIC_DECLINE_REQUIRES_QUERY_PAGE_REVIEW,/hair-transplant-bhubaneswar,"Strengthen the existing hair transplant owner with relevant internal links, results and decision content; do not create a keyword-variant URL.",P0,No direct migration-period export available in current authenticated GSC session,Authenticated Google Search Console Performance UI: last 7 days and last 28 complete days compared with previous 28 complete days. Exact migration-period API export is unavailable in the current property session.,2026-09-24
hair patch price in bhubaneswar,,,2,0,18,17,7,6.88,-11.11,,,,MIGRATION_REDIRECT_LOSS,/non-surgical-hair-replacement-bhubaneswar,"Strengthen the canonical hair patch and wig page, keep legacy redirects one hop, and inspect the canonical URL after deployment.",P0,No direct migration-period export available in current authenticated GSC session,Authenticated Google Search Console Performance UI: last 7 days and last 28 complete days compared with previous 28 complete days. Exact migration-period API export is unavailable in the current property session.,2026-09-24
best hair transplant in bhubaneswar,,,1,5,303,330,14.94,15.91,1.19,0,69,12,CTR_PROBLEM,/hair-transplant-bhubaneswar,Review the exact query-page snippet before changing a protected title or H1; preserve the established query owner unless evidence shows a mismatch.,P0,No direct migration-period export available in current authenticated GSC session,Authenticated Google Search Console Performance UI: last 7 days and last 28 complete days compared with previous 28 complete days. Exact migration-period API export is unavailable in the current property session.,2026-09-24
radiance skin & hair clinics reviews,,,1,1,244,256,9.08,7.37,-0.02,0,34,4.03,MONITOR,/,Preserve the homepage as the observed owner for this branded query and maintain clear links to the relevant hair treatment pathways.,P0,No direct migration-period export available in current authenticated GSC session,Authenticated Google Search Console Performance UI: last 7 days and last 28 complete days compared with previous 28 complete days. Exact migration-period API export is unavailable in the current property session.,2026-09-24
hair clinic in bhubaneswar,,,1,1,226,238,21.94,22.61,-0.02,0,53,19.98,MONITOR,/hair-loss-clinic-bhubaneswar,"Strengthen the existing hair-loss owner with concern, guide and doctor-answer links; use URL Inspection only for a confirmed indexation question.",P0,No direct migration-period export available in current authenticated GSC session,Authenticated Google Search Console Performance UI: last 7 days and last 28 complete days compared with previous 28 complete days. Exact migration-period API export is unavailable in the current property session.,2026-09-24
hair specialist in bhubaneswar,,,1,2,180,224,12.92,10.91,0.33,0,51,12.51,NORMAL_VOLATILITY,/hair-loss-clinic-bhubaneswar,"Strengthen the existing hair-loss owner with concern, guide and doctor-answer links; use URL Inspection only for a confirmed indexation question.",P0,No direct migration-period export available in current authenticated GSC session,Authenticated Google Search Console Performance UI: last 7 days and last 28 complete days compared with previous 28 complete days. Exact migration-period API export is unavailable in the current property session.,2026-09-24
hair specialist doctor in bhubaneswar,,,1,3,65,215,11.58,8.23,-0.14,0,57,11.58,CTR_PROBLEM,/hair-loss-clinic-bhubaneswar,Review the exact query-page snippet before changing a protected title or H1; preserve the established query owner unless evidence shows a mismatch.,P0,No direct migration-period export available in current authenticated GSC session,Authenticated Google Search Console Performance UI: last 7 days and last 28 complete days compared with previous 28 complete days. Exact migration-period API export is unavailable in the current property session.,2026-09-24
best hair clinic in bhubaneswar,,,1,2,153,166,11.12,13.57,0.55,0,35,14.26,MONITOR,/hair-loss-clinic-bhubaneswar,"Strengthen the existing hair-loss owner with concern, guide and doctor-answer links; use URL Inspection only for a confirmed indexation question.",P0,No direct migration-period export available in current authenticated GSC session,Authenticated Google Search Console Performance UI: last 7 days and last 28 complete days compared with previous 28 complete days. Exact migration-period API export is unavailable in the current property session.,2026-09-24
hair clinic bhubaneswar,,,1,3,159,141,3.29,2.96,1.5,1,32,2.69,WRONG_PAGE_RANKING,/hair-loss-clinic-bhubaneswar,"Strengthen the existing hair-loss owner with concern, guide and doctor-answer links; use URL Inspection only for a confirmed indexation question.",P0,No direct migration-period export available in current authenticated GSC session,Authenticated Google Search Console Performance UI: last 7 days and last 28 complete days compared with previous 28 complete days. Exact migration-period API export is unavailable in the current property session.,2026-09-24
hair doctor in bhubaneswar,,,1,0,139,135,11.16,8.44,-0.72,0,26,9,TRAFFIC_DECLINE_REQUIRES_QUERY_PAGE_REVIEW,/hair-loss-clinic-bhubaneswar,"Strengthen the existing hair-loss owner with concern, guide and doctor-answer links; use URL Inspection only for a confirmed indexation question.",P0,No direct migration-period export available in current authenticated GSC session,Authenticated Google Search Console Performance UI: last 7 days and last 28 complete days compared with previous 28 complete days. Exact migration-period API export is unavailable in the current property session.,2026-09-24
hair transplant clinic near me,,,1,0,62,79,3.56,3.96,-1.61,0,11,8.27,CTR_PROBLEM,/hair-transplant-bhubaneswar,Review the exact query-page snippet before changing a protected title or H1; preserve the established query owner unless evidence shows a mismatch.,P0,No direct migration-period export available in current authenticated GSC session,Authenticated Google Search Console Performance UI: last 7 days and last 28 complete days compared with previous 28 complete days. Exact migration-period API export is unavailable in the current property session.,2026-09-24
hair transplant cost in bhubaneswar,,,1,0,54,76,32.94,26.7,-1.85,0,24,26.29,MONITOR,/hair-transplant-bhubaneswar,"Strengthen the existing hair transplant owner with relevant internal links, results and decision content; do not create a keyword-variant URL.",P0,No direct migration-period export available in current authenticated GSC session,Authenticated Google Search Console Performance UI: last 7 days and last 28 complete days compared with previous 28 complete days. Exact migration-period API export is unavailable in the current property session.,2026-09-24
best hair transplant in odisha,,,1,0,52,55,2.38,2.84,-1.92,0,14,3.21,CTR_PROBLEM,/hair-transplant-bhubaneswar,Review the exact query-page snippet before changing a protected title or H1; preserve the established query owner unless evidence shows a mismatch.,P0,No direct migration-period export available in current authenticated GSC session,Authenticated Google Search Console Performance UI: last 7 days and last 28 complete days compared with previous 28 complete days. Exact migration-period API export is unavailable in the current property session.,2026-09-24
hair patch service near me,,,1,0,99,50,8.51,7.96,-1.01,,,,TRAFFIC_DECLINE_REQUIRES_QUERY_PAGE_REVIEW,/non-surgical-hair-replacement-bhubaneswar,"Strengthen the canonical hair patch and wig page, keep legacy redirects one hop, and inspect the canonical URL after deployment.",P0,No direct migration-period export available in current authenticated GSC session,Authenticated Google Search Console Performance UI: last 7 days and last 28 complete days compared with previous 28 complete days. Exact migration-period API export is unavailable in the current property session.,2026-09-24
hair specialist bhubaneswar,,,1,0,62,48,4.66,6.85,-1.61,0,11,18.91,TRAFFIC_DECLINE_REQUIRES_QUERY_PAGE_REVIEW,/hair-loss-clinic-bhubaneswar,"Strengthen the existing hair-loss owner with concern, guide and doctor-answer links; use URL Inspection only for a confirmed indexation question.",P0,No direct migration-period export available in current authenticated GSC session,Authenticated Google Search Console Performance UI: last 7 days and last 28 complete days compared with previous 28 complete days. Exact migration-period API export is unavailable in the current property session.,2026-09-24
hair patch service in bhubaneswar,,,1,1,24,31,3.33,2.39,-0.94,,,,MIGRATION_REDIRECT_LOSS,/non-surgical-hair-replacement-bhubaneswar,"Strengthen the canonical hair patch and wig page, keep legacy redirects one hop, and inspect the canonical URL after deployment.",P0,No direct migration-period export available in current authenticated GSC session,Authenticated Google Search Console Performance UI: last 7 days and last 28 complete days compared with previous 28 complete days. Exact migration-period API export is unavailable in the current property session.,2026-09-24
best hair doctor in balasore,,,1,0,49,27,6.61,7.04,-2.04,0,2,2,TRAFFIC_DECLINE_REQUIRES_QUERY_PAGE_REVIEW,/hair-loss-clinic-bhubaneswar,"Strengthen the existing hair-loss owner with concern, guide and doctor-answer links; use URL Inspection only for a confirmed indexation question.",P0,No direct migration-period export available in current authenticated GSC session,Authenticated Google Search Console Performance UI: last 7 days and last 28 complete days compared with previous 28 complete days. Exact migration-period API export is unavailable in the current property session.,2026-09-24
best hair doctor in odisha,,,1,0,20,23,5,6.57,-5,0,4,8.25,MONITOR,/hair-loss-clinic-bhubaneswar,"Strengthen the existing hair-loss owner with concern, guide and doctor-answer links; use URL Inspection only for a confirmed indexation question.",P0,No direct migration-period export available in current authenticated GSC session,Authenticated Google Search Console Performance UI: last 7 days and last 28 complete days compared with previous 28 complete days. Exact migration-period API export is unavailable in the current property session.,2026-09-24
hair patch bhubaneswar,,,1,0,40,19,5.7,9.05,-2.5,0,3,14.33,MIGRATION_REDIRECT_LOSS,/non-surgical-hair-replacement-bhubaneswar,"Strengthen the canonical hair patch and wig page, keep legacy redirects one hop, and inspect the canonical URL after deployment.",P0,No direct migration-period export available in current authenticated GSC session,Authenticated Google Search Console Performance UI: last 7 days and last 28 complete days compared with previous 28 complete days. Exact migration-period API export is unavailable in the current property session.,2026-09-24
radiant skin and hair clinic,,,1,0,7,5,3.29,17.6,-14.29,0,2,16,TRAFFIC_DECLINE_REQUIRES_QUERY_PAGE_REVIEW,/hair-loss-clinic-bhubaneswar,"Strengthen the existing hair-loss owner with concern, guide and doctor-answer links; use URL Inspection only for a confirmed indexation question.",P0,No direct migration-period export available in current authenticated GSC session,Authenticated Google Search Console Performance UI: last 7 days and last 28 complete days compared with previous 28 complete days. Exact migration-period API export is unavailable in the current property session.,2026-09-24
hair wig in bhubaneswar,https://www.radianceclinics.com/hair-wig/,https://www.radianceclinics.com/non-surgical-hair-replacement-bhubaneswar,1,0,18,4,6.8,12,0.43,,,,WRONG_PAGE_RANKING,/non-surgical-hair-replacement-bhubaneswar,"Strengthen the canonical hair patch and wig page, keep legacy redirects one hop, and inspect the canonical URL after deployment.",P0,No direct migration-period export available in current authenticated GSC session,"Authenticated GSC exact-query report, last 28 complete days compared with previous 28 complete days, transcribed 2026-09-24.",2026-09-24
sambalpur hair transplant clinic,,,1,0,29,3,6,5.33,-3.45,,,,TRAFFIC_DECLINE_REQUIRES_QUERY_PAGE_REVIEW,/hair-transplant-bhubaneswar,"Strengthen the existing hair transplant owner with relevant internal links, results and decision content; do not create a keyword-variant URL.",P0,No direct migration-period export available in current authenticated GSC session,Authenticated Google Search Console Performance UI: last 7 days and last 28 complete days compared with previous 28 complete days. Exact migration-period API export is unavailable in the current property session.,2026-09-24
best hair transplant clinic in india,,,1,,6,,12.67,,,,,,TRAFFIC_DECLINE_REQUIRES_QUERY_PAGE_REVIEW,/hair-transplant-bhubaneswar,"Strengthen the existing hair transplant owner with relevant internal links, results and decision content; do not create a keyword-variant URL.",P0,No direct migration-period export available in current authenticated GSC session,Authenticated Google Search Console Performance UI: last 7 days and last 28 complete days compared with previous 28 complete days. Exact migration-period API export is unavailable in the current property session.,2026-09-24
hair wig for men near me,,,1,,4,,7,,,,,,TRAFFIC_DECLINE_REQUIRES_QUERY_PAGE_REVIEW,/non-surgical-hair-replacement-bhubaneswar,"Strengthen the canonical hair patch and wig page, keep legacy redirects one hop, and inspect the canonical URL after deployment.",P0,No direct migration-period export available in current authenticated GSC session,Authenticated Google Search Console Performance UI: last 7 days and last 28 complete days compared with previous 28 complete days. Exact migration-period API export is unavailable in the current property session.,2026-09-24
hair doctor bhubaneswar,,,0,3,210,278,5.93,4.93,1.08,0,72,5.39,MONITOR,/hair-loss-clinic-bhubaneswar,"Strengthen the existing hair-loss owner with concern, guide and doctor-answer links; use URL Inspection only for a confirmed indexation question.",P0,No direct migration-period export available in current authenticated GSC session,Authenticated Google Search Console Performance UI: last 7 days and last 28 complete days compared with previous 28 complete days. Exact migration-period API export is unavailable in the current property session.,2026-09-24
best hair specialist in bhubaneswar,,,0,1,194,181,12.35,11.06,0.55,0,49,13,MONITOR,/hair-loss-clinic-bhubaneswar,"Strengthen the existing hair-loss owner with concern, guide and doctor-answer links; use URL Inspection only for a confirmed indexation question.",P0,No direct migration-period export available in current authenticated GSC session,Authenticated Google Search Console Performance UI: last 7 days and last 28 complete days compared with previous 28 complete days. Exact migration-period API export is unavailable in the current property session.,2026-09-24
radiance skin & hair clinics photos,,,0,1,141,167,2.1,2.72,0.6,0,38,3.32,MONITOR,/,Preserve the homepage as the observed owner for this branded query and maintain clear links to the relevant hair treatment pathways.,P0,No direct migration-period export available in current authenticated GSC session,Authenticated Google Search Console Performance UI: last 7 days and last 28 complete days compared with previous 28 complete days. Exact migration-period API export is unavailable in the current property session.,2026-09-24
hair doctor kolkata,,,0,0,143,132,8.29,5.92,0,,,,CTR_PROBLEM,/hair-loss-clinic-bhubaneswar,Review the exact query-page snippet before changing a protected title or H1; preserve the established query owner unless evidence shows a mismatch.,P0,No direct migration-period export available in current authenticated GSC session,Authenticated Google Search Console Performance UI: last 7 days and last 28 complete days compared with previous 28 complete days. Exact migration-period API export is unavailable in the current property session.,2026-09-24
radiance hair transplant,,,0,4,128,116,38.27,36.48,3.45,0,31,29.23,CTR_PROBLEM,/,Preserve the homepage as the observed owner for this branded query and maintain clear links to the relevant hair treatment pathways.,P0,No direct migration-period export available in current authenticated GSC session,Authenticated Google Search Console Performance UI: last 7 days and last 28 complete days compared with previous 28 complete days. Exact migration-period API export is unavailable in the current property session.,2026-09-24
hair specialist,,,0,0,225,116,68.57,61.91,0,0,3,9,MONITOR,/hair-loss-clinic-bhubaneswar,"Strengthen the existing hair-loss owner with concern, guide and doctor-answer links; use URL Inspection only for a confirmed indexation question.",P0,No direct migration-period export available in current authenticated GSC session,Authenticated Google Search Console Performance UI: last 7 days and last 28 complete days compared with previous 28 complete days. Exact migration-period API export is unavailable in the current property session.,2026-09-24
hair doctor near me,,,0,1,119,115,6.78,7.05,0.87,1,34,7.26,MONITOR,/hair-loss-clinic-bhubaneswar,"Strengthen the existing hair-loss owner with concern, guide and doctor-answer links; use URL Inspection only for a confirmed indexation question.",P0,No direct migration-period export available in current authenticated GSC session,Authenticated Google Search Console Performance UI: last 7 days and last 28 complete days compared with previous 28 complete days. Exact migration-period API export is unavailable in the current property session.,2026-09-24
bhubaneswar hair patch,,,0,0,23,16,5.48,7.06,0,0,2,9,MONITOR,/non-surgical-hair-replacement-bhubaneswar,"Strengthen the canonical hair patch and wig page, keep legacy redirects one hop, and inspect the canonical URL after deployment.",P0,No direct migration-period export available in current authenticated GSC session,Authenticated Google Search Console Performance UI: last 7 days and last 28 complete days compared with previous 28 complete days. Exact migration-period API export is unavailable in the current property session.,2026-09-24
hair wig shop in bhubaneswar,,,0,0,17,14,6.18,6.79,0,,,,MONITOR,/non-surgical-hair-replacement-bhubaneswar,"Strengthen the canonical hair patch and wig page, keep legacy redirects one hop, and inspect the canonical URL after deployment.",P0,No direct migration-period export available in current authenticated GSC session,Authenticated Google Search Console Performance UI: last 7 days and last 28 complete days compared with previous 28 complete days. Exact migration-period API export is unavailable in the current property session.,2026-09-24
hair wig shop near me,,,0,0,11,13,8.45,10.23,0,,,,MONITOR,/non-surgical-hair-replacement-bhubaneswar,"Strengthen the canonical hair patch and wig page, keep legacy redirects one hop, and inspect the canonical URL after deployment.",P0,No direct migration-period export available in current authenticated GSC session,Authenticated Google Search Console Performance UI: last 7 days and last 28 complete days compared with previous 28 complete days. Exact migration-period API export is unavailable in the current property session.,2026-09-24
hair patch near me,,,0,0,35,9,6.2,5.44,0,,,,MONITOR,/non-surgical-hair-replacement-bhubaneswar,"Strengthen the canonical hair patch and wig page, keep legacy redirects one hop, and inspect the canonical URL after deployment.",P0,No direct migration-period export available in current authenticated GSC session,Authenticated Google Search Console Performance UI: last 7 days and last 28 complete days compared with previous 28 complete days. Exact migration-period API export is unavailable in the current property session.,2026-09-24
hair wig for men in bhubaneswar,,,0,1,9,6,6.11,6,16.67,,,,MIGRATION_REDIRECT_LOSS,/non-surgical-hair-replacement-bhubaneswar,"Strengthen the canonical hair patch and wig page, keep legacy redirects one hop, and inspect the canonical URL after deployment.",P0,No direct migration-period export available in current authenticated GSC session,Authenticated Google Search Console Performance UI: last 7 days and last 28 complete days compared with previous 28 complete days. Exact migration-period API export is unavailable in the current property session.,2026-09-24
hair wig near me,,,0,0,3,6,5.33,7.5,0,,,,MONITOR,/non-surgical-hair-replacement-bhubaneswar,"Strengthen the canonical hair patch and wig page, keep legacy redirects one hop, and inspect the canonical URL after deployment.",P0,No direct migration-period export available in current authenticated GSC session,Authenticated Google Search Console Performance UI: last 7 days and last 28 complete days compared with previous 28 complete days. Exact migration-period API export is unavailable in the current property session.,2026-09-24
hair wig centre in bhubaneswar,,,0,0,16,5,7.88,7.8,0,,,,MONITOR,/non-surgical-hair-replacement-bhubaneswar,"Strengthen the canonical hair patch and wig page, keep legacy redirects one hop, and inspect the canonical URL after deployment.",P0,No direct migration-period export available in current authenticated GSC session,Authenticated Google Search Console Performance UI: last 7 days and last 28 complete days compared with previous 28 complete days. Exact migration-period API export is unavailable in the current property session.,2026-09-24
best hair patch service near me,,,0,0,3,4,8,7.75,0,,,,MONITOR,/non-surgical-hair-replacement-bhubaneswar,"Strengthen the canonical hair patch and wig page, keep legacy redirects one hop, and inspect the canonical URL after deployment.",P0,No direct migration-period export available in current authenticated GSC session,Authenticated Google Search Console Performance UI: last 7 days and last 28 complete days compared with previous 28 complete days. Exact migration-period API export is unavailable in the current property session.,2026-09-24
best hair wig in bhubaneswar,,,0,0,0,4,0,8,0,,,,NEW_QUERY_DISCOVERY,/non-surgical-hair-replacement-bhubaneswar,"Strengthen the canonical hair patch and wig page, keep legacy redirects one hop, and inspect the canonical URL after deployment.",P0,No direct migration-period export available in current authenticated GSC session,Authenticated Google Search Console Performance UI: last 7 days and last 28 complete days compared with previous 28 complete days. Exact migration-period API export is unavailable in the current property session.,2026-09-24
hair patch treatment,,,0,,6,,33.17,,,,,,MONITOR,/non-surgical-hair-replacement-bhubaneswar,"Strengthen the canonical hair patch and wig page, keep legacy redirects one hop, and inspect the canonical URL after deployment.",P0,No direct migration-period export available in current authenticated GSC session,Authenticated Google Search Console Performance UI: last 7 days and last 28 complete days compared with previous 28 complete days. Exact migration-period API export is unavailable in the current property session.,2026-09-24
hair patch for men near me,,,,,,,,,,,,,MONITOR,/non-surgical-hair-replacement-bhubaneswar,"Strengthen the canonical hair patch and wig page, keep legacy redirects one hop, and inspect the canonical URL after deployment.",P0,No direct migration-period export available in current authenticated GSC session,Authenticated Google Search Console Performance UI: last 7 days and last 28 complete days compared with previous 28 complete days. Exact migration-period API export is unavailable in the current property session.,2026-09-24
hair patch in coimbatore,,,0,,4,,28.5,,,,,,MONITOR,/non-surgical-hair-replacement-bhubaneswar,"Strengthen the canonical hair patch and wig page, keep legacy redirects one hop, and inspect the canonical URL after deployment.",P0,No direct migration-period export available in current authenticated GSC session,Authenticated Google Search Console Performance UI: last 7 days and last 28 complete days compared with previous 28 complete days. Exact migration-period API export is unavailable in the current property session.,2026-09-24
hair wig service near me,,,0,,8,,6.75,,,,,,MONITOR,/non-surgical-hair-replacement-bhubaneswar,"Strengthen the canonical hair patch and wig page, keep legacy redirects one hop, and inspect the canonical URL after deployment.",P0,No direct migration-period export available in current authenticated GSC session,Authenticated Google Search Console Performance UI: last 7 days and last 28 complete days compared with previous 28 complete days. Exact migration-period API export is unavailable in the current property session.,2026-09-24
hair patch salon near me,,,0,,4,,10.5,,,,,,MONITOR,/non-surgical-hair-replacement-bhubaneswar,"Strengthen the canonical hair patch and wig page, keep legacy redirects one hop, and inspect the canonical URL after deployment.",P0,No direct migration-period export available in current authenticated GSC session,Authenticated Google Search Console Performance UI: last 7 days and last 28 complete days compared with previous 28 complete days. Exact migration-period API export is unavailable in the current property session.,2026-09-24
hair patching near me,,,0,,5,,8.2,,,,,,MONITOR,/non-surgical-hair-replacement-bhubaneswar,"Strengthen the canonical hair patch and wig page, keep legacy redirects one hop, and inspect the canonical URL after deployment.",P0,No direct migration-period export available in current authenticated GSC session,Authenticated Google Search Console Performance UI: last 7 days and last 28 complete days compared with previous 28 complete days. Exact migration-period API export is unavailable in the current property session.,2026-09-24
hair wigs near me,,,0,,5,,9.2,,,,,,MONITOR,/non-surgical-hair-replacement-bhubaneswar,"Strengthen the canonical hair patch and wig page, keep legacy redirects one hop, and inspect the canonical URL after deployment.",P0,No direct migration-period export available in current authenticated GSC session,Authenticated Google Search Console Performance UI: last 7 days and last 28 complete days compared with previous 28 complete days. Exact migration-period API export is unavailable in the current property session.,2026-09-24
hair patch near me for men,,,0,,4,,5.25,,,,,,MONITOR,/non-surgical-hair-replacement-bhubaneswar,"Strengthen the canonical hair patch and wig page, keep legacy redirects one hop, and inspect the canonical URL after deployment.",P0,No direct migration-period export available in current authenticated GSC session,Authenticated Google Search Console Performance UI: last 7 days and last 28 complete days compared with previous 28 complete days. Exact migration-period API export is unavailable in the current property session.,2026-09-24
hair treatment in bhubaneswar,,,4,1,333,331,13.06,12.39,-0.9,0,109,10.61,TRAFFIC_DECLINE_REQUIRES_QUERY_PAGE_REVIEW,/hair-loss-clinic-bhubaneswar,"Strengthen the existing hair-loss owner with concern, guide and doctor-answer links; use URL Inspection only for a confirmed indexation question.",P1,No direct migration-period export available in current authenticated GSC session,Authenticated Google Search Console Performance UI: last 7 days and last 28 complete days compared with previous 28 complete days. Exact migration-period API export is unavailable in the current property session.,2026-09-24
laser hair removal in bhubaneswar,,,3,2,145,149,15.59,15.3,-0.73,0,37,11.32,NORMAL_VOLATILITY,/laser-hair-removal-bhubaneswar,"Strengthen the existing hair-loss owner with concern, guide and doctor-answer links; use URL Inspection only for a confirmed indexation question.",P1,No direct migration-period export available in current authenticated GSC session,Authenticated Google Search Console Performance UI: last 7 days and last 28 complete days compared with previous 28 complete days. Exact migration-period API export is unavailable in the current property session.,2026-09-24
laser hair removal bhubaneswar,,,2,3,166,188,7.34,8.84,0.4,2,54,11.83,MONITOR,/hair-loss-clinic-bhubaneswar,"Strengthen the existing hair-loss owner with concern, guide and doctor-answer links; use URL Inspection only for a confirmed indexation question.",P1,No direct migration-period export available in current authenticated GSC session,Authenticated Google Search Console Performance UI: last 7 days and last 28 complete days compared with previous 28 complete days. Exact migration-period API export is unavailable in the current property session.,2026-09-24
radiance skin & hair clinics bhubaneswar,,,2,2,36,21,1.06,1.19,3.96,0,4,1,CTR_PROBLEM,/,Preserve the homepage as the observed owner for this branded query and maintain clear links to the relevant hair treatment pathways.,P1,No direct migration-period export available in current authenticated GSC session,Authenticated Google Search Console Performance UI: last 7 days and last 28 complete days compared with previous 28 complete days. Exact migration-period API export is unavailable in the current property session.,2026-09-24
radiance skin and hair clinic bhubaneswar,,,1,11,18,70,1,1.23,10.15,1,6,1,CTR_PROBLEM,/,Preserve the homepage as the observed owner for this branded query and maintain clear links to the relevant hair treatment pathways.,P1,No direct migration-period export available in current authenticated GSC session,Authenticated Google Search Console Performance UI: last 7 days and last 28 complete days compared with previous 28 complete days. Exact migration-period API export is unavailable in the current property session.,2026-09-24
hair transplant in odisha,,,1,1,45,45,2.47,3.47,0,0,11,3.27,MONITOR,/hair-transplant-bhubaneswar,"Strengthen the existing hair transplant owner with relevant internal links, results and decision content; do not create a keyword-variant URL.",P1,No direct migration-period export available in current authenticated GSC session,Authenticated Google Search Console Performance UI: last 7 days and last 28 complete days compared with previous 28 complete days. Exact migration-period API export is unavailable in the current property session.,2026-09-24
best hair transplant clinic in odisha,,,1,1,27,29,3.41,3.83,-0.25,0,9,4.89,MONITOR,/hair-transplant-bhubaneswar,"Strengthen the existing hair transplant owner with relevant internal links, results and decision content; do not create a keyword-variant URL.",P1,No direct migration-period export available in current authenticated GSC session,Authenticated Google Search Console Performance UI: last 7 days and last 28 complete days compared with previous 28 complete days. Exact migration-period API export is unavailable in the current property session.,2026-09-24
hair transplant in cuttack,,,1,1,22,18,5.05,5.11,1.01,0,2,1,MONITOR,/hair-transplant-bhubaneswar,"Strengthen the existing hair transplant owner with relevant internal links, results and decision content; do not create a keyword-variant URL.",P1,No direct migration-period export available in current authenticated GSC session,Authenticated Google Search Console Performance UI: last 7 days and last 28 complete days compared with previous 28 complete days. Exact migration-period API export is unavailable in the current property session.,2026-09-24
laser hair removal,,,0,0,448,1424,11.23,3.33,0,0,64,1.34,CTR_PROBLEM,/hair-loss-clinic-bhubaneswar,Review the exact query-page snippet before changing a protected title or H1; preserve the established query owner unless evidence shows a mismatch.,P1,No direct migration-period export available in current authenticated GSC session,Authenticated Google Search Console Performance UI: last 7 days and last 28 complete days compared with previous 28 complete days. Exact migration-period API export is unavailable in the current property session.,2026-09-24
gfc treatment,,,0,0,519,1147,11.18,7.48,0,,,,CTR_PROBLEM,/treatments/hair-restoration/prp-gfc-scalp-therapy,Review the exact query-page snippet before changing a protected title or H1; preserve the established query owner unless evidence shows a mismatch.,P1,No direct migration-period export available in current authenticated GSC session,Authenticated Google Search Console Performance UI: last 7 days and last 28 complete days compared with previous 28 complete days. Exact migration-period API export is unavailable in the current property session.,2026-09-24
hair removal treatment,,,0,0,242,174,49.95,53.76,0,,,,POSITION_DECLINE_REQUIRES_QUERY_PAGE_REVIEW,/hair-loss-clinic-bhubaneswar,"Strengthen the existing hair-loss owner with concern, guide and doctor-answer links; use URL Inspection only for a confirmed indexation question.",P1,No direct migration-period export available in current authenticated GSC session,Authenticated Google Search Console Performance UI: last 7 days and last 28 complete days compared with previous 28 complete days. Exact migration-period API export is unavailable in the current property session.,2026-09-24
dandruff treatment,,,0,0,503,114,5.67,5.05,0,0,64,5.12,CTR_PROBLEM,/concerns/hair-loss-scalp/dandruff,Review the exact query-page snippet before changing a protected title or H1; preserve the established query owner unless evidence shows a mismatch.,P1,No direct migration-period export available in current authenticated GSC session,Authenticated Google Search Console Performance UI: last 7 days and last 28 complete days compared with previous 28 complete days. Exact migration-period API export is unavailable in the current property session.,2026-09-24
gfc procedure,,,0,0,274,111,5.5,6.49,0,,,,CTR_PROBLEM,/treatments/hair-restoration/prp-gfc-scalp-therapy,Review the exact query-page snippet before changing a protected title or H1; preserve the established query owner unless evidence shows a mismatch.,P1,No direct migration-period export available in current authenticated GSC session,Authenticated Google Search Console Performance UI: last 7 days and last 28 complete days compared with previous 28 complete days. Exact migration-period API export is unavailable in the current property session.,2026-09-24
ฉีด gfc ผม,,,0,0,285,108,44.44,47.27,0,,,,MONITOR,/treatments/hair-restoration/prp-gfc-scalp-therapy,Strengthen the existing PRP and GFC treatment page with related guides and doctor video context; do not create synonym pages.,P1,No direct migration-period export available in current authenticated GSC session,Authenticated Google Search Console Performance UI: last 7 days and last 28 complete days compared with previous 28 complete days. Exact migration-period API export is unavailable in the current property session.,2026-09-24
gfc กระตุ้นรากผม,,,0,0,71,108,51.32,53.9,0,,,,MONITOR,/treatments/hair-restoration/prp-gfc-scalp-therapy,Strengthen the existing PRP and GFC treatment page with related guides and doctor video context; do not create synonym pages.,P1,No direct migration-period export available in current authenticated GSC session,Authenticated Google Search Console Performance UI: last 7 days and last 28 complete days compared with previous 28 complete days. Exact migration-period API export is unavailable in the current property session.,2026-09-24
hair transplant in kolkata,,,0,0,200,95,39.13,41.07,0,,,,MONITOR,/hair-transplant-bhubaneswar,"Strengthen the existing hair transplant owner with relevant internal links, results and decision content; do not create a keyword-variant URL.",P1,No direct migration-period export available in current authenticated GSC session,Authenticated Google Search Console Performance UI: last 7 days and last 28 complete days compared with previous 28 complete days. Exact migration-period API export is unavailable in the current property session.,2026-09-24
hair transplant clinic in kolkata,,,0,0,167,92,43.05,38.42,0,,,,MONITOR,/hair-transplant-bhubaneswar,"Strengthen the existing hair transplant owner with relevant internal links, results and decision content; do not create a keyword-variant URL.",P1,No direct migration-period export available in current authenticated GSC session,Authenticated Google Search Console Performance UI: last 7 days and last 28 complete days compared with previous 28 complete days. Exact migration-period API export is unavailable in the current property session.,2026-09-24
top 10 hair transplant in bhubaneswar,,,0,0,95,83,8.31,7.71,0,0,15,7.73,CTR_PROBLEM,/hair-transplant-bhubaneswar,Review the exact query-page snippet before changing a protected title or H1; preserve the established query owner unless evidence shows a mismatch.,P1,No direct migration-period export available in current authenticated GSC session,Authenticated Google Search Console Performance UI: last 7 days and last 28 complete days compared with previous 28 complete days. Exact migration-period API export is unavailable in the current property session.,2026-09-24
best hair transplant near me,,,0,1,48,78,3.23,5.15,1.28,0,15,3.93,MONITOR,/hair-transplant-bhubaneswar,"Strengthen the existing hair transplant owner with relevant internal links, results and decision content; do not create a keyword-variant URL.",P1,No direct migration-period export available in current authenticated GSC session,Authenticated Google Search Console Performance UI: last 7 days and last 28 complete days compared with previous 28 complete days. Exact migration-period API export is unavailable in the current property session.,2026-09-24
best hair transplant in kolkata,,,0,0,58,69,20,19.51,0,,,,MONITOR,/hair-transplant-bhubaneswar,"Strengthen the existing hair transplant owner with relevant internal links, results and decision content; do not create a keyword-variant URL.",P1,No direct migration-period export available in current authenticated GSC session,Authenticated Google Search Console Performance UI: last 7 days and last 28 complete days compared with previous 28 complete days. Exact migration-period API export is unavailable in the current property session.,2026-09-24
hair clinic near me,,,0,0,88,68,6.18,7.19,0,0,11,9.55,CTR_PROBLEM,/hair-loss-clinic-bhubaneswar,Review the exact query-page snippet before changing a protected title or H1; preserve the established query owner unless evidence shows a mismatch.,P1,No direct migration-period export available in current authenticated GSC session,Authenticated Google Search Console Performance UI: last 7 days and last 28 complete days compared with previous 28 complete days. Exact migration-period API export is unavailable in the current property session.,2026-09-24
hair clinic,,,0,0,30,65,25.17,33.32,0,0,14,36.93,POSITION_DECLINE_REQUIRES_QUERY_PAGE_REVIEW,/hair-loss-clinic-bhubaneswar,"Strengthen the existing hair-loss owner with concern, guide and doctor-answer links; use URL Inspection only for a confirmed indexation question.",P1,No direct migration-period export available in current authenticated GSC session,Authenticated Google Search Console Performance UI: last 7 days and last 28 complete days compared with previous 28 complete days. Exact migration-period API export is unavailable in the current property session.,2026-09-24
hair transplant candidates,,,0,0,137,61,77.51,74.77,0,,,,MONITOR,/hair-transplant-bhubaneswar,"Strengthen the existing hair transplant owner with relevant internal links, results and decision content; do not create a keyword-variant URL.",P1,No direct migration-period export available in current authenticated GSC session,Authenticated Google Search Console Performance UI: last 7 days and last 28 complete days compared with previous 28 complete days. Exact migration-period API export is unavailable in the current property session.,2026-09-24
hair transplant clinic in odisha,,,0,0,49,59,1.39,1.46,0,0,14,1.57,CTR_PROBLEM,/hair-transplant-bhubaneswar,Review the exact query-page snippet before changing a protected title or H1; preserve the established query owner unless evidence shows a mismatch.,P1,No direct migration-period export available in current authenticated GSC session,Authenticated Google Search Console Performance UI: last 7 days and last 28 complete days compared with previous 28 complete days. Exact migration-period API export is unavailable in the current property session.,2026-09-24
hair doctor,,,0,0,46,55,8.15,6.55,0,0,12,8.08,CTR_PROBLEM,/hair-loss-clinic-bhubaneswar,Review the exact query-page snippet before changing a protected title or H1; preserve the established query owner unless evidence shows a mismatch.,P1,No direct migration-period export available in current authenticated GSC session,Authenticated Google Search Console Performance UI: last 7 days and last 28 complete days compared with previous 28 complete days. Exact migration-period API export is unavailable in the current property session.,2026-09-24
skin and hair clinic bhubaneswar,,,0,0,31,54,3.1,3.57,0,0,15,3.73,CTR_PROBLEM,/hair-loss-clinic-bhubaneswar,Review the exact query-page snippet before changing a protected title or H1; preserve the established query owner unless evidence shows a mismatch.,P1,No direct migration-period export available in current authenticated GSC session,Authenticated Google Search Console Performance UI: last 7 days and last 28 complete days compared with previous 28 complete days. Exact migration-period API export is unavailable in the current property session.,2026-09-24
bhubaneswar hair transplant,,,0,0,16,53,22.06,17.08,0,0,16,23.75,MONITOR,/hair-transplant-bhubaneswar,"Strengthen the existing hair transplant owner with relevant internal links, results and decision content; do not create a keyword-variant URL.",P1,No direct migration-period export available in current authenticated GSC session,Authenticated Google Search Console Performance UI: last 7 days and last 28 complete days compared with previous 28 complete days. Exact migration-period API export is unavailable in the current property session.,2026-09-24
hair transplant,,,0,1,91,53,4.8,5.08,1.89,0,2,4,MONITOR,/hair-transplant-bhubaneswar,"Strengthen the existing hair transplant owner with relevant internal links, results and decision content; do not create a keyword-variant URL.",P1,No direct migration-period export available in current authenticated GSC session,Authenticated Google Search Console Performance UI: last 7 days and last 28 complete days compared with previous 28 complete days. Exact migration-period API export is unavailable in the current property session.,2026-09-24
hair doctor cuttack,,,0,0,109,50,9.83,10.8,0,,,,MONITOR,/hair-loss-clinic-bhubaneswar,"Strengthen the existing hair-loss owner with concern, guide and doctor-answer links; use URL Inspection only for a confirmed indexation question.",P1,No direct migration-period export available in current authenticated GSC session,Authenticated Google Search Console Performance UI: last 7 days and last 28 complete days compared with previous 28 complete days. Exact migration-period API export is unavailable in the current property session.,2026-09-24
hair transplant service bhubaneswar,,,0,0,45,49,3.44,1.37,0,0,12,1.5,MONITOR,/hair-transplant-bhubaneswar,"Strengthen the existing hair transplant owner with relevant internal links, results and decision content; do not create a keyword-variant URL.",P1,No direct migration-period export available in current authenticated GSC session,Authenticated Google Search Console Performance UI: last 7 days and last 28 complete days compared with previous 28 complete days. Exact migration-period API export is unavailable in the current property session.,2026-09-24
hair doctor in berhampur,,,0,0,28,48,6.86,7.52,0,0,7,11.43,MONITOR,/hair-loss-clinic-bhubaneswar,"Strengthen the existing hair-loss owner with concern, guide and doctor-answer links; use URL Inspection only for a confirmed indexation question.",P1,No direct migration-period export available in current authenticated GSC session,Authenticated Google Search Console Performance UI: last 7 days and last 28 complete days compared with previous 28 complete days. Exact migration-period API export is unavailable in the current property session.,2026-09-24
hair specialist doctor in berhampur,,,0,0,54,48,6.93,6.21,0,,,,MONITOR,/hair-loss-clinic-bhubaneswar,"Strengthen the existing hair-loss owner with concern, guide and doctor-answer links; use URL Inspection only for a confirmed indexation question.",P1,No direct migration-period export available in current authenticated GSC session,Authenticated Google Search Console Performance UI: last 7 days and last 28 complete days compared with previous 28 complete days. Exact migration-period API export is unavailable in the current property session.,2026-09-24
hair transplant near me,,,0,0,43,43,5.07,4.98,0,0,7,4.43,MONITOR,/hair-transplant-bhubaneswar,"Strengthen the existing hair transplant owner with relevant internal links, results and decision content; do not create a keyword-variant URL.",P1,No direct migration-period export available in current authenticated GSC session,Authenticated Google Search Console Performance UI: last 7 days and last 28 complete days compared with previous 28 complete days. Exact migration-period API export is unavailable in the current property session.,2026-09-24
best hair doctor in berhampur,,,0,0,42,43,7.36,6.91,0,,,,MONITOR,/hair-loss-clinic-bhubaneswar,"Strengthen the existing hair-loss owner with concern, guide and doctor-answer links; use URL Inspection only for a confirmed indexation question.",P1,No direct migration-period export available in current authenticated GSC session,Authenticated Google Search Console Performance UI: last 7 days and last 28 complete days compared with previous 28 complete days. Exact migration-period API export is unavailable in the current property session.,2026-09-24
hair specialist doctor kolkata,,,0,0,34,43,10.74,9.84,0,,,,MONITOR,/hair-loss-clinic-bhubaneswar,"Strengthen the existing hair-loss owner with concern, guide and doctor-answer links; use URL Inspection only for a confirmed indexation question.",P1,No direct migration-period export available in current authenticated GSC session,Authenticated Google Search Console Performance UI: last 7 days and last 28 complete days compared with previous 28 complete days. Exact migration-period API export is unavailable in the current property session.,2026-09-24
hair care after hair transplant,,,0,0,69,43,79.43,79,0,,,,MONITOR,/hair-transplant-bhubaneswar,"Strengthen the existing hair transplant owner with relevant internal links, results and decision content; do not create a keyword-variant URL.",P1,No direct migration-period export available in current authenticated GSC session,Authenticated Google Search Console Performance UI: last 7 days and last 28 complete days compared with previous 28 complete days. Exact migration-period API export is unavailable in the current property session.,2026-09-24
services offered by radiance skin & hair clinics,,,0,3,35,42,1,1.93,7.14,0,7,1,CTR_PROBLEM,/,Preserve the homepage as the observed owner for this branded query and maintain clear links to the relevant hair treatment pathways.,P1,No direct migration-period export available in current authenticated GSC session,Authenticated Google Search Console Performance UI: last 7 days and last 28 complete days compared with previous 28 complete days. Exact migration-period API export is unavailable in the current property session.,2026-09-24
bio hair transplant,,,0,0,44,41,14.25,13.61,0,0,1,4,MONITOR,/hair-transplant-bhubaneswar,"Strengthen the existing hair transplant owner with relevant internal links, results and decision content; do not create a keyword-variant URL.",P1,No direct migration-period export available in current authenticated GSC session,Authenticated Google Search Console Performance UI: last 7 days and last 28 complete days compared with previous 28 complete days. Exact migration-period API export is unavailable in the current property session.,2026-09-24
derma radiance skin & hair clinic,,,0,0,62,41,7.73,9.59,0,,,,MONITOR,/,Preserve the homepage as the observed owner for this branded query and maintain clear links to the relevant hair treatment pathways.,P1,No direct migration-period export available in current authenticated GSC session,Authenticated Google Search Console Performance UI: last 7 days and last 28 complete days compared with previous 28 complete days. Exact migration-period API export is unavailable in the current property session.,2026-09-24
hair transplantation in bhubaneswar,,,0,0,47,39,5,5,0,0,11,5,MONITOR,/hair-transplant-bhubaneswar,"Strengthen the existing hair transplant owner with relevant internal links, results and decision content; do not create a keyword-variant URL.",P1,No direct migration-period export available in current authenticated GSC session,Authenticated Google Search Console Performance UI: last 7 days and last 28 complete days compared with previous 28 complete days. Exact migration-period API export is unavailable in the current property session.,2026-09-24
best hair doctor in cuttack,,,0,0,60,38,10.88,10.71,0,0,1,10,MONITOR,/hair-loss-clinic-bhubaneswar,"Strengthen the existing hair-loss owner with concern, guide and doctor-answer links; use URL Inspection only for a confirmed indexation question.",P1,No direct migration-period export available in current authenticated GSC session,Authenticated Google Search Console Performance UI: last 7 days and last 28 complete days compared with previous 28 complete days. Exact migration-period API export is unavailable in the current property session.,2026-09-24
bhubaneswar best hair transplant clinic,,,0,0,8,37,5.62,5.27,0,0,8,6.38,MONITOR,/hair-transplant-bhubaneswar,"Strengthen the existing hair transplant owner with relevant internal links, results and decision content; do not create a keyword-variant URL.",P1,No direct migration-period export available in current authenticated GSC session,Authenticated Google Search Console Performance UI: last 7 days and last 28 complete days compared with previous 28 complete days. Exact migration-period API export is unavailable in the current property session.,2026-09-24
hair specialist doctor near me,,,0,0,38,37,7.82,8.22,0,0,8,9.25,MONITOR,/hair-loss-clinic-bhubaneswar,"Strengthen the existing hair-loss owner with concern, guide and doctor-answer links; use URL Inspection only for a confirmed indexation question.",P1,No direct migration-period export available in current authenticated GSC session,Authenticated Google Search Console Performance UI: last 7 days and last 28 complete days compared with previous 28 complete days. Exact migration-period API export is unavailable in the current property session.,2026-09-24
best hair doctor near me,,,0,0,29,37,5.97,6.76,0,0,1,8,MONITOR,/hair-loss-clinic-bhubaneswar,"Strengthen the existing hair-loss owner with concern, guide and doctor-answer links; use URL Inspection only for a confirmed indexation question.",P1,No direct migration-period export available in current authenticated GSC session,Authenticated Google Search Console Performance UI: last 7 days and last 28 complete days compared with previous 28 complete days. Exact migration-period API export is unavailable in the current property session.,2026-09-24
best hair transplant clinic in kolkata,,,0,0,74,35,32.89,33.54,0,,,,MONITOR,/hair-transplant-bhubaneswar,"Strengthen the existing hair transplant owner with relevant internal links, results and decision content; do not create a keyword-variant URL.",P1,No direct migration-period export available in current authenticated GSC session,Authenticated Google Search Console Performance UI: last 7 days and last 28 complete days compared with previous 28 complete days. Exact migration-period API export is unavailable in the current property session.,2026-09-24
best hair transplant clinic near me,,,0,0,30,34,2.17,1.94,0,0,5,1,MONITOR,/hair-transplant-bhubaneswar,"Strengthen the existing hair transplant owner with relevant internal links, results and decision content; do not create a keyword-variant URL.",P1,No direct migration-period export available in current authenticated GSC session,Authenticated Google Search Console Performance UI: last 7 days and last 28 complete days compared with previous 28 complete days. Exact migration-period API export is unavailable in the current property session.,2026-09-24
hair doctor berhampur,,,0,0,37,34,7.19,7.88,0,0,5,11.2,MONITOR,/hair-loss-clinic-bhubaneswar,"Strengthen the existing hair-loss owner with concern, guide and doctor-answer links; use URL Inspection only for a confirmed indexation question.",P1,No direct migration-period export available in current authenticated GSC session,Authenticated Google Search Console Performance UI: last 7 days and last 28 complete days compared with previous 28 complete days. Exact migration-period API export is unavailable in the current property session.,2026-09-24
radiant hair transplant clinic,,,0,0,40,30,38.08,37.83,0,0,6,16.67,MONITOR,/hair-transplant-bhubaneswar,"Strengthen the existing hair transplant owner with relevant internal links, results and decision content; do not create a keyword-variant URL.",P1,No direct migration-period export available in current authenticated GSC session,Authenticated Google Search Console Performance UI: last 7 days and last 28 complete days compared with previous 28 complete days. Exact migration-period API export is unavailable in the current property session.,2026-09-24
radiance skin antiaging & hair transplant clinic,,,0,0,25,29,35.48,36.83,0,0,8,45.38,MONITOR,/,Preserve the homepage as the observed owner for this branded query and maintain clear links to the relevant hair treatment pathways.,P1,No direct migration-period export available in current authenticated GSC session,Authenticated Google Search Console Performance UI: last 7 days and last 28 complete days compared with previous 28 complete days. Exact migration-period API export is unavailable in the current property session.,2026-09-24
hair specialist doctor,,,0,0,25,27,9.12,5.81,0,0,9,5.89,MONITOR,/hair-loss-clinic-bhubaneswar,"Strengthen the existing hair-loss owner with concern, guide and doctor-answer links; use URL Inspection only for a confirmed indexation question.",P1,No direct migration-period export available in current authenticated GSC session,Authenticated Google Search Console Performance UI: last 7 days and last 28 complete days compared with previous 28 complete days. Exact migration-period API export is unavailable in the current property session.,2026-09-24
bhubaneswar best hair doctor,,,0,1,5,27,10.2,7.52,3.7,0,5,5.6,MONITOR,/hair-loss-clinic-bhubaneswar,"Strengthen the existing hair-loss owner with concern, guide and doctor-answer links; use URL Inspection only for a confirmed indexation question.",P1,No direct migration-period export available in current authenticated GSC session,Authenticated Google Search Console Performance UI: last 7 days and last 28 complete days compared with previous 28 complete days. Exact migration-period API export is unavailable in the current property session.,2026-09-24
bhubaneswar hair doctor,,,0,0,23,26,7.65,5.58,0,0,5,7.4,MONITOR,/hair-loss-clinic-bhubaneswar,"Strengthen the existing hair-loss owner with concern, guide and doctor-answer links; use URL Inspection only for a confirmed indexation question.",P1,No direct migration-period export available in current authenticated GSC session,Authenticated Google Search Console Performance UI: last 7 days and last 28 complete days compared with previous 28 complete days. Exact migration-period API export is unavailable in the current property session.,2026-09-24
skin and hair clinic near me,,,0,0,20,26,6.4,6.88,0,0,3,9.67,MONITOR,/hair-loss-clinic-bhubaneswar,"Strengthen the existing hair-loss owner with concern, guide and doctor-answer links; use URL Inspection only for a confirmed indexation question.",P1,No direct migration-period export available in current authenticated GSC session,Authenticated Google Search Console Performance UI: last 7 days and last 28 complete days compared with previous 28 complete days. Exact migration-period API export is unavailable in the current property session.,2026-09-24
hair specialist in sambalpur,,,0,0,51,26,10.08,10.08,0,,,,MONITOR,/hair-loss-clinic-bhubaneswar,"Strengthen the existing hair-loss owner with concern, guide and doctor-answer links; use URL Inspection only for a confirmed indexation question.",P1,No direct migration-period export available in current authenticated GSC session,Authenticated Google Search Console Performance UI: last 7 days and last 28 complete days compared with previous 28 complete days. Exact migration-period API export is unavailable in the current property session.,2026-09-24
berhampur hair doctor,,,0,0,35,22,6.97,7.09,0,,,,MONITOR,/hair-loss-clinic-bhubaneswar,"Strengthen the existing hair-loss owner with concern, guide and doctor-answer links; use URL Inspection only for a confirmed indexation question.",P1,No direct migration-period export available in current authenticated GSC session,Authenticated Google Search Console Performance UI: last 7 days and last 28 complete days compared with previous 28 complete days. Exact migration-period API export is unavailable in the current property session.,2026-09-24
best hair clinic in kolkata,,,0,0,53,22,27.62,25.27,0,,,,MONITOR,/hair-loss-clinic-bhubaneswar,"Strengthen the existing hair-loss owner with concern, guide and doctor-answer links; use URL Inspection only for a confirmed indexation question.",P1,No direct migration-period export available in current authenticated GSC session,Authenticated Google Search Console Performance UI: last 7 days and last 28 complete days compared with previous 28 complete days. Exact migration-period API export is unavailable in the current property session.,2026-09-24
hair transplant kolkata,,,0,0,35,22,37.43,40.55,0,,,,POSITION_DECLINE_REQUIRES_QUERY_PAGE_REVIEW,/hair-transplant-bhubaneswar,"Strengthen the existing hair transplant owner with relevant internal links, results and decision content; do not create a keyword-variant URL.",P1,No direct migration-period export available in current authenticated GSC session,Authenticated Google Search Console Performance UI: last 7 days and last 28 complete days compared with previous 28 complete days. Exact migration-period API export is unavailable in the current property session.,2026-09-24
hair transplant in sambalpur,,,0,0,38,21,3.97,4.38,0,,,,MONITOR,/hair-transplant-bhubaneswar,"Strengthen the existing hair transplant owner with relevant internal links, results and decision content; do not create a keyword-variant URL.",P1,No direct migration-period export available in current authenticated GSC session,Authenticated Google Search Console Performance UI: last 7 days and last 28 complete days compared with previous 28 complete days. Exact migration-period API export is unavailable in the current property session.,2026-09-24
hair clinic in kolkata,,,0,0,27,21,33.81,29.43,0,,,,MONITOR,/hair-loss-clinic-bhubaneswar,"Strengthen the existing hair-loss owner with concern, guide and doctor-answer links; use URL Inspection only for a confirmed indexation question.",P1,No direct migration-period export available in current authenticated GSC session,Authenticated Google Search Console Performance UI: last 7 days and last 28 complete days compared with previous 28 complete days. Exact migration-period API export is unavailable in the current property session.,2026-09-24
hair specialist near me,,,0,0,38,20,6.29,6.95,0,0,3,4.67,MONITOR,/hair-loss-clinic-bhubaneswar,"Strengthen the existing hair-loss owner with concern, guide and doctor-answer links; use URL Inspection only for a confirmed indexation question.",P1,No direct migration-period export available in current authenticated GSC session,Authenticated Google Search Console Performance UI: last 7 days and last 28 complete days compared with previous 28 complete days. Exact migration-period API export is unavailable in the current property session.,2026-09-24
hair doctor in angul,,,0,0,27,20,4.85,5.1,0,,,,MONITOR,/hair-loss-clinic-bhubaneswar,"Strengthen the existing hair-loss owner with concern, guide and doctor-answer links; use URL Inspection only for a confirmed indexation question.",P1,No direct migration-period export available in current authenticated GSC session,Authenticated Google Search Console Performance UI: last 7 days and last 28 complete days compared with previous 28 complete days. Exact migration-period API export is unavailable in the current property session.,2026-09-24
best hair specialist in cuttack,,,0,0,35,19,9.57,9.32,0,0,1,4,MONITOR,/hair-loss-clinic-bhubaneswar,"Strengthen the existing hair-loss owner with concern, guide and doctor-answer links; use URL Inspection only for a confirmed indexation question.",P1,No direct migration-period export available in current authenticated GSC session,Authenticated Google Search Console Performance UI: last 7 days and last 28 complete days compared with previous 28 complete days. Exact migration-period API export is unavailable in the current property session.,2026-09-24
nearby hair transplant clinic,,,0,0,16,18,3.88,2.83,0,0,2,1,MONITOR,/hair-transplant-bhubaneswar,"Strengthen the existing hair transplant owner with relevant internal links, results and decision content; do not create a keyword-variant URL.",P1,No direct migration-period export available in current authenticated GSC session,Authenticated Google Search Console Performance UI: last 7 days and last 28 complete days compared with previous 28 complete days. Exact migration-period API export is unavailable in the current property session.,2026-09-24
body hair transplant,,,0,0,32,18,77.03,74.94,0,,,,MONITOR,/hair-transplant-bhubaneswar,"Strengthen the existing hair transplant owner with relevant internal links, results and decision content; do not create a keyword-variant URL.",P1,No direct migration-period export available in current authenticated GSC session,Authenticated Google Search Console Performance UI: last 7 days and last 28 complete days compared with previous 28 complete days. Exact migration-period API export is unavailable in the current property session.,2026-09-24
hair transplant in rourkela,,,0,0,9,18,12.2,7.8,0,,,,NORMAL_VOLATILITY,/hair-transplant-rourkela,"Preserve the verified Rourkela travel page, maintain the contextual Bhubaneswar clinic link, and inspect the exact page only after a material query decline.",P1,No direct migration-period export available in current authenticated GSC session,"Authenticated GSC exact-query report, last 28 complete days compared with previous 28 complete days, transcribed 2026-09-24.",2026-09-24
hair doctor balasore,,,0,0,27,17,9.67,10.06,0,0,2,13.5,MONITOR,/hair-loss-clinic-bhubaneswar,"Strengthen the existing hair-loss owner with concern, guide and doctor-answer links; use URL Inspection only for a confirmed indexation question.",P1,No direct migration-period export available in current authenticated GSC session,Authenticated Google Search Console Performance UI: last 7 days and last 28 complete days compared with previous 28 complete days. Exact migration-period API export is unavailable in the current property session.,2026-09-24
best hair doctor in sambalpur,,,0,0,33,17,9.97,9.24,0,,,,MONITOR,/hair-loss-clinic-bhubaneswar,"Strengthen the existing hair-loss owner with concern, guide and doctor-answer links; use URL Inspection only for a confirmed indexation question.",P1,No direct migration-period export available in current authenticated GSC session,Authenticated Google Search Console Performance UI: last 7 days and last 28 complete days compared with previous 28 complete days. Exact migration-period API export is unavailable in the current property session.,2026-09-24
best hair transplant kolkata,,,0,0,36,17,25.67,34.12,0,,,,POSITION_DECLINE_REQUIRES_QUERY_PAGE_REVIEW,/hair-transplant-bhubaneswar,"Strengthen the existing hair transplant owner with relevant internal links, results and decision content; do not create a keyword-variant URL.",P1,No direct migration-period export available in current authenticated GSC session,Authenticated Google Search Console Performance UI: last 7 days and last 28 complete days compared with previous 28 complete days. Exact migration-period API export is unavailable in the current property session.,2026-09-24
non surgical hair transplant in kolkata,,,0,0,29,17,46,44.06,0,,,,MONITOR,/hair-transplant-bhubaneswar,"Strengthen the existing hair transplant owner with relevant internal links, results and decision content; do not create a keyword-variant URL.",P1,No direct migration-period export available in current authenticated GSC session,Authenticated Google Search Console Performance UI: last 7 days and last 28 complete days compared with previous 28 complete days. Exact migration-period API export is unavailable in the current property session.,2026-09-24
bbsr hair transplant clinic,,,0,0,1,16,1,3.44,0,,,,MONITOR,/hair-transplant-bhubaneswar,"Strengthen the existing hair transplant owner with relevant internal links, results and decision content; do not create a keyword-variant URL.",P1,No direct migration-period export available in current authenticated GSC session,Authenticated Google Search Console Performance UI: last 7 days and last 28 complete days compared with previous 28 complete days. Exact migration-period API export is unavailable in the current property session.,2026-09-24
hair specialist in balasore,,,0,0,30,16,7.13,8.5,0,,,,MONITOR,/hair-loss-clinic-bhubaneswar,"Strengthen the existing hair-loss owner with concern, guide and doctor-answer links; use URL Inspection only for a confirmed indexation question.",P1,No direct migration-period export available in current authenticated GSC session,Authenticated Google Search Console Performance UI: last 7 days and last 28 complete days compared with previous 28 complete days. Exact migration-period API export is unavailable in the current property session.,2026-09-24
kolkata best hair transplant clinic,,,0,0,20,16,19.3,17.88,0,,,,MONITOR,/hair-transplant-bhubaneswar,"Strengthen the existing hair transplant owner with relevant internal links, results and decision content; do not create a keyword-variant URL.",P1,No direct migration-period export available in current authenticated GSC session,Authenticated Google Search Console Performance UI: last 7 days and last 28 complete days compared with previous 28 complete days. Exact migration-period API export is unavailable in the current property session.,2026-09-24
odisha hair transplant clinic,,,0,1,1,15,2,5.53,6.67,0,4,6.25,POSITION_DECLINE_REQUIRES_QUERY_PAGE_REVIEW,/hair-transplant-bhubaneswar,"Strengthen the existing hair transplant owner with relevant internal links, results and decision content; do not create a keyword-variant URL.",P1,No direct migration-period export available in current authenticated GSC session,Authenticated Google Search Console Performance UI: last 7 days and last 28 complete days compared with previous 28 complete days. Exact migration-period API export is unavailable in the current property session.,2026-09-24
best hair transplant center in bhubaneswar,,,0,0,19,15,61.42,50.53,0,0,3,46.33,MONITOR,/hair-transplant-bhubaneswar,"Strengthen the existing hair transplant owner with relevant internal links, results and decision content; do not create a keyword-variant URL.",P1,No direct migration-period export available in current authenticated GSC session,Authenticated Google Search Console Performance UI: last 7 days and last 28 complete days compared with previous 28 complete days. Exact migration-period API export is unavailable in the current property session.,2026-09-24
hair transplant cost,,,0,0,22,15,3.95,3.07,0,0,2,5,MONITOR,/hair-transplant-bhubaneswar,"Strengthen the existing hair transplant owner with relevant internal links, results and decision content; do not create a keyword-variant URL.",P1,No direct migration-period export available in current authenticated GSC session,Authenticated Google Search Console Performance UI: last 7 days and last 28 complete days compared with previous 28 complete days. Exact migration-period API export is unavailable in the current property session.,2026-09-24
bhubaneswar hair clinic,,,0,0,11,15,3.36,2.73,0,,,,MONITOR,/hair-loss-clinic-bhubaneswar,"Strengthen the existing hair-loss owner with concern, guide and doctor-answer links; use URL Inspection only for a confirmed indexation question.",P1,No direct migration-period export available in current authenticated GSC session,Authenticated Google Search Console Performance UI: last 7 days and last 28 complete days compared with previous 28 complete days. Exact migration-period API export is unavailable in the current property session.,2026-09-24
hair clinic berhampur,,,0,0,26,14,7.81,8,0,,,,MONITOR,/hair-loss-clinic-bhubaneswar,"Strengthen the existing hair-loss owner with concern, guide and doctor-answer links; use URL Inspection only for a confirmed indexation question.",P1,No direct migration-period export available in current authenticated GSC session,Authenticated Google Search Console Performance UI: last 7 days and last 28 complete days compared with previous 28 complete days. Exact migration-period API export is unavailable in the current property session.,2026-09-24
skin and hair doctor near me,,,0,0,7,13,7.86,9.46,0,0,11,10.18,MONITOR,/hair-loss-clinic-bhubaneswar,"Strengthen the existing hair-loss owner with concern, guide and doctor-answer links; use URL Inspection only for a confirmed indexation question.",P1,No direct migration-period export available in current authenticated GSC session,Authenticated Google Search Console Performance UI: last 7 days and last 28 complete days compared with previous 28 complete days. Exact migration-period API export is unavailable in the current property session.,2026-09-24
best hair transplant clinic bhubaneswar,,,0,0,2,13,8,3.77,0,0,3,6.33,MONITOR,/hair-transplant-bhubaneswar,"Strengthen the existing hair transplant owner with relevant internal links, results and decision content; do not create a keyword-variant URL.",P1,No direct migration-period export available in current authenticated GSC session,Authenticated Google Search Console Performance UI: last 7 days and last 28 complete days compared with previous 28 complete days. Exact migration-period API export is unavailable in the current property session.,2026-09-24
hair specialist doctor in kolkata,,,0,0,13,13,10.46,10.08,0,,,,MONITOR,/hair-loss-clinic-bhubaneswar,"Strengthen the existing hair-loss owner with concern, guide and doctor-answer links; use URL Inspection only for a confirmed indexation question.",P1,No direct migration-period export available in current authenticated GSC session,Authenticated Google Search Console Performance UI: last 7 days and last 28 complete days compared with previous 28 complete days. Exact migration-period API export is unavailable in the current property session.,2026-09-24
do people regret hair transplants,,,0,0,3,13,9.67,10.15,0,,,,MONITOR,/hair-transplant-bhubaneswar,"Strengthen the existing hair transplant owner with relevant internal links, results and decision content; do not create a keyword-variant URL.",P1,No direct migration-period export available in current authenticated GSC session,Authenticated Google Search Console Performance UI: last 7 days and last 28 complete days compared with previous 28 complete days. Exact migration-period API export is unavailable in the current property session.,2026-09-24
hair doctor angul,,,0,1,1,12,6,5.58,8.33,,,,MONITOR,/hair-loss-clinic-bhubaneswar,"Strengthen the existing hair-loss owner with concern, guide and doctor-answer links; use URL Inspection only for a confirmed indexation question.",P1,No direct migration-period export available in current authenticated GSC session,Authenticated Google Search Console Performance UI: last 7 days and last 28 complete days compared with previous 28 complete days. Exact migration-period API export is unavailable in the current property session.,2026-09-24
hair doctor in cuttack,,,0,0,17,12,10.53,11.5,0,,,,MONITOR,/hair-loss-clinic-bhubaneswar,"Strengthen the existing hair-loss owner with concern, guide and doctor-answer links; use URL Inspection only for a confirmed indexation question.",P1,No direct migration-period export available in current authenticated GSC session,Authenticated Google Search Console Performance UI: last 7 days and last 28 complete days compared with previous 28 complete days. Exact migration-period API export is unavailable in the current property session.,2026-09-24
cheap hair transplant risks,,,0,0,23,12,65.22,64.33,0,,,,MONITOR,/hair-transplant-bhubaneswar,"Strengthen the existing hair transplant owner with relevant internal links, results and decision content; do not create a keyword-variant URL.",P1,No direct migration-period export available in current authenticated GSC session,Authenticated Google Search Console Performance UI: last 7 days and last 28 complete days compared with previous 28 complete days. Exact migration-period API export is unavailable in the current property session.,2026-09-24
hair specialist doctor in cuttack,,,0,0,13,11,10.15,10.73,0,0,2,10,MONITOR,/hair-loss-clinic-bhubaneswar,"Strengthen the existing hair-loss owner with concern, guide and doctor-answer links; use URL Inspection only for a confirmed indexation question.",P1,No direct migration-period export available in current authenticated GSC session,Authenticated Google Search Console Performance UI: last 7 days and last 28 complete days compared with previous 28 complete days. Exact migration-period API export is unavailable in the current property session.,2026-09-24
best hair clinic near me,,,0,0,19,11,6.58,8.36,0,,,,MONITOR,/hair-loss-clinic-bhubaneswar,"Strengthen the existing hair-loss owner with concern, guide and doctor-answer links; use URL Inspection only for a confirmed indexation question.",P1,No direct migration-period export available in current authenticated GSC session,Authenticated Google Search Console Performance UI: last 7 days and last 28 complete days compared with previous 28 complete days. Exact migration-period API export is unavailable in the current property session.,2026-09-24
hair clinic kolkata,,,0,0,14,11,9.86,9.45,0,,,,MONITOR,/hair-loss-clinic-bhubaneswar,"Strengthen the existing hair-loss owner with concern, guide and doctor-answer links; use URL Inspection only for a confirmed indexation question.",P1,No direct migration-period export available in current authenticated GSC session,Authenticated Google Search Console Performance UI: last 7 days and last 28 complete days compared with previous 28 complete days. Exact migration-period API export is unavailable in the current property session.,2026-09-24
hair transplant specialist,,,0,0,16,11,73.44,80.91,0,,,,POSITION_DECLINE_REQUIRES_QUERY_PAGE_REVIEW,/hair-transplant-bhubaneswar,"Strengthen the existing hair transplant owner with relevant internal links, results and decision content; do not create a keyword-variant URL.",P1,No direct migration-period export available in current authenticated GSC session,Authenticated Google Search Console Performance UI: last 7 days and last 28 complete days compared with previous 28 complete days. Exact migration-period API export is unavailable in the current property session.,2026-09-24
hair transplant cost bhubaneswar,,,0,0,7,10,3.43,26.8,0,0,3,65.67,POSITION_DECLINE_REQUIRES_QUERY_PAGE_REVIEW,/hair-transplant-bhubaneswar,"Strengthen the existing hair transplant owner with relevant internal links, results and decision content; do not create a keyword-variant URL.",P1,No direct migration-period export available in current authenticated GSC session,Authenticated Google Search Console Performance UI: last 7 days and last 28 complete days compared with previous 28 complete days. Exact migration-period API export is unavailable in the current property session.,2026-09-24
hair transplant bbsr,,,0,0,16,10,4,3.2,0,,,,MONITOR,/hair-transplant-bhubaneswar,"Strengthen the existing hair transplant owner with relevant internal links, results and decision content; do not create a keyword-variant URL.",P1,No direct migration-period export available in current authenticated GSC session,Authenticated Google Search Console Performance UI: last 7 days and last 28 complete days compared with previous 28 complete days. Exact migration-period API export is unavailable in the current property session.,2026-09-24
best hair transplant surgeon in bhubaneswar,,,0,0,0,9,0,8.44,0,0,7,7.71,NEW_QUERY_DISCOVERY,/hair-transplant-bhubaneswar,"Strengthen the existing hair transplant owner with relevant internal links, results and decision content; do not create a keyword-variant URL.",P1,No direct migration-period export available in current authenticated GSC session,Authenticated Google Search Console Performance UI: last 7 days and last 28 complete days compared with previous 28 complete days. Exact migration-period API export is unavailable in the current property session.,2026-09-24
hair transplant cost in odisha,,,0,0,27,9,1.93,2,0,0,1,2,MONITOR,/hair-transplant-bhubaneswar,"Strengthen the existing hair transplant owner with relevant internal links, results and decision content; do not create a keyword-variant URL.",P1,No direct migration-period export available in current authenticated GSC session,Authenticated Google Search Console Performance UI: last 7 days and last 28 complete days compared with previous 28 complete days. Exact migration-period API export is unavailable in the current property session.,2026-09-24
hair transplant regret,,,0,0,17,9,14.06,13.33,0,,,,MONITOR,/hair-transplant-bhubaneswar,"Strengthen the existing hair transplant owner with relevant internal links, results and decision content; do not create a keyword-variant URL.",P1,No direct migration-period export available in current authenticated GSC session,Authenticated Google Search Console Performance UI: last 7 days and last 28 complete days compared with previous 28 complete days. Exact migration-period API export is unavailable in the current property session.,2026-09-24
bio fue hair transplant,,,0,0,5,9,13.6,14,0,,,,MONITOR,/treatments/hair-restoration/fue-hair-transplant,"Strengthen the existing hair transplant owner with relevant internal links, results and decision content; do not create a keyword-variant URL.",P1,No direct migration-period export available in current authenticated GSC session,Authenticated Google Search Console Performance UI: last 7 days and last 28 complete days compared with previous 28 complete days. Exact migration-period API export is unavailable in the current property session.,2026-09-24
skin and hair clinic,,,0,0,5,8,8.4,6.5,0,,,,MONITOR,/hair-loss-clinic-bhubaneswar,"Strengthen the existing hair-loss owner with concern, guide and doctor-answer links; use URL Inspection only for a confirmed indexation question.",P1,No direct migration-period export available in current authenticated GSC session,Authenticated Google Search Console Performance UI: last 7 days and last 28 complete days compared with previous 28 complete days. Exact migration-period API export is unavailable in the current property session.,2026-09-24
radiance skin antiaging and hair transplant clinic reviews,,,0,0,2,8,11,10.25,0,,,,MONITOR,/,Preserve the homepage as the observed owner for this branded query and maintain clear links to the relevant hair treatment pathways.,P1,No direct migration-period export available in current authenticated GSC session,Authenticated Google Search Console Performance UI: last 7 days and last 28 complete days compared with previous 28 complete days. Exact migration-period API export is unavailable in the current property session.,2026-09-24
hair transplant centre near me,,,0,0,9,7,3.22,1.71,0,0,1,6,MONITOR,/hair-transplant-bhubaneswar,"Strengthen the existing hair transplant owner with relevant internal links, results and decision content; do not create a keyword-variant URL.",P1,No direct migration-period export available in current authenticated GSC session,Authenticated Google Search Console Performance UI: last 7 days and last 28 complete days compared with previous 28 complete days. Exact migration-period API export is unavailable in the current property session.,2026-09-24
hair transplant clinic,,,0,0,8,7,2.62,3.14,0,0,1,6,MONITOR,/hair-transplant-bhubaneswar,"Strengthen the existing hair transplant owner with relevant internal links, results and decision content; do not create a keyword-variant URL.",P1,No direct migration-period export available in current authenticated GSC session,Authenticated Google Search Console Performance UI: last 7 days and last 28 complete days compared with previous 28 complete days. Exact migration-period API export is unavailable in the current property session.,2026-09-24
bhubaneswar hair specialist,,,0,0,0,7,0,3.43,0,,,,NEW_QUERY_DISCOVERY,/hair-loss-clinic-bhubaneswar,"Strengthen the existing hair-loss owner with concern, guide and doctor-answer links; use URL Inspection only for a confirmed indexation question.",P1,No direct migration-period export available in current authenticated GSC session,Authenticated Google Search Console Performance UI: last 7 days and last 28 complete days compared with previous 28 complete days. Exact migration-period API export is unavailable in the current property session.,2026-09-24
balasore hair specialist doctor,,,0,0,9,7,7.44,8.86,0,,,,MONITOR,/hair-loss-clinic-bhubaneswar,"Strengthen the existing hair-loss owner with concern, guide and doctor-answer links; use URL Inspection only for a confirmed indexation question.",P1,No direct migration-period export available in current authenticated GSC session,Authenticated Google Search Console Performance UI: last 7 days and last 28 complete days compared with previous 28 complete days. Exact migration-period API export is unavailable in the current property session.,2026-09-24
hair doctor sambalpur,,,0,0,2,7,8.5,10.43,0,,,,MONITOR,/hair-loss-clinic-bhubaneswar,"Strengthen the existing hair-loss owner with concern, guide and doctor-answer links; use URL Inspection only for a confirmed indexation question.",P1,No direct migration-period export available in current authenticated GSC session,Authenticated Google Search Console Performance UI: last 7 days and last 28 complete days compared with previous 28 complete days. Exact migration-period API export is unavailable in the current property session.,2026-09-24
hair doctor in kolkata,,,0,0,2,7,11,17.86,0,,,,POSITION_DECLINE_REQUIRES_QUERY_PAGE_REVIEW,/hair-loss-clinic-bhubaneswar,"Strengthen the existing hair-loss owner with concern, guide and doctor-answer links; use URL Inspection only for a confirmed indexation question.",P1,No direct migration-period export available in current authenticated GSC session,Authenticated Google Search Console Performance UI: last 7 days and last 28 complete days compared with previous 28 complete days. Exact migration-period API export is unavailable in the current property session.,2026-09-24
hair transplant in raipur,,,0,0,6,7,35.5,38.43,0,,,,MONITOR,/hair-transplant-bhubaneswar,"Strengthen the existing hair transplant owner with relevant internal links, results and decision content; do not create a keyword-variant URL.",P1,No direct migration-period export available in current authenticated GSC session,Authenticated Google Search Console Performance UI: last 7 days and last 28 complete days compared with previous 28 complete days. Exact migration-period API export is unavailable in the current property session.,2026-09-24
best hair transplant for women,,,0,0,2,7,57,60,0,,,,POSITION_DECLINE_REQUIRES_QUERY_PAGE_REVIEW,/hair-transplant-bhubaneswar,"Strengthen the existing hair transplant owner with relevant internal links, results and decision content; do not create a keyword-variant URL.",P1,No direct migration-period export available in current authenticated GSC session,Authenticated Google Search Console Performance UI: last 7 days and last 28 complete days compared with previous 28 complete days. Exact migration-period API export is unavailable in the current property session.,2026-09-24
hair transplant in bhubaneswar cost,,,0,0,16,6,2.38,5,0,0,2,1.5,MONITOR,/hair-transplant-bhubaneswar,"Strengthen the existing hair transplant owner with relevant internal links, results and decision content; do not create a keyword-variant URL.",P1,No direct migration-period export available in current authenticated GSC session,Authenticated Google Search Console Performance UI: last 7 days and last 28 complete days compared with previous 28 complete days. Exact migration-period API export is unavailable in the current property session.,2026-09-24
best skin and hair doctor in bhubaneswar,,,0,0,19,6,5.26,2.83,0,0,2,3,MONITOR,/hair-loss-clinic-bhubaneswar,"Strengthen the existing hair-loss owner with concern, guide and doctor-answer links; use URL Inspection only for a confirmed indexation question.",P1,No direct migration-period export available in current authenticated GSC session,Authenticated Google Search Console Performance UI: last 7 days and last 28 complete days compared with previous 28 complete days. Exact migration-period API export is unavailable in the current property session.,2026-09-24
radiant hair clinic,,,0,0,8,6,6,16.33,0,0,1,3,POSITION_DECLINE_REQUIRES_QUERY_PAGE_REVIEW,/hair-loss-clinic-bhubaneswar,"Strengthen the existing hair-loss owner with concern, guide and doctor-answer links; use URL Inspection only for a confirmed indexation question.",P1,No direct migration-period export available in current authenticated GSC session,Authenticated Google Search Console Performance UI: last 7 days and last 28 complete days compared with previous 28 complete days. Exact migration-period API export is unavailable in the current property session.,2026-09-24
hair specialist doctor in angul,,,0,0,0,6,0,4.17,0,,,,NEW_QUERY_DISCOVERY,/hair-loss-clinic-bhubaneswar,"Strengthen the existing hair-loss owner with concern, guide and doctor-answer links; use URL Inspection only for a confirmed indexation question.",P1,No direct migration-period export available in current authenticated GSC session,Authenticated Google Search Console Performance UI: last 7 days and last 28 complete days compared with previous 28 complete days. Exact migration-period API export is unavailable in the current property session.,2026-09-24
hair transplant ka result kab tak aata hai,,,0,0,18,6,9,10.67,0,,,,MONITOR,/hair-transplant-bhubaneswar,"Strengthen the existing hair transplant owner with relevant internal links, results and decision content; do not create a keyword-variant URL.",P1,No direct migration-period export available in current authenticated GSC session,Authenticated Google Search Console Performance UI: last 7 days and last 28 complete days compared with previous 28 complete days. Exact migration-period API export is unavailable in the current property session.,2026-09-24
hair specialist in rourkela,,,0,0,5,6,10.8,11.17,0,,,,MONITOR,/hair-loss-clinic-bhubaneswar,"Strengthen the existing hair-loss owner with concern, guide and doctor-answer links; use URL Inspection only for a confirmed indexation question.",P1,No direct migration-period export available in current authenticated GSC session,Authenticated Google Search Console Performance UI: last 7 days and last 28 complete days compared with previous 28 complete days. Exact migration-period API export is unavailable in the current property session.,2026-09-24
density focused hair transplant,,,0,0,6,6,26,19.67,0,,,,MONITOR,/hair-transplant-bhubaneswar,"Strengthen the existing hair transplant owner with relevant internal links, results and decision content; do not create a keyword-variant URL.",P1,No direct migration-period export available in current authenticated GSC session,Authenticated Google Search Console Performance UI: last 7 days and last 28 complete days compared with previous 28 complete days. Exact migration-period API export is unavailable in the current property session.,2026-09-24
gfc after hair transplant,,,0,0,3,6,26.33,26.17,0,,,,MONITOR,/treatments/hair-restoration/prp-gfc-scalp-therapy,Strengthen the existing PRP and GFC treatment page with related guides and doctor video context; do not create synonym pages.,P1,No direct migration-period export available in current authenticated GSC session,Authenticated Google Search Console Performance UI: last 7 days and last 28 complete days compared with previous 28 complete days. Exact migration-period API export is unavailable in the current property session.,2026-09-24
best hair transplant clinic in vizag,,,0,0,6,6,26.83,27.5,0,,,,MONITOR,/hair-transplant-bhubaneswar,"Strengthen the existing hair transplant owner with relevant internal links, results and decision content; do not create a keyword-variant URL.",P1,No direct migration-period export available in current authenticated GSC session,Authenticated Google Search Console Performance UI: last 7 days and last 28 complete days compared with previous 28 complete days. Exact migration-period API export is unavailable in the current property session.,2026-09-24
hair transplantation in vizag,,,0,0,10,6,30.4,29.67,0,,,,MONITOR,/hair-transplant-bhubaneswar,"Strengthen the existing hair transplant owner with relevant internal links, results and decision content; do not create a keyword-variant URL.",P1,No direct migration-period export available in current authenticated GSC session,Authenticated Google Search Console Performance UI: last 7 days and last 28 complete days compared with previous 28 complete days. Exact migration-period API export is unavailable in the current property session.,2026-09-24
hair transplant in vizag,,,0,0,13,6,35.31,39.17,0,,,,POSITION_DECLINE_REQUIRES_QUERY_PAGE_REVIEW,/hair-transplant-bhubaneswar,"Strengthen the existing hair transplant owner with relevant internal links, results and decision content; do not create a keyword-variant URL.",P1,No direct migration-period export available in current authenticated GSC session,Authenticated Google Search Console Performance UI: last 7 days and last 28 complete days compared with previous 28 complete days. Exact migration-period API export is unavailable in the current property session.,2026-09-24
ultra high density hair transplant,,,0,0,10,6,42.1,42,0,,,,MONITOR,/hair-transplant-bhubaneswar,"Strengthen the existing hair transplant owner with relevant internal links, results and decision content; do not create a keyword-variant URL.",P1,No direct migration-period export available in current authenticated GSC session,Authenticated Google Search Console Performance UI: last 7 days and last 28 complete days compared with previous 28 complete days. Exact migration-period API export is unavailable in the current property session.,2026-09-24
best hair clinic,,,0,0,0,5,0,5.8,0,0,3,4.67,NEW_QUERY_DISCOVERY,/hair-loss-clinic-bhubaneswar,"Strengthen the existing hair-loss owner with concern, guide and doctor-answer links; use URL Inspection only for a confirmed indexation question.",P1,No direct migration-period export available in current authenticated GSC session,Authenticated Google Search Console Performance UI: last 7 days and last 28 complete days compared with previous 28 complete days. Exact migration-period API export is unavailable in the current property session.,2026-09-24
hair transplant clinics near me,,,0,0,0,5,0,2.4,0,0,2,1,NEW_QUERY_DISCOVERY,/hair-transplant-bhubaneswar,"Strengthen the existing hair transplant owner with relevant internal links, results and decision content; do not create a keyword-variant URL.",P1,No direct migration-period export available in current authenticated GSC session,Authenticated Google Search Console Performance UI: last 7 days and last 28 complete days compared with previous 28 complete days. Exact migration-period API export is unavailable in the current property session.,2026-09-24
near hair transplant clinic,,,0,0,7,5,5.43,4.8,0,0,2,5,MONITOR,/hair-transplant-bhubaneswar,"Strengthen the existing hair transplant owner with relevant internal links, results and decision content; do not create a keyword-variant URL.",P1,No direct migration-period export available in current authenticated GSC session,Authenticated Google Search Console Performance UI: last 7 days and last 28 complete days compared with previous 28 complete days. Exact migration-period API export is unavailable in the current property session.,2026-09-24
nearest hair transplant,,,0,0,8,5,8.12,6,0,0,1,1,MONITOR,/hair-transplant-bhubaneswar,"Strengthen the existing hair transplant owner with relevant internal links, results and decision content; do not create a keyword-variant URL.",P1,No direct migration-period export available in current authenticated GSC session,Authenticated Google Search Console Performance UI: last 7 days and last 28 complete days compared with previous 28 complete days. Exact migration-period API export is unavailable in the current property session.,2026-09-24
best hair transplant clinic,,,0,0,4,5,9,4.2,0,,,,MONITOR,/hair-transplant-bhubaneswar,"Strengthen the existing hair transplant owner with relevant internal links, results and decision content; do not create a keyword-variant URL.",P1,No direct migration-period export available in current authenticated GSC session,Authenticated Google Search Console Performance UI: last 7 days and last 28 complete days compared with previous 28 complete days. Exact migration-period API export is unavailable in the current property session.,2026-09-24
best hair doctor,,,0,0,6,5,4.67,5.6,0,,,,MONITOR,/hair-loss-clinic-bhubaneswar,"Strengthen the existing hair-loss owner with concern, guide and doctor-answer links; use URL Inspection only for a confirmed indexation question.",P1,No direct migration-period export available in current authenticated GSC session,Authenticated Google Search Console Performance UI: last 7 days and last 28 complete days compared with previous 28 complete days. Exact migration-period API export is unavailable in the current property session.,2026-09-24
dermatologist hair specialist near me,,,0,0,0,5,0,7.8,0,,,,NEW_QUERY_DISCOVERY,/hair-loss-clinic-bhubaneswar,"Strengthen the existing hair-loss owner with concern, guide and doctor-answer links; use URL Inspection only for a confirmed indexation question.",P1,No direct migration-period export available in current authenticated GSC session,Authenticated Google Search Console Performance UI: last 7 days and last 28 complete days compared with previous 28 complete days. Exact migration-period API export is unavailable in the current property session.,2026-09-24
kolkata hair transplant clinic,,,0,0,8,5,14.88,10.8,0,,,,MONITOR,/hair-transplant-bhubaneswar,"Strengthen the existing hair transplant owner with relevant internal links, results and decision content; do not create a keyword-variant URL.",P1,No direct migration-period export available in current authenticated GSC session,Authenticated Google Search Console Performance UI: last 7 days and last 28 complete days compared with previous 28 complete days. Exact migration-period API export is unavailable in the current property session.,2026-09-24
regret hair transplant,,,0,0,3,5,10.67,11.4,0,,,,MONITOR,/hair-transplant-bhubaneswar,"Strengthen the existing hair transplant owner with relevant internal links, results and decision content; do not create a keyword-variant URL.",P1,No direct migration-period export available in current authenticated GSC session,Authenticated Google Search Console Performance UI: last 7 days and last 28 complete days compared with previous 28 complete days. Exact migration-period API export is unavailable in the current property session.,2026-09-24
kolkata best hair doctor,,,0,0,6,5,22.83,11.8,0,,,,MONITOR,/hair-loss-clinic-bhubaneswar,"Strengthen the existing hair-loss owner with concern, guide and doctor-answer links; use URL Inspection only for a confirmed indexation question.",P1,No direct migration-period export available in current authenticated GSC session,Authenticated Google Search Console Performance UI: last 7 days and last 28 complete days compared with previous 28 complete days. Exact migration-period API export is unavailable in the current property session.,2026-09-24
best hair transplant clinic in visakhapatnam,,,0,0,4,5,35.5,31.8,0,,,,MONITOR,/hair-transplant-bhubaneswar,"Strengthen the existing hair transplant owner with relevant internal links, results and decision content; do not create a keyword-variant URL.",P1,No direct migration-period export available in current authenticated GSC session,Authenticated Google Search Console Performance UI: last 7 days and last 28 complete days compared with previous 28 complete days. Exact migration-period API export is unavailable in the current property session.,2026-09-24
solace hair transplant,,,0,0,6,5,40.67,36.8,0,,,,MONITOR,/hair-transplant-bhubaneswar,"Strengthen the existing hair transplant owner with relevant internal links, results and decision content; do not create a keyword-variant URL.",P1,No direct migration-period export available in current authenticated GSC session,Authenticated Google Search Console Performance UI: last 7 days and last 28 complete days compared with previous 28 complete days. Exact migration-period API export is unavailable in the current property session.,2026-09-24
hair transplant cost in raipur,,,0,0,9,5,35.56,37.4,0,,,,MONITOR,/hair-transplant-bhubaneswar,"Strengthen the existing hair transplant owner with relevant internal links, results and decision content; do not create a keyword-variant URL.",P1,No direct migration-period export available in current authenticated GSC session,Authenticated Google Search Console Performance UI: last 7 days and last 28 complete days compared with previous 28 complete days. Exact migration-period API export is unavailable in the current property session.,2026-09-24
top 10 hair transplant clinic in kolkata,,,0,0,9,5,48.78,49.2,0,,,,MONITOR,/hair-transplant-bhubaneswar,"Strengthen the existing hair transplant owner with relevant internal links, results and decision content; do not create a keyword-variant URL.",P1,No direct migration-period export available in current authenticated GSC session,Authenticated Google Search Console Performance UI: last 7 days and last 28 complete days compared with previous 28 complete days. Exact migration-period API export is unavailable in the current property session.,2026-09-24
hair transplant from body hair,,,0,0,12,5,75.5,77.2,0,,,,MONITOR,/hair-transplant-bhubaneswar,"Strengthen the existing hair transplant owner with relevant internal links, results and decision content; do not create a keyword-variant URL.",P1,No direct migration-period export available in current authenticated GSC session,Authenticated Google Search Console Performance UI: last 7 days and last 28 complete days compared with previous 28 complete days. Exact migration-period API export is unavailable in the current property session.,2026-09-24
female hair transplant,,,0,0,1,4,4,40,0,0,4,40,POSITION_DECLINE_REQUIRES_QUERY_PAGE_REVIEW,/hair-transplant-bhubaneswar,"Strengthen the existing hair transplant owner with relevant internal links, results and decision content; do not create a keyword-variant URL.",P1,No direct migration-period export available in current authenticated GSC session,Authenticated Google Search Console Performance UI: last 7 days and last 28 complete days compared with previous 28 complete days. Exact migration-period API export is unavailable in the current property session.,2026-09-24
hair transplant cost mumbai,,,0,0,0,4,0,1,0,0,3,1,NEW_QUERY_DISCOVERY,/hair-transplant-bhubaneswar,"Strengthen the existing hair transplant owner with relevant internal links, results and decision content; do not create a keyword-variant URL.",P1,No direct migration-period export available in current authenticated GSC session,Authenticated Google Search Console Performance UI: last 7 days and last 28 complete days compared with previous 28 complete days. Exact migration-period API export is unavailable in the current property session.,2026-09-24
radiant skin care and hair transplant center,,,0,0,3,4,10.67,44,0,0,3,42,POSITION_DECLINE_REQUIRES_QUERY_PAGE_REVIEW,/hair-transplant-bhubaneswar,"Strengthen the existing hair transplant owner with relevant internal links, results and decision content; do not create a keyword-variant URL.",P1,No direct migration-period export available in current authenticated GSC session,Authenticated Google Search Console Performance UI: last 7 days and last 28 complete days compared with previous 28 complete days. Exact migration-period API export is unavailable in the current property session.,2026-09-24
hair transplant dr,,,0,0,1,4,5,7.75,0,0,2,9,MONITOR,/hair-transplant-bhubaneswar,"Strengthen the existing hair transplant owner with relevant internal links, results and decision content; do not create a keyword-variant URL.",P1,No direct migration-period export available in current authenticated GSC session,Authenticated Google Search Console Performance UI: last 7 days and last 28 complete days compared with previous 28 complete days. Exact migration-period API export is unavailable in the current property session.,2026-09-24
hair transplant doctors near me,,,0,0,6,4,1,1,0,0,1,1,MONITOR,/hair-transplant-bhubaneswar,"Strengthen the existing hair transplant owner with relevant internal links, results and decision content; do not create a keyword-variant URL.",P1,No direct migration-period export available in current authenticated GSC session,Authenticated Google Search Console Performance UI: last 7 days and last 28 complete days compared with previous 28 complete days. Exact migration-period API export is unavailable in the current property session.,2026-09-24
skin and hair specialist near me,,,0,0,1,4,8,7,0,0,1,5,MONITOR,/hair-loss-clinic-bhubaneswar,"Strengthen the existing hair-loss owner with concern, guide and doctor-answer links; use URL Inspection only for a confirmed indexation question.",P1,No direct migration-period export available in current authenticated GSC session,Authenticated Google Search Console Performance UI: last 7 days and last 28 complete days compared with previous 28 complete days. Exact migration-period API export is unavailable in the current property session.,2026-09-24
near hair doctor,,,0,0,4,4,9,9.25,0,,,,MONITOR,/hair-loss-clinic-bhubaneswar,"Strengthen the existing hair-loss owner with concern, guide and doctor-answer links; use URL Inspection only for a confirmed indexation question.",P1,No direct migration-period export available in current authenticated GSC session,Authenticated Google Search Console Performance UI: last 7 days and last 28 complete days compared with previous 28 complete days. Exact migration-period API export is unavailable in the current property session.,2026-09-24
hair doctors near me,,,0,0,14,4,7.79,10.25,0,,,,MONITOR,/hair-loss-clinic-bhubaneswar,"Strengthen the existing hair-loss owner with concern, guide and doctor-answer links; use URL Inspection only for a confirmed indexation question.",P1,No direct migration-period export available in current authenticated GSC session,Authenticated Google Search Console Performance UI: last 7 days and last 28 complete days compared with previous 28 complete days. Exact migration-period API export is unavailable in the current property session.,2026-09-24
hair specialist in kolkata,,,0,0,3,4,12,13.75,0,,,,MONITOR,/hair-loss-clinic-bhubaneswar,"Strengthen the existing hair-loss owner with concern, guide and doctor-answer links; use URL Inspection only for a confirmed indexation question.",P1,No direct migration-period export available in current authenticated GSC session,Authenticated Google Search Console Performance UI: last 7 days and last 28 complete days compared with previous 28 complete days. Exact migration-period API export is unavailable in the current property session.,2026-09-24
radiance skin antiaging and hair transplant clinic,,,0,0,2,4,5.5,23.75,0,,,,POSITION_DECLINE_REQUIRES_QUERY_PAGE_REVIEW,/,Preserve the homepage as the observed owner for this branded query and maintain clear links to the relevant hair treatment pathways.,P1,No direct migration-period export available in current authenticated GSC session,Authenticated Google Search Console Performance UI: last 7 days and last 28 complete days compared with previous 28 complete days. Exact migration-period API export is unavailable in the current property session.,2026-09-24
hair transplant result,,,0,0,8,4,28,29.25,0,,,,MONITOR,/hair-transplant-bhubaneswar,"Strengthen the existing hair transplant owner with relevant internal links, results and decision content; do not create a keyword-variant URL.",P1,No direct migration-period export available in current authenticated GSC session,Authenticated Google Search Console Performance UI: last 7 days and last 28 complete days compared with previous 28 complete days. Exact migration-period API export is unavailable in the current property session.,2026-09-24
hair transplant surgery in kolkata,,,0,0,9,4,49.67,46.5,0,,,,MONITOR,/hair-transplant-bhubaneswar,"Strengthen the existing hair transplant owner with relevant internal links, results and decision content; do not create a keyword-variant URL.",P1,No direct migration-period export available in current authenticated GSC session,Authenticated Google Search Console Performance UI: last 7 days and last 28 complete days compared with previous 28 complete days. Exact migration-period API export is unavailable in the current property session.,2026-09-24
enhance clinic hair transplant cost,,,0,0,2,4,45.5,49.75,0,,,,POSITION_DECLINE_REQUIRES_QUERY_PAGE_REVIEW,/hair-transplant-bhubaneswar,"Strengthen the existing hair transplant owner with relevant internal links, results and decision content; do not create a keyword-variant URL.",P1,No direct migration-period export available in current authenticated GSC session,Authenticated Google Search Console Performance UI: last 7 days and last 28 complete days compared with previous 28 complete days. Exact migration-period API export is unavailable in the current property session.,2026-09-24
hair transplant candidate,,,0,0,5,4,76.2,68.25,0,,,,MONITOR,/hair-transplant-bhubaneswar,"Strengthen the existing hair transplant owner with relevant internal links, results and decision content; do not create a keyword-variant URL.",P1,No direct migration-period export available in current authenticated GSC session,Authenticated Google Search Console Performance UI: last 7 days and last 28 complete days compared with previous 28 complete days. Exact migration-period API export is unavailable in the current property session.,2026-09-24
kolkata best hair transplant,,,0,0,13,4,61.31,69.25,0,,,,POSITION_DECLINE_REQUIRES_QUERY_PAGE_REVIEW,/hair-transplant-bhubaneswar,"Strengthen the existing hair transplant owner with relevant internal links, results and decision content; do not create a keyword-variant URL.",P1,No direct migration-period export available in current authenticated GSC session,Authenticated Google Search Console Performance UI: last 7 days and last 28 complete days compared with previous 28 complete days. Exact migration-period API export is unavailable in the current property session.,2026-09-24
radiance hair transplant rajahmundry,,,0,0,1,4,12,69.5,0,,,,POSITION_DECLINE_REQUIRES_QUERY_PAGE_REVIEW,/,Preserve the homepage as the observed owner for this branded query and maintain clear links to the relevant hair treatment pathways.,P1,No direct migration-period export available in current authenticated GSC session,Authenticated Google Search Console Performance UI: last 7 days and last 28 complete days compared with previous 28 complete days. Exact migration-period API export is unavailable in the current property session.,2026-09-24
hair transplant from body,,,0,0,8,4,73.5,72.25,0,,,,MONITOR,/hair-transplant-bhubaneswar,"Strengthen the existing hair transplant owner with relevant internal links, results and decision content; do not create a keyword-variant URL.",P1,No direct migration-period export available in current authenticated GSC session,Authenticated Google Search Console Performance UI: last 7 days and last 28 complete days compared with previous 28 complete days. Exact migration-period API export is unavailable in the current property session.,2026-09-24
hair transplant body hair,,,0,0,5,4,80.2,80,0,,,,MONITOR,/hair-transplant-bhubaneswar,"Strengthen the existing hair transplant owner with relevant internal links, results and decision content; do not create a keyword-variant URL.",P1,No direct migration-period export available in current authenticated GSC session,Authenticated Google Search Console Performance UI: last 7 days and last 28 complete days compared with previous 28 complete days. Exact migration-period API export is unavailable in the current property session.,2026-09-24
hair transplant in ahmedabad,,,0,0,0,3,0,2,0,0,3,2,NEW_QUERY_DISCOVERY,/hair-transplant-bhubaneswar,"Strengthen the existing hair transplant owner with relevant internal links, results and decision content; do not create a keyword-variant URL.",P1,No direct migration-period export available in current authenticated GSC session,Authenticated Google Search Console Performance UI: last 7 days and last 28 complete days compared with previous 28 complete days. Exact migration-period API export is unavailable in the current property session.,2026-09-24
hair doctor in sum hospital bhubaneswar,,,0,0,0,3,0,2.33,0,0,3,2.33,NEW_QUERY_DISCOVERY,/hair-loss-clinic-bhubaneswar,"Strengthen the existing hair-loss owner with concern, guide and doctor-answer links; use URL Inspection only for a confirmed indexation question.",P1,No direct migration-period export available in current authenticated GSC session,Authenticated Google Search Console Performance UI: last 7 days and last 28 complete days compared with previous 28 complete days. Exact migration-period API export is unavailable in the current property session.,2026-09-24
hair specialist clinic near me,,,0,0,1,3,7,5.67,0,0,3,5.67,MONITOR,/hair-loss-clinic-bhubaneswar,"Strengthen the existing hair-loss owner with concern, guide and doctor-answer links; use URL Inspection only for a confirmed indexation question.",P1,No direct migration-period export available in current authenticated GSC session,Authenticated Google Search Console Performance UI: last 7 days and last 28 complete days compared with previous 28 complete days. Exact migration-period API export is unavailable in the current property session.,2026-09-24
cosmetic skin and hair clinic,,,0,0,1,3,1,6.33,0,0,3,6.33,POSITION_DECLINE_REQUIRES_QUERY_PAGE_REVIEW,/hair-loss-clinic-bhubaneswar,"Strengthen the existing hair-loss owner with concern, guide and doctor-answer links; use URL Inspection only for a confirmed indexation question.",P1,No direct migration-period export available in current authenticated GSC session,Authenticated Google Search Console Performance UI: last 7 days and last 28 complete days compared with previous 28 complete days. Exact migration-period API export is unavailable in the current property session.,2026-09-24
hair transplant cost pune,,,0,0,0,3,0,1,0,0,2,1,NEW_QUERY_DISCOVERY,/hair-transplant-bhubaneswar,"Strengthen the existing hair transplant owner with relevant internal links, results and decision content; do not create a keyword-variant URL.",P1,No direct migration-period export available in current authenticated GSC session,Authenticated Google Search Console Performance UI: last 7 days and last 28 complete days compared with previous 28 complete days. Exact migration-period API export is unavailable in the current property session.,2026-09-24
skin and hair doctor,,,0,0,0,3,0,4.33,0,0,1,1,NEW_QUERY_DISCOVERY,/hair-loss-clinic-bhubaneswar,"Strengthen the existing hair-loss owner with concern, guide and doctor-answer links; use URL Inspection only for a confirmed indexation question.",P1,No direct migration-period export available in current authenticated GSC session,Authenticated Google Search Console Performance UI: last 7 days and last 28 complete days compared with previous 28 complete days. Exact migration-period API export is unavailable in the current property session.,2026-09-24
hair transplantation,,,0,0,0,3,0,3.33,0,0,1,2,NEW_QUERY_DISCOVERY,/hair-transplant-bhubaneswar,"Strengthen the existing hair transplant owner with relevant internal links, results and decision content; do not create a keyword-variant URL.",P1,No direct migration-period export available in current authenticated GSC session,Authenticated Google Search Console Performance UI: last 7 days and last 28 complete days compared with previous 28 complete days. Exact migration-period API export is unavailable in the current property session.,2026-09-24
top hair transplant clinic in india,,,0,1,2,3,1.5,1.67,33.33,,,,MONITOR,/hair-transplant-bhubaneswar,"Strengthen the existing hair transplant owner with relevant internal links, results and decision content; do not create a keyword-variant URL.",P1,No direct migration-period export available in current authenticated GSC session,Authenticated Google Search Console Performance UI: last 7 days and last 28 complete days compared with previous 28 complete days. Exact migration-period API export is unavailable in the current property session.,2026-09-24
hair transplant in bhubaneswar price list,,,0,1,3,3,7.67,5.33,33.33,,,,MONITOR,/hair-transplant-bhubaneswar,"Strengthen the existing hair transplant owner with relevant internal links, results and decision content; do not create a keyword-variant URL.",P1,No direct migration-period export available in current authenticated GSC session,Authenticated Google Search Console Performance UI: last 7 days and last 28 complete days compared with previous 28 complete days. Exact migration-period API export is unavailable in the current property session.,2026-09-24
mens hair transplant near me,,,0,0,1,3,1,1,0,,,,MONITOR,/hair-transplant-bhubaneswar,"Strengthen the existing hair transplant owner with relevant internal links, results and decision content; do not create a keyword-variant URL.",P1,No direct migration-period export available in current authenticated GSC session,Authenticated Google Search Console Performance UI: last 7 days and last 28 complete days compared with previous 28 complete days. Exact migration-period API export is unavailable in the current property session.,2026-09-24
hair clinics near me,,,0,0,1,3,7,2.33,0,,,,MONITOR,/hair-loss-clinic-bhubaneswar,"Strengthen the existing hair-loss owner with concern, guide and doctor-answer links; use URL Inspection only for a confirmed indexation question.",P1,No direct migration-period export available in current authenticated GSC session,Authenticated Google Search Console Performance UI: last 7 days and last 28 complete days compared with previous 28 complete days. Exact migration-period API export is unavailable in the current property session.,2026-09-24
hair transplant hyderabad,,,0,0,0,3,0,2.33,0,,,,NEW_QUERY_DISCOVERY,/hair-transplant-bhubaneswar,"Strengthen the existing hair transplant owner with relevant internal links, results and decision content; do not create a keyword-variant URL.",P1,No direct migration-period export available in current authenticated GSC session,Authenticated Google Search Console Performance UI: last 7 days and last 28 complete days compared with previous 28 complete days. Exact migration-period API export is unavailable in the current property session.,2026-09-24
dr partha skin and hair clinic,,,0,0,14,3,2.36,3,0,,,,MONITOR,/hair-loss-clinic-bhubaneswar,"Strengthen the existing hair-loss owner with concern, guide and doctor-answer links; use URL Inspection only for a confirmed indexation question.",P1,No direct migration-period export available in current authenticated GSC session,Authenticated Google Search Console Performance UI: last 7 days and last 28 complete days compared with previous 28 complete days. Exact migration-period API export is unavailable in the current property session.,2026-09-24
good skin and hair clinic,,,0,0,2,3,4.5,3,0,,,,MONITOR,/hair-loss-clinic-bhubaneswar,"Strengthen the existing hair-loss owner with concern, guide and doctor-answer links; use URL Inspection only for a confirmed indexation question.",P1,No direct migration-period export available in current authenticated GSC session,Authenticated Google Search Console Performance UI: last 7 days and last 28 complete days compared with previous 28 complete days. Exact migration-period API export is unavailable in the current property session.,2026-09-24
hair doctor called,,,0,0,0,3,0,5,0,,,,NEW_QUERY_DISCOVERY,/hair-loss-clinic-bhubaneswar,"Strengthen the existing hair-loss owner with concern, guide and doctor-answer links; use URL Inspection only for a confirmed indexation question.",P1,No direct migration-period export available in current authenticated GSC session,Authenticated Google Search Console Performance UI: last 7 days and last 28 complete days compared with previous 28 complete days. Exact migration-period API export is unavailable in the current property session.,2026-09-24
women hair transplant near me,,,0,0,0,3,0,5.67,0,,,,NEW_QUERY_DISCOVERY,/hair-transplant-bhubaneswar,"Strengthen the existing hair transplant owner with relevant internal links, results and decision content; do not create a keyword-variant URL.",P1,No direct migration-period export available in current authenticated GSC session,Authenticated Google Search Console Performance UI: last 7 days and last 28 complete days compared with previous 28 complete days. Exact migration-period API export is unavailable in the current property session.,2026-09-24
prp hair clinic near me,,,,,,,,,,0,3,9,MONITOR,/treatments/hair-restoration/prp-gfc-scalp-therapy,Strengthen the existing PRP and GFC treatment page with related guides and doctor video context; do not create synonym pages.,P1,No direct migration-period export available in current authenticated GSC session,Authenticated Google Search Console Performance UI: last 7 days and last 28 complete days compared with previous 28 complete days. Exact migration-period API export is unavailable in the current property session.,2026-09-24
hair clinic near,,,,,,,,,,0,2,5.5,MONITOR,/hair-loss-clinic-bhubaneswar,"Strengthen the existing hair-loss owner with concern, guide and doctor-answer links; use URL Inspection only for a confirmed indexation question.",P1,No direct migration-period export available in current authenticated GSC session,Authenticated Google Search Console Performance UI: last 7 days and last 28 complete days compared with previous 28 complete days. Exact migration-period API export is unavailable in the current property session.,2026-09-24
hair transplant contact number,,,,,,,,,,0,2,6,MONITOR,/hair-transplant-bhubaneswar,"Strengthen the existing hair transplant owner with relevant internal links, results and decision content; do not create a keyword-variant URL.",P1,No direct migration-period export available in current authenticated GSC session,Authenticated Google Search Console Performance UI: last 7 days and last 28 complete days compared with previous 28 complete days. Exact migration-period API export is unavailable in the current property session.,2026-09-24
white hair specialist doctor near me,,,,,,,,,,0,2,7.5,MONITOR,/hair-loss-clinic-bhubaneswar,"Strengthen the existing hair-loss owner with concern, guide and doctor-answer links; use URL Inspection only for a confirmed indexation question.",P1,No direct migration-period export available in current authenticated GSC session,Authenticated Google Search Console Performance UI: last 7 days and last 28 complete days compared with previous 28 complete days. Exact migration-period API export is unavailable in the current property session.,2026-09-24
good hair doctor near me,,,,,,,,,,0,2,10.5,MONITOR,/hair-loss-clinic-bhubaneswar,"Strengthen the existing hair-loss owner with concern, guide and doctor-answer links; use URL Inspection only for a confirmed indexation question.",P1,No direct migration-period export available in current authenticated GSC session,Authenticated Google Search Console Performance UI: last 7 days and last 28 complete days compared with previous 28 complete days. Exact migration-period API export is unavailable in the current property session.,2026-09-24
who is hair doctor,,,,,,,,,,0,2,12,MONITOR,/hair-loss-clinic-bhubaneswar,"Strengthen the existing hair-loss owner with concern, guide and doctor-answer links; use URL Inspection only for a confirmed indexation question.",P1,No direct migration-period export available in current authenticated GSC session,Authenticated Google Search Console Performance UI: last 7 days and last 28 complete days compared with previous 28 complete days. Exact migration-period API export is unavailable in the current property session.,2026-09-24
best hair transplant in bhubaneswar price,,,,,,,,,,0,1,1,MONITOR,/hair-transplant-bhubaneswar,"Strengthen the existing hair transplant owner with relevant internal links, results and decision content; do not create a keyword-variant URL.",P1,No direct migration-period export available in current authenticated GSC session,Authenticated Google Search Console Performance UI: last 7 days and last 28 complete days compared with previous 28 complete days. Exact migration-period API export is unavailable in the current property session.,2026-09-24
dr hair transplant clinic,,,,,,,,,,0,1,1,MONITOR,/hair-transplant-bhubaneswar,"Strengthen the existing hair transplant owner with relevant internal links, results and decision content; do not create a keyword-variant URL.",P1,No direct migration-period export available in current authenticated GSC session,Authenticated Google Search Console Performance UI: last 7 days and last 28 complete days compared with previous 28 complete days. Exact migration-period API export is unavailable in the current property session.,2026-09-24
hair transplant clinics,,,,,,,,,,0,1,1,MONITOR,/hair-transplant-bhubaneswar,"Strengthen the existing hair transplant owner with relevant internal links, results and decision content; do not create a keyword-variant URL.",P1,No direct migration-period export available in current authenticated GSC session,Authenticated Google Search Console Performance UI: last 7 days and last 28 complete days compared with previous 28 complete days. Exact migration-period API export is unavailable in the current property session.,2026-09-24
hair transplant cost in ahmedabad india,,,,,,,,,,0,1,1,MONITOR,/hair-transplant-bhubaneswar,"Strengthen the existing hair transplant owner with relevant internal links, results and decision content; do not create a keyword-variant URL.",P1,No direct migration-period export available in current authenticated GSC session,Authenticated Google Search Console Performance UI: last 7 days and last 28 complete days compared with previous 28 complete days. Exact migration-period API export is unavailable in the current property session.,2026-09-24
hair transplant cost in india,,,,,,,,,,0,1,1,MONITOR,/hair-transplant-bhubaneswar,"Strengthen the existing hair transplant owner with relevant internal links, results and decision content; do not create a keyword-variant URL.",P1,No direct migration-period export available in current authenticated GSC session,Authenticated Google Search Console Performance UI: last 7 days and last 28 complete days compared with previous 28 complete days. Exact migration-period API export is unavailable in the current property session.,2026-09-24
hair transplant cost in mumbai for male,,,,,,,,,,0,1,1,MONITOR,/hair-transplant-bhubaneswar,"Strengthen the existing hair transplant owner with relevant internal links, results and decision content; do not create a keyword-variant URL.",P1,No direct migration-period export available in current authenticated GSC session,Authenticated Google Search Console Performance UI: last 7 days and last 28 complete days compared with previous 28 complete days. Exact migration-period API export is unavailable in the current property session.,2026-09-24
hair transplant kolkata cost,,,,,,,,,,0,1,1,MONITOR,/hair-transplant-bhubaneswar,"Strengthen the existing hair transplant owner with relevant internal links, results and decision content; do not create a keyword-variant URL.",P1,No direct migration-period export available in current authenticated GSC session,Authenticated Google Search Console Performance UI: last 7 days and last 28 complete days compared with previous 28 complete days. Exact migration-period API export is unavailable in the current property session.,2026-09-24
hair transplant singapore cost,,,,,,,,,,0,1,1,MONITOR,/hair-transplant-bhubaneswar,"Strengthen the existing hair transplant owner with relevant internal links, results and decision content; do not create a keyword-variant URL.",P1,No direct migration-period export available in current authenticated GSC session,Authenticated Google Search Console Performance UI: last 7 days and last 28 complete days compared with previous 28 complete days. Exact migration-period API export is unavailable in the current property session.,2026-09-24
near by hair transplant clinic,,,,,,,,,,0,1,1,MONITOR,/hair-transplant-bhubaneswar,"Strengthen the existing hair transplant owner with relevant internal links, results and decision content; do not create a keyword-variant URL.",P1,No direct migration-period export available in current authenticated GSC session,Authenticated Google Search Console Performance UI: last 7 days and last 28 complete days compared with previous 28 complete days. Exact migration-period API export is unavailable in the current property session.,2026-09-24
near me hair clinic,,,,,,,,,,0,1,1,MONITOR,/hair-loss-clinic-bhubaneswar,"Strengthen the existing hair-loss owner with concern, guide and doctor-answer links; use URL Inspection only for a confirmed indexation question.",P1,No direct migration-period export available in current authenticated GSC session,Authenticated Google Search Console Performance UI: last 7 days and last 28 complete days compared with previous 28 complete days. Exact migration-period API export is unavailable in the current property session.,2026-09-24
best hair doctors near me,,,,,,,,,,0,1,2,MONITOR,/hair-loss-clinic-bhubaneswar,"Strengthen the existing hair-loss owner with concern, guide and doctor-answer links; use URL Inspection only for a confirmed indexation question.",P1,No direct migration-period export available in current authenticated GSC session,Authenticated Google Search Console Performance UI: last 7 days and last 28 complete days compared with previous 28 complete days. Exact migration-period API export is unavailable in the current property session.,2026-09-24
hair transplant kozhikode,,,,,,,,,,0,1,2,MONITOR,/hair-transplant-bhubaneswar,"Strengthen the existing hair transplant owner with relevant internal links, results and decision content; do not create a keyword-variant URL.",P1,No direct migration-period export available in current authenticated GSC session,Authenticated Google Search Console Performance UI: last 7 days and last 28 complete days compared with previous 28 complete days. Exact migration-period API export is unavailable in the current property session.,2026-09-24
best hair doctor in india,,,,,,,,,,0,1,3,MONITOR,/hair-loss-clinic-bhubaneswar,"Strengthen the existing hair-loss owner with concern, guide and doctor-answer links; use URL Inspection only for a confirmed indexation question.",P1,No direct migration-period export available in current authenticated GSC session,Authenticated Google Search Console Performance UI: last 7 days and last 28 complete days compared with previous 28 complete days. Exact migration-period API export is unavailable in the current property session.,2026-09-24
eugenix hair transplant bhubaneswar,,,,,,,,,,0,1,3,MONITOR,/hair-transplant-bhubaneswar,"Strengthen the existing hair transplant owner with relevant internal links, results and decision content; do not create a keyword-variant URL.",P1,No direct migration-period export available in current authenticated GSC session,Authenticated Google Search Console Performance UI: last 7 days and last 28 complete days compared with previous 28 complete days. Exact migration-period API export is unavailable in the current property session.,2026-09-24
hair transplant amritsar,,,,,,,,,,0,1,3,MONITOR,/hair-transplant-bhubaneswar,"Strengthen the existing hair transplant owner with relevant internal links, results and decision content; do not create a keyword-variant URL.",P1,No direct migration-period export available in current authenticated GSC session,Authenticated Google Search Console Performance UI: last 7 days and last 28 complete days compared with previous 28 complete days. Exact migration-period API export is unavailable in the current property session.,2026-09-24
hair transplant cost in bhubaneswar price,,,,,,,,,,0,1,3,MONITOR,/hair-transplant-bhubaneswar,"Strengthen the existing hair transplant owner with relevant internal links, results and decision content; do not create a keyword-variant URL.",P1,No direct migration-period export available in current authenticated GSC session,Authenticated Google Search Console Performance UI: last 7 days and last 28 complete days compared with previous 28 complete days. Exact migration-period API export is unavailable in the current property session.,2026-09-24
qht hair transplant clinic hyderabad,,,,,,,,,,0,1,3,MONITOR,/hair-transplant-bhubaneswar,"Strengthen the existing hair transplant owner with relevant internal links, results and decision content; do not create a keyword-variant URL.",P1,No direct migration-period export available in current authenticated GSC session,Authenticated Google Search Console Performance UI: last 7 days and last 28 complete days compared with previous 28 complete days. Exact migration-period API export is unavailable in the current property session.,2026-09-24
top 10 hair transplant in hyderabad,,,,,,,,,,0,1,3,MONITOR,/hair-transplant-bhubaneswar,"Strengthen the existing hair transplant owner with relevant internal links, results and decision content; do not create a keyword-variant URL.",P1,No direct migration-period export available in current authenticated GSC session,Authenticated Google Search Console Performance UI: last 7 days and last 28 complete days compared with previous 28 complete days. Exact migration-period API export is unavailable in the current property session.,2026-09-24
nirav skin and hair clinic,,,,,,,,,,0,1,4,MONITOR,/hair-loss-clinic-bhubaneswar,"Strengthen the existing hair-loss owner with concern, guide and doctor-answer links; use URL Inspection only for a confirmed indexation question.",P1,No direct migration-period export available in current authenticated GSC session,Authenticated Google Search Console Performance UI: last 7 days and last 28 complete days compared with previous 28 complete days. Exact migration-period API export is unavailable in the current property session.,2026-09-24
hair clinic doctor,,,,,,,,,,0,1,6,MONITOR,/hair-loss-clinic-bhubaneswar,"Strengthen the existing hair-loss owner with concern, guide and doctor-answer links; use URL Inspection only for a confirmed indexation question.",P1,No direct migration-period export available in current authenticated GSC session,Authenticated Google Search Console Performance UI: last 7 days and last 28 complete days compared with previous 28 complete days. Exact migration-period API export is unavailable in the current property session.,2026-09-24
hair doctor clinic near me,,,,,,,,,,0,1,6,MONITOR,/hair-loss-clinic-bhubaneswar,"Strengthen the existing hair-loss owner with concern, guide and doctor-answer links; use URL Inspection only for a confirmed indexation question.",P1,No direct migration-period export available in current authenticated GSC session,Authenticated Google Search Console Performance UI: last 7 days and last 28 complete days compared with previous 28 complete days. Exact migration-period API export is unavailable in the current property session.,2026-09-24
hair transplantation near me,,,,,,,,,,0,1,7,MONITOR,/hair-transplant-bhubaneswar,"Strengthen the existing hair transplant owner with relevant internal links, results and decision content; do not create a keyword-variant URL.",P1,No direct migration-period export available in current authenticated GSC session,Authenticated Google Search Console Performance UI: last 7 days and last 28 complete days compared with previous 28 complete days. Exact migration-period API export is unavailable in the current property session.,2026-09-24
near hair clinic,,,,,,,,,,0,1,7,MONITOR,/hair-loss-clinic-bhubaneswar,"Strengthen the existing hair-loss owner with concern, guide and doctor-answer links; use URL Inspection only for a confirmed indexation question.",P1,No direct migration-period export available in current authenticated GSC session,Authenticated Google Search Console Performance UI: last 7 days and last 28 complete days compared with previous 28 complete days. Exact migration-period API export is unavailable in the current property session.,2026-09-24
hair transplant with low density donor area,,,,,,,,,,0,1,8,MONITOR,/hair-transplant-bhubaneswar,"Strengthen the existing hair transplant owner with relevant internal links, results and decision content; do not create a keyword-variant URL.",P1,No direct migration-period export available in current authenticated GSC session,Authenticated Google Search Console Performance UI: last 7 days and last 28 complete days compared with previous 28 complete days. Exact migration-period API export is unavailable in the current property session.,2026-09-24
hair transplant helmet,,,,,,,,,,0,1,11,MONITOR,/hair-transplant-bhubaneswar,"Strengthen the existing hair transplant owner with relevant internal links, results and decision content; do not create a keyword-variant URL.",P1,No direct migration-period export available in current authenticated GSC session,Authenticated Google Search Console Performance UI: last 7 days and last 28 complete days compared with previous 28 complete days. Exact migration-period API export is unavailable in the current property session.,2026-09-24
near by hair clinic,,,,,,,,,,0,1,11,MONITOR,/hair-loss-clinic-bhubaneswar,"Strengthen the existing hair-loss owner with concern, guide and doctor-answer links; use URL Inspection only for a confirmed indexation question.",P1,No direct migration-period export available in current authenticated GSC session,Authenticated Google Search Console Performance UI: last 7 days and last 28 complete days compared with previous 28 complete days. Exact migration-period API export is unavailable in the current property session.,2026-09-24
hair transplant clinic bhubaneswar,,,,,,,,,,,,,MONITOR,/hair-transplant-bhubaneswar,"Strengthen the existing hair transplant owner with relevant internal links, results and decision content; do not create a keyword-variant URL.",P1,No direct migration-period export available in current authenticated GSC session,Authenticated Google Search Console Performance UI: last 7 days and last 28 complete days compared with previous 28 complete days. Exact migration-period API export is unavailable in the current property session.,2026-09-24
hair transplant near by,,,,,,,,,,,,,MONITOR,/hair-transplant-bhubaneswar,"Strengthen the existing hair transplant owner with relevant internal links, results and decision content; do not create a keyword-variant URL.",P1,No direct migration-period export available in current authenticated GSC session,Authenticated Google Search Console Performance UI: last 7 days and last 28 complete days compared with previous 28 complete days. Exact migration-period API export is unavailable in the current property session.,2026-09-24
hair transplant surgeon in kolkata,,,,,,,,,,,,,MONITOR,/hair-transplant-bhubaneswar,"Strengthen the existing hair transplant owner with relevant internal links, results and decision content; do not create a keyword-variant URL.",P1,No direct migration-period export available in current authenticated GSC session,Authenticated Google Search Console Performance UI: last 7 days and last 28 complete days compared with previous 28 complete days. Exact migration-period API export is unavailable in the current property session.,2026-09-24
hair transplant cuttack,,,0,,14,,4.36,,,,,,MONITOR,/hair-transplant-bhubaneswar,"Strengthen the existing hair transplant owner with relevant internal links, results and decision content; do not create a keyword-variant URL.",P1,No direct migration-period export available in current authenticated GSC session,Authenticated Google Search Console Performance UI: last 7 days and last 28 complete days compared with previous 28 complete days. Exact migration-period API export is unavailable in the current property session.,2026-09-24
best hair doctor in kolkata,,,0,,34,,11.91,,,,,,MONITOR,/hair-loss-clinic-bhubaneswar,"Strengthen the existing hair-loss owner with concern, guide and doctor-answer links; use URL Inspection only for a confirmed indexation question.",P1,No direct migration-period export available in current authenticated GSC session,Authenticated Google Search Console Performance UI: last 7 days and last 28 complete days compared with previous 28 complete days. Exact migration-period API export is unavailable in the current property session.,2026-09-24
best hair transplant clinics in bhubaneshwar,,,,,,,,,,,,,MONITOR,/hair-transplant-bhubaneswar,"Strengthen the existing hair transplant owner with relevant internal links, results and decision content; do not create a keyword-variant URL.",P1,No direct migration-period export available in current authenticated GSC session,Authenticated Google Search Console Performance UI: last 7 days and last 28 complete days compared with previous 28 complete days. Exact migration-period API export is unavailable in the current property session.,2026-09-24
hair transplant sambalpur,,,0,,15,,3.8,,,,,,MONITOR,/hair-transplant-bhubaneswar,"Strengthen the existing hair transplant owner with relevant internal links, results and decision content; do not create a keyword-variant URL.",P1,No direct migration-period export available in current authenticated GSC session,Authenticated Google Search Console Performance UI: last 7 days and last 28 complete days compared with previous 28 complete days. Exact migration-period API export is unavailable in the current property session.,2026-09-24
high density hair transplant,,,0,,15,,40.2,,,,,,MONITOR,/hair-transplant-bhubaneswar,"Strengthen the existing hair transplant owner with relevant internal links, results and decision content; do not create a keyword-variant URL.",P1,No direct migration-period export available in current authenticated GSC session,Authenticated Google Search Console Performance UI: last 7 days and last 28 complete days compared with previous 28 complete days. Exact migration-period API export is unavailable in the current property session.,2026-09-24
best hair doctor in rourkela,,,,,,,,,,,,,MONITOR,/hair-loss-clinic-bhubaneswar,"Strengthen the existing hair-loss owner with concern, guide and doctor-answer links; use URL Inspection only for a confirmed indexation question.",P1,No direct migration-period export available in current authenticated GSC session,Authenticated Google Search Console Performance UI: last 7 days and last 28 complete days compared with previous 28 complete days. Exact migration-period API export is unavailable in the current property session.,2026-09-24
hair transplant density,,,0,,27,,31.89,,,,,,MONITOR,/hair-transplant-bhubaneswar,"Strengthen the existing hair transplant owner with relevant internal links, results and decision content; do not create a keyword-variant URL.",P1,No direct migration-period export available in current authenticated GSC session,Authenticated Google Search Console Performance UI: last 7 days and last 28 complete days compared with previous 28 complete days. Exact migration-period API export is unavailable in the current property session.,2026-09-24
hair transplant clinic in newtown,,,0,,5,,35,,,,,,MONITOR,/hair-transplant-bhubaneswar,"Strengthen the existing hair transplant owner with relevant internal links, results and decision content; do not create a keyword-variant URL.",P1,No direct migration-period export available in current authenticated GSC session,Authenticated Google Search Console Performance UI: last 7 days and last 28 complete days compared with previous 28 complete days. Exact migration-period API export is unavailable in the current property session.,2026-09-24
genesis skin and hair clinic sambalpur,,,,,,,,,,,,,MONITOR,/hair-loss-clinic-bhubaneswar,"Strengthen the existing hair-loss owner with concern, guide and doctor-answer links; use URL Inspection only for a confirmed indexation question.",P1,No direct migration-period export available in current authenticated GSC session,Authenticated Google Search Console Performance UI: last 7 days and last 28 complete days compared with previous 28 complete days. Exact migration-period API export is unavailable in the current property session.,2026-09-24
dense hair transplant,,,0,,8,,47.38,,,,,,MONITOR,/hair-transplant-bhubaneswar,"Strengthen the existing hair transplant owner with relevant internal links, results and decision content; do not create a keyword-variant URL.",P1,No direct migration-period export available in current authenticated GSC session,Authenticated Google Search Console Performance UI: last 7 days and last 28 complete days compared with previous 28 complete days. Exact migration-period API export is unavailable in the current property session.,2026-09-24
hair doctor in sambalpur,,,0,,6,,10.67,,,,,,MONITOR,/hair-loss-clinic-bhubaneswar,"Strengthen the existing hair-loss owner with concern, guide and doctor-answer links; use URL Inspection only for a confirmed indexation question.",P1,No direct migration-period export available in current authenticated GSC session,Authenticated Google Search Console Performance UI: last 7 days and last 28 complete days compared with previous 28 complete days. Exact migration-period API export is unavailable in the current property session.,2026-09-24
hair transplant doctor in kolkata,,,0,,8,,47.88,,,,,,MONITOR,/hair-transplant-bhubaneswar,"Strengthen the existing hair transplant owner with relevant internal links, results and decision content; do not create a keyword-variant URL.",P1,No direct migration-period export available in current authenticated GSC session,Authenticated Google Search Console Performance UI: last 7 days and last 28 complete days compared with previous 28 complete days. Exact migration-period API export is unavailable in the current property session.,2026-09-24
hair transplant clinic in bhubaneswar price list,,,,,,,,,,,,,MONITOR,/hair-transplant-bhubaneswar,"Strengthen the existing hair transplant owner with relevant internal links, results and decision content; do not create a keyword-variant URL.",P1,No direct migration-period export available in current authenticated GSC session,Authenticated Google Search Console Performance UI: last 7 days and last 28 complete days compared with previous 28 complete days. Exact migration-period API export is unavailable in the current property session.,2026-09-24
best hair transplant in vizag,,,,,,,,,,,,,MONITOR,/hair-transplant-bhubaneswar,"Strengthen the existing hair transplant owner with relevant internal links, results and decision content; do not create a keyword-variant URL.",P1,No direct migration-period export available in current authenticated GSC session,Authenticated Google Search Console Performance UI: last 7 days and last 28 complete days compared with previous 28 complete days. Exact migration-period API export is unavailable in the current property session.,2026-09-24
hair transplant cost in vizag,,,0,,4,,32.25,,,,,,MONITOR,/hair-transplant-bhubaneswar,"Strengthen the existing hair transplant owner with relevant internal links, results and decision content; do not create a keyword-variant URL.",P1,No direct migration-period export available in current authenticated GSC session,Authenticated Google Search Console Performance UI: last 7 days and last 28 complete days compared with previous 28 complete days. Exact migration-period API export is unavailable in the current property session.,2026-09-24
hair transplant centre in kolkata,,,0,,5,,39.6,,,,,,MONITOR,/hair-transplant-bhubaneswar,"Strengthen the existing hair transplant owner with relevant internal links, results and decision content; do not create a keyword-variant URL.",P1,No direct migration-period export available in current authenticated GSC session,Authenticated Google Search Console Performance UI: last 7 days and last 28 complete days compared with previous 28 complete days. Exact migration-period API export is unavailable in the current property session.,2026-09-24
hair transplantation in visakhapatnam,,,0,,7,,43.43,,,,,,MONITOR,/hair-transplant-bhubaneswar,"Strengthen the existing hair transplant owner with relevant internal links, results and decision content; do not create a keyword-variant URL.",P1,No direct migration-period export available in current authenticated GSC session,Authenticated Google Search Console Performance UI: last 7 days and last 28 complete days compared with previous 28 complete days. Exact migration-period API export is unavailable in the current property session.,2026-09-24
how many prp after hair transplant,,,0,,8,,50.62,,,,,,MONITOR,/treatments/hair-restoration/prp-gfc-scalp-therapy,Strengthen the existing PRP and GFC treatment page with related guides and doctor video context; do not create synonym pages.,P1,No direct migration-period export available in current authenticated GSC session,Authenticated Google Search Console Performance UI: last 7 days and last 28 complete days compared with previous 28 complete days. Exact migration-period API export is unavailable in the current property session.,2026-09-24
hair specialist doctor in rourkela,,,,,,,,,,,,,MONITOR,/hair-loss-clinic-bhubaneswar,"Strengthen the existing hair-loss owner with concern, guide and doctor-answer links; use URL Inspection only for a confirmed indexation question.",P1,No direct migration-period export available in current authenticated GSC session,Authenticated Google Search Console Performance UI: last 7 days and last 28 complete days compared with previous 28 complete days. Exact migration-period API export is unavailable in the current property session.,2026-09-24
hair transplant in visakhapatnam,,,0,,4,,34.75,,,,,,MONITOR,/hair-transplant-bhubaneswar,"Strengthen the existing hair transplant owner with relevant internal links, results and decision content; do not create a keyword-variant URL.",P1,No direct migration-period export available in current authenticated GSC session,Authenticated Google Search Console Performance UI: last 7 days and last 28 complete days compared with previous 28 complete days. Exact migration-period API export is unavailable in the current property session.,2026-09-24
hair transplant result kitne din me aata hai,,,0,,7,,8.43,,,,,,MONITOR,/hair-transplant-bhubaneswar,"Strengthen the existing hair transplant owner with relevant internal links, results and decision content; do not create a keyword-variant URL.",P1,No direct migration-period export available in current authenticated GSC session,Authenticated Google Search Console Performance UI: last 7 days and last 28 complete days compared with previous 28 complete days. Exact migration-period API export is unavailable in the current property session.,2026-09-24
radiant hair transplant,,,,,,,,,,,,,MONITOR,/hair-transplant-bhubaneswar,"Strengthen the existing hair transplant owner with relevant internal links, results and decision content; do not create a keyword-variant URL.",P1,No direct migration-period export available in current authenticated GSC session,Authenticated Google Search Console Performance UI: last 7 days and last 28 complete days compared with previous 28 complete days. Exact migration-period API export is unavailable in the current property session.,2026-09-24
best hair transplant,,,0,,8,,5.25,,,,,,MONITOR,/hair-transplant-bhubaneswar,"Strengthen the existing hair transplant owner with relevant internal links, results and decision content; do not create a keyword-variant URL.",P1,No direct migration-period export available in current authenticated GSC session,Authenticated Google Search Console Performance UI: last 7 days and last 28 complete days compared with previous 28 complete days. Exact migration-period API export is unavailable in the current property session.,2026-09-24
hair transplant results,,,,,,,,,,,,,MONITOR,/hair-transplant-bhubaneswar,"Strengthen the existing hair transplant owner with relevant internal links, results and decision content; do not create a keyword-variant URL.",P1,No direct migration-period export available in current authenticated GSC session,Authenticated Google Search Console Performance UI: last 7 days and last 28 complete days compared with previous 28 complete days. Exact migration-period API export is unavailable in the current property session.,2026-09-24
bio hair transplant clinic,,,0,,5,,15.4,,,,,,MONITOR,/hair-transplant-bhubaneswar,"Strengthen the existing hair transplant owner with relevant internal links, results and decision content; do not create a keyword-variant URL.",P1,No direct migration-period export available in current authenticated GSC session,Authenticated Google Search Console Performance UI: last 7 days and last 28 complete days compared with previous 28 complete days. Exact migration-period API export is unavailable in the current property session.,2026-09-24
fue vs fut hair transplant,,,0,,13,,21.46,,,,,,MONITOR,/treatments/hair-restoration/fue-hair-transplant,"Strengthen the existing hair transplant owner with relevant internal links, results and decision content; do not create a keyword-variant URL.",P1,No direct migration-period export available in current authenticated GSC session,Authenticated Google Search Console Performance UI: last 7 days and last 28 complete days compared with previous 28 complete days. Exact migration-period API export is unavailable in the current property session.,2026-09-24
best hair transplant in raipur,,,,,,,,,,,,,MONITOR,/hair-transplant-bhubaneswar,"Strengthen the existing hair transplant owner with relevant internal links, results and decision content; do not create a keyword-variant URL.",P1,No direct migration-period export available in current authenticated GSC session,Authenticated Google Search Console Performance UI: last 7 days and last 28 complete days compared with previous 28 complete days. Exact migration-period API export is unavailable in the current property session.,2026-09-24
what happens if you get a hair transplant too early,,,,,,,,,,,,,MONITOR,/hair-transplant-bhubaneswar,"Strengthen the existing hair transplant owner with relevant internal links, results and decision content; do not create a keyword-variant URL.",P1,No direct migration-period export available in current authenticated GSC session,Authenticated Google Search Console Performance UI: last 7 days and last 28 complete days compared with previous 28 complete days. Exact migration-period API export is unavailable in the current property session.,2026-09-24
best hair transplant centre in kolkata,,,0,,5,,39.6,,,,,,MONITOR,/hair-transplant-bhubaneswar,"Strengthen the existing hair transplant owner with relevant internal links, results and decision content; do not create a keyword-variant URL.",P1,No direct migration-period export available in current authenticated GSC session,Authenticated Google Search Console Performance UI: last 7 days and last 28 complete days compared with previous 28 complete days. Exact migration-period API export is unavailable in the current property session.,2026-09-24
female hair transplant in kolkata,,,0,,4,,46,,,,,,MONITOR,/hair-transplant-bhubaneswar,"Strengthen the existing hair transplant owner with relevant internal links, results and decision content; do not create a keyword-variant URL.",P1,No direct migration-period export available in current authenticated GSC session,Authenticated Google Search Console Performance UI: last 7 days and last 28 complete days compared with previous 28 complete days. Exact migration-period API export is unavailable in the current property session.,2026-09-24
skin hair clinic near me,,,0,,7,,7.86,,,,,,MONITOR,/hair-loss-clinic-bhubaneswar,"Strengthen the existing hair-loss owner with concern, guide and doctor-answer links; use URL Inspection only for a confirmed indexation question.",P1,No direct migration-period export available in current authenticated GSC session,Authenticated Google Search Console Performance UI: last 7 days and last 28 complete days compared with previous 28 complete days. Exact migration-period API export is unavailable in the current property session.,2026-09-24
how long does a hair transplant take to heal,,,0,,7,,76.14,,,,,,MONITOR,/hair-transplant-bhubaneswar,"Strengthen the existing hair transplant owner with relevant internal links, results and decision content; do not create a keyword-variant URL.",P1,No direct migration-period export available in current authenticated GSC session,Authenticated Google Search Console Performance UI: last 7 days and last 28 complete days compared with previous 28 complete days. Exact migration-period API export is unavailable in the current property session.,2026-09-24
do hair transplants work,,,0,,6,,2.17,,,,,,MONITOR,/hair-transplant-bhubaneswar,"Strengthen the existing hair transplant owner with relevant internal links, results and decision content; do not create a keyword-variant URL.",P1,No direct migration-period export available in current authenticated GSC session,Authenticated Google Search Console Performance UI: last 7 days and last 28 complete days compared with previous 28 complete days. Exact migration-period API export is unavailable in the current property session.,2026-09-24
fut and fue hair transplant,,,0,,6,,25.83,,,,,,MONITOR,/treatments/hair-restoration/fue-hair-transplant,"Strengthen the existing hair transplant owner with relevant internal links, results and decision content; do not create a keyword-variant URL.",P1,No direct migration-period export available in current authenticated GSC session,Authenticated Google Search Console Performance UI: last 7 days and last 28 complete days compared with previous 28 complete days. Exact migration-period API export is unavailable in the current property session.,2026-09-24
cosmetic skin and hair clinic photos,,,0,,5,,1.2,,,,,,MONITOR,/hair-loss-clinic-bhubaneswar,"Strengthen the existing hair-loss owner with concern, guide and doctor-answer links; use URL Inspection only for a confirmed indexation question.",P1,No direct migration-period export available in current authenticated GSC session,Authenticated Google Search Console Performance UI: last 7 days and last 28 complete days compared with previous 28 complete days. Exact migration-period API export is unavailable in the current property session.,2026-09-24
hair transplant cost in cuttack odisha,,,0,,5,,4,,,,,,MONITOR,/hair-transplant-bhubaneswar,"Strengthen the existing hair transplant owner with relevant internal links, results and decision content; do not create a keyword-variant URL.",P1,No direct migration-period export available in current authenticated GSC session,Authenticated Google Search Console Performance UI: last 7 days and last 28 complete days compared with previous 28 complete days. Exact migration-period API export is unavailable in the current property session.,2026-09-24
best hair specialist doctor near me,,,0,,5,,4.6,,,,,,MONITOR,/hair-loss-clinic-bhubaneswar,"Strengthen the existing hair-loss owner with concern, guide and doctor-answer links; use URL Inspection only for a confirmed indexation question.",P1,No direct migration-period export available in current authenticated GSC session,Authenticated Google Search Console Performance UI: last 7 days and last 28 complete days compared with previous 28 complete days. Exact migration-period API export is unavailable in the current property session.,2026-09-24
enhance hairtech clinics | hair transplant clinic in bhubaneswar,,,0,,5,,9.4,,,,,,MONITOR,/hair-transplant-bhubaneswar,"Strengthen the existing hair transplant owner with relevant internal links, results and decision content; do not create a keyword-variant URL.",P1,No direct migration-period export available in current authenticated GSC session,Authenticated Google Search Console Performance UI: last 7 days and last 28 complete days compared with previous 28 complete days. Exact migration-period API export is unavailable in the current property session.,2026-09-24
hair transplant results month by month,,,0,,5,,18,,,,,,MONITOR,/hair-transplant-bhubaneswar,"Strengthen the existing hair transplant owner with relevant internal links, results and decision content; do not create a keyword-variant URL.",P1,No direct migration-period export available in current authenticated GSC session,Authenticated Google Search Console Performance UI: last 7 days and last 28 complete days compared with previous 28 complete days. Exact migration-period API export is unavailable in the current property session.,2026-09-24
laser hair transplant,,,0,,5,,22.2,,,,,,MONITOR,/hair-transplant-bhubaneswar,"Strengthen the existing hair transplant owner with relevant internal links, results and decision content; do not create a keyword-variant URL.",P1,No direct migration-period export available in current authenticated GSC session,Authenticated Google Search Console Performance UI: last 7 days and last 28 complete days compared with previous 28 complete days. Exact migration-period API export is unavailable in the current property session.,2026-09-24
how long does it take for hair transplant to grow,,,0,,5,,47,,,,,,MONITOR,/hair-transplant-bhubaneswar,"Strengthen the existing hair transplant owner with relevant internal links, results and decision content; do not create a keyword-variant URL.",P1,No direct migration-period export available in current authenticated GSC session,Authenticated Google Search Console Performance UI: last 7 days and last 28 complete days compared with previous 28 complete days. Exact migration-period API export is unavailable in the current property session.,2026-09-24
hair transplant kalyan,,,0,,5,,49.4,,,,,,MONITOR,/hair-transplant-bhubaneswar,"Strengthen the existing hair transplant owner with relevant internal links, results and decision content; do not create a keyword-variant URL.",P1,No direct migration-period export available in current authenticated GSC session,Authenticated Google Search Console Performance UI: last 7 days and last 28 complete days compared with previous 28 complete days. Exact migration-period API export is unavailable in the current property session.,2026-09-24
traya hair clinic near me,,,0,,4,,2.5,,,,,,MONITOR,/hair-loss-clinic-bhubaneswar,"Strengthen the existing hair-loss owner with concern, guide and doctor-answer links; use URL Inspection only for a confirmed indexation question.",P1,No direct migration-period export available in current authenticated GSC session,Authenticated Google Search Console Performance UI: last 7 days and last 28 complete days compared with previous 28 complete days. Exact migration-period API export is unavailable in the current property session.,2026-09-24
hair transplant fue vs fut,,,0,,4,,27.5,,,,,,MONITOR,/treatments/hair-restoration/fue-hair-transplant,"Strengthen the existing hair transplant owner with relevant internal links, results and decision content; do not create a keyword-variant URL.",P1,No direct migration-period export available in current authenticated GSC session,Authenticated Google Search Console Performance UI: last 7 days and last 28 complete days compared with previous 28 complete days. Exact migration-period API export is unavailable in the current property session.,2026-09-24
hair transplant raipur,,,0,,4,,36.25,,,,,,MONITOR,/hair-transplant-bhubaneswar,"Strengthen the existing hair transplant owner with relevant internal links, results and decision content; do not create a keyword-variant URL.",P1,No direct migration-period export available in current authenticated GSC session,Authenticated Google Search Console Performance UI: last 7 days and last 28 complete days compared with previous 28 complete days. Exact migration-period API export is unavailable in the current property session.,2026-09-24
hair transplant in trichy,,,0,,4,,41.5,,,,,,MONITOR,/hair-transplant-bhubaneswar,"Strengthen the existing hair transplant owner with relevant internal links, results and decision content; do not create a keyword-variant URL.",P1,No direct migration-period export available in current authenticated GSC session,Authenticated Google Search Console Performance UI: last 7 days and last 28 complete days compared with previous 28 complete days. Exact migration-period API export is unavailable in the current property session.,2026-09-24
top hair transplant clinic in kolkata,,,0,,4,,43.75,,,,,,MONITOR,/hair-transplant-bhubaneswar,"Strengthen the existing hair transplant owner with relevant internal links, results and decision content; do not create a keyword-variant URL.",P1,No direct migration-period export available in current authenticated GSC session,Authenticated Google Search Console Performance UI: last 7 days and last 28 complete days compared with previous 28 complete days. Exact migration-period API export is unavailable in the current property session.,2026-09-24
fue hair transplant cost,,,0,,4,,49.75,,,,,,MONITOR,/treatments/hair-restoration/fue-hair-transplant,"Strengthen the existing hair transplant owner with relevant internal links, results and decision content; do not create a keyword-variant URL.",P1,No direct migration-period export available in current authenticated GSC session,Authenticated Google Search Console Performance UI: last 7 days and last 28 complete days compared with previous 28 complete days. Exact migration-period API export is unavailable in the current property session.,2026-09-24
body hair transplant to head,,,0,,4,,57.75,,,,,,MONITOR,/hair-transplant-bhubaneswar,"Strengthen the existing hair transplant owner with relevant internal links, results and decision content; do not create a keyword-variant URL.",P1,No direct migration-period export available in current authenticated GSC session,Authenticated Google Search Console Performance UI: last 7 days and last 28 complete days compared with previous 28 complete days. Exact migration-period API export is unavailable in the current property session.,2026-09-24
prp treatment in bhubaneswar,,,2,3,61,63,1.02,3.9,1.48,2,20,5.25,MONITOR,/treatments/hair-restoration/prp-gfc-scalp-therapy,Strengthen the existing PRP and GFC treatment page with related guides and doctor video context; do not create synonym pages.,P2,No direct migration-period export available in current authenticated GSC session,Authenticated Google Search Console Performance UI: last 7 days and last 28 complete days compared with previous 28 complete days. Exact migration-period API export is unavailable in the current property session.,2026-09-24
laser hair removal cost in bhubaneswar,,,2,0,35,37,14.14,21.11,-5.71,0,9,31.89,POSITION_DECLINE_REQUIRES_QUERY_PAGE_REVIEW,/hair-loss-clinic-bhubaneswar,"Strengthen the existing hair-loss owner with concern, guide and doctor-answer links; use URL Inspection only for a confirmed indexation question.",P2,No direct migration-period export available in current authenticated GSC session,Authenticated Google Search Console Performance UI: last 7 days and last 28 complete days compared with previous 28 complete days. Exact migration-period API export is unavailable in the current property session.,2026-09-24
hair treatment near me,,,2,0,28,15,7.36,10.33,-7.14,0,3,10.67,TRAFFIC_DECLINE_REQUIRES_QUERY_PAGE_REVIEW,/hair-loss-clinic-bhubaneswar,"Strengthen the existing hair-loss owner with concern, guide and doctor-answer links; use URL Inspection only for a confirmed indexation question.",P2,No direct migration-period export available in current authenticated GSC session,Authenticated Google Search Console Performance UI: last 7 days and last 28 complete days compared with previous 28 complete days. Exact migration-period API export is unavailable in the current property session.,2026-09-24
hair fall treatment near me,,,2,0,13,6,6.85,8.67,-15.38,0,1,8,TRAFFIC_DECLINE_REQUIRES_QUERY_PAGE_REVIEW,/hair-loss-clinic-bhubaneswar,"Strengthen the existing hair-loss owner with concern, guide and doctor-answer links; use URL Inspection only for a confirmed indexation question.",P2,No direct migration-period export available in current authenticated GSC session,Authenticated Google Search Console Performance UI: last 7 days and last 28 complete days compared with previous 28 complete days. Exact migration-period API export is unavailable in the current property session.,2026-09-24
hair treatment bhubaneswar,,,1,0,48,49,7.19,10.22,-2.08,0,13,12.46,POSITION_DECLINE_REQUIRES_QUERY_PAGE_REVIEW,/hair-loss-clinic-bhubaneswar,"Strengthen the existing hair-loss owner with concern, guide and doctor-answer links; use URL Inspection only for a confirmed indexation question.",P2,No direct migration-period export available in current authenticated GSC session,Authenticated Google Search Console Performance UI: last 7 days and last 28 complete days compared with previous 28 complete days. Exact migration-period API export is unavailable in the current property session.,2026-09-24
gfc hair treatment,,,1,0,146,28,32.19,23.25,-0.68,0,3,11,TRAFFIC_DECLINE_REQUIRES_QUERY_PAGE_REVIEW,/treatments/hair-restoration/prp-gfc-scalp-therapy,Strengthen the existing PRP and GFC treatment page with related guides and doctor video context; do not create synonym pages.,P2,No direct migration-period export available in current authenticated GSC session,Authenticated Google Search Console Performance UI: last 7 days and last 28 complete days compared with previous 28 complete days. Exact migration-period API export is unavailable in the current property session.,2026-09-24
berhampur hair treatment,,,1,0,10,16,6.7,6.69,-10,,,,MONITOR,/hair-loss-clinic-bhubaneswar,"Strengthen the existing hair-loss owner with concern, guide and doctor-answer links; use URL Inspection only for a confirmed indexation question.",P2,No direct migration-period export available in current authenticated GSC session,Authenticated Google Search Console Performance UI: last 7 days and last 28 complete days compared with previous 28 complete days. Exact migration-period API export is unavailable in the current property session.,2026-09-24
best hair dermatologist in bhubaneswar,,,1,1,19,11,3.32,3.91,3.83,0,5,2.4,MONITOR,/hair-loss-clinic-bhubaneswar,"Strengthen the existing hair-loss owner with concern, guide and doctor-answer links; use URL Inspection only for a confirmed indexation question.",P2,No direct migration-period export available in current authenticated GSC session,Authenticated Google Search Console Performance UI: last 7 days and last 28 complete days compared with previous 28 complete days. Exact migration-period API export is unavailable in the current property session.,2026-09-24
prp hair treatment in bhubaneswar,,,1,0,18,9,3.83,3.56,-5.56,0,5,3.8,TRAFFIC_DECLINE_REQUIRES_QUERY_PAGE_REVIEW,/treatments/hair-restoration/prp-gfc-scalp-therapy,Strengthen the existing PRP and GFC treatment page with related guides and doctor video context; do not create synonym pages.,P2,No direct migration-period export available in current authenticated GSC session,Authenticated Google Search Console Performance UI: last 7 days and last 28 complete days compared with previous 28 complete days. Exact migration-period API export is unavailable in the current property session.,2026-09-24
prp treatment cost in bhubaneswar,,,1,0,3,9,1.67,5.33,-33.33,0,1,1,POSITION_DECLINE_REQUIRES_QUERY_PAGE_REVIEW,/treatments/hair-restoration/prp-gfc-scalp-therapy,Strengthen the existing PRP and GFC treatment page with related guides and doctor video context; do not create synonym pages.,P2,No direct migration-period export available in current authenticated GSC session,Authenticated Google Search Console Performance UI: last 7 days and last 28 complete days compared with previous 28 complete days. Exact migration-period API export is unavailable in the current property session.,2026-09-24
best gfc treatment near me,,,1,0,10,4,5.7,5.5,-10,,,,TRAFFIC_DECLINE_REQUIRES_QUERY_PAGE_REVIEW,/treatments/hair-restoration/prp-gfc-scalp-therapy,Strengthen the existing PRP and GFC treatment page with related guides and doctor video context; do not create synonym pages.,P2,No direct migration-period export available in current authenticated GSC session,Authenticated Google Search Console Performance UI: last 7 days and last 28 complete days compared with previous 28 complete days. Exact migration-period API export is unavailable in the current property session.,2026-09-24
laser facial hair removal,,,1,0,2,3,1,5,-50,0,1,5,POSITION_DECLINE_REQUIRES_QUERY_PAGE_REVIEW,/hair-loss-clinic-bhubaneswar,"Strengthen the existing hair-loss owner with concern, guide and doctor-answer links; use URL Inspection only for a confirmed indexation question.",P2,No direct migration-period export available in current authenticated GSC session,Authenticated Google Search Console Performance UI: last 7 days and last 28 complete days compared with previous 28 complete days. Exact migration-period API export is unavailable in the current property session.,2026-09-24
which doctor to consult for hair fall,,,1,0,2,3,4,2,-50,,,,MONITOR,/hair-loss-clinic-bhubaneswar,"Strengthen the existing hair-loss owner with concern, guide and doctor-answer links; use URL Inspection only for a confirmed indexation question.",P2,No direct migration-period export available in current authenticated GSC session,Authenticated Google Search Console Performance UI: last 7 days and last 28 complete days compared with previous 28 complete days. Exact migration-period API export is unavailable in the current property session.,2026-09-24
best hair loss doctor near me,,,1,,3,,1,,,0,1,1,TRAFFIC_DECLINE_REQUIRES_QUERY_PAGE_REVIEW,/hair-loss-clinic-bhubaneswar,"Strengthen the existing hair-loss owner with concern, guide and doctor-answer links; use URL Inspection only for a confirmed indexation question.",P2,No direct migration-period export available in current authenticated GSC session,Authenticated Google Search Console Performance UI: last 7 days and last 28 complete days compared with previous 28 complete days. Exact migration-period API export is unavailable in the current property session.,2026-09-24
permanent hair removal,,,1,,51,,36.88,,,0,1,2,TRAFFIC_DECLINE_REQUIRES_QUERY_PAGE_REVIEW,/hair-loss-clinic-bhubaneswar,"Strengthen the existing hair-loss owner with concern, guide and doctor-answer links; use URL Inspection only for a confirmed indexation question.",P2,No direct migration-period export available in current authenticated GSC session,Authenticated Google Search Console Performance UI: last 7 days and last 28 complete days compared with previous 28 complete days. Exact migration-period API export is unavailable in the current property session.,2026-09-24
hair and skin doctor near me,,,1,,3,,5,,,,,,TRAFFIC_DECLINE_REQUIRES_QUERY_PAGE_REVIEW,/hair-loss-clinic-bhubaneswar,"Strengthen the existing hair-loss owner with concern, guide and doctor-answer links; use URL Inspection only for a confirmed indexation question.",P2,No direct migration-period export available in current authenticated GSC session,Authenticated Google Search Console Performance UI: last 7 days and last 28 complete days compared with previous 28 complete days. Exact migration-period API export is unavailable in the current property session.,2026-09-24
wig for women near me,,,1,,2,,5.5,,,,,,TRAFFIC_DECLINE_REQUIRES_QUERY_PAGE_REVIEW,/hair-loss-clinic-bhubaneswar,"Strengthen the existing hair-loss owner with concern, guide and doctor-answer links; use URL Inspection only for a confirmed indexation question.",P2,No direct migration-period export available in current authenticated GSC session,Authenticated Google Search Console Performance UI: last 7 days and last 28 complete days compared with previous 28 complete days. Exact migration-period API export is unavailable in the current property session.,2026-09-24
for hair,,,1,,4,,2,,,,,,TRAFFIC_DECLINE_REQUIRES_QUERY_PAGE_REVIEW,/hair-loss-clinic-bhubaneswar,"Strengthen the existing hair-loss owner with concern, guide and doctor-answer links; use URL Inspection only for a confirmed indexation question.",P2,No direct migration-period export available in current authenticated GSC session,Authenticated Google Search Console Performance UI: last 7 days and last 28 complete days compared with previous 28 complete days. Exact migration-period API export is unavailable in the current property session.,2026-09-24
laser hair removal treatments,,,1,,1,,1,,,,,,TRAFFIC_DECLINE_REQUIRES_QUERY_PAGE_REVIEW,/hair-loss-clinic-bhubaneswar,"Strengthen the existing hair-loss owner with concern, guide and doctor-answer links; use URL Inspection only for a confirmed indexation question.",P2,No direct migration-period export available in current authenticated GSC session,Authenticated Google Search Console Performance UI: last 7 days and last 28 complete days compared with previous 28 complete days. Exact migration-period API export is unavailable in the current property session.,2026-09-24
gfc treatment price in sri lanka,,,1,,1,,15,,,,,,TRAFFIC_DECLINE_REQUIRES_QUERY_PAGE_REVIEW,/treatments/hair-restoration/prp-gfc-scalp-therapy,Strengthen the existing PRP and GFC treatment page with related guides and doctor video context; do not create synonym pages.,P2,No direct migration-period export available in current authenticated GSC session,Authenticated Google Search Console Performance UI: last 7 days and last 28 complete days compared with previous 28 complete days. Exact migration-period API export is unavailable in the current property session.,2026-09-24
hair removal laser,,,0,0,1,95,54,1,0,0,5,1,CTR_PROBLEM,/hair-loss-clinic-bhubaneswar,Review the exact query-page snippet before changing a protected title or H1; preserve the established query owner unless evidence shows a mismatch.,P2,No direct migration-period export available in current authenticated GSC session,Authenticated Google Search Console Performance UI: last 7 days and last 28 complete days compared with previous 28 complete days. Exact migration-period API export is unavailable in the current property session.,2026-09-24
best hair treatment in bhubaneswar,,,0,1,96,88,7.61,8.26,1.14,0,18,9.78,MONITOR,/hair-loss-clinic-bhubaneswar,"Strengthen the existing hair-loss owner with concern, guide and doctor-answer links; use URL Inspection only for a confirmed indexation question.",P2,No direct migration-period export available in current authenticated GSC session,Authenticated Google Search Console Performance UI: last 7 days and last 28 complete days compared with previous 28 complete days. Exact migration-period API export is unavailable in the current property session.,2026-09-24
hair prp treatment in bhubaneswar,,,0,0,66,70,12.21,11.36,0,0,17,10.35,MONITOR,/treatments/hair-restoration/prp-gfc-scalp-therapy,Strengthen the existing PRP and GFC treatment page with related guides and doctor video context; do not create synonym pages.,P2,No direct migration-period export available in current authenticated GSC session,Authenticated Google Search Console Performance UI: last 7 days and last 28 complete days compared with previous 28 complete days. Exact migration-period API export is unavailable in the current property session.,2026-09-24
radiance hair and skin clinic,,,0,1,43,57,26,27.09,1.75,1,11,36.27,MONITOR,/,Preserve the homepage as the observed owner for this branded query and maintain clear links to the relevant hair treatment pathways.,P2,No direct migration-period export available in current authenticated GSC session,Authenticated Google Search Console Performance UI: last 7 days and last 28 complete days compared with previous 28 complete days. Exact migration-period API export is unavailable in the current property session.,2026-09-24
prp treatment,,,0,1,38,50,2.87,2.42,2,0,7,1.57,MONITOR,/treatments/hair-restoration/prp-gfc-scalp-therapy,Strengthen the existing PRP and GFC treatment page with related guides and doctor video context; do not create synonym pages.,P2,No direct migration-period export available in current authenticated GSC session,Authenticated Google Search Console Performance UI: last 7 days and last 28 complete days compared with previous 28 complete days. Exact migration-period API export is unavailable in the current property session.,2026-09-24
gfc ผม,,,0,0,51,50,34.33,36.44,0,,,,MONITOR,/treatments/hair-restoration/prp-gfc-scalp-therapy,Strengthen the existing PRP and GFC treatment page with related guides and doctor video context; do not create synonym pages.,P2,No direct migration-period export available in current authenticated GSC session,Authenticated Google Search Console Performance UI: last 7 days and last 28 complete days compared with previous 28 complete days. Exact migration-period API export is unavailable in the current property session.,2026-09-24
prp treatment for hair in bhubaneswar,,,0,0,39,48,6.87,5.52,0,0,15,4.93,MONITOR,/treatments/hair-restoration/prp-gfc-scalp-therapy,Strengthen the existing PRP and GFC treatment page with related guides and doctor video context; do not create synonym pages.,P2,No direct migration-period export available in current authenticated GSC session,Authenticated Google Search Console Performance UI: last 7 days and last 28 complete days compared with previous 28 complete days. Exact migration-period API export is unavailable in the current property session.,2026-09-24
best hair restoration in odisha,,,0,0,69,48,2.07,1.42,0,0,12,1.42,MONITOR,/hair-loss-clinic-bhubaneswar,"Strengthen the existing hair-loss owner with concern, guide and doctor-answer links; use URL Inspection only for a confirmed indexation question.",P2,No direct migration-period export available in current authenticated GSC session,Authenticated Google Search Console Performance UI: last 7 days and last 28 complete days compared with previous 28 complete days. Exact migration-period API export is unavailable in the current property session.,2026-09-24
บำรุงผม gfc,,,0,0,58,48,35.31,34.15,0,,,,MONITOR,/treatments/hair-restoration/prp-gfc-scalp-therapy,Strengthen the existing PRP and GFC treatment page with related guides and doctor video context; do not create synonym pages.,P2,No direct migration-period export available in current authenticated GSC session,Authenticated Google Search Console Performance UI: last 7 days and last 28 complete days compared with previous 28 complete days. Exact migration-period API export is unavailable in the current property session.,2026-09-24
best dermatologist in bhubaneswar for hair,,,0,0,49,44,2.82,2.8,0,0,18,2.67,MONITOR,/hair-loss-clinic-bhubaneswar,"Strengthen the existing hair-loss owner with concern, guide and doctor-answer links; use URL Inspection only for a confirmed indexation question.",P2,No direct migration-period export available in current authenticated GSC session,Authenticated Google Search Console Performance UI: last 7 days and last 28 complete days compared with previous 28 complete days. Exact migration-period API export is unavailable in the current property session.,2026-09-24
aft treatment for hair,,,0,0,32,44,8,7.36,0,0,15,7.67,MONITOR,/hair-loss-clinic-bhubaneswar,"Strengthen the existing hair-loss owner with concern, guide and doctor-answer links; use URL Inspection only for a confirmed indexation question.",P2,No direct migration-period export available in current authenticated GSC session,Authenticated Google Search Console Performance UI: last 7 days and last 28 complete days compared with previous 28 complete days. Exact migration-period API export is unavailable in the current property session.,2026-09-24
hair restoration in bhubaneswar,,,0,0,39,39,2.1,1.54,0,0,13,1.77,MONITOR,/hair-loss-clinic-bhubaneswar,"Strengthen the existing hair-loss owner with concern, guide and doctor-answer links; use URL Inspection only for a confirmed indexation question.",P2,No direct migration-period export available in current authenticated GSC session,Authenticated Google Search Console Performance UI: last 7 days and last 28 complete days compared with previous 28 complete days. Exact migration-period API export is unavailable in the current property session.,2026-09-24
laser hair removal near me,,,0,0,35,37,7.14,8.27,0,0,8,8.5,MONITOR,/hair-loss-clinic-bhubaneswar,"Strengthen the existing hair-loss owner with concern, guide and doctor-answer links; use URL Inspection only for a confirmed indexation question.",P2,No direct migration-period export available in current authenticated GSC session,Authenticated Google Search Console Performance UI: last 7 days and last 28 complete days compared with previous 28 complete days. Exact migration-period API export is unavailable in the current property session.,2026-09-24
best prp treatment in bhubaneswar,,,0,2,22,37,3.86,3.62,5.41,0,7,4,MONITOR,/treatments/hair-restoration/prp-gfc-scalp-therapy,Strengthen the existing PRP and GFC treatment page with related guides and doctor video context; do not create synonym pages.,P2,No direct migration-period export available in current authenticated GSC session,Authenticated Google Search Console Performance UI: last 7 days and last 28 complete days compared with previous 28 complete days. Exact migration-period API export is unavailable in the current property session.,2026-09-24
hair fall treatment in bhubaneswar,,,0,0,34,36,5.09,3.72,0,0,14,3.21,MONITOR,/hair-loss-clinic-bhubaneswar,"Strengthen the existing hair-loss owner with concern, guide and doctor-answer links; use URL Inspection only for a confirmed indexation question.",P2,No direct migration-period export available in current authenticated GSC session,Authenticated Google Search Console Performance UI: last 7 days and last 28 complete days compared with previous 28 complete days. Exact migration-period API export is unavailable in the current property session.,2026-09-24
gfc,,,0,0,48,35,27.27,26.83,0,,,,MONITOR,/treatments/hair-restoration/prp-gfc-scalp-therapy,Strengthen the existing PRP and GFC treatment page with related guides and doctor video context; do not create synonym pages.,P2,No direct migration-period export available in current authenticated GSC session,Authenticated Google Search Console Performance UI: last 7 days and last 28 complete days compared with previous 28 complete days. Exact migration-period API export is unavailable in the current property session.,2026-09-24
gfc treatment in bhubaneswar,,,0,1,10,34,3.1,3.41,2.94,0,7,3.57,MONITOR,/treatments/hair-restoration/prp-gfc-scalp-therapy,Strengthen the existing PRP and GFC treatment page with related guides and doctor video context; do not create synonym pages.,P2,No direct migration-period export available in current authenticated GSC session,Authenticated Google Search Console Performance UI: last 7 days and last 28 complete days compared with previous 28 complete days. Exact migration-period API export is unavailable in the current property session.,2026-09-24
radiance skin and hair care,,,0,0,28,34,41.54,53.79,0,0,3,68.33,POSITION_DECLINE_REQUIRES_QUERY_PAGE_REVIEW,/,Preserve the homepage as the observed owner for this branded query and maintain clear links to the relevant hair treatment pathways.,P2,No direct migration-period export available in current authenticated GSC session,Authenticated Google Search Console Performance UI: last 7 days and last 28 complete days compared with previous 28 complete days. Exact migration-period API export is unavailable in the current property session.,2026-09-24
laser hair removal treatment in bhubaneswar,,,0,0,23,32,11.74,8.59,0,0,9,9.33,MONITOR,/hair-loss-clinic-bhubaneswar,"Strengthen the existing hair-loss owner with concern, guide and doctor-answer links; use URL Inspection only for a confirmed indexation question.",P2,No direct migration-period export available in current authenticated GSC session,Authenticated Google Search Console Performance UI: last 7 days and last 28 complete days compared with previous 28 complete days. Exact migration-period API export is unavailable in the current property session.,2026-09-24
best hair treatment doctor in bhubaneswar,,,0,0,21,32,2.81,5.5,0,0,7,6.43,MONITOR,/hair-loss-clinic-bhubaneswar,"Strengthen the existing hair-loss owner with concern, guide and doctor-answer links; use URL Inspection only for a confirmed indexation question.",P2,No direct migration-period export available in current authenticated GSC session,Authenticated Google Search Console Performance UI: last 7 days and last 28 complete days compared with previous 28 complete days. Exact migration-period API export is unavailable in the current property session.,2026-09-24
scarring alopecia,,,0,0,44,32,88.09,91.44,0,,,,POSITION_DECLINE_REQUIRES_QUERY_PAGE_REVIEW,/alopecia-areata-treatment-bhubaneswar,"Strengthen the existing hair-loss owner with concern, guide and doctor-answer links; use URL Inspection only for a confirmed indexation question.",P2,No direct migration-period export available in current authenticated GSC session,Authenticated Google Search Console Performance UI: last 7 days and last 28 complete days compared with previous 28 complete days. Exact migration-period API export is unavailable in the current property session.,2026-09-24
laser for hair removal,,,0,0,0,31,0,1.35,0,0,1,1,NEW_QUERY_DISCOVERY,/hair-loss-clinic-bhubaneswar,"Strengthen the existing hair-loss owner with concern, guide and doctor-answer links; use URL Inspection only for a confirmed indexation question.",P2,No direct migration-period export available in current authenticated GSC session,Authenticated Google Search Console Performance UI: last 7 days and last 28 complete days compared with previous 28 complete days. Exact migration-period API export is unavailable in the current property session.,2026-09-24
best doctor for hair treatment in bhubaneswar,,,0,1,9,30,6.67,12.4,3.33,0,14,18.43,POSITION_DECLINE_REQUIRES_QUERY_PAGE_REVIEW,/hair-loss-clinic-bhubaneswar,"Strengthen the existing hair-loss owner with concern, guide and doctor-answer links; use URL Inspection only for a confirmed indexation question.",P2,No direct migration-period export available in current authenticated GSC session,Authenticated Google Search Console Performance UI: last 7 days and last 28 complete days compared with previous 28 complete days. Exact migration-period API export is unavailable in the current property session.,2026-09-24
hair fall doctor near me,,,0,0,21,30,8,8.47,0,0,9,9.67,MONITOR,/hair-loss-clinic-bhubaneswar,"Strengthen the existing hair-loss owner with concern, guide and doctor-answer links; use URL Inspection only for a confirmed indexation question.",P2,No direct migration-period export available in current authenticated GSC session,Authenticated Google Search Console Performance UI: last 7 days and last 28 complete days compared with previous 28 complete days. Exact migration-period API export is unavailable in the current property session.,2026-09-24
hair rejuvenation treatment,,,0,0,50,30,57.3,66.73,0,,,,POSITION_DECLINE_REQUIRES_QUERY_PAGE_REVIEW,/hair-loss-clinic-bhubaneswar,"Strengthen the existing hair-loss owner with concern, guide and doctor-answer links; use URL Inspection only for a confirmed indexation question.",P2,No direct migration-period export available in current authenticated GSC session,Authenticated Google Search Console Performance UI: last 7 days and last 28 complete days compared with previous 28 complete days. Exact migration-period API export is unavailable in the current property session.,2026-09-24
platelet rich plasma in hair treatment in bhubaneswar,,,0,0,31,29,34.45,30.31,0,0,7,27.57,MONITOR,/hair-loss-clinic-bhubaneswar,"Strengthen the existing hair-loss owner with concern, guide and doctor-answer links; use URL Inspection only for a confirmed indexation question.",P2,No direct migration-period export available in current authenticated GSC session,Authenticated Google Search Console Performance UI: last 7 days and last 28 complete days compared with previous 28 complete days. Exact migration-period API export is unavailable in the current property session.,2026-09-24
radiance hair and sk,,,0,0,54,29,48.87,52.93,0,0,7,51.71,POSITION_DECLINE_REQUIRES_QUERY_PAGE_REVIEW,/,Preserve the homepage as the observed owner for this branded query and maintain clear links to the relevant hair treatment pathways.,P2,No direct migration-period export available in current authenticated GSC session,Authenticated Google Search Console Performance UI: last 7 days and last 28 complete days compared with previous 28 complete days. Exact migration-period API export is unavailable in the current property session.,2026-09-24
hair treatment berhampur,,,0,1,17,29,5.53,5.55,3.45,,,,MONITOR,/hair-loss-clinic-bhubaneswar,"Strengthen the existing hair-loss owner with concern, guide and doctor-answer links; use URL Inspection only for a confirmed indexation question.",P2,No direct migration-period export available in current authenticated GSC session,Authenticated Google Search Console Performance UI: last 7 days and last 28 complete days compared with previous 28 complete days. Exact migration-period API export is unavailable in the current property session.,2026-09-24
best hair fall doctor in bhubaneswar,,,0,1,8,28,3.88,3.82,3.57,0,7,1,MONITOR,/hair-loss-clinic-bhubaneswar,"Strengthen the existing hair-loss owner with concern, guide and doctor-answer links; use URL Inspection only for a confirmed indexation question.",P2,No direct migration-period export available in current authenticated GSC session,Authenticated Google Search Console Performance UI: last 7 days and last 28 complete days compared with previous 28 complete days. Exact migration-period API export is unavailable in the current property session.,2026-09-24
hair treatment in kolkata,,,0,0,57,25,23.58,12.88,0,,,,MONITOR,/hair-loss-clinic-bhubaneswar,"Strengthen the existing hair-loss owner with concern, guide and doctor-answer links; use URL Inspection only for a confirmed indexation question.",P2,No direct migration-period export available in current authenticated GSC session,Authenticated Google Search Console Performance UI: last 7 days and last 28 complete days compared with previous 28 complete days. Exact migration-period API export is unavailable in the current property session.,2026-09-24
is laser hair removal permanent,,,0,0,57,25,25.19,31.44,0,,,,POSITION_DECLINE_REQUIRES_QUERY_PAGE_REVIEW,/hair-loss-clinic-bhubaneswar,"Strengthen the existing hair-loss owner with concern, guide and doctor-answer links; use URL Inspection only for a confirmed indexation question.",P2,No direct migration-period export available in current authenticated GSC session,Authenticated Google Search Console Performance UI: last 7 days and last 28 complete days compared with previous 28 complete days. Exact migration-period API export is unavailable in the current property session.,2026-09-24
hair dermatologist near me,,,0,0,31,24,7.65,8.96,0,0,3,10.67,MONITOR,/hair-loss-clinic-bhubaneswar,"Strengthen the existing hair-loss owner with concern, guide and doctor-answer links; use URL Inspection only for a confirmed indexation question.",P2,No direct migration-period export available in current authenticated GSC session,Authenticated Google Search Console Performance UI: last 7 days and last 28 complete days compared with previous 28 complete days. Exact migration-period API export is unavailable in the current property session.,2026-09-24
best hair treatment clinic in bhubaneswar,,,0,1,13,23,7,6.43,4.35,0,3,8.33,MONITOR,/hair-loss-clinic-bhubaneswar,"Strengthen the existing hair-loss owner with concern, guide and doctor-answer links; use URL Inspection only for a confirmed indexation question.",P2,No direct migration-period export available in current authenticated GSC session,Authenticated Google Search Console Performance UI: last 7 days and last 28 complete days compared with previous 28 complete days. Exact migration-period API export is unavailable in the current property session.,2026-09-24
gfc treatment for hair loss,,,0,0,13,22,11,13.18,0,,,,MONITOR,/treatments/hair-restoration/prp-gfc-scalp-therapy,Strengthen the existing PRP and GFC treatment page with related guides and doctor video context; do not create synonym pages.,P2,No direct migration-period export available in current authenticated GSC session,Authenticated Google Search Console Performance UI: last 7 days and last 28 complete days compared with previous 28 complete days. Exact migration-period API export is unavailable in the current property session.,2026-09-24
best laser hair removal in bhubaneswar,,,0,1,15,21,4.2,4.29,4.76,0,10,1.3,MONITOR,/hair-loss-clinic-bhubaneswar,"Strengthen the existing hair-loss owner with concern, guide and doctor-answer links; use URL Inspection only for a confirmed indexation question.",P2,No direct migration-period export available in current authenticated GSC session,Authenticated Google Search Console Performance UI: last 7 days and last 28 complete days compared with previous 28 complete days. Exact migration-period API export is unavailable in the current property session.,2026-09-24
gfc therapy,,,0,0,43,21,13.26,11,0,,,,MONITOR,/treatments/hair-restoration/prp-gfc-scalp-therapy,Strengthen the existing PRP and GFC treatment page with related guides and doctor video context; do not create synonym pages.,P2,No direct migration-period export available in current authenticated GSC session,Authenticated Google Search Console Performance UI: last 7 days and last 28 complete days compared with previous 28 complete days. Exact migration-period API export is unavailable in the current property session.,2026-09-24
hair laser removal,,,0,1,0,20,0,2.1,5,1,2,9,NEW_QUERY_DISCOVERY,/hair-loss-clinic-bhubaneswar,"Strengthen the existing hair-loss owner with concern, guide and doctor-answer links; use URL Inspection only for a confirmed indexation question.",P2,No direct migration-period export available in current authenticated GSC session,Authenticated Google Search Console Performance UI: last 7 days and last 28 complete days compared with previous 28 complete days. Exact migration-period API export is unavailable in the current property session.,2026-09-24
hair fall treatment,,,0,0,18,20,2.61,3.25,0,0,3,3,MONITOR,/hair-loss-clinic-bhubaneswar,"Strengthen the existing hair-loss owner with concern, guide and doctor-answer links; use URL Inspection only for a confirmed indexation question.",P2,No direct migration-period export available in current authenticated GSC session,Authenticated Google Search Console Performance UI: last 7 days and last 28 complete days compared with previous 28 complete days. Exact migration-period API export is unavailable in the current property session.,2026-09-24
gfc meaning hair,,,0,0,28,20,7.96,7.5,0,,,,MONITOR,/treatments/hair-restoration/prp-gfc-scalp-therapy,Strengthen the existing PRP and GFC treatment page with related guides and doctor video context; do not create synonym pages.,P2,No direct migration-period export available in current authenticated GSC session,Authenticated Google Search Console Performance UI: last 7 days and last 28 complete days compared with previous 28 complete days. Exact migration-period API export is unavailable in the current property session.,2026-09-24
hair dermatologist in bhubaneswar,,,0,0,18,19,7.17,4.16,0,0,7,5,MONITOR,/hair-loss-clinic-bhubaneswar,"Strengthen the existing hair-loss owner with concern, guide and doctor-answer links; use URL Inspection only for a confirmed indexation question.",P2,No direct migration-period export available in current authenticated GSC session,Authenticated Google Search Console Performance UI: last 7 days and last 28 complete days compared with previous 28 complete days. Exact migration-period API export is unavailable in the current property session.,2026-09-24
prp treatment for hair,,,0,0,16,19,2.56,1.68,0,0,2,1,MONITOR,/treatments/hair-restoration/prp-gfc-scalp-therapy,Strengthen the existing PRP and GFC treatment page with related guides and doctor video context; do not create synonym pages.,P2,No direct migration-period export available in current authenticated GSC session,Authenticated Google Search Console Performance UI: last 7 days and last 28 complete days compared with previous 28 complete days. Exact migration-period API export is unavailable in the current property session.,2026-09-24
hair treatment,,,0,0,13,19,9,8.79,0,,,,MONITOR,/hair-loss-clinic-bhubaneswar,"Strengthen the existing hair-loss owner with concern, guide and doctor-answer links; use URL Inspection only for a confirmed indexation question.",P2,No direct migration-period export available in current authenticated GSC session,Authenticated Google Search Console Performance UI: last 7 days and last 28 complete days compared with previous 28 complete days. Exact migration-period API export is unavailable in the current property session.,2026-09-24
what is bio hair,,,0,0,63,19,10.14,9.05,0,,,,MONITOR,/hair-loss-clinic-bhubaneswar,"Strengthen the existing hair-loss owner with concern, guide and doctor-answer links; use URL Inspection only for a confirmed indexation question.",P2,No direct migration-period export available in current authenticated GSC session,Authenticated Google Search Console Performance UI: last 7 days and last 28 complete days compared with previous 28 complete days. Exact migration-period API export is unavailable in the current property session.,2026-09-24
best doctor for hair loss treatment in bhubaneswar,,,0,0,0,18,0,7.67,0,0,11,7.73,NEW_QUERY_DISCOVERY,/hair-loss-clinic-bhubaneswar,"Strengthen the existing hair-loss owner with concern, guide and doctor-answer links; use URL Inspection only for a confirmed indexation question.",P2,No direct migration-period export available in current authenticated GSC session,Authenticated Google Search Console Performance UI: last 7 days and last 28 complete days compared with previous 28 complete days. Exact migration-period API export is unavailable in the current property session.,2026-09-24
hair treatment doctor near me,,,0,0,19,18,6.95,7.72,0,0,5,3.8,MONITOR,/hair-loss-clinic-bhubaneswar,"Strengthen the existing hair-loss owner with concern, guide and doctor-answer links; use URL Inspection only for a confirmed indexation question.",P2,No direct migration-period export available in current authenticated GSC session,Authenticated Google Search Console Performance UI: last 7 days and last 28 complete days compared with previous 28 complete days. Exact migration-period API export is unavailable in the current property session.,2026-09-24
prp hair treatment,,,0,0,23,17,5.7,2,0,0,4,1.75,MONITOR,/treatments/hair-restoration/prp-gfc-scalp-therapy,Strengthen the existing PRP and GFC treatment page with related guides and doctor video context; do not create synonym pages.,P2,No direct migration-period export available in current authenticated GSC session,Authenticated Google Search Console Performance UI: last 7 days and last 28 complete days compared with previous 28 complete days. Exact migration-period API export is unavailable in the current property session.,2026-09-24
prp treatment bhubaneswar,,,0,0,15,16,1.67,2.38,0,0,5,5.2,MONITOR,/treatments/hair-restoration/prp-gfc-scalp-therapy,Strengthen the existing PRP and GFC treatment page with related guides and doctor video context; do not create synonym pages.,P2,No direct migration-period export available in current authenticated GSC session,Authenticated Google Search Console Performance UI: last 7 days and last 28 complete days compared with previous 28 complete days. Exact migration-period API export is unavailable in the current property session.,2026-09-24
bio hair,,,0,0,31,16,10.55,10.19,0,,,,MONITOR,/hair-loss-clinic-bhubaneswar,"Strengthen the existing hair-loss owner with concern, guide and doctor-answer links; use URL Inspection only for a confirmed indexation question.",P2,No direct migration-period export available in current authenticated GSC session,Authenticated Google Search Console Performance UI: last 7 days and last 28 complete days compared with previous 28 complete days. Exact migration-period API export is unavailable in the current property session.,2026-09-24
prp hair treatment near me,,,0,0,23,16,24.57,19.5,0,,,,MONITOR,/treatments/hair-restoration/prp-gfc-scalp-therapy,Strengthen the existing PRP and GFC treatment page with related guides and doctor video context; do not create synonym pages.,P2,No direct migration-period export available in current authenticated GSC session,Authenticated Google Search Console Performance UI: last 7 days and last 28 complete days compared with previous 28 complete days. Exact migration-period API export is unavailable in the current property session.,2026-09-24
laser hair reduction treatment,,,0,1,7,15,39,31.4,6.67,1,11,40.82,MONITOR,/hair-loss-clinic-bhubaneswar,"Strengthen the existing hair-loss owner with concern, guide and doctor-answer links; use URL Inspection only for a confirmed indexation question.",P2,No direct migration-period export available in current authenticated GSC session,Authenticated Google Search Console Performance UI: last 7 days and last 28 complete days compared with previous 28 complete days. Exact migration-period API export is unavailable in the current property session.,2026-09-24
chest hair restoration in kolkata,,,0,0,25,15,40.52,37.93,0,,,,MONITOR,/hair-loss-clinic-bhubaneswar,"Strengthen the existing hair-loss owner with concern, guide and doctor-answer links; use URL Inspection only for a confirmed indexation question.",P2,No direct migration-period export available in current authenticated GSC session,Authenticated Google Search Console Performance UI: last 7 days and last 28 complete days compared with previous 28 complete days. Exact migration-period API export is unavailable in the current property session.,2026-09-24
growth factor hair,,,0,0,25,15,60.88,53.8,0,,,,MONITOR,/hair-loss-clinic-bhubaneswar,"Strengthen the existing hair-loss owner with concern, guide and doctor-answer links; use URL Inspection only for a confirmed indexation question.",P2,No direct migration-period export available in current authenticated GSC session,Authenticated Google Search Console Performance UI: last 7 days and last 28 complete days compared with previous 28 complete days. Exact migration-period API export is unavailable in the current property session.,2026-09-24
hair fall doctor,,,0,0,19,14,8.74,7.29,0,0,2,11,MONITOR,/hair-loss-clinic-bhubaneswar,"Strengthen the existing hair-loss owner with concern, guide and doctor-answer links; use URL Inspection only for a confirmed indexation question.",P2,No direct migration-period export available in current authenticated GSC session,Authenticated Google Search Console Performance UI: last 7 days and last 28 complete days compared with previous 28 complete days. Exact migration-period API export is unavailable in the current property session.,2026-09-24
waxing vs laser hair reduction,,,0,0,13,14,21.85,16.14,0,,,,MONITOR,/hair-loss-clinic-bhubaneswar,"Strengthen the existing hair-loss owner with concern, guide and doctor-answer links; use URL Inspection only for a confirmed indexation question.",P2,No direct migration-period export available in current authenticated GSC session,Authenticated Google Search Console Performance UI: last 7 days and last 28 complete days compared with previous 28 complete days. Exact migration-period API export is unavailable in the current property session.,2026-09-24
scalp micropigmentation clinic,,,0,0,27,14,18.11,18.79,0,,,,MONITOR,/concerns/hair-loss-scalp/dandruff,"Strengthen the existing hair-loss owner with concern, guide and doctor-answer links; use URL Inspection only for a confirmed indexation question.",P2,No direct migration-period export available in current authenticated GSC session,Authenticated Google Search Console Performance UI: last 7 days and last 28 complete days compared with previous 28 complete days. Exact migration-period API export is unavailable in the current property session.,2026-09-24
growth factor concentrate for hair,,,0,0,35,14,24.8,23.5,0,,,,MONITOR,/hair-loss-clinic-bhubaneswar,"Strengthen the existing hair-loss owner with concern, guide and doctor-answer links; use URL Inspection only for a confirmed indexation question.",P2,No direct migration-period export available in current authenticated GSC session,Authenticated Google Search Console Performance UI: last 7 days and last 28 complete days compared with previous 28 complete days. Exact migration-period API export is unavailable in the current property session.,2026-09-24
diode laser hair removal in newtown,,,0,0,25,14,39.8,50.21,0,,,,POSITION_DECLINE_REQUIRES_QUERY_PAGE_REVIEW,/hair-loss-clinic-bhubaneswar,"Strengthen the existing hair-loss owner with concern, guide and doctor-answer links; use URL Inspection only for a confirmed indexation question.",P2,No direct migration-period export available in current authenticated GSC session,Authenticated Google Search Console Performance UI: last 7 days and last 28 complete days compared with previous 28 complete days. Exact migration-period API export is unavailable in the current property session.,2026-09-24
hair regrowth therapy,,,0,0,22,14,79.05,78.5,0,,,,MONITOR,/hair-loss-clinic-bhubaneswar,"Strengthen the existing hair-loss owner with concern, guide and doctor-answer links; use URL Inspection only for a confirmed indexation question.",P2,No direct migration-period export available in current authenticated GSC session,Authenticated Google Search Console Performance UI: last 7 days and last 28 complete days compared with previous 28 complete days. Exact migration-period API export is unavailable in the current property session.,2026-09-24
hair treatment doctor,,,0,0,3,13,9.67,4.92,0,0,1,10,MONITOR,/hair-loss-clinic-bhubaneswar,"Strengthen the existing hair-loss owner with concern, guide and doctor-answer links; use URL Inspection only for a confirmed indexation question.",P2,No direct migration-period export available in current authenticated GSC session,Authenticated Google Search Console Performance UI: last 7 days and last 28 complete days compared with previous 28 complete days. Exact migration-period API export is unavailable in the current property session.,2026-09-24
hair botox treatment price in bhubaneswar,,,0,0,12,13,4.25,7.85,0,,,,POSITION_DECLINE_REQUIRES_QUERY_PAGE_REVIEW,/hair-loss-clinic-bhubaneswar,"Strengthen the existing hair-loss owner with concern, guide and doctor-answer links; use URL Inspection only for a confirmed indexation question.",P2,No direct migration-period export available in current authenticated GSC session,Authenticated Google Search Console Performance UI: last 7 days and last 28 complete days compared with previous 28 complete days. Exact migration-period API export is unavailable in the current property session.,2026-09-24
bio treatment for hair,,,0,0,43,13,9.21,9,0,,,,MONITOR,/hair-loss-clinic-bhubaneswar,"Strengthen the existing hair-loss owner with concern, guide and doctor-answer links; use URL Inspection only for a confirmed indexation question.",P2,No direct migration-period export available in current authenticated GSC session,Authenticated Google Search Console Performance UI: last 7 days and last 28 complete days compared with previous 28 complete days. Exact migration-period API export is unavailable in the current property session.,2026-09-24
hair treatment kolkata,,,0,0,52,13,8.08,10.08,0,,,,MONITOR,/hair-loss-clinic-bhubaneswar,"Strengthen the existing hair-loss owner with concern, guide and doctor-answer links; use URL Inspection only for a confirmed indexation question.",P2,No direct migration-period export available in current authenticated GSC session,Authenticated Google Search Console Performance UI: last 7 days and last 28 complete days compared with previous 28 complete days. Exact migration-period API export is unavailable in the current property session.,2026-09-24
hair treatment clinic in kolkata,,,0,0,30,13,36.57,35.08,0,,,,MONITOR,/hair-loss-clinic-bhubaneswar,"Strengthen the existing hair-loss owner with concern, guide and doctor-answer links; use URL Inspection only for a confirmed indexation question.",P2,No direct migration-period export available in current authenticated GSC session,Authenticated Google Search Console Performance UI: last 7 days and last 28 complete days compared with previous 28 complete days. Exact migration-period API export is unavailable in the current property session.,2026-09-24
hair growth factor treatment,,,0,0,23,13,34.83,38.69,0,,,,POSITION_DECLINE_REQUIRES_QUERY_PAGE_REVIEW,/hair-loss-clinic-bhubaneswar,"Strengthen the existing hair-loss owner with concern, guide and doctor-answer links; use URL Inspection only for a confirmed indexation question.",P2,No direct migration-period export available in current authenticated GSC session,Authenticated Google Search Console Performance UI: last 7 days and last 28 complete days compared with previous 28 complete days. Exact migration-period API export is unavailable in the current property session.,2026-09-24
beard transplant clinic in kolkata,,,0,0,30,13,46.2,42.69,0,,,,MONITOR,/concerns/hair-transplant/beard-transplant,"Strengthen the existing hair transplant owner with relevant internal links, results and decision content; do not create a keyword-variant URL.",P2,No direct migration-period export available in current authenticated GSC session,Authenticated Google Search Console Performance UI: last 7 days and last 28 complete days compared with previous 28 complete days. Exact migration-period API export is unavailable in the current property session.,2026-09-24
scarring hair loss,,,0,0,25,13,76.56,80.31,0,,,,POSITION_DECLINE_REQUIRES_QUERY_PAGE_REVIEW,/hair-loss-clinic-bhubaneswar,"Strengthen the existing hair-loss owner with concern, guide and doctor-answer links; use URL Inspection only for a confirmed indexation question.",P2,No direct migration-period export available in current authenticated GSC session,Authenticated Google Search Console Performance UI: last 7 days and last 28 complete days compared with previous 28 complete days. Exact migration-period API export is unavailable in the current property session.,2026-09-24
dermatologist for hair loss near me,,,0,0,9,12,8.11,5.5,0,0,4,3.75,MONITOR,/hair-loss-clinic-bhubaneswar,"Strengthen the existing hair-loss owner with concern, guide and doctor-answer links; use URL Inspection only for a confirmed indexation question.",P2,No direct migration-period export available in current authenticated GSC session,Authenticated Google Search Console Performance UI: last 7 days and last 28 complete days compared with previous 28 complete days. Exact migration-period API export is unavailable in the current property session.,2026-09-24
lazer hair removal,,,0,0,3,12,1,1,0,0,1,1,MONITOR,/hair-loss-clinic-bhubaneswar,"Strengthen the existing hair-loss owner with concern, guide and doctor-answer links; use URL Inspection only for a confirmed indexation question.",P2,No direct migration-period export available in current authenticated GSC session,Authenticated Google Search Console Performance UI: last 7 days and last 28 complete days compared with previous 28 complete days. Exact migration-period API export is unavailable in the current property session.,2026-09-24
laser hair remover,,,0,0,3,12,4.67,1,0,,,,MONITOR,/hair-loss-clinic-bhubaneswar,"Strengthen the existing hair-loss owner with concern, guide and doctor-answer links; use URL Inspection only for a confirmed indexation question.",P2,No direct migration-period export available in current authenticated GSC session,Authenticated Google Search Console Performance UI: last 7 days and last 28 complete days compared with previous 28 complete days. Exact migration-period API export is unavailable in the current property session.,2026-09-24
hair treatment sambalpur,,,0,0,8,12,9,9.83,0,,,,MONITOR,/hair-loss-clinic-bhubaneswar,"Strengthen the existing hair-loss owner with concern, guide and doctor-answer links; use URL Inspection only for a confirmed indexation question.",P2,No direct migration-period export available in current authenticated GSC session,Authenticated Google Search Console Performance UI: last 7 days and last 28 complete days compared with previous 28 complete days. Exact migration-period API export is unavailable in the current property session.,2026-09-24
waxing and laser hair removal,,,0,0,0,12,0,16.08,0,,,,NEW_QUERY_DISCOVERY,/hair-loss-clinic-bhubaneswar,"Strengthen the existing hair-loss owner with concern, guide and doctor-answer links; use URL Inspection only for a confirmed indexation question.",P2,No direct migration-period export available in current authenticated GSC session,Authenticated Google Search Console Performance UI: last 7 days and last 28 complete days compared with previous 28 complete days. Exact migration-period API export is unavailable in the current property session.,2026-09-24
hair tansplant,,,0,0,10,11,17.4,17.36,0,0,2,9.5,MONITOR,/hair-loss-clinic-bhubaneswar,"Strengthen the existing hair-loss owner with concern, guide and doctor-answer links; use URL Inspection only for a confirmed indexation question.",P2,No direct migration-period export available in current authenticated GSC session,Authenticated Google Search Console Performance UI: last 7 days and last 28 complete days compared with previous 28 complete days. Exact migration-period API export is unavailable in the current property session.,2026-09-24
electrolysis hair removal near me,,,0,0,7,11,6.86,8.27,0,0,1,11,MONITOR,/hair-loss-clinic-bhubaneswar,"Strengthen the existing hair-loss owner with concern, guide and doctor-answer links; use URL Inspection only for a confirmed indexation question.",P2,No direct migration-period export available in current authenticated GSC session,Authenticated Google Search Console Performance UI: last 7 days and last 28 complete days compared with previous 28 complete days. Exact migration-period API export is unavailable in the current property session.,2026-09-24
gfc therapy for hair,,,0,0,12,11,15.83,9.45,0,,,,MONITOR,/treatments/hair-restoration/prp-gfc-scalp-therapy,Strengthen the existing PRP and GFC treatment page with related guides and doctor video context; do not create synonym pages.,P2,No direct migration-period export available in current authenticated GSC session,Authenticated Google Search Console Performance UI: last 7 days and last 28 complete days compared with previous 28 complete days. Exact migration-period API export is unavailable in the current property session.,2026-09-24
what is gfc treatment,,,0,0,2,11,9,11.55,0,,,,MONITOR,/treatments/hair-restoration/prp-gfc-scalp-therapy,Strengthen the existing PRP and GFC treatment page with related guides and doctor video context; do not create synonym pages.,P2,No direct migration-period export available in current authenticated GSC session,Authenticated Google Search Console Performance UI: last 7 days and last 28 complete days compared with previous 28 complete days. Exact migration-period API export is unavailable in the current property session.,2026-09-24
hair ka doctor,,,0,0,15,11,15.07,15.55,0,,,,MONITOR,/hair-loss-clinic-bhubaneswar,"Strengthen the existing hair-loss owner with concern, guide and doctor-answer links; use URL Inspection only for a confirmed indexation question.",P2,No direct migration-period export available in current authenticated GSC session,Authenticated Google Search Console Performance UI: last 7 days and last 28 complete days compared with previous 28 complete days. Exact migration-period API export is unavailable in the current property session.,2026-09-24
prp treatment near me,,,0,1,10,10,6.8,4.8,10,1,5,4,MONITOR,/treatments/hair-restoration/prp-gfc-scalp-therapy,Strengthen the existing PRP and GFC treatment page with related guides and doctor video context; do not create synonym pages.,P2,No direct migration-period export available in current authenticated GSC session,Authenticated Google Search Console Performance UI: last 7 days and last 28 complete days compared with previous 28 complete days. Exact migration-period API export is unavailable in the current property session.,2026-09-24
laser hair reduction,,,0,0,20,10,50.4,18.7,0,0,2,7.5,MONITOR,/hair-loss-clinic-bhubaneswar,"Strengthen the existing hair-loss owner with concern, guide and doctor-answer links; use URL Inspection only for a confirmed indexation question.",P2,No direct migration-period export available in current authenticated GSC session,Authenticated Google Search Console Performance UI: last 7 days and last 28 complete days compared with previous 28 complete days. Exact migration-period API export is unavailable in the current property session.,2026-09-24
gfc hair treatment near me,,,0,0,6,10,7,14.4,0,0,2,8,POSITION_DECLINE_REQUIRES_QUERY_PAGE_REVIEW,/treatments/hair-restoration/prp-gfc-scalp-therapy,Strengthen the existing PRP and GFC treatment page with related guides and doctor video context; do not create synonym pages.,P2,No direct migration-period export available in current authenticated GSC session,Authenticated Google Search Console Performance UI: last 7 days and last 28 complete days compared with previous 28 complete days. Exact migration-period API export is unavailable in the current property session.,2026-09-24
laser removal of hair,,,0,0,1,10,10,1,0,0,1,1,MONITOR,/hair-loss-clinic-bhubaneswar,"Strengthen the existing hair-loss owner with concern, guide and doctor-answer links; use URL Inspection only for a confirmed indexation question.",P2,No direct migration-period export available in current authenticated GSC session,Authenticated Google Search Console Performance UI: last 7 days and last 28 complete days compared with previous 28 complete days. Exact migration-period API export is unavailable in the current property session.,2026-09-24
wig shop bhubaneswar,,,0,0,12,10,5.17,7.1,0,,,,MONITOR,/hair-loss-clinic-bhubaneswar,"Strengthen the existing hair-loss owner with concern, guide and doctor-answer links; use URL Inspection only for a confirmed indexation question.",P2,No direct migration-period export available in current authenticated GSC session,Authenticated Google Search Console Performance UI: last 7 days and last 28 complete days compared with previous 28 complete days. Exact migration-period API export is unavailable in the current property session.,2026-09-24
what is gfc,,,0,0,39,10,13.69,16,0,,,,MONITOR,/treatments/hair-restoration/prp-gfc-scalp-therapy,Strengthen the existing PRP and GFC treatment page with related guides and doctor video context; do not create synonym pages.,P2,No direct migration-period export available in current authenticated GSC session,Authenticated Google Search Console Performance UI: last 7 days and last 28 complete days compared with previous 28 complete days. Exact migration-period API export is unavailable in the current property session.,2026-09-24
hair loss affecting confidence,,,0,0,23,10,16.52,16.9,0,,,,MONITOR,/hair-loss-clinic-bhubaneswar,"Strengthen the existing hair-loss owner with concern, guide and doctor-answer links; use URL Inspection only for a confirmed indexation question.",P2,No direct migration-period export available in current authenticated GSC session,Authenticated Google Search Console Performance UI: last 7 days and last 28 complete days compared with previous 28 complete days. Exact migration-period API export is unavailable in the current property session.,2026-09-24
how many sessions of prp are usually needed,,,0,0,23,10,49.17,50.5,0,,,,MONITOR,/treatments/hair-restoration/prp-gfc-scalp-therapy,Strengthen the existing PRP and GFC treatment page with related guides and doctor video context; do not create synonym pages.,P2,No direct migration-period export available in current authenticated GSC session,Authenticated Google Search Console Performance UI: last 7 days and last 28 complete days compared with previous 28 complete days. Exact migration-period API export is unavailable in the current property session.,2026-09-24
strands of meaning: hair and the making of the self,,,0,0,0,10,0,92.1,0,,,,NEW_QUERY_DISCOVERY,/hair-loss-clinic-bhubaneswar,"Strengthen the existing hair-loss owner with concern, guide and doctor-answer links; use URL Inspection only for a confirmed indexation question.",P2,No direct migration-period export available in current authenticated GSC session,Authenticated Google Search Console Performance UI: last 7 days and last 28 complete days compared with previous 28 complete days. Exact migration-period API export is unavailable in the current property session.,2026-09-24
best dermatologist for hair in bhubaneswar,,,0,1,1,9,3,2.56,11.11,0,3,2.33,MONITOR,/hair-loss-clinic-bhubaneswar,"Strengthen the existing hair-loss owner with concern, guide and doctor-answer links; use URL Inspection only for a confirmed indexation question.",P2,No direct migration-period export available in current authenticated GSC session,Authenticated Google Search Console Performance UI: last 7 days and last 28 complete days compared with previous 28 complete days. Exact migration-period API export is unavailable in the current property session.,2026-09-24
grey hair treatment,,,0,0,6,9,4.83,4.11,0,0,2,4.5,MONITOR,/hair-loss-clinic-bhubaneswar,"Strengthen the existing hair-loss owner with concern, guide and doctor-answer links; use URL Inspection only for a confirmed indexation question.",P2,No direct migration-period export available in current authenticated GSC session,Authenticated Google Search Console Performance UI: last 7 days and last 28 complete days compared with previous 28 complete days. Exact migration-period API export is unavailable in the current property session.,2026-09-24
best prp treatment near me,,,0,1,10,9,8.9,5.78,11.11,0,1,1,MONITOR,/treatments/hair-restoration/prp-gfc-scalp-therapy,Strengthen the existing PRP and GFC treatment page with related guides and doctor video context; do not create synonym pages.,P2,No direct migration-period export available in current authenticated GSC session,Authenticated Google Search Console Performance UI: last 7 days and last 28 complete days compared with previous 28 complete days. Exact migration-period API export is unavailable in the current property session.,2026-09-24
hair plantation near me,,,0,0,8,9,2.5,2.11,0,0,1,1,MONITOR,/hair-loss-clinic-bhubaneswar,"Strengthen the existing hair-loss owner with concern, guide and doctor-answer links; use URL Inspection only for a confirmed indexation question.",P2,No direct migration-period export available in current authenticated GSC session,Authenticated Google Search Console Performance UI: last 7 days and last 28 complete days compared with previous 28 complete days. Exact migration-period API export is unavailable in the current property session.,2026-09-24
hair treatment clinic near me,,,0,0,5,9,4.8,5.67,0,0,1,7,MONITOR,/hair-loss-clinic-bhubaneswar,"Strengthen the existing hair-loss owner with concern, guide and doctor-answer links; use URL Inspection only for a confirmed indexation question.",P2,No direct migration-period export available in current authenticated GSC session,Authenticated Google Search Console Performance UI: last 7 days and last 28 complete days compared with previous 28 complete days. Exact migration-period API export is unavailable in the current property session.,2026-09-24
hair hospital near me,,,0,0,11,9,6.45,6.22,0,0,1,10,MONITOR,/hair-loss-clinic-bhubaneswar,"Strengthen the existing hair-loss owner with concern, guide and doctor-answer links; use URL Inspection only for a confirmed indexation question.",P2,No direct migration-period export available in current authenticated GSC session,Authenticated Google Search Console Performance UI: last 7 days and last 28 complete days compared with previous 28 complete days. Exact migration-period API export is unavailable in the current property session.,2026-09-24
how effective is gfc for hair growth,,,0,0,0,9,0,1,0,,,,NEW_QUERY_DISCOVERY,/treatments/hair-restoration/prp-gfc-scalp-therapy,Strengthen the existing PRP and GFC treatment page with related guides and doctor video context; do not create synonym pages.,P2,No direct migration-period export available in current authenticated GSC session,Authenticated Google Search Console Performance UI: last 7 days and last 28 complete days compared with previous 28 complete days. Exact migration-period API export is unavailable in the current property session.,2026-09-24
hair prp treatment,,,0,0,5,9,18,2.22,0,,,,MONITOR,/treatments/hair-restoration/prp-gfc-scalp-therapy,Strengthen the existing PRP and GFC treatment page with related guides and doctor video context; do not create synonym pages.,P2,No direct migration-period export available in current authenticated GSC session,Authenticated Google Search Console Performance UI: last 7 days and last 28 complete days compared with previous 28 complete days. Exact migration-period API export is unavailable in the current property session.,2026-09-24
prp treatment cost,,,0,0,5,9,3,2.44,0,,,,MONITOR,/treatments/hair-restoration/prp-gfc-scalp-therapy,Strengthen the existing PRP and GFC treatment page with related guides and doctor video context; do not create synonym pages.,P2,No direct migration-period export available in current authenticated GSC session,Authenticated Google Search Console Performance UI: last 7 days and last 28 complete days compared with previous 28 complete days. Exact migration-period API export is unavailable in the current property session.,2026-09-24
dermatologist for hair fall near me,,,0,0,2,9,5,6.56,0,,,,MONITOR,/hair-loss-clinic-bhubaneswar,"Strengthen the existing hair-loss owner with concern, guide and doctor-answer links; use URL Inspection only for a confirmed indexation question.",P2,No direct migration-period export available in current authenticated GSC session,Authenticated Google Search Console Performance UI: last 7 days and last 28 complete days compared with previous 28 complete days. Exact migration-period API export is unavailable in the current property session.,2026-09-24
dermatologist for hair loss,,,0,0,12,9,7.42,6.56,0,,,,MONITOR,/hair-loss-clinic-bhubaneswar,"Strengthen the existing hair-loss owner with concern, guide and doctor-answer links; use URL Inspection only for a confirmed indexation question.",P2,No direct migration-period export available in current authenticated GSC session,Authenticated Google Search Console Performance UI: last 7 days and last 28 complete days compared with previous 28 complete days. Exact migration-period API export is unavailable in the current property session.,2026-09-24
growth factor concentrate hair treatment,,,0,0,12,9,17.58,16.67,0,,,,MONITOR,/hair-loss-clinic-bhubaneswar,"Strengthen the existing hair-loss owner with concern, guide and doctor-answer links; use URL Inspection only for a confirmed indexation question.",P2,No direct migration-period export available in current authenticated GSC session,Authenticated Google Search Console Performance UI: last 7 days and last 28 complete days compared with previous 28 complete days. Exact migration-period API export is unavailable in the current property session.,2026-09-24
gfc hair therapy,,,0,0,10,9,21.1,20.11,0,,,,MONITOR,/treatments/hair-restoration/prp-gfc-scalp-therapy,Strengthen the existing PRP and GFC treatment page with related guides and doctor video context; do not create synonym pages.,P2,No direct migration-period export available in current authenticated GSC session,Authenticated Google Search Console Performance UI: last 7 days and last 28 complete days compared with previous 28 complete days. Exact migration-period API export is unavailable in the current property session.,2026-09-24
best hair removal laser in bhubaneswar,,,0,0,0,8,0,7.5,0,0,8,7.5,NEW_QUERY_DISCOVERY,/hair-loss-clinic-bhubaneswar,"Strengthen the existing hair-loss owner with concern, guide and doctor-answer links; use URL Inspection only for a confirmed indexation question.",P2,No direct migration-period export available in current authenticated GSC session,Authenticated Google Search Console Performance UI: last 7 days and last 28 complete days compared with previous 28 complete days. Exact migration-period API export is unavailable in the current property session.,2026-09-24
female pattern hair loss,,,0,0,2,8,2,66.12,0,0,7,75.14,POSITION_DECLINE_REQUIRES_QUERY_PAGE_REVIEW,/concerns/hair-loss-scalp/male-pattern-hair-loss,"Strengthen the existing hair-loss owner with concern, guide and doctor-answer links; use URL Inspection only for a confirmed indexation question.",P2,No direct migration-period export available in current authenticated GSC session,Authenticated Google Search Console Performance UI: last 7 days and last 28 complete days compared with previous 28 complete days. Exact migration-period API export is unavailable in the current property session.,2026-09-24
hair care clinic near me,,,0,0,4,8,9,8.88,0,0,4,9.75,MONITOR,/hair-loss-clinic-bhubaneswar,"Strengthen the existing hair-loss owner with concern, guide and doctor-answer links; use URL Inspection only for a confirmed indexation question.",P2,No direct migration-period export available in current authenticated GSC session,Authenticated Google Search Console Performance UI: last 7 days and last 28 complete days compared with previous 28 complete days. Exact migration-period API export is unavailable in the current property session.,2026-09-24
hair laser treatment,,,0,1,3,8,7,8.12,12.5,0,3,11.67,MONITOR,/hair-loss-clinic-bhubaneswar,"Strengthen the existing hair-loss owner with concern, guide and doctor-answer links; use URL Inspection only for a confirmed indexation question.",P2,No direct migration-period export available in current authenticated GSC session,Authenticated Google Search Console Performance UI: last 7 days and last 28 complete days compared with previous 28 complete days. Exact migration-period API export is unavailable in the current property session.,2026-09-24
best hair and dental center in bhubaneswar,,,0,0,8,8,32.5,44,0,0,3,46,POSITION_DECLINE_REQUIRES_QUERY_PAGE_REVIEW,/hair-loss-clinic-bhubaneswar,"Strengthen the existing hair-loss owner with concern, guide and doctor-answer links; use URL Inspection only for a confirmed indexation question.",P2,No direct migration-period export available in current authenticated GSC session,Authenticated Google Search Console Performance UI: last 7 days and last 28 complete days compared with previous 28 complete days. Exact migration-period API export is unavailable in the current property session.,2026-09-24
hair fall doctor in bhubaneswar,,,0,0,22,8,5.82,5.88,0,0,2,6,MONITOR,/hair-loss-clinic-bhubaneswar,"Strengthen the existing hair-loss owner with concern, guide and doctor-answer links; use URL Inspection only for a confirmed indexation question.",P2,No direct migration-period export available in current authenticated GSC session,Authenticated Google Search Console Performance UI: last 7 days and last 28 complete days compared with previous 28 complete days. Exact migration-period API export is unavailable in the current property session.,2026-09-24
hair removal by laser,,,0,0,0,8,0,2.38,0,,,,NEW_QUERY_DISCOVERY,/hair-loss-clinic-bhubaneswar,"Strengthen the existing hair-loss owner with concern, guide and doctor-answer links; use URL Inspection only for a confirmed indexation question.",P2,No direct migration-period export available in current authenticated GSC session,Authenticated Google Search Console Performance UI: last 7 days and last 28 complete days compared with previous 28 complete days. Exact migration-period API export is unavailable in the current property session.,2026-09-24
dermatologist near me for hair,,,0,0,6,8,8.33,7.5,0,,,,MONITOR,/hair-loss-clinic-bhubaneswar,"Strengthen the existing hair-loss owner with concern, guide and doctor-answer links; use URL Inspection only for a confirmed indexation question.",P2,No direct migration-period export available in current authenticated GSC session,Authenticated Google Search Console Performance UI: last 7 days and last 28 complete days compared with previous 28 complete days. Exact migration-period API export is unavailable in the current property session.,2026-09-24
hair skin specialist near me,,,0,0,1,8,10,7.75,0,,,,MONITOR,/hair-loss-clinic-bhubaneswar,"Strengthen the existing hair-loss owner with concern, guide and doctor-answer links; use URL Inspection only for a confirmed indexation question.",P2,No direct migration-period export available in current authenticated GSC session,Authenticated Google Search Console Performance UI: last 7 days and last 28 complete days compared with previous 28 complete days. Exact migration-period API export is unavailable in the current property session.,2026-09-24
radiance hair salon,,,0,0,1,8,10,7.75,0,,,,MONITOR,/,Preserve the homepage as the observed owner for this branded query and maintain clear links to the relevant hair treatment pathways.,P2,No direct migration-period export available in current authenticated GSC session,Authenticated Google Search Console Performance UI: last 7 days and last 28 complete days compared with previous 28 complete days. Exact migration-period API export is unavailable in the current property session.,2026-09-24
scalp micropigmentation,,,0,0,8,8,10.88,9.88,0,,,,MONITOR,/concerns/hair-loss-scalp/dandruff,"Strengthen the existing hair-loss owner with concern, guide and doctor-answer links; use URL Inspection only for a confirmed indexation question.",P2,No direct migration-period export available in current authenticated GSC session,Authenticated Google Search Console Performance UI: last 7 days and last 28 complete days compared with previous 28 complete days. Exact migration-period API export is unavailable in the current property session.,2026-09-24
radiance skin hair and laser clinic,,,0,0,3,8,6,12.12,0,,,,POSITION_DECLINE_REQUIRES_QUERY_PAGE_REVIEW,/,Preserve the homepage as the observed owner for this branded query and maintain clear links to the relevant hair treatment pathways.,P2,No direct migration-period export available in current authenticated GSC session,Authenticated Google Search Console Performance UI: last 7 days and last 28 complete days compared with previous 28 complete days. Exact migration-period API export is unavailable in the current property session.,2026-09-24
full body hair removal,,,0,0,6,8,26.83,17.12,0,,,,MONITOR,/hair-loss-clinic-bhubaneswar,"Strengthen the existing hair-loss owner with concern, guide and doctor-answer links; use URL Inspection only for a confirmed indexation question.",P2,No direct migration-period export available in current authenticated GSC session,Authenticated Google Search Console Performance UI: last 7 days and last 28 complete days compared with previous 28 complete days. Exact migration-period API export is unavailable in the current property session.,2026-09-24
gfc treatment for hair,,,0,0,76,8,23.88,17.5,0,,,,MONITOR,/treatments/hair-restoration/prp-gfc-scalp-therapy,Strengthen the existing PRP and GFC treatment page with related guides and doctor video context; do not create synonym pages.,P2,No direct migration-period export available in current authenticated GSC session,Authenticated Google Search Console Performance UI: last 7 days and last 28 complete days compared with previous 28 complete days. Exact migration-period API export is unavailable in the current property session.,2026-09-24
aft laser hair removal,,,0,0,4,8,36.5,32,0,,,,MONITOR,/hair-loss-clinic-bhubaneswar,"Strengthen the existing hair-loss owner with concern, guide and doctor-answer links; use URL Inspection only for a confirmed indexation question.",P2,No direct migration-period export available in current authenticated GSC session,Authenticated Google Search Console Performance UI: last 7 days and last 28 complete days compared with previous 28 complete days. Exact migration-period API export is unavailable in the current property session.,2026-09-24
aft hair removal,,,0,0,6,8,48.5,38.75,0,,,,MONITOR,/hair-loss-clinic-bhubaneswar,"Strengthen the existing hair-loss owner with concern, guide and doctor-answer links; use URL Inspection only for a confirmed indexation question.",P2,No direct migration-period export available in current authenticated GSC session,Authenticated Google Search Console Performance UI: last 7 days and last 28 complete days compared with previous 28 complete days. Exact migration-period API export is unavailable in the current property session.,2026-09-24
beauty salon hair removal,,,0,0,0,8,0,82.75,0,,,,NEW_QUERY_DISCOVERY,/hair-loss-clinic-bhubaneswar,"Strengthen the existing hair-loss owner with concern, guide and doctor-answer links; use URL Inspection only for a confirmed indexation question.",P2,No direct migration-period export available in current authenticated GSC session,Authenticated Google Search Console Performance UI: last 7 days and last 28 complete days compared with previous 28 complete days. Exact migration-period API export is unavailable in the current property session.,2026-09-24
best hair treatment doctor near me,,,0,0,0,7,0,9.14,0,0,7,9.14,NEW_QUERY_DISCOVERY,/hair-loss-clinic-bhubaneswar,"Strengthen the existing hair-loss owner with concern, guide and doctor-answer links; use URL Inspection only for a confirmed indexation question.",P2,No direct migration-period export available in current authenticated GSC session,Authenticated Google Search Console Performance UI: last 7 days and last 28 complete days compared with previous 28 complete days. Exact migration-period API export is unavailable in the current property session.,2026-09-24
prp therapy,,,0,0,0,7,0,3.71,0,0,4,3.5,NEW_QUERY_DISCOVERY,/treatments/hair-restoration/prp-gfc-scalp-therapy,Strengthen the existing PRP and GFC treatment page with related guides and doctor video context; do not create synonym pages.,P2,No direct migration-period export available in current authenticated GSC session,Authenticated Google Search Console Performance UI: last 7 days and last 28 complete days compared with previous 28 complete days. Exact migration-period API export is unavailable in the current property session.,2026-09-24
hair care doctor near me,,,0,0,14,7,8.93,4.57,0,0,2,2.5,MONITOR,/hair-loss-clinic-bhubaneswar,"Strengthen the existing hair-loss owner with concern, guide and doctor-answer links; use URL Inspection only for a confirmed indexation question.",P2,No direct migration-period export available in current authenticated GSC session,Authenticated Google Search Console Performance UI: last 7 days and last 28 complete days compared with previous 28 complete days. Exact migration-period API export is unavailable in the current property session.,2026-09-24
hair and skin clinic,,,0,1,4,7,3.75,9.14,14.29,0,2,11,POSITION_DECLINE_REQUIRES_QUERY_PAGE_REVIEW,/hair-loss-clinic-bhubaneswar,"Strengthen the existing hair-loss owner with concern, guide and doctor-answer links; use URL Inspection only for a confirmed indexation question.",P2,No direct migration-period export available in current authenticated GSC session,Authenticated Google Search Console Performance UI: last 7 days and last 28 complete days compared with previous 28 complete days. Exact migration-period API export is unavailable in the current property session.,2026-09-24
gfc treatment near me,,,0,0,6,7,5.17,5.86,0,,,,MONITOR,/treatments/hair-restoration/prp-gfc-scalp-therapy,Strengthen the existing PRP and GFC treatment page with related guides and doctor video context; do not create synonym pages.,P2,No direct migration-period export available in current authenticated GSC session,Authenticated Google Search Console Performance UI: last 7 days and last 28 complete days compared with previous 28 complete days. Exact migration-period API export is unavailable in the current property session.,2026-09-24
hair fix bhubaneswar,,,0,0,15,7,10.53,10.71,0,,,,MONITOR,/hair-loss-clinic-bhubaneswar,"Strengthen the existing hair-loss owner with concern, guide and doctor-answer links; use URL Inspection only for a confirmed indexation question.",P2,No direct migration-period export available in current authenticated GSC session,Authenticated Google Search Console Performance UI: last 7 days and last 28 complete days compared with previous 28 complete days. Exact migration-period API export is unavailable in the current property session.,2026-09-24
"radiance skin, hair & cosmetic center",,,0,0,9,7,10.67,13,0,,,,MONITOR,/,Preserve the homepage as the observed owner for this branded query and maintain clear links to the relevant hair treatment pathways.,P2,No direct migration-period export available in current authenticated GSC session,Authenticated Google Search Console Performance UI: last 7 days and last 28 complete days compared with previous 28 complete days. Exact migration-period API export is unavailable in the current property session.,2026-09-24
scalp micropigmentation near me,,,0,0,31,7,15.87,13.57,0,,,,MONITOR,/concerns/hair-loss-scalp/dandruff,"Strengthen the existing hair-loss owner with concern, guide and doctor-answer links; use URL Inspection only for a confirmed indexation question.",P2,No direct migration-period export available in current authenticated GSC session,Authenticated Google Search Console Performance UI: last 7 days and last 28 complete days compared with previous 28 complete days. Exact migration-period API export is unavailable in the current property session.,2026-09-24
how many prp sessions are needed for hair,,,0,0,19,7,22.05,18.14,0,,,,MONITOR,/treatments/hair-restoration/prp-gfc-scalp-therapy,Strengthen the existing PRP and GFC treatment page with related guides and doctor video context; do not create synonym pages.,P2,No direct migration-period export available in current authenticated GSC session,Authenticated Google Search Console Performance UI: last 7 days and last 28 complete days compared with previous 28 complete days. Exact migration-period API export is unavailable in the current property session.,2026-09-24
prp treatment for face,,,0,0,2,6,2,1.67,0,0,3,1.33,MONITOR,/treatments/hair-restoration/prp-gfc-scalp-therapy,Strengthen the existing PRP and GFC treatment page with related guides and doctor video context; do not create synonym pages.,P2,No direct migration-period export available in current authenticated GSC session,Authenticated Google Search Console Performance UI: last 7 days and last 28 complete days compared with previous 28 complete days. Exact migration-period API export is unavailable in the current property session.,2026-09-24
hair loss treatment,,,0,0,11,6,2.73,3,0,0,2,2,MONITOR,/hair-loss-clinic-bhubaneswar,"Strengthen the existing hair-loss owner with concern, guide and doctor-answer links; use URL Inspection only for a confirmed indexation question.",P2,No direct migration-period export available in current authenticated GSC session,Authenticated Google Search Console Performance UI: last 7 days and last 28 complete days compared with previous 28 complete days. Exact migration-period API export is unavailable in the current property session.,2026-09-24
hair consultant near me,,,0,0,5,6,8.4,6.17,0,0,2,7.5,MONITOR,/hair-loss-clinic-bhubaneswar,"Strengthen the existing hair-loss owner with concern, guide and doctor-answer links; use URL Inspection only for a confirmed indexation question.",P2,No direct migration-period export available in current authenticated GSC session,Authenticated Google Search Console Performance UI: last 7 days and last 28 complete days compared with previous 28 complete days. Exact migration-period API export is unavailable in the current property session.,2026-09-24
hair fall treatment doctor near me,,,0,0,0,6,0,6.5,0,0,1,1,NEW_QUERY_DISCOVERY,/hair-loss-clinic-bhubaneswar,"Strengthen the existing hair-loss owner with concern, guide and doctor-answer links; use URL Inspection only for a confirmed indexation question.",P2,No direct migration-period export available in current authenticated GSC session,Authenticated Google Search Console Performance UI: last 7 days and last 28 complete days compared with previous 28 complete days. Exact migration-period API export is unavailable in the current property session.,2026-09-24
hair replacement near me,,,0,0,4,6,6.5,6,0,0,1,7,MONITOR,/hair-loss-clinic-bhubaneswar,"Strengthen the existing hair-loss owner with concern, guide and doctor-answer links; use URL Inspection only for a confirmed indexation question.",P2,No direct migration-period export available in current authenticated GSC session,Authenticated Google Search Console Performance UI: last 7 days and last 28 complete days compared with previous 28 complete days. Exact migration-period API export is unavailable in the current property session.,2026-09-24
is gfc treatment effective,,,0,0,16,6,1,1,0,,,,MONITOR,/treatments/hair-restoration/prp-gfc-scalp-therapy,Strengthen the existing PRP and GFC treatment page with related guides and doctor video context; do not create synonym pages.,P2,No direct migration-period export available in current authenticated GSC session,Authenticated Google Search Console Performance UI: last 7 days and last 28 complete days compared with previous 28 complete days. Exact migration-period API export is unavailable in the current property session.,2026-09-24
gfc injection for hair growth,,,0,0,3,6,1,7.5,0,,,,POSITION_DECLINE_REQUIRES_QUERY_PAGE_REVIEW,/treatments/hair-restoration/prp-gfc-scalp-therapy,Strengthen the existing PRP and GFC treatment page with related guides and doctor video context; do not create synonym pages.,P2,No direct migration-period export available in current authenticated GSC session,Authenticated Google Search Console Performance UI: last 7 days and last 28 complete days compared with previous 28 complete days. Exact migration-period API export is unavailable in the current property session.,2026-09-24
hair and skin clinic near me,,,0,0,6,6,6.67,8.83,0,,,,MONITOR,/hair-loss-clinic-bhubaneswar,"Strengthen the existing hair-loss owner with concern, guide and doctor-answer links; use URL Inspection only for a confirmed indexation question.",P2,No direct migration-period export available in current authenticated GSC session,Authenticated Google Search Console Performance UI: last 7 days and last 28 complete days compared with previous 28 complete days. Exact migration-period API export is unavailable in the current property session.,2026-09-24
gfc means in hair,,,0,0,0,6,0,9.67,0,,,,NEW_QUERY_DISCOVERY,/treatments/hair-restoration/prp-gfc-scalp-therapy,Strengthen the existing PRP and GFC treatment page with related guides and doctor video context; do not create synonym pages.,P2,No direct migration-period export available in current authenticated GSC session,Authenticated Google Search Console Performance UI: last 7 days and last 28 complete days compared with previous 28 complete days. Exact migration-period API export is unavailable in the current property session.,2026-09-24
how to buy a wig,,,0,0,7,6,18.14,16.83,0,,,,MONITOR,/hair-loss-clinic-bhubaneswar,"Strengthen the existing hair-loss owner with concern, guide and doctor-answer links; use URL Inspection only for a confirmed indexation question.",P2,No direct migration-period export available in current authenticated GSC session,Authenticated Google Search Console Performance UI: last 7 days and last 28 complete days compared with previous 28 complete days. Exact migration-period API export is unavailable in the current property session.,2026-09-24
prp treatment for hair thinning,,,0,0,5,6,21.2,17,0,,,,MONITOR,/treatments/hair-restoration/prp-gfc-scalp-therapy,Strengthen the existing PRP and GFC treatment page with related guides and doctor video context; do not create synonym pages.,P2,No direct migration-period export available in current authenticated GSC session,Authenticated Google Search Console Performance UI: last 7 days and last 28 complete days compared with previous 28 complete days. Exact migration-period API export is unavailable in the current property session.,2026-09-24
what is gfc hair treatment,,,0,0,25,6,22.32,19.5,0,,,,MONITOR,/treatments/hair-restoration/prp-gfc-scalp-therapy,Strengthen the existing PRP and GFC treatment page with related guides and doctor video context; do not create synonym pages.,P2,No direct migration-period export available in current authenticated GSC session,Authenticated Google Search Console Performance UI: last 7 days and last 28 complete days compared with previous 28 complete days. Exact migration-period API export is unavailable in the current property session.,2026-09-24
best hair treatment in kolkata,,,0,0,34,6,12.44,22.5,0,,,,POSITION_DECLINE_REQUIRES_QUERY_PAGE_REVIEW,/hair-loss-clinic-bhubaneswar,"Strengthen the existing hair-loss owner with concern, guide and doctor-answer links; use URL Inspection only for a confirmed indexation question.",P2,No direct migration-period export available in current authenticated GSC session,Authenticated Google Search Console Performance UI: last 7 days and last 28 complete days compared with previous 28 complete days. Exact migration-period API export is unavailable in the current property session.,2026-09-24
gfc hair,,,0,0,17,6,27.18,23.17,0,,,,MONITOR,/treatments/hair-restoration/prp-gfc-scalp-therapy,Strengthen the existing PRP and GFC treatment page with related guides and doctor video context; do not create synonym pages.,P2,No direct migration-period export available in current authenticated GSC session,Authenticated Google Search Console Performance UI: last 7 days and last 28 complete days compared with previous 28 complete days. Exact migration-period API export is unavailable in the current property session.,2026-09-24
loss of confidence due to hair loss,,,0,0,6,6,19.5,24.33,0,,,,POSITION_DECLINE_REQUIRES_QUERY_PAGE_REVIEW,/hair-loss-clinic-bhubaneswar,"Strengthen the existing hair-loss owner with concern, guide and doctor-answer links; use URL Inspection only for a confirmed indexation question.",P2,No direct migration-period export available in current authenticated GSC session,Authenticated Google Search Console Performance UI: last 7 days and last 28 complete days compared with previous 28 complete days. Exact migration-period API export is unavailable in the current property session.,2026-09-24
hair treatments for hair growth,,,0,0,3,6,91.33,77.67,0,,,,MONITOR,/hair-loss-clinic-bhubaneswar,"Strengthen the existing hair-loss owner with concern, guide and doctor-answer links; use URL Inspection only for a confirmed indexation question.",P2,No direct migration-period export available in current authenticated GSC session,Authenticated Google Search Console Performance UI: last 7 days and last 28 complete days compared with previous 28 complete days. Exact migration-period API export is unavailable in the current property session.,2026-09-24
causes of scarring alopecia,,,0,0,7,6,87.43,86.83,0,,,,MONITOR,/alopecia-areata-treatment-bhubaneswar,"Strengthen the existing hair-loss owner with concern, guide and doctor-answer links; use URL Inspection only for a confirmed indexation question.",P2,No direct migration-period export available in current authenticated GSC session,Authenticated Google Search Console Performance UI: last 7 days and last 28 complete days compared with previous 28 complete days. Exact migration-period API export is unavailable in the current property session.,2026-09-24
laser hair removal cost,,,0,0,2,5,1,3.6,0,0,5,3.6,MONITOR,/hair-loss-clinic-bhubaneswar,"Strengthen the existing hair-loss owner with concern, guide and doctor-answer links; use URL Inspection only for a confirmed indexation question.",P2,No direct migration-period export available in current authenticated GSC session,Authenticated Google Search Console Performance UI: last 7 days and last 28 complete days compared with previous 28 complete days. Exact migration-period API export is unavailable in the current property session.,2026-09-24
full body laser hair removal,,,0,0,6,5,55.67,4.8,0,0,3,5.33,MONITOR,/hair-loss-clinic-bhubaneswar,"Strengthen the existing hair-loss owner with concern, guide and doctor-answer links; use URL Inspection only for a confirmed indexation question.",P2,No direct migration-period export available in current authenticated GSC session,Authenticated Google Search Console Performance UI: last 7 days and last 28 complete days compared with previous 28 complete days. Exact migration-period API export is unavailable in the current property session.,2026-09-24
prp clinic near me,,,0,0,1,5,6,3.6,0,0,2,3,MONITOR,/treatments/hair-restoration/prp-gfc-scalp-therapy,Strengthen the existing PRP and GFC treatment page with related guides and doctor video context; do not create synonym pages.,P2,No direct migration-period export available in current authenticated GSC session,Authenticated Google Search Console Performance UI: last 7 days and last 28 complete days compared with previous 28 complete days. Exact migration-period API export is unavailable in the current property session.,2026-09-24
hair fall,,,0,0,3,5,3,2.6,0,0,2,3.5,MONITOR,/hair-loss-clinic-bhubaneswar,"Strengthen the existing hair-loss owner with concern, guide and doctor-answer links; use URL Inspection only for a confirmed indexation question.",P2,No direct migration-period export available in current authenticated GSC session,Authenticated Google Search Console Performance UI: last 7 days and last 28 complete days compared with previous 28 complete days. Exact migration-period API export is unavailable in the current property session.,2026-09-24
laser treatment for hair removal,,,0,0,9,5,51.89,16.4,0,0,2,6,MONITOR,/hair-loss-clinic-bhubaneswar,"Strengthen the existing hair-loss owner with concern, guide and doctor-answer links; use URL Inspection only for a confirmed indexation question.",P2,No direct migration-period export available in current authenticated GSC session,Authenticated Google Search Console Performance UI: last 7 days and last 28 complete days compared with previous 28 complete days. Exact migration-period API export is unavailable in the current property session.,2026-09-24
best hair treatment,,,0,0,4,5,10.25,7.8,0,0,2,8.5,MONITOR,/hair-loss-clinic-bhubaneswar,"Strengthen the existing hair-loss owner with concern, guide and doctor-answer links; use URL Inspection only for a confirmed indexation question.",P2,No direct migration-period export available in current authenticated GSC session,Authenticated Google Search Console Performance UI: last 7 days and last 28 complete days compared with previous 28 complete days. Exact migration-period API export is unavailable in the current property session.,2026-09-24
for hair which doctor,,,0,0,3,5,8.33,11.6,0,0,2,12.5,POSITION_DECLINE_REQUIRES_QUERY_PAGE_REVIEW,/hair-loss-clinic-bhubaneswar,"Strengthen the existing hair-loss owner with concern, guide and doctor-answer links; use URL Inspection only for a confirmed indexation question.",P2,No direct migration-period export available in current authenticated GSC session,Authenticated Google Search Console Performance UI: last 7 days and last 28 complete days compared with previous 28 complete days. Exact migration-period API export is unavailable in the current property session.,2026-09-24
prp price,,,0,0,2,5,3,2.8,0,0,1,2,MONITOR,/treatments/hair-restoration/prp-gfc-scalp-therapy,Strengthen the existing PRP and GFC treatment page with related guides and doctor video context; do not create synonym pages.,P2,No direct migration-period export available in current authenticated GSC session,Authenticated Google Search Console Performance UI: last 7 days and last 28 complete days compared with previous 28 complete days. Exact migration-period API export is unavailable in the current property session.,2026-09-24
hair hospital,,,0,0,1,5,9,6.2,0,0,1,7,MONITOR,/hair-loss-clinic-bhubaneswar,"Strengthen the existing hair-loss owner with concern, guide and doctor-answer links; use URL Inspection only for a confirmed indexation question.",P2,No direct migration-period export available in current authenticated GSC session,Authenticated Google Search Console Performance UI: last 7 days and last 28 complete days compared with previous 28 complete days. Exact migration-period API export is unavailable in the current property session.,2026-09-24
hair fall treatment doctor,,,0,0,3,5,4.67,3.4,0,0,1,8,MONITOR,/hair-loss-clinic-bhubaneswar,"Strengthen the existing hair-loss owner with concern, guide and doctor-answer links; use URL Inspection only for a confirmed indexation question.",P2,No direct migration-period export available in current authenticated GSC session,Authenticated Google Search Console Performance UI: last 7 days and last 28 complete days compared with previous 28 complete days. Exact migration-period API export is unavailable in the current property session.,2026-09-24
scalp treatment near me,,,0,0,1,5,10,5,0,0,1,9,MONITOR,/concerns/hair-loss-scalp/dandruff,"Strengthen the existing hair-loss owner with concern, guide and doctor-answer links; use URL Inspection only for a confirmed indexation question.",P2,No direct migration-period export available in current authenticated GSC session,Authenticated Google Search Console Performance UI: last 7 days and last 28 complete days compared with previous 28 complete days. Exact migration-period API export is unavailable in the current property session.,2026-09-24
hair loss treatment near me,,,0,0,4,5,8,4,0,0,1,10,MONITOR,/hair-loss-clinic-bhubaneswar,"Strengthen the existing hair-loss owner with concern, guide and doctor-answer links; use URL Inspection only for a confirmed indexation question.",P2,No direct migration-period export available in current authenticated GSC session,Authenticated Google Search Console Performance UI: last 7 days and last 28 complete days compared with previous 28 complete days. Exact migration-period API export is unavailable in the current property session.,2026-09-24
how many prp sessions are needed for hair growth,,,0,0,12,5,9.92,1,0,,,,MONITOR,/treatments/hair-restoration/prp-gfc-scalp-therapy,Strengthen the existing PRP and GFC treatment page with related guides and doctor video context; do not create synonym pages.,P2,No direct migration-period export available in current authenticated GSC session,Authenticated Google Search Console Performance UI: last 7 days and last 28 complete days compared with previous 28 complete days. Exact migration-period API export is unavailable in the current property session.,2026-09-24
how gfc treatment works,,,0,0,0,5,0,4.2,0,,,,NEW_QUERY_DISCOVERY,/treatments/hair-restoration/prp-gfc-scalp-therapy,Strengthen the existing PRP and GFC treatment page with related guides and doctor video context; do not create synonym pages.,P2,No direct migration-period export available in current authenticated GSC session,Authenticated Google Search Console Performance UI: last 7 days and last 28 complete days compared with previous 28 complete days. Exact migration-period API export is unavailable in the current property session.,2026-09-24
gfc hair treatment process,,,0,0,16,5,4.19,4.6,0,,,,MONITOR,/treatments/hair-restoration/prp-gfc-scalp-therapy,Strengthen the existing PRP and GFC treatment page with related guides and doctor video context; do not create synonym pages.,P2,No direct migration-period export available in current authenticated GSC session,Authenticated Google Search Console Performance UI: last 7 days and last 28 complete days compared with previous 28 complete days. Exact migration-period API export is unavailable in the current property session.,2026-09-24
wig shop near me,,,0,0,8,5,7.12,5.6,0,,,,MONITOR,/hair-loss-clinic-bhubaneswar,"Strengthen the existing hair-loss owner with concern, guide and doctor-answer links; use URL Inspection only for a confirmed indexation question.",P2,No direct migration-period export available in current authenticated GSC session,Authenticated Google Search Console Performance UI: last 7 days and last 28 complete days compared with previous 28 complete days. Exact migration-period API export is unavailable in the current property session.,2026-09-24
hair care centre near me,,,0,0,5,5,6.4,6.6,0,,,,MONITOR,/hair-loss-clinic-bhubaneswar,"Strengthen the existing hair-loss owner with concern, guide and doctor-answer links; use URL Inspection only for a confirmed indexation question.",P2,No direct migration-period export available in current authenticated GSC session,Authenticated Google Search Console Performance UI: last 7 days and last 28 complete days compared with previous 28 complete days. Exact migration-period API export is unavailable in the current property session.,2026-09-24
hair loss treatment for women near me,,,0,0,1,5,9,7,0,,,,MONITOR,/hair-loss-clinic-bhubaneswar,"Strengthen the existing hair-loss owner with concern, guide and doctor-answer links; use URL Inspection only for a confirmed indexation question.",P2,No direct migration-period export available in current authenticated GSC session,Authenticated Google Search Console Performance UI: last 7 days and last 28 complete days compared with previous 28 complete days. Exact migration-period API export is unavailable in the current property session.,2026-09-24
scalp test near me,,,0,0,1,5,9,10.4,0,,,,MONITOR,/concerns/hair-loss-scalp/dandruff,"Strengthen the existing hair-loss owner with concern, guide and doctor-answer links; use URL Inspection only for a confirmed indexation question.",P2,No direct migration-period export available in current authenticated GSC session,Authenticated Google Search Console Performance UI: last 7 days and last 28 complete days compared with previous 28 complete days. Exact migration-period API export is unavailable in the current property session.,2026-09-24
hair solution near me,,,0,0,0,5,0,11.4,0,,,,NEW_QUERY_DISCOVERY,/hair-loss-clinic-bhubaneswar,"Strengthen the existing hair-loss owner with concern, guide and doctor-answer links; use URL Inspection only for a confirmed indexation question.",P2,No direct migration-period export available in current authenticated GSC session,Authenticated Google Search Console Performance UI: last 7 days and last 28 complete days compared with previous 28 complete days. Exact migration-period API export is unavailable in the current property session.,2026-09-24
hair regain treatment,,,0,0,1,5,15,15.6,0,,,,MONITOR,/hair-loss-clinic-bhubaneswar,"Strengthen the existing hair-loss owner with concern, guide and doctor-answer links; use URL Inspection only for a confirmed indexation question.",P2,No direct migration-period export available in current authenticated GSC session,Authenticated Google Search Console Performance UI: last 7 days and last 28 complete days compared with previous 28 complete days. Exact migration-period API export is unavailable in the current property session.,2026-09-24
bio fue technique,,,0,0,2,5,23,19.4,0,,,,MONITOR,/treatments/hair-restoration/fue-hair-transplant,"Strengthen the existing hair transplant owner with relevant internal links, results and decision content; do not create a keyword-variant URL.",P2,No direct migration-period export available in current authenticated GSC session,Authenticated Google Search Console Performance UI: last 7 days and last 28 complete days compared with previous 28 complete days. Exact migration-period API export is unavailable in the current property session.,2026-09-24
plasma hair treatment near me,,,0,0,26,5,23.15,21.8,0,,,,MONITOR,/hair-loss-clinic-bhubaneswar,"Strengthen the existing hair-loss owner with concern, guide and doctor-answer links; use URL Inspection only for a confirmed indexation question.",P2,No direct migration-period export available in current authenticated GSC session,Authenticated Google Search Console Performance UI: last 7 days and last 28 complete days compared with previous 28 complete days. Exact migration-period API export is unavailable in the current property session.,2026-09-24
can laser hair removal be permanent,,,0,0,18,5,33.11,30.6,0,,,,MONITOR,/hair-loss-clinic-bhubaneswar,"Strengthen the existing hair-loss owner with concern, guide and doctor-answer links; use URL Inspection only for a confirmed indexation question.",P2,No direct migration-period export available in current authenticated GSC session,Authenticated Google Search Console Performance UI: last 7 days and last 28 complete days compared with previous 28 complete days. Exact migration-period API export is unavailable in the current property session.,2026-09-24
hair aesthetic clinic,,,0,0,0,5,0,36.8,0,,,,NEW_QUERY_DISCOVERY,/hair-loss-clinic-bhubaneswar,"Strengthen the existing hair-loss owner with concern, guide and doctor-answer links; use URL Inspection only for a confirmed indexation question.",P2,No direct migration-period export available in current authenticated GSC session,Authenticated Google Search Console Performance UI: last 7 days and last 28 complete days compared with previous 28 complete days. Exact migration-period API export is unavailable in the current property session.,2026-09-24
radiance hair studio,,,0,0,8,5,26.25,41.6,0,,,,POSITION_DECLINE_REQUIRES_QUERY_PAGE_REVIEW,/,Preserve the homepage as the observed owner for this branded query and maintain clear links to the relevant hair treatment pathways.,P2,No direct migration-period export available in current authenticated GSC session,Authenticated Google Search Console Performance UI: last 7 days and last 28 complete days compared with previous 28 complete days. Exact migration-period API export is unavailable in the current property session.,2026-09-24
can hair be transplanted from body to head,,,0,0,3,5,70,63.6,0,,,,MONITOR,/hair-transplant-bhubaneswar,"Strengthen the existing hair transplant owner with relevant internal links, results and decision content; do not create a keyword-variant URL.",P2,No direct migration-period export available in current authenticated GSC session,Authenticated Google Search Console Performance UI: last 7 days and last 28 complete days compared with previous 28 complete days. Exact migration-period API export is unavailable in the current property session.,2026-09-24
early scarring alopecia,,,0,0,5,5,86.4,90.8,0,,,,POSITION_DECLINE_REQUIRES_QUERY_PAGE_REVIEW,/alopecia-areata-treatment-bhubaneswar,"Strengthen the existing hair-loss owner with concern, guide and doctor-answer links; use URL Inspection only for a confirmed indexation question.",P2,No direct migration-period export available in current authenticated GSC session,Authenticated Google Search Console Performance UI: last 7 days and last 28 complete days compared with previous 28 complete days. Exact migration-period API export is unavailable in the current property session.,2026-09-24
does laser hair removal help with strawberry legs,,,0,0,0,4,0,67.75,0,0,4,67.75,NEW_QUERY_DISCOVERY,/hair-loss-clinic-bhubaneswar,"Strengthen the existing hair-loss owner with concern, guide and doctor-answer links; use URL Inspection only for a confirmed indexation question.",P2,No direct migration-period export available in current authenticated GSC session,Authenticated Google Search Console Performance UI: last 7 days and last 28 complete days compared with previous 28 complete days. Exact migration-period API export is unavailable in the current property session.,2026-09-24
hair dr specialist near me,,,0,0,0,4,0,8.75,0,0,3,8.67,NEW_QUERY_DISCOVERY,/hair-loss-clinic-bhubaneswar,"Strengthen the existing hair-loss owner with concern, guide and doctor-answer links; use URL Inspection only for a confirmed indexation question.",P2,No direct migration-period export available in current authenticated GSC session,Authenticated Google Search Console Performance UI: last 7 days and last 28 complete days compared with previous 28 complete days. Exact migration-period API export is unavailable in the current property session.,2026-09-24
hair ke liye best doctor,,,0,0,0,4,0,6,0,0,2,1,NEW_QUERY_DISCOVERY,/hair-loss-clinic-bhubaneswar,"Strengthen the existing hair-loss owner with concern, guide and doctor-answer links; use URL Inspection only for a confirmed indexation question.",P2,No direct migration-period export available in current authenticated GSC session,Authenticated Google Search Console Performance UI: last 7 days and last 28 complete days compared with previous 28 complete days. Exact migration-period API export is unavailable in the current property session.,2026-09-24
laser hair removal permanent,,,0,0,12,4,45.25,33,0,0,2,1,MONITOR,/hair-loss-clinic-bhubaneswar,"Strengthen the existing hair-loss owner with concern, guide and doctor-answer links; use URL Inspection only for a confirmed indexation question.",P2,No direct migration-period export available in current authenticated GSC session,Authenticated Google Search Console Performance UI: last 7 days and last 28 complete days compared with previous 28 complete days. Exact migration-period API export is unavailable in the current property session.,2026-09-24
hair care specialist doctor near me,,,0,0,0,4,0,4.25,0,0,2,2,NEW_QUERY_DISCOVERY,/hair-loss-clinic-bhubaneswar,"Strengthen the existing hair-loss owner with concern, guide and doctor-answer links; use URL Inspection only for a confirmed indexation question.",P2,No direct migration-period export available in current authenticated GSC session,Authenticated Google Search Console Performance UI: last 7 days and last 28 complete days compared with previous 28 complete days. Exact migration-period API export is unavailable in the current property session.,2026-09-24
radiance hair,,,0,0,1,4,1,4,0,0,1,1,POSITION_DECLINE_REQUIRES_QUERY_PAGE_REVIEW,/,Preserve the homepage as the observed owner for this branded query and maintain clear links to the relevant hair treatment pathways.,P2,No direct migration-period export available in current authenticated GSC session,Authenticated Google Search Console Performance UI: last 7 days and last 28 complete days compared with previous 28 complete days. Exact migration-period API export is unavailable in the current property session.,2026-09-24
best botox hair treatment near me,,,0,0,2,4,4,7.75,0,0,1,4,POSITION_DECLINE_REQUIRES_QUERY_PAGE_REVIEW,/hair-loss-clinic-bhubaneswar,"Strengthen the existing hair-loss owner with concern, guide and doctor-answer links; use URL Inspection only for a confirmed indexation question.",P2,No direct migration-period export available in current authenticated GSC session,Authenticated Google Search Console Performance UI: last 7 days and last 28 complete days compared with previous 28 complete days. Exact migration-period API export is unavailable in the current property session.,2026-09-24
mesotherapy for hair,,,0,0,7,4,1.43,3.75,0,0,1,4,MONITOR,/hair-loss-clinic-bhubaneswar,"Strengthen the existing hair-loss owner with concern, guide and doctor-answer links; use URL Inspection only for a confirmed indexation question.",P2,No direct migration-period export available in current authenticated GSC session,Authenticated Google Search Console Performance UI: last 7 days and last 28 complete days compared with previous 28 complete days. Exact migration-period API export is unavailable in the current property session.,2026-09-24
hair care hospital,,,0,0,0,4,0,8.5,0,0,1,6,NEW_QUERY_DISCOVERY,/hair-loss-clinic-bhubaneswar,"Strengthen the existing hair-loss owner with concern, guide and doctor-answer links; use URL Inspection only for a confirmed indexation question.",P2,No direct migration-period export available in current authenticated GSC session,Authenticated Google Search Console Performance UI: last 7 days and last 28 complete days compared with previous 28 complete days. Exact migration-period API export is unavailable in the current property session.,2026-09-24
hair expert near me,,,0,0,5,4,9.6,7.75,0,0,1,6,MONITOR,/hair-loss-clinic-bhubaneswar,"Strengthen the existing hair-loss owner with concern, guide and doctor-answer links; use URL Inspection only for a confirmed indexation question.",P2,No direct migration-period export available in current authenticated GSC session,Authenticated Google Search Console Performance UI: last 7 days and last 28 complete days compared with previous 28 complete days. Exact migration-period API export is unavailable in the current property session.,2026-09-24
face laser hair removal,,,0,0,0,4,0,7,0,0,1,7,NEW_QUERY_DISCOVERY,/hair-loss-clinic-bhubaneswar,"Strengthen the existing hair-loss owner with concern, guide and doctor-answer links; use URL Inspection only for a confirmed indexation question.",P2,No direct migration-period export available in current authenticated GSC session,Authenticated Google Search Console Performance UI: last 7 days and last 28 complete days compared with previous 28 complete days. Exact migration-period API export is unavailable in the current property session.,2026-09-24
hair checkup near me,,,0,0,4,4,8.75,7.5,0,0,1,8,MONITOR,/hair-loss-clinic-bhubaneswar,"Strengthen the existing hair-loss owner with concern, guide and doctor-answer links; use URL Inspection only for a confirmed indexation question.",P2,No direct migration-period export available in current authenticated GSC session,Authenticated Google Search Console Performance UI: last 7 days and last 28 complete days compared with previous 28 complete days. Exact migration-period API export is unavailable in the current property session.,2026-09-24
hair growth doctor near me,,,0,0,3,4,8.33,9,0,0,1,8,MONITOR,/hair-loss-clinic-bhubaneswar,"Strengthen the existing hair-loss owner with concern, guide and doctor-answer links; use URL Inspection only for a confirmed indexation question.",P2,No direct migration-period export available in current authenticated GSC session,Authenticated Google Search Console Performance UI: last 7 days and last 28 complete days compared with previous 28 complete days. Exact migration-period API export is unavailable in the current property session.,2026-09-24
hair prp treatment near me,,,0,0,7,4,7,7,0,0,1,8,MONITOR,/treatments/hair-restoration/prp-gfc-scalp-therapy,Strengthen the existing PRP and GFC treatment page with related guides and doctor video context; do not create synonym pages.,P2,No direct migration-period export available in current authenticated GSC session,Authenticated Google Search Console Performance UI: last 7 days and last 28 complete days compared with previous 28 complete days. Exact migration-period API export is unavailable in the current property session.,2026-09-24
prp treatment for hair near me,,,0,0,7,4,10.86,14.5,0,0,1,8,POSITION_DECLINE_REQUIRES_QUERY_PAGE_REVIEW,/treatments/hair-restoration/prp-gfc-scalp-therapy,Strengthen the existing PRP and GFC treatment page with related guides and doctor video context; do not create synonym pages.,P2,No direct migration-period export available in current authenticated GSC session,Authenticated Google Search Console Performance UI: last 7 days and last 28 complete days compared with previous 28 complete days. Exact migration-period API export is unavailable in the current property session.,2026-09-24
can laser remove hair permanently,,,0,0,13,4,36.85,39,0,0,1,11,MONITOR,/hair-loss-clinic-bhubaneswar,"Strengthen the existing hair-loss owner with concern, guide and doctor-answer links; use URL Inspection only for a confirmed indexation question.",P2,No direct migration-period export available in current authenticated GSC session,Authenticated Google Search Console Performance UI: last 7 days and last 28 complete days compared with previous 28 complete days. Exact migration-period API export is unavailable in the current property session.,2026-09-24
doctor for hair,,,0,0,6,4,8.83,7.75,0,0,1,11,MONITOR,/hair-loss-clinic-bhubaneswar,"Strengthen the existing hair-loss owner with concern, guide and doctor-answer links; use URL Inspection only for a confirmed indexation question.",P2,No direct migration-period export available in current authenticated GSC session,Authenticated Google Search Console Performance UI: last 7 days and last 28 complete days compared with previous 28 complete days. Exact migration-period API export is unavailable in the current property session.,2026-09-24
best hair restoration near me,,,0,0,0,4,0,1,0,,,,NEW_QUERY_DISCOVERY,/hair-loss-clinic-bhubaneswar,"Strengthen the existing hair-loss owner with concern, guide and doctor-answer links; use URL Inspection only for a confirmed indexation question.",P2,No direct migration-period export available in current authenticated GSC session,Authenticated Google Search Console Performance UI: last 7 days and last 28 complete days compared with previous 28 complete days. Exact migration-period API export is unavailable in the current property session.,2026-09-24
cfc treatment for hair,,,0,0,0,4,0,1,0,,,,NEW_QUERY_DISCOVERY,/hair-loss-clinic-bhubaneswar,"Strengthen the existing hair-loss owner with concern, guide and doctor-answer links; use URL Inspection only for a confirmed indexation question.",P2,No direct migration-period export available in current authenticated GSC session,Authenticated Google Search Console Performance UI: last 7 days and last 28 complete days compared with previous 28 complete days. Exact migration-period API export is unavailable in the current property session.,2026-09-24
laser hair remove,,,0,0,5,4,2,1,0,,,,MONITOR,/hair-loss-clinic-bhubaneswar,"Strengthen the existing hair-loss owner with concern, guide and doctor-answer links; use URL Inspection only for a confirmed indexation question.",P2,No direct migration-period export available in current authenticated GSC session,Authenticated Google Search Console Performance UI: last 7 days and last 28 complete days compared with previous 28 complete days. Exact migration-period API export is unavailable in the current property session.,2026-09-24
doctor for hair fall,,,0,0,0,4,0,1.25,0,,,,NEW_QUERY_DISCOVERY,/hair-loss-clinic-bhubaneswar,"Strengthen the existing hair-loss owner with concern, guide and doctor-answer links; use URL Inspection only for a confirmed indexation question.",P2,No direct migration-period export available in current authenticated GSC session,Authenticated Google Search Console Performance UI: last 7 days and last 28 complete days compared with previous 28 complete days. Exact migration-period API export is unavailable in the current property session.,2026-09-24
prp therapy near me,,,0,0,0,4,0,1.75,0,,,,NEW_QUERY_DISCOVERY,/treatments/hair-restoration/prp-gfc-scalp-therapy,Strengthen the existing PRP and GFC treatment page with related guides and doctor video context; do not create synonym pages.,P2,No direct migration-period export available in current authenticated GSC session,Authenticated Google Search Console Performance UI: last 7 days and last 28 complete days compared with previous 28 complete days. Exact migration-period API export is unavailable in the current property session.,2026-09-24
what is prp treatment,,,0,0,0,4,0,2,0,,,,NEW_QUERY_DISCOVERY,/treatments/hair-restoration/prp-gfc-scalp-therapy,Strengthen the existing PRP and GFC treatment page with related guides and doctor video context; do not create synonym pages.,P2,No direct migration-period export available in current authenticated GSC session,Authenticated Google Search Console Performance UI: last 7 days and last 28 complete days compared with previous 28 complete days. Exact migration-period API export is unavailable in the current property session.,2026-09-24
laser hair removal for men,,,0,0,2,4,5.5,3.25,0,,,,MONITOR,/hair-loss-clinic-bhubaneswar,"Strengthen the existing hair-loss owner with concern, guide and doctor-answer links; use URL Inspection only for a confirmed indexation question.",P2,No direct migration-period export available in current authenticated GSC session,Authenticated Google Search Console Performance UI: last 7 days and last 28 complete days compared with previous 28 complete days. Exact migration-period API export is unavailable in the current property session.,2026-09-24
radiance hair and skin,,,0,0,10,4,7.7,3.25,0,,,,MONITOR,/,Preserve the homepage as the observed owner for this branded query and maintain clear links to the relevant hair treatment pathways.,P2,No direct migration-period export available in current authenticated GSC session,Authenticated Google Search Console Performance UI: last 7 days and last 28 complete days compared with previous 28 complete days. Exact migration-period API export is unavailable in the current property session.,2026-09-24
wig shop in bhubaneswar,,,0,0,15,4,5.8,5.5,0,,,,MONITOR,/hair-loss-clinic-bhubaneswar,"Strengthen the existing hair-loss owner with concern, guide and doctor-answer links; use URL Inspection only for a confirmed indexation question.",P2,No direct migration-period export available in current authenticated GSC session,Authenticated Google Search Console Performance UI: last 7 days and last 28 complete days compared with previous 28 complete days. Exact migration-period API export is unavailable in the current property session.,2026-09-24
hair consultant,,,0,0,2,4,6,5.75,0,,,,MONITOR,/hair-loss-clinic-bhubaneswar,"Strengthen the existing hair-loss owner with concern, guide and doctor-answer links; use URL Inspection only for a confirmed indexation question.",P2,No direct migration-period export available in current authenticated GSC session,Authenticated Google Search Console Performance UI: last 7 days and last 28 complete days compared with previous 28 complete days. Exact migration-period API export is unavailable in the current property session.,2026-09-24
skin hair removal,,,0,0,3,4,5.33,5.75,0,,,,MONITOR,/hair-loss-clinic-bhubaneswar,"Strengthen the existing hair-loss owner with concern, guide and doctor-answer links; use URL Inspection only for a confirmed indexation question.",P2,No direct migration-period export available in current authenticated GSC session,Authenticated Google Search Console Performance UI: last 7 days and last 28 complete days compared with previous 28 complete days. Exact migration-period API export is unavailable in the current property session.,2026-09-24
best clinic for hair treatment,,,0,0,0,4,0,6.25,0,,,,NEW_QUERY_DISCOVERY,/hair-loss-clinic-bhubaneswar,"Strengthen the existing hair-loss owner with concern, guide and doctor-answer links; use URL Inspection only for a confirmed indexation question.",P2,No direct migration-period export available in current authenticated GSC session,Authenticated Google Search Console Performance UI: last 7 days and last 28 complete days compared with previous 28 complete days. Exact migration-period API export is unavailable in the current property session.,2026-09-24
prp near me,,,0,0,7,4,7,6.25,0,,,,MONITOR,/treatments/hair-restoration/prp-gfc-scalp-therapy,Strengthen the existing PRP and GFC treatment page with related guides and doctor video context; do not create synonym pages.,P2,No direct migration-period export available in current authenticated GSC session,Authenticated Google Search Console Performance UI: last 7 days and last 28 complete days compared with previous 28 complete days. Exact migration-period API export is unavailable in the current property session.,2026-09-24
electrolysis hair removal,,,0,0,10,4,3.4,7.5,0,,,,POSITION_DECLINE_REQUIRES_QUERY_PAGE_REVIEW,/hair-loss-clinic-bhubaneswar,"Strengthen the existing hair-loss owner with concern, guide and doctor-answer links; use URL Inspection only for a confirmed indexation question.",P2,No direct migration-period export available in current authenticated GSC session,Authenticated Google Search Console Performance UI: last 7 days and last 28 complete days compared with previous 28 complete days. Exact migration-period API export is unavailable in the current property session.,2026-09-24
best laser hair removal near me,,,0,0,2,4,9,8.5,0,,,,MONITOR,/hair-loss-clinic-bhubaneswar,"Strengthen the existing hair-loss owner with concern, guide and doctor-answer links; use URL Inspection only for a confirmed indexation question.",P2,No direct migration-period export available in current authenticated GSC session,Authenticated Google Search Console Performance UI: last 7 days and last 28 complete days compared with previous 28 complete days. Exact migration-period API export is unavailable in the current property session.,2026-09-24
hair loss dermatologist near me,,,0,0,1,4,9,8.5,0,,,,MONITOR,/hair-loss-clinic-bhubaneswar,"Strengthen the existing hair-loss owner with concern, guide and doctor-answer links; use URL Inspection only for a confirmed indexation question.",P2,No direct migration-period export available in current authenticated GSC session,Authenticated Google Search Console Performance UI: last 7 days and last 28 complete days compared with previous 28 complete days. Exact migration-period API export is unavailable in the current property session.,2026-09-24
hair skin doctor near me,,,0,0,2,4,8.5,8.75,0,,,,MONITOR,/hair-loss-clinic-bhubaneswar,"Strengthen the existing hair-loss owner with concern, guide and doctor-answer links; use URL Inspection only for a confirmed indexation question.",P2,No direct migration-period export available in current authenticated GSC session,Authenticated Google Search Console Performance UI: last 7 days and last 28 complete days compared with previous 28 complete days. Exact migration-period API export is unavailable in the current property session.,2026-09-24
gfc treatments,,,0,0,1,4,1,9.25,0,,,,POSITION_DECLINE_REQUIRES_QUERY_PAGE_REVIEW,/treatments/hair-restoration/prp-gfc-scalp-therapy,Strengthen the existing PRP and GFC treatment page with related guides and doctor video context; do not create synonym pages.,P2,No direct migration-period export available in current authenticated GSC session,Authenticated Google Search Console Performance UI: last 7 days and last 28 complete days compared with previous 28 complete days. Exact migration-period API export is unavailable in the current property session.,2026-09-24
hair system service near me,,,0,0,1,4,7,9.5,0,,,,MONITOR,/non-surgical-hair-replacement-bhubaneswar,"Strengthen the canonical hair patch and wig page, keep legacy redirects one hop, and inspect the canonical URL after deployment.",P2,No direct migration-period export available in current authenticated GSC session,Authenticated Google Search Console Performance UI: last 7 days and last 28 complete days compared with previous 28 complete days. Exact migration-period API export is unavailable in the current property session.,2026-09-24
hair fall ke liye doctor near me,,,0,0,0,4,0,9.75,0,,,,NEW_QUERY_DISCOVERY,/hair-loss-clinic-bhubaneswar,"Strengthen the existing hair-loss owner with concern, guide and doctor-answer links; use URL Inspection only for a confirmed indexation question.",P2,No direct migration-period export available in current authenticated GSC session,Authenticated Google Search Console Performance UI: last 7 days and last 28 complete days compared with previous 28 complete days. Exact migration-period API export is unavailable in the current property session.,2026-09-24
wig expert,,,0,0,9,4,9.44,10.25,0,,,,MONITOR,/hair-loss-clinic-bhubaneswar,"Strengthen the existing hair-loss owner with concern, guide and doctor-answer links; use URL Inspection only for a confirmed indexation question.",P2,No direct migration-period export available in current authenticated GSC session,Authenticated Google Search Console Performance UI: last 7 days and last 28 complete days compared with previous 28 complete days. Exact migration-period API export is unavailable in the current property session.,2026-09-24
best doctor for hair fall treatment,,,0,0,3,4,4.33,10.75,0,,,,POSITION_DECLINE_REQUIRES_QUERY_PAGE_REVIEW,/hair-loss-clinic-bhubaneswar,"Strengthen the existing hair-loss owner with concern, guide and doctor-answer links; use URL Inspection only for a confirmed indexation question.",P2,No direct migration-period export available in current authenticated GSC session,Authenticated Google Search Console Performance UI: last 7 days and last 28 complete days compared with previous 28 complete days. Exact migration-period API export is unavailable in the current property session.,2026-09-24
laser vs wax hair removal,,,0,0,1,4,26,10.75,0,,,,MONITOR,/hair-loss-clinic-bhubaneswar,"Strengthen the existing hair-loss owner with concern, guide and doctor-answer links; use URL Inspection only for a confirmed indexation question.",P2,No direct migration-period export available in current authenticated GSC session,Authenticated Google Search Console Performance UI: last 7 days and last 28 complete days compared with previous 28 complete days. Exact migration-period API export is unavailable in the current property session.,2026-09-24
hair gfc treatment,,,0,0,6,4,11.83,12.75,0,,,,MONITOR,/treatments/hair-restoration/prp-gfc-scalp-therapy,Strengthen the existing PRP and GFC treatment page with related guides and doctor video context; do not create synonym pages.,P2,No direct migration-period export available in current authenticated GSC session,Authenticated Google Search Console Performance UI: last 7 days and last 28 complete days compared with previous 28 complete days. Exact migration-period API export is unavailable in the current property session.,2026-09-24
waxing or laser hair removal,,,0,0,4,4,22.75,16.25,0,,,,MONITOR,/hair-loss-clinic-bhubaneswar,"Strengthen the existing hair-loss owner with concern, guide and doctor-answer links; use URL Inspection only for a confirmed indexation question.",P2,No direct migration-period export available in current authenticated GSC session,Authenticated Google Search Console Performance UI: last 7 days and last 28 complete days compared with previous 28 complete days. Exact migration-period API export is unavailable in the current property session.,2026-09-24
armpit laser hair removal vs waxing,,,0,0,4,4,19.75,19.75,0,,,,MONITOR,/hair-loss-clinic-bhubaneswar,"Strengthen the existing hair-loss owner with concern, guide and doctor-answer links; use URL Inspection only for a confirmed indexation question.",P2,No direct migration-period export available in current authenticated GSC session,Authenticated Google Search Console Performance UI: last 7 days and last 28 complete days compared with previous 28 complete days. Exact migration-period API export is unavailable in the current property session.,2026-09-24
the radiance elite hair & skin aesthetic clinic,,,0,0,2,4,35,27.25,0,,,,MONITOR,/,Preserve the homepage as the observed owner for this branded query and maintain clear links to the relevant hair treatment pathways.,P2,No direct migration-period export available in current authenticated GSC session,Authenticated Google Search Console Performance UI: last 7 days and last 28 complete days compared with previous 28 complete days. Exact migration-period API export is unavailable in the current property session.,2026-09-24
hair restoration near me,,,0,0,6,4,5.33,32.25,0,,,,POSITION_DECLINE_REQUIRES_QUERY_PAGE_REVIEW,/hair-loss-clinic-bhubaneswar,"Strengthen the existing hair-loss owner with concern, guide and doctor-answer links; use URL Inspection only for a confirmed indexation question.",P2,No direct migration-period export available in current authenticated GSC session,Authenticated Google Search Console Performance UI: last 7 days and last 28 complete days compared with previous 28 complete days. Exact migration-period API export is unavailable in the current property session.,2026-09-24
does laser remove hair permanently,,,0,0,15,4,33.87,34.75,0,,,,MONITOR,/hair-loss-clinic-bhubaneswar,"Strengthen the existing hair-loss owner with concern, guide and doctor-answer links; use URL Inspection only for a confirmed indexation question.",P2,No direct migration-period export available in current authenticated GSC session,Authenticated Google Search Console Performance UI: last 7 days and last 28 complete days compared with previous 28 complete days. Exact migration-period API export is unavailable in the current property session.,2026-09-24
growth factor hair treatment,,,0,0,9,4,33,35,0,,,,MONITOR,/hair-loss-clinic-bhubaneswar,"Strengthen the existing hair-loss owner with concern, guide and doctor-answer links; use URL Inspection only for a confirmed indexation question.",P2,No direct migration-period export available in current authenticated GSC session,Authenticated Google Search Console Performance UI: last 7 days and last 28 complete days compared with previous 28 complete days. Exact migration-period API export is unavailable in the current property session.,2026-09-24
scalp micropigmentation cost,,,0,0,4,4,35.5,36,0,,,,MONITOR,/concerns/hair-loss-scalp/dandruff,"Strengthen the existing hair-loss owner with concern, guide and doctor-answer links; use URL Inspection only for a confirmed indexation question.",P2,No direct migration-period export available in current authenticated GSC session,Authenticated Google Search Console Performance UI: last 7 days and last 28 complete days compared with previous 28 complete days. Exact migration-period API export is unavailable in the current property session.,2026-09-24
permanent beard shaping,,,0,0,8,4,58.5,47.75,0,,,,MONITOR,/concerns/hair-transplant/beard-transplant,"Strengthen the existing hair transplant owner with relevant internal links, results and decision content; do not create a keyword-variant URL.",P2,No direct migration-period export available in current authenticated GSC session,Authenticated Google Search Console Performance UI: last 7 days and last 28 complete days compared with previous 28 complete days. Exact migration-period API export is unavailable in the current property session.,2026-09-24
laser hair removal treatment near me,,,0,0,2,4,7,54.25,0,,,,POSITION_DECLINE_REQUIRES_QUERY_PAGE_REVIEW,/hair-loss-clinic-bhubaneswar,"Strengthen the existing hair-loss owner with concern, guide and doctor-answer links; use URL Inspection only for a confirmed indexation question.",P2,No direct migration-period export available in current authenticated GSC session,Authenticated Google Search Console Performance UI: last 7 days and last 28 complete days compared with previous 28 complete days. Exact migration-period API export is unavailable in the current property session.,2026-09-24
laser body hair reduction,,,0,0,0,4,0,67,0,,,,NEW_QUERY_DISCOVERY,/hair-loss-clinic-bhubaneswar,"Strengthen the existing hair-loss owner with concern, guide and doctor-answer links; use URL Inspection only for a confirmed indexation question.",P2,No direct migration-period export available in current authenticated GSC session,Authenticated Google Search Console Performance UI: last 7 days and last 28 complete days compared with previous 28 complete days. Exact migration-period API export is unavailable in the current property session.,2026-09-24
growth factor injections for hair loss,,,0,0,18,4,87.56,72,0,,,,MONITOR,/hair-loss-clinic-bhubaneswar,"Strengthen the existing hair-loss owner with concern, guide and doctor-answer links; use URL Inspection only for a confirmed indexation question.",P2,No direct migration-period export available in current authenticated GSC session,Authenticated Google Search Console Performance UI: last 7 days and last 28 complete days compared with previous 28 complete days. Exact migration-period API export is unavailable in the current property session.,2026-09-24
alopecia with scarring,,,0,0,2,4,84,87.75,0,,,,POSITION_DECLINE_REQUIRES_QUERY_PAGE_REVIEW,/alopecia-areata-treatment-bhubaneswar,"Strengthen the existing hair-loss owner with concern, guide and doctor-answer links; use URL Inspection only for a confirmed indexation question.",P2,No direct migration-period export available in current authenticated GSC session,Authenticated Google Search Console Performance UI: last 7 days and last 28 complete days compared with previous 28 complete days. Exact migration-period API export is unavailable in the current property session.,2026-09-24
near hair hospital,,,0,0,0,3,0,5.67,0,0,3,5.67,NEW_QUERY_DISCOVERY,/hair-loss-clinic-bhubaneswar,"Strengthen the existing hair-loss owner with concern, guide and doctor-answer links; use URL Inspection only for a confirmed indexation question.",P2,No direct migration-period export available in current authenticated GSC session,Authenticated Google Search Console Performance UI: last 7 days and last 28 complete days compared with previous 28 complete days. Exact migration-period API export is unavailable in the current property session.,2026-09-24
facial hair removal laser,,,0,0,0,3,0,2.67,0,0,2,1,NEW_QUERY_DISCOVERY,/hair-loss-clinic-bhubaneswar,"Strengthen the existing hair-loss owner with concern, guide and doctor-answer links; use URL Inspection only for a confirmed indexation question.",P2,No direct migration-period export available in current authenticated GSC session,Authenticated Google Search Console Performance UI: last 7 days and last 28 complete days compared with previous 28 complete days. Exact migration-period API export is unavailable in the current property session.,2026-09-24
hair and skin treatment near me,,,0,0,0,3,0,4,0,0,2,1,NEW_QUERY_DISCOVERY,/hair-loss-clinic-bhubaneswar,"Strengthen the existing hair-loss owner with concern, guide and doctor-answer links; use URL Inspection only for a confirmed indexation question.",P2,No direct migration-period export available in current authenticated GSC session,Authenticated Google Search Console Performance UI: last 7 days and last 28 complete days compared with previous 28 complete days. Exact migration-period API export is unavailable in the current property session.,2026-09-24
hair fall best doctor near me,,,0,0,0,3,0,1.33,0,0,2,1,NEW_QUERY_DISCOVERY,/hair-loss-clinic-bhubaneswar,"Strengthen the existing hair-loss owner with concern, guide and doctor-answer links; use URL Inspection only for a confirmed indexation question.",P2,No direct migration-period export available in current authenticated GSC session,Authenticated Google Search Console Performance UI: last 7 days and last 28 complete days compared with previous 28 complete days. Exact migration-period API export is unavailable in the current property session.,2026-09-24
which is the best clinic for hair fall treatment?,,,0,0,0,3,0,1.67,0,0,2,1.5,NEW_QUERY_DISCOVERY,/hair-loss-clinic-bhubaneswar,"Strengthen the existing hair-loss owner with concern, guide and doctor-answer links; use URL Inspection only for a confirmed indexation question.",P2,No direct migration-period export available in current authenticated GSC session,Authenticated Google Search Console Performance UI: last 7 days and last 28 complete days compared with previous 28 complete days. Exact migration-period API export is unavailable in the current property session.,2026-09-24
hair loss treatment for women,,,0,0,0,3,0,5.33,0,0,2,3,NEW_QUERY_DISCOVERY,/hair-loss-clinic-bhubaneswar,"Strengthen the existing hair-loss owner with concern, guide and doctor-answer links; use URL Inspection only for a confirmed indexation question.",P2,No direct migration-period export available in current authenticated GSC session,Authenticated Google Search Console Performance UI: last 7 days and last 28 complete days compared with previous 28 complete days. Exact migration-period API export is unavailable in the current property session.,2026-09-24
hair & skin clinic near me,,,0,0,2,3,2,5.33,0,0,2,7.5,POSITION_DECLINE_REQUIRES_QUERY_PAGE_REVIEW,/hair-loss-clinic-bhubaneswar,"Strengthen the existing hair-loss owner with concern, guide and doctor-answer links; use URL Inspection only for a confirmed indexation question.",P2,No direct migration-period export available in current authenticated GSC session,Authenticated Google Search Console Performance UI: last 7 days and last 28 complete days compared with previous 28 complete days. Exact migration-period API export is unavailable in the current property session.,2026-09-24
anti dandruff treatment near me,,,0,0,1,3,2,1,0,0,1,1,MONITOR,/concerns/hair-loss-scalp/dandruff,"Strengthen the existing hair-loss owner with concern, guide and doctor-answer links; use URL Inspection only for a confirmed indexation question.",P2,No direct migration-period export available in current authenticated GSC session,Authenticated Google Search Console Performance UI: last 7 days and last 28 complete days compared with previous 28 complete days. Exact migration-period API export is unavailable in the current property session.,2026-09-24
c gfc,,,0,0,0,3,0,1,0,0,1,1,NEW_QUERY_DISCOVERY,/treatments/hair-restoration/prp-gfc-scalp-therapy,Strengthen the existing PRP and GFC treatment page with related guides and doctor video context; do not create synonym pages.,P2,No direct migration-period export available in current authenticated GSC session,Authenticated Google Search Console Performance UI: last 7 days and last 28 complete days compared with previous 28 complete days. Exact migration-period API export is unavailable in the current property session.,2026-09-24
hair removal laser treatment near me,,,0,0,0,3,0,2.33,0,0,1,5,NEW_QUERY_DISCOVERY,/hair-loss-clinic-bhubaneswar,"Strengthen the existing hair-loss owner with concern, guide and doctor-answer links; use URL Inspection only for a confirmed indexation question.",P2,No direct migration-period export available in current authenticated GSC session,Authenticated Google Search Console Performance UI: last 7 days and last 28 complete days compared with previous 28 complete days. Exact migration-period API export is unavailable in the current property session.,2026-09-24
hair fall specialist doctor near me,,,0,0,2,3,11,4,0,0,1,8,MONITOR,/hair-loss-clinic-bhubaneswar,"Strengthen the existing hair-loss owner with concern, guide and doctor-answer links; use URL Inspection only for a confirmed indexation question.",P2,No direct migration-period export available in current authenticated GSC session,Authenticated Google Search Console Performance UI: last 7 days and last 28 complete days compared with previous 28 complete days. Exact migration-period API export is unavailable in the current property session.,2026-09-24
dermatologist for hair fall,,,0,1,2,3,11.5,1,33.33,,,,MONITOR,/hair-loss-clinic-bhubaneswar,"Strengthen the existing hair-loss owner with concern, guide and doctor-answer links; use URL Inspection only for a confirmed indexation question.",P2,No direct migration-period export available in current authenticated GSC session,Authenticated Google Search Console Performance UI: last 7 days and last 28 complete days compared with previous 28 complete days. Exact migration-period API export is unavailable in the current property session.,2026-09-24
gfc c,,,0,0,0,3,0,1,0,,,,NEW_QUERY_DISCOVERY,/treatments/hair-restoration/prp-gfc-scalp-therapy,Strengthen the existing PRP and GFC treatment page with related guides and doctor video context; do not create synonym pages.,P2,No direct migration-period export available in current authenticated GSC session,Authenticated Google Search Console Performance UI: last 7 days and last 28 complete days compared with previous 28 complete days. Exact migration-period API export is unavailable in the current property session.,2026-09-24
hair removal lazer,,,0,0,0,3,0,1,0,,,,NEW_QUERY_DISCOVERY,/hair-loss-clinic-bhubaneswar,"Strengthen the existing hair-loss owner with concern, guide and doctor-answer links; use URL Inspection only for a confirmed indexation question.",P2,No direct migration-period export available in current authenticated GSC session,Authenticated Google Search Console Performance UI: last 7 days and last 28 complete days compared with previous 28 complete days. Exact migration-period API export is unavailable in the current property session.,2026-09-24
hair treatment for hair fall,,,0,0,2,3,4.5,1,0,,,,MONITOR,/hair-loss-clinic-bhubaneswar,"Strengthen the existing hair-loss owner with concern, guide and doctor-answer links; use URL Inspection only for a confirmed indexation question.",P2,No direct migration-period export available in current authenticated GSC session,Authenticated Google Search Console Performance UI: last 7 days and last 28 complete days compared with previous 28 complete days. Exact migration-period API export is unavailable in the current property session.,2026-09-24
lasers for hair removal,,,0,0,0,3,0,1,0,,,,NEW_QUERY_DISCOVERY,/hair-loss-clinic-bhubaneswar,"Strengthen the existing hair-loss owner with concern, guide and doctor-answer links; use URL Inspection only for a confirmed indexation question.",P2,No direct migration-period export available in current authenticated GSC session,Authenticated Google Search Console Performance UI: last 7 days and last 28 complete days compared with previous 28 complete days. Exact migration-period API export is unavailable in the current property session.,2026-09-24
how many prp sessions are required,,,0,0,4,3,1,1.33,0,,,,MONITOR,/treatments/hair-restoration/prp-gfc-scalp-therapy,Strengthen the existing PRP and GFC treatment page with related guides and doctor video context; do not create synonym pages.,P2,No direct migration-period export available in current authenticated GSC session,Authenticated Google Search Console Performance UI: last 7 days and last 28 complete days compared with previous 28 complete days. Exact migration-period API export is unavailable in the current property session.,2026-09-24
hair fall problem doctor near me,,,0,0,0,3,0,1.67,0,,,,NEW_QUERY_DISCOVERY,/hair-loss-clinic-bhubaneswar,"Strengthen the existing hair-loss owner with concern, guide and doctor-answer links; use URL Inspection only for a confirmed indexation question.",P2,No direct migration-period export available in current authenticated GSC session,Authenticated Google Search Console Performance UI: last 7 days and last 28 complete days compared with previous 28 complete days. Exact migration-period API export is unavailable in the current property session.,2026-09-24
whole body hair removal for men,,,0,0,0,3,0,1.67,0,,,,NEW_QUERY_DISCOVERY,/hair-loss-clinic-bhubaneswar,"Strengthen the existing hair-loss owner with concern, guide and doctor-answer links; use URL Inspection only for a confirmed indexation question.",P2,No direct migration-period export available in current authenticated GSC session,Authenticated Google Search Console Performance UI: last 7 days and last 28 complete days compared with previous 28 complete days. Exact migration-period API export is unavailable in the current property session.,2026-09-24
prp therapy for hair,,,0,0,0,3,0,2,0,,,,NEW_QUERY_DISCOVERY,/treatments/hair-restoration/prp-gfc-scalp-therapy,Strengthen the existing PRP and GFC treatment page with related guides and doctor video context; do not create synonym pages.,P2,No direct migration-period export available in current authenticated GSC session,Authenticated Google Search Console Performance UI: last 7 days and last 28 complete days compared with previous 28 complete days. Exact migration-period API export is unavailable in the current property session.,2026-09-24
prp vs gfc which is better,,,0,0,1,3,2,2,0,,,,MONITOR,/treatments/hair-restoration/prp-gfc-scalp-therapy,Strengthen the existing PRP and GFC treatment page with related guides and doctor video context; do not create synonym pages.,P2,No direct migration-period export available in current authenticated GSC session,Authenticated Google Search Console Performance UI: last 7 days and last 28 complete days compared with previous 28 complete days. Exact migration-period API export is unavailable in the current property session.,2026-09-24
beard doctor near me,,,0,0,1,3,11,3,0,,,,MONITOR,/concerns/hair-transplant/beard-transplant,"Strengthen the existing hair transplant owner with relevant internal links, results and decision content; do not create a keyword-variant URL.",P2,No direct migration-period export available in current authenticated GSC session,Authenticated Google Search Console Performance UI: last 7 days and last 28 complete days compared with previous 28 complete days. Exact migration-period API export is unavailable in the current property session.,2026-09-24
best clinics for laser hair removal,,,0,0,0,3,0,3,0,,,,NEW_QUERY_DISCOVERY,/hair-loss-clinic-bhubaneswar,"Strengthen the existing hair-loss owner with concern, guide and doctor-answer links; use URL Inspection only for a confirmed indexation question.",P2,No direct migration-period export available in current authenticated GSC session,Authenticated Google Search Console Performance UI: last 7 days and last 28 complete days compared with previous 28 complete days. Exact migration-period API export is unavailable in the current property session.,2026-09-24
hair plantation in bhubaneswar,,,0,0,0,3,0,3,0,,,,NEW_QUERY_DISCOVERY,/hair-loss-clinic-bhubaneswar,"Strengthen the existing hair-loss owner with concern, guide and doctor-answer links; use URL Inspection only for a confirmed indexation question.",P2,No direct migration-period export available in current authenticated GSC session,Authenticated Google Search Console Performance UI: last 7 days and last 28 complete days compared with previous 28 complete days. Exact migration-period API export is unavailable in the current property session.,2026-09-24
best prp hair treatment near me,,,0,0,2,3,1,4,0,,,,POSITION_DECLINE_REQUIRES_QUERY_PAGE_REVIEW,/treatments/hair-restoration/prp-gfc-scalp-therapy,Strengthen the existing PRP and GFC treatment page with related guides and doctor video context; do not create synonym pages.,P2,No direct migration-period export available in current authenticated GSC session,Authenticated Google Search Console Performance UI: last 7 days and last 28 complete days compared with previous 28 complete days. Exact migration-period API export is unavailable in the current property session.,2026-09-24
hair fall treatment near me for women,,,0,0,0,3,0,4.33,0,,,,NEW_QUERY_DISCOVERY,/hair-loss-clinic-bhubaneswar,"Strengthen the existing hair-loss owner with concern, guide and doctor-answer links; use URL Inspection only for a confirmed indexation question.",P2,No direct migration-period export available in current authenticated GSC session,Authenticated Google Search Console Performance UI: last 7 days and last 28 complete days compared with previous 28 complete days. Exact migration-period API export is unavailable in the current property session.,2026-09-24
lasik hair removal,,,0,0,0,3,0,4.33,0,,,,NEW_QUERY_DISCOVERY,/hair-loss-clinic-bhubaneswar,"Strengthen the existing hair-loss owner with concern, guide and doctor-answer links; use URL Inspection only for a confirmed indexation question.",P2,No direct migration-period export available in current authenticated GSC session,Authenticated Google Search Console Performance UI: last 7 days and last 28 complete days compared with previous 28 complete days. Exact migration-period API export is unavailable in the current property session.,2026-09-24
hair fillers,,,0,0,0,3,0,5,0,,,,NEW_QUERY_DISCOVERY,/hair-loss-clinic-bhubaneswar,"Strengthen the existing hair-loss owner with concern, guide and doctor-answer links; use URL Inspection only for a confirmed indexation question.",P2,No direct migration-period export available in current authenticated GSC session,Authenticated Google Search Console Performance UI: last 7 days and last 28 complete days compared with previous 28 complete days. Exact migration-period API export is unavailable in the current property session.,2026-09-24
laser hair reduction near me,,,0,0,5,3,4.8,5.67,0,,,,MONITOR,/hair-loss-clinic-bhubaneswar,"Strengthen the existing hair-loss owner with concern, guide and doctor-answer links; use URL Inspection only for a confirmed indexation question.",P2,No direct migration-period export available in current authenticated GSC session,Authenticated Google Search Console Performance UI: last 7 days and last 28 complete days compared with previous 28 complete days. Exact migration-period API export is unavailable in the current property session.,2026-09-24
best hair dermatologist near me,,,0,0,7,3,5.43,6.33,0,,,,MONITOR,/hair-loss-clinic-bhubaneswar,"Strengthen the existing hair-loss owner with concern, guide and doctor-answer links; use URL Inspection only for a confirmed indexation question.",P2,No direct migration-period export available in current authenticated GSC session,Authenticated Google Search Console Performance UI: last 7 days and last 28 complete days compared with previous 28 complete days. Exact migration-period API export is unavailable in the current property session.,2026-09-24
dermatologist for beard growth,,,0,0,0,3,0,6.33,0,,,,NEW_QUERY_DISCOVERY,/concerns/hair-transplant/beard-transplant,"Strengthen the existing hair transplant owner with relevant internal links, results and decision content; do not create a keyword-variant URL.",P2,No direct migration-period export available in current authenticated GSC session,Authenticated Google Search Console Performance UI: last 7 days and last 28 complete days compared with previous 28 complete days. Exact migration-period API export is unavailable in the current property session.,2026-09-24
hair care doctor name,,,0,1,0,1,0,1,100,,,,NEW_QUERY_DISCOVERY,/hair-loss-clinic-bhubaneswar,"Strengthen the existing hair-loss owner with concern, guide and doctor-answer links; use URL Inspection only for a confirmed indexation question.",P2,No direct migration-period export available in current authenticated GSC session,Authenticated Google Search Console Performance UI: last 7 days and last 28 complete days compared with previous 28 complete days. Exact migration-period API export is unavailable in the current property session.,2026-09-24
laser hair removal places,,,0,1,0,1,0,6,100,,,,NEW_QUERY_DISCOVERY,/hair-loss-clinic-bhubaneswar,"Strengthen the existing hair-loss owner with concern, guide and doctor-answer links; use URL Inspection only for a confirmed indexation question.",P2,No direct migration-period export available in current authenticated GSC session,Authenticated Google Search Console Performance UI: last 7 days and last 28 complete days compared with previous 28 complete days. Exact migration-period API export is unavailable in the current property session.,2026-09-24
best hair care clinic,,,0,1,1,1,1,10,100,,,,POSITION_DECLINE_REQUIRES_QUERY_PAGE_REVIEW,/hair-loss-clinic-bhubaneswar,"Strengthen the existing hair-loss owner with concern, guide and doctor-answer links; use URL Inspection only for a confirmed indexation question.",P2,No direct migration-period export available in current authenticated GSC session,Authenticated Google Search Console Performance UI: last 7 days and last 28 complete days compared with previous 28 complete days. Exact migration-period API export is unavailable in the current property session.,2026-09-24
hair regrowth doctor,,,0,1,0,1,0,25,100,,,,NEW_QUERY_DISCOVERY,/hair-loss-clinic-bhubaneswar,"Strengthen the existing hair-loss owner with concern, guide and doctor-answer links; use URL Inspection only for a confirmed indexation question.",P2,No direct migration-period export available in current authenticated GSC session,Authenticated Google Search Console Performance UI: last 7 days and last 28 complete days compared with previous 28 complete days. Exact migration-period API export is unavailable in the current property session.,2026-09-24
hair scalp doctor near me,,,0,,5,,7.2,,,0,3,7.67,MONITOR,/concerns/hair-loss-scalp/dandruff,"Strengthen the existing hair-loss owner with concern, guide and doctor-answer links; use URL Inspection only for a confirmed indexation question.",P2,No direct migration-period export available in current authenticated GSC session,Authenticated Google Search Console Performance UI: last 7 days and last 28 complete days compared with previous 28 complete days. Exact migration-period API export is unavailable in the current property session.,2026-09-24
flaky meaning in hair,,,,,,,,,,0,3,11,MONITOR,/hair-loss-clinic-bhubaneswar,"Strengthen the existing hair-loss owner with concern, guide and doctor-answer links; use URL Inspection only for a confirmed indexation question.",P2,No direct migration-period export available in current authenticated GSC session,Authenticated Google Search Console Performance UI: last 7 days and last 28 complete days compared with previous 28 complete days. Exact migration-period API export is unavailable in the current property session.,2026-09-24
laser hair removal clinics near me,,,,,,,,,,0,3,38,MONITOR,/hair-loss-clinic-bhubaneswar,"Strengthen the existing hair-loss owner with concern, guide and doctor-answer links; use URL Inspection only for a confirmed indexation question.",P2,No direct migration-period export available in current authenticated GSC session,Authenticated Google Search Console Performance UI: last 7 days and last 28 complete days compared with previous 28 complete days. Exact migration-period API export is unavailable in the current property session.,2026-09-24
patchy hair loss,,,,,,,,,,0,3,70.67,MONITOR,/hair-loss-clinic-bhubaneswar,"Strengthen the existing hair-loss owner with concern, guide and doctor-answer links; use URL Inspection only for a confirmed indexation question.",P2,No direct migration-period export available in current authenticated GSC session,Authenticated Google Search Console Performance UI: last 7 days and last 28 complete days compared with previous 28 complete days. Exact migration-period API export is unavailable in the current property session.,2026-09-24
left side hairline receding,,,,,,,,,,0,3,87,MONITOR,/concerns/hair-loss-scalp/male-pattern-hair-loss,"Strengthen the existing hair-loss owner with concern, guide and doctor-answer links; use URL Inspection only for a confirmed indexation question.",P2,No direct migration-period export available in current authenticated GSC session,Authenticated Google Search Console Performance UI: last 7 days and last 28 complete days compared with previous 28 complete days. Exact migration-period API export is unavailable in the current property session.,2026-09-24
best doctor for female hair loss,,,,,,,,,,0,2,1,MONITOR,/hair-loss-clinic-bhubaneswar,"Strengthen the existing hair-loss owner with concern, guide and doctor-answer links; use URL Inspection only for a confirmed indexation question.",P2,No direct migration-period export available in current authenticated GSC session,Authenticated Google Search Console Performance UI: last 7 days and last 28 complete days compared with previous 28 complete days. Exact migration-period API export is unavailable in the current property session.,2026-09-24
best hair treatment for frizzy hair and hair fall,,,,,,,,,,0,2,1,MONITOR,/hair-loss-clinic-bhubaneswar,"Strengthen the existing hair-loss owner with concern, guide and doctor-answer links; use URL Inspection only for a confirmed indexation question.",P2,No direct migration-period export available in current authenticated GSC session,Authenticated Google Search Console Performance UI: last 7 days and last 28 complete days compared with previous 28 complete days. Exact migration-period API export is unavailable in the current property session.,2026-09-24
grow hair glow skin near me,,,,,,,,,,0,2,1,MONITOR,/hair-loss-clinic-bhubaneswar,"Strengthen the existing hair-loss owner with concern, guide and doctor-answer links; use URL Inspection only for a confirmed indexation question.",P2,No direct migration-period export available in current authenticated GSC session,Authenticated Google Search Console Performance UI: last 7 days and last 28 complete days compared with previous 28 complete days. Exact migration-period API export is unavailable in the current property session.,2026-09-24
hair health treatment near me,,,,,,,,,,0,2,1,MONITOR,/hair-loss-clinic-bhubaneswar,"Strengthen the existing hair-loss owner with concern, guide and doctor-answer links; use URL Inspection only for a confirmed indexation question.",P2,No direct migration-period export available in current authenticated GSC session,Authenticated Google Search Console Performance UI: last 7 days and last 28 complete days compared with previous 28 complete days. Exact migration-period API export is unavailable in the current property session.,2026-09-24
prp treatment price,,,,,,,,,,0,2,1,MONITOR,/treatments/hair-restoration/prp-gfc-scalp-therapy,Strengthen the existing PRP and GFC treatment page with related guides and doctor video context; do not create synonym pages.,P2,No direct migration-period export available in current authenticated GSC session,Authenticated Google Search Console Performance UI: last 7 days and last 28 complete days compared with previous 28 complete days. Exact migration-period API export is unavailable in the current property session.,2026-09-24
prp,,,0,,4,,6,,,0,2,1.5,MONITOR,/treatments/hair-restoration/prp-gfc-scalp-therapy,Strengthen the existing PRP and GFC treatment page with related guides and doctor video context; do not create synonym pages.,P2,No direct migration-period export available in current authenticated GSC session,Authenticated Google Search Console Performance UI: last 7 days and last 28 complete days compared with previous 28 complete days. Exact migration-period API export is unavailable in the current property session.,2026-09-24
hair removal clinic,,,,,,,,,,0,2,4,MONITOR,/hair-loss-clinic-bhubaneswar,"Strengthen the existing hair-loss owner with concern, guide and doctor-answer links; use URL Inspection only for a confirmed indexation question.",P2,No direct migration-period export available in current authenticated GSC session,Authenticated Google Search Console Performance UI: last 7 days and last 28 complete days compared with previous 28 complete days. Exact migration-period API export is unavailable in the current property session.,2026-09-24
hair treatment clinic,,,,,,,,,,0,2,4.5,MONITOR,/hair-loss-clinic-bhubaneswar,"Strengthen the existing hair-loss owner with concern, guide and doctor-answer links; use URL Inspection only for a confirmed indexation question.",P2,No direct migration-period export available in current authenticated GSC session,Authenticated Google Search Console Performance UI: last 7 days and last 28 complete days compared with previous 28 complete days. Exact migration-period API export is unavailable in the current property session.,2026-09-24
hair and skin,,,,,,,,,,0,2,5,MONITOR,/hair-loss-clinic-bhubaneswar,"Strengthen the existing hair-loss owner with concern, guide and doctor-answer links; use URL Inspection only for a confirmed indexation question.",P2,No direct migration-period export available in current authenticated GSC session,Authenticated Google Search Console Performance UI: last 7 days and last 28 complete days compared with previous 28 complete days. Exact migration-period API export is unavailable in the current property session.,2026-09-24
doctor for hair treatment near me,,,,,,,,,,0,2,5.5,MONITOR,/hair-loss-clinic-bhubaneswar,"Strengthen the existing hair-loss owner with concern, guide and doctor-answer links; use URL Inspection only for a confirmed indexation question.",P2,No direct migration-period export available in current authenticated GSC session,Authenticated Google Search Console Performance UI: last 7 days and last 28 complete days compared with previous 28 complete days. Exact migration-period API export is unavailable in the current property session.,2026-09-24
hair hospital near me for men,,,,,,,,,,0,2,5.5,MONITOR,/hair-loss-clinic-bhubaneswar,"Strengthen the existing hair-loss owner with concern, guide and doctor-answer links; use URL Inspection only for a confirmed indexation question.",P2,No direct migration-period export available in current authenticated GSC session,Authenticated Google Search Console Performance UI: last 7 days and last 28 complete days compared with previous 28 complete days. Exact migration-period API export is unavailable in the current property session.,2026-09-24
hair thinning clinic,,,,,,,,,,0,2,5.5,MONITOR,/hair-loss-clinic-bhubaneswar,"Strengthen the existing hair-loss owner with concern, guide and doctor-answer links; use URL Inspection only for a confirmed indexation question.",P2,No direct migration-period export available in current authenticated GSC session,Authenticated Google Search Console Performance UI: last 7 days and last 28 complete days compared with previous 28 complete days. Exact migration-period API export is unavailable in the current property session.,2026-09-24
hair care clinic,,,,,,,,,,0,2,6.5,MONITOR,/hair-loss-clinic-bhubaneswar,"Strengthen the existing hair-loss owner with concern, guide and doctor-answer links; use URL Inspection only for a confirmed indexation question.",P2,No direct migration-period export available in current authenticated GSC session,Authenticated Google Search Console Performance UI: last 7 days and last 28 complete days compared with previous 28 complete days. Exact migration-period API export is unavailable in the current property session.,2026-09-24
microneedling with prp near me,,,,,,,,,,0,2,7,MONITOR,/treatments/hair-restoration/prp-gfc-scalp-therapy,Strengthen the existing PRP and GFC treatment page with related guides and doctor video context; do not create synonym pages.,P2,No direct migration-period export available in current authenticated GSC session,Authenticated Google Search Console Performance UI: last 7 days and last 28 complete days compared with previous 28 complete days. Exact migration-period API export is unavailable in the current property session.,2026-09-24
scalp doctor,,,,,,,,,,0,2,7.5,MONITOR,/concerns/hair-loss-scalp/dandruff,"Strengthen the existing hair-loss owner with concern, guide and doctor-answer links; use URL Inspection only for a confirmed indexation question.",P2,No direct migration-period export available in current authenticated GSC session,Authenticated Google Search Console Performance UI: last 7 days and last 28 complete days compared with previous 28 complete days. Exact migration-period API export is unavailable in the current property session.,2026-09-24
skin doctor for hair,,,,,,,,,,0,2,7.5,MONITOR,/hair-loss-clinic-bhubaneswar,"Strengthen the existing hair-loss owner with concern, guide and doctor-answer links; use URL Inspection only for a confirmed indexation question.",P2,No direct migration-period export available in current authenticated GSC session,Authenticated Google Search Console Performance UI: last 7 days and last 28 complete days compared with previous 28 complete days. Exact migration-period API export is unavailable in the current property session.,2026-09-24
widening hair part,,,,,,,,,,0,2,7.5,MONITOR,/hair-loss-clinic-bhubaneswar,"Strengthen the existing hair-loss owner with concern, guide and doctor-answer links; use URL Inspection only for a confirmed indexation question.",P2,No direct migration-period export available in current authenticated GSC session,Authenticated Google Search Console Performance UI: last 7 days and last 28 complete days compared with previous 28 complete days. Exact migration-period API export is unavailable in the current property session.,2026-09-24
beard transplant near me,,,0,,5,,4.2,,,0,2,8,MONITOR,/concerns/hair-transplant/beard-transplant,"Strengthen the existing hair transplant owner with relevant internal links, results and decision content; do not create a keyword-variant URL.",P2,No direct migration-period export available in current authenticated GSC session,Authenticated Google Search Console Performance UI: last 7 days and last 28 complete days compared with previous 28 complete days. Exact migration-period API export is unavailable in the current property session.,2026-09-24
best hair hospital near me,,,0,,6,,6.5,,,0,2,8,MONITOR,/hair-loss-clinic-bhubaneswar,"Strengthen the existing hair-loss owner with concern, guide and doctor-answer links; use URL Inspection only for a confirmed indexation question.",P2,No direct migration-period export available in current authenticated GSC session,Authenticated Google Search Console Performance UI: last 7 days and last 28 complete days compared with previous 28 complete days. Exact migration-period API export is unavailable in the current property session.,2026-09-24
for hair treatment which doctor to consult,,,,,,,,,,0,2,8,MONITOR,/hair-loss-clinic-bhubaneswar,"Strengthen the existing hair-loss owner with concern, guide and doctor-answer links; use URL Inspection only for a confirmed indexation question.",P2,No direct migration-period export available in current authenticated GSC session,Authenticated Google Search Console Performance UI: last 7 days and last 28 complete days compared with previous 28 complete days. Exact migration-period API export is unavailable in the current property session.,2026-09-24
hair fall clinic near me,,,0,,5,,7.4,,,0,2,8,MONITOR,/hair-loss-clinic-bhubaneswar,"Strengthen the existing hair-loss owner with concern, guide and doctor-answer links; use URL Inspection only for a confirmed indexation question.",P2,No direct migration-period export available in current authenticated GSC session,Authenticated Google Search Console Performance UI: last 7 days and last 28 complete days compared with previous 28 complete days. Exact migration-period API export is unavailable in the current property session.,2026-09-24
prp gfc treatment,,,,,,,,,,0,2,8.5,MONITOR,/treatments/hair-restoration/prp-gfc-scalp-therapy,Strengthen the existing PRP and GFC treatment page with related guides and doctor video context; do not create synonym pages.,P2,No direct migration-period export available in current authenticated GSC session,Authenticated Google Search Console Performance UI: last 7 days and last 28 complete days compared with previous 28 complete days. Exact migration-period API export is unavailable in the current property session.,2026-09-24
best doctor for hair treatment,,,,,,,,,,0,2,9,MONITOR,/hair-loss-clinic-bhubaneswar,"Strengthen the existing hair-loss owner with concern, guide and doctor-answer links; use URL Inspection only for a confirmed indexation question.",P2,No direct migration-period export available in current authenticated GSC session,Authenticated Google Search Console Performance UI: last 7 days and last 28 complete days compared with previous 28 complete days. Exact migration-period API export is unavailable in the current property session.,2026-09-24
best hair and scalp doctor near me,,,,,,,,,,0,2,9,MONITOR,/concerns/hair-loss-scalp/dandruff,"Strengthen the existing hair-loss owner with concern, guide and doctor-answer links; use URL Inspection only for a confirmed indexation question.",P2,No direct migration-period export available in current authenticated GSC session,Authenticated Google Search Console Performance UI: last 7 days and last 28 complete days compared with previous 28 complete days. Exact migration-period API export is unavailable in the current property session.,2026-09-24
hair botox treatment near me,,,,,,,,,,0,2,9,MONITOR,/hair-loss-clinic-bhubaneswar,"Strengthen the existing hair-loss owner with concern, guide and doctor-answer links; use URL Inspection only for a confirmed indexation question.",P2,No direct migration-period export available in current authenticated GSC session,Authenticated Google Search Console Performance UI: last 7 days and last 28 complete days compared with previous 28 complete days. Exact migration-period API export is unavailable in the current property session.,2026-09-24
sebastian hair care products,,,,,,,,,,0,2,9,MONITOR,/hair-loss-clinic-bhubaneswar,"Strengthen the existing hair-loss owner with concern, guide and doctor-answer links; use URL Inspection only for a confirmed indexation question.",P2,No direct migration-period export available in current authenticated GSC session,Authenticated Google Search Console Performance UI: last 7 days and last 28 complete days compared with previous 28 complete days. Exact migration-period API export is unavailable in the current property session.,2026-09-24
radiance hair & skin clinic,,,0,,12,,18.33,,,0,2,11.5,MONITOR,/,Preserve the homepage as the observed owner for this branded query and maintain clear links to the relevant hair treatment pathways.,P2,No direct migration-period export available in current authenticated GSC session,Authenticated Google Search Console Performance UI: last 7 days and last 28 complete days compared with previous 28 complete days. Exact migration-period API export is unavailable in the current property session.,2026-09-24
nanoplastia hair treatment near me,,,,,,,,,,0,2,12,MONITOR,/hair-loss-clinic-bhubaneswar,"Strengthen the existing hair-loss owner with concern, guide and doctor-answer links; use URL Inspection only for a confirmed indexation question.",P2,No direct migration-period export available in current authenticated GSC session,Authenticated Google Search Console Performance UI: last 7 days and last 28 complete days compared with previous 28 complete days. Exact migration-period API export is unavailable in the current property session.,2026-09-24
pcos and laser hair removal,,,,,,,,,,0,2,18,MONITOR,/hair-loss-clinic-bhubaneswar,"Strengthen the existing hair-loss owner with concern, guide and doctor-answer links; use URL Inspection only for a confirmed indexation question.",P2,No direct migration-period export available in current authenticated GSC session,Authenticated Google Search Console Performance UI: last 7 days and last 28 complete days compared with previous 28 complete days. Exact migration-period API export is unavailable in the current property session.,2026-09-24
early receding hairline,,,,,,,,,,0,2,82,MONITOR,/concerns/hair-loss-scalp/male-pattern-hair-loss,"Strengthen the existing hair-loss owner with concern, guide and doctor-answer links; use URL Inspection only for a confirmed indexation question.",P2,No direct migration-period export available in current authenticated GSC session,Authenticated Google Search Console Performance UI: last 7 days and last 28 complete days compared with previous 28 complete days. Exact migration-period API export is unavailable in the current property session.,2026-09-24
female pattern first signs of hair thinning,,,,,,,,,,0,2,86,MONITOR,/concerns/hair-loss-scalp/male-pattern-hair-loss,"Strengthen the existing hair-loss owner with concern, guide and doctor-answer links; use URL Inspection only for a confirmed indexation question.",P2,No direct migration-period export available in current authenticated GSC session,Authenticated Google Search Console Performance UI: last 7 days and last 28 complete days compared with previous 28 complete days. Exact migration-period API export is unavailable in the current property session.,2026-09-24
alopecia areata doctor near me,,,,,,,,,,0,1,1,MONITOR,/alopecia-areata-treatment-bhubaneswar,"Strengthen the existing hair-loss owner with concern, guide and doctor-answer links; use URL Inspection only for a confirmed indexation question.",P2,No direct migration-period export available in current authenticated GSC session,Authenticated Google Search Console Performance UI: last 7 days and last 28 complete days compared with previous 28 complete days. Exact migration-period API export is unavailable in the current property session.,2026-09-24
anti dandruff treatment,,,,,,,,,,0,1,1,MONITOR,/concerns/hair-loss-scalp/dandruff,"Strengthen the existing hair-loss owner with concern, guide and doctor-answer links; use URL Inspection only for a confirmed indexation question.",P2,No direct migration-period export available in current authenticated GSC session,Authenticated Google Search Console Performance UI: last 7 days and last 28 complete days compared with previous 28 complete days. Exact migration-period API export is unavailable in the current property session.,2026-09-24
best hair fall dermatologist near me,,,,,,,,,,0,1,1,MONITOR,/hair-loss-clinic-bhubaneswar,"Strengthen the existing hair-loss owner with concern, guide and doctor-answer links; use URL Inspection only for a confirmed indexation question.",P2,No direct migration-period export available in current authenticated GSC session,Authenticated Google Search Console Performance UI: last 7 days and last 28 complete days compared with previous 28 complete days. Exact migration-period API export is unavailable in the current property session.,2026-09-24
best hair loss treatment clinic near me,,,,,,,,,,0,1,1,MONITOR,/hair-loss-clinic-bhubaneswar,"Strengthen the existing hair-loss owner with concern, guide and doctor-answer links; use URL Inspection only for a confirmed indexation question.",P2,No direct migration-period export available in current authenticated GSC session,Authenticated Google Search Console Performance UI: last 7 days and last 28 complete days compared with previous 28 complete days. Exact migration-period API export is unavailable in the current property session.,2026-09-24
best hair related doctor near me,,,,,,,,,,0,1,1,MONITOR,/hair-loss-clinic-bhubaneswar,"Strengthen the existing hair-loss owner with concern, guide and doctor-answer links; use URL Inspection only for a confirmed indexation question.",P2,No direct migration-period export available in current authenticated GSC session,Authenticated Google Search Console Performance UI: last 7 days and last 28 complete days compared with previous 28 complete days. Exact migration-period API export is unavailable in the current property session.,2026-09-24
dermatologist hair treatment,,,,,,,,,,0,1,1,MONITOR,/hair-loss-clinic-bhubaneswar,"Strengthen the existing hair-loss owner with concern, guide and doctor-answer links; use URL Inspection only for a confirmed indexation question.",P2,No direct migration-period export available in current authenticated GSC session,Authenticated Google Search Console Performance UI: last 7 days and last 28 complete days compared with previous 28 complete days. Exact migration-period API export is unavailable in the current property session.,2026-09-24
dermatologist near me for hair loss,,,,,,,,,,0,1,1,MONITOR,/hair-loss-clinic-bhubaneswar,"Strengthen the existing hair-loss owner with concern, guide and doctor-answer links; use URL Inspection only for a confirmed indexation question.",P2,No direct migration-period export available in current authenticated GSC session,Authenticated Google Search Console Performance UI: last 7 days and last 28 complete days compared with previous 28 complete days. Exact migration-period API export is unavailable in the current property session.,2026-09-24
doctor for hair treatment,,,,,,,,,,0,1,1,MONITOR,/hair-loss-clinic-bhubaneswar,"Strengthen the existing hair-loss owner with concern, guide and doctor-answer links; use URL Inspection only for a confirmed indexation question.",P2,No direct migration-period export available in current authenticated GSC session,Authenticated Google Search Console Performance UI: last 7 days and last 28 complete days compared with previous 28 complete days. Exact migration-period API export is unavailable in the current property session.,2026-09-24
facial hair removal clinic near me,,,,,,,,,,0,1,1,MONITOR,/hair-loss-clinic-bhubaneswar,"Strengthen the existing hair-loss owner with concern, guide and doctor-answer links; use URL Inspection only for a confirmed indexation question.",P2,No direct migration-period export available in current authenticated GSC session,Authenticated Google Search Console Performance UI: last 7 days and last 28 complete days compared with previous 28 complete days. Exact migration-period API export is unavailable in the current property session.,2026-09-24
facial hair removal permanent solution,,,,,,,,,,0,1,1,MONITOR,/hair-loss-clinic-bhubaneswar,"Strengthen the existing hair-loss owner with concern, guide and doctor-answer links; use URL Inspection only for a confirmed indexation question.",P2,No direct migration-period export available in current authenticated GSC session,Authenticated Google Search Console Performance UI: last 7 days and last 28 complete days compared with previous 28 complete days. Exact migration-period API export is unavailable in the current property session.,2026-09-24
gfc injection for hair,,,,,,,,,,0,1,1,MONITOR,/treatments/hair-restoration/prp-gfc-scalp-therapy,Strengthen the existing PRP and GFC treatment page with related guides and doctor video context; do not create synonym pages.,P2,No direct migration-period export available in current authenticated GSC session,Authenticated Google Search Console Performance UI: last 7 days and last 28 complete days compared with previous 28 complete days. Exact migration-period API export is unavailable in the current property session.,2026-09-24
hair fol,,,,,,,,,,0,1,1,MONITOR,/hair-loss-clinic-bhubaneswar,"Strengthen the existing hair-loss owner with concern, guide and doctor-answer links; use URL Inspection only for a confirmed indexation question.",P2,No direct migration-period export available in current authenticated GSC session,Authenticated Google Search Console Performance UI: last 7 days and last 28 complete days compared with previous 28 complete days. Exact migration-period API export is unavailable in the current property session.,2026-09-24
hair growth doctor recommended,,,,,,,,,,0,1,1,MONITOR,/hair-loss-clinic-bhubaneswar,"Strengthen the existing hair-loss owner with concern, guide and doctor-answer links; use URL Inspection only for a confirmed indexation question.",P2,No direct migration-period export available in current authenticated GSC session,Authenticated Google Search Console Performance UI: last 7 days and last 28 complete days compared with previous 28 complete days. Exact migration-period API export is unavailable in the current property session.,2026-09-24
hair loss treatment for women dermatologist,,,,,,,,,,0,1,1,MONITOR,/hair-loss-clinic-bhubaneswar,"Strengthen the existing hair-loss owner with concern, guide and doctor-answer links; use URL Inspection only for a confirmed indexation question.",P2,No direct migration-period export available in current authenticated GSC session,Authenticated Google Search Console Performance UI: last 7 days and last 28 complete days compared with previous 28 complete days. Exact migration-period API export is unavailable in the current property session.,2026-09-24
hair treatment best doctor near me,,,,,,,,,,0,1,1,MONITOR,/hair-loss-clinic-bhubaneswar,"Strengthen the existing hair-loss owner with concern, guide and doctor-answer links; use URL Inspection only for a confirmed indexation question.",P2,No direct migration-period export available in current authenticated GSC session,Authenticated Google Search Console Performance UI: last 7 days and last 28 complete days compared with previous 28 complete days. Exact migration-period API export is unavailable in the current property session.,2026-09-24
keravive scalp treatment near me,,,,,,,,,,0,1,1,MONITOR,/concerns/hair-loss-scalp/dandruff,"Strengthen the existing hair-loss owner with concern, guide and doctor-answer links; use URL Inspection only for a confirmed indexation question.",P2,No direct migration-period export available in current authenticated GSC session,Authenticated Google Search Console Performance UI: last 7 days and last 28 complete days compared with previous 28 complete days. Exact migration-period API export is unavailable in the current property session.,2026-09-24
leser hair removal,,,,,,,,,,0,1,1,MONITOR,/hair-loss-clinic-bhubaneswar,"Strengthen the existing hair-loss owner with concern, guide and doctor-answer links; use URL Inspection only for a confirmed indexation question.",P2,No direct migration-period export available in current authenticated GSC session,Authenticated Google Search Console Performance UI: last 7 days and last 28 complete days compared with previous 28 complete days. Exact migration-period API export is unavailable in the current property session.,2026-09-24
medical hair removal,,,,,,,,,,0,1,1,MONITOR,/hair-loss-clinic-bhubaneswar,"Strengthen the existing hair-loss owner with concern, guide and doctor-answer links; use URL Inspection only for a confirmed indexation question.",P2,No direct migration-period export available in current authenticated GSC session,Authenticated Google Search Console Performance UI: last 7 days and last 28 complete days compared with previous 28 complete days. Exact migration-period API export is unavailable in the current property session.,2026-09-24
specialist doctor for hair fall treatment,,,,,,,,,,0,1,1,MONITOR,/hair-loss-clinic-bhubaneswar,"Strengthen the existing hair-loss owner with concern, guide and doctor-answer links; use URL Inspection only for a confirmed indexation question.",P2,No direct migration-period export available in current authenticated GSC session,Authenticated Google Search Console Performance UI: last 7 days and last 28 complete days compared with previous 28 complete days. Exact migration-period API export is unavailable in the current property session.,2026-09-24
traya hair treatment near me,,,,,,,,,,0,1,1,MONITOR,/hair-loss-clinic-bhubaneswar,"Strengthen the existing hair-loss owner with concern, guide and doctor-answer links; use URL Inspection only for a confirmed indexation question.",P2,No direct migration-period export available in current authenticated GSC session,Authenticated Google Search Console Performance UI: last 7 days and last 28 complete days compared with previous 28 complete days. Exact migration-period API export is unavailable in the current property session.,2026-09-24
white hair treatment,,,,,,,,,,0,1,1,MONITOR,/hair-loss-clinic-bhubaneswar,"Strengthen the existing hair-loss owner with concern, guide and doctor-answer links; use URL Inspection only for a confirmed indexation question.",P2,No direct migration-period export available in current authenticated GSC session,Authenticated Google Search Console Performance UI: last 7 days and last 28 complete days compared with previous 28 complete days. Exact migration-period API export is unavailable in the current property session.,2026-09-24
full body laser hair removal cost near me,,,,,,,,,,0,1,2,MONITOR,/hair-loss-clinic-bhubaneswar,"Strengthen the existing hair-loss owner with concern, guide and doctor-answer links; use URL Inspection only for a confirmed indexation question.",P2,No direct migration-period export available in current authenticated GSC session,Authenticated Google Search Console Performance UI: last 7 days and last 28 complete days compared with previous 28 complete days. Exact migration-period API export is unavailable in the current property session.,2026-09-24
full leg laser hair removal,,,,,,,,,,0,1,2,MONITOR,/hair-loss-clinic-bhubaneswar,"Strengthen the existing hair-loss owner with concern, guide and doctor-answer links; use URL Inspection only for a confirmed indexation question.",P2,No direct migration-period export available in current authenticated GSC session,Authenticated Google Search Console Performance UI: last 7 days and last 28 complete days compared with previous 28 complete days. Exact migration-period API export is unavailable in the current property session.,2026-09-24
hair and skin doctor called,,,,,,,,,,0,1,2,MONITOR,/hair-loss-clinic-bhubaneswar,"Strengthen the existing hair-loss owner with concern, guide and doctor-answer links; use URL Inspection only for a confirmed indexation question.",P2,No direct migration-period export available in current authenticated GSC session,Authenticated Google Search Console Performance UI: last 7 days and last 28 complete days compared with previous 28 complete days. Exact migration-period API export is unavailable in the current property session.,2026-09-24
hair fall doctor called,,,,,,,,,,0,1,2,MONITOR,/hair-loss-clinic-bhubaneswar,"Strengthen the existing hair-loss owner with concern, guide and doctor-answer links; use URL Inspection only for a confirmed indexation question.",P2,No direct migration-period export available in current authenticated GSC session,Authenticated Google Search Console Performance UI: last 7 days and last 28 complete days compared with previous 28 complete days. Exact migration-period API export is unavailable in the current property session.,2026-09-24
hair treatment doctor called,,,,,,,,,,0,1,2,MONITOR,/hair-loss-clinic-bhubaneswar,"Strengthen the existing hair-loss owner with concern, guide and doctor-answer links; use URL Inspection only for a confirmed indexation question.",P2,No direct migration-period export available in current authenticated GSC session,Authenticated Google Search Console Performance UI: last 7 days and last 28 complete days compared with previous 28 complete days. Exact migration-period API export is unavailable in the current property session.,2026-09-24
in laser hair removal treatment,,,,,,,,,,0,1,2,MONITOR,/hair-loss-clinic-bhubaneswar,"Strengthen the existing hair-loss owner with concern, guide and doctor-answer links; use URL Inspection only for a confirmed indexation question.",P2,No direct migration-period export available in current authenticated GSC session,Authenticated Google Search Console Performance UI: last 7 days and last 28 complete days compared with previous 28 complete days. Exact migration-period API export is unavailable in the current property session.,2026-09-24
india's best hair treatment doctor,,,,,,,,,,0,1,2,MONITOR,/hair-loss-clinic-bhubaneswar,"Strengthen the existing hair-loss owner with concern, guide and doctor-answer links; use URL Inspection only for a confirmed indexation question.",P2,No direct migration-period export available in current authenticated GSC session,Authenticated Google Search Console Performance UI: last 7 days and last 28 complete days compared with previous 28 complete days. Exact migration-period API export is unavailable in the current property session.,2026-09-24
micropigmentation for hair,,,,,,,,,,0,1,2,MONITOR,/hair-loss-clinic-bhubaneswar,"Strengthen the existing hair-loss owner with concern, guide and doctor-answer links; use URL Inspection only for a confirmed indexation question.",P2,No direct migration-period export available in current authenticated GSC session,Authenticated Google Search Console Performance UI: last 7 days and last 28 complete days compared with previous 28 complete days. Exact migration-period API export is unavailable in the current property session.,2026-09-24
new hair growth treatment,,,,,,,,,,0,1,2,MONITOR,/hair-loss-clinic-bhubaneswar,"Strengthen the existing hair-loss owner with concern, guide and doctor-answer links; use URL Inspection only for a confirmed indexation question.",P2,No direct migration-period export available in current authenticated GSC session,Authenticated Google Search Console Performance UI: last 7 days and last 28 complete days compared with previous 28 complete days. Exact migration-period API export is unavailable in the current property session.,2026-09-24
the hair treatment,,,,,,,,,,0,1,2,MONITOR,/hair-loss-clinic-bhubaneswar,"Strengthen the existing hair-loss owner with concern, guide and doctor-answer links; use URL Inspection only for a confirmed indexation question.",P2,No direct migration-period export available in current authenticated GSC session,Authenticated Google Search Console Performance UI: last 7 days and last 28 complete days compared with previous 28 complete days. Exact migration-period API export is unavailable in the current property session.,2026-09-24
white hair treatment doctor,,,,,,,,,,0,1,2,MONITOR,/hair-loss-clinic-bhubaneswar,"Strengthen the existing hair-loss owner with concern, guide and doctor-answer links; use URL Inspection only for a confirmed indexation question.",P2,No direct migration-period export available in current authenticated GSC session,Authenticated Google Search Console Performance UI: last 7 days and last 28 complete days compared with previous 28 complete days. Exact migration-period API export is unavailable in the current property session.,2026-09-24
best dermatologist for hair near me,,,,,,,,,,0,1,3,MONITOR,/hair-loss-clinic-bhubaneswar,"Strengthen the existing hair-loss owner with concern, guide and doctor-answer links; use URL Inspection only for a confirmed indexation question.",P2,No direct migration-period export available in current authenticated GSC session,Authenticated Google Search Console Performance UI: last 7 days and last 28 complete days compared with previous 28 complete days. Exact migration-period API export is unavailable in the current property session.,2026-09-24
dermatologist for hair and skin,,,,,,,,,,0,1,3,MONITOR,/hair-loss-clinic-bhubaneswar,"Strengthen the existing hair-loss owner with concern, guide and doctor-answer links; use URL Inspection only for a confirmed indexation question.",P2,No direct migration-period export available in current authenticated GSC session,Authenticated Google Search Console Performance UI: last 7 days and last 28 complete days compared with previous 28 complete days. Exact migration-period API export is unavailable in the current property session.,2026-09-24
heavy hair fall,,,,,,,,,,0,1,3,MONITOR,/hair-loss-clinic-bhubaneswar,"Strengthen the existing hair-loss owner with concern, guide and doctor-answer links; use URL Inspection only for a confirmed indexation question.",P2,No direct migration-period export available in current authenticated GSC session,Authenticated Google Search Console Performance UI: last 7 days and last 28 complete days compared with previous 28 complete days. Exact migration-period API export is unavailable in the current property session.,2026-09-24
thinning hair on scalp,,,,,,,,,,0,1,3,MONITOR,/concerns/hair-loss-scalp/dandruff,"Strengthen the existing hair-loss owner with concern, guide and doctor-answer links; use URL Inspection only for a confirmed indexation question.",P2,No direct migration-period export available in current authenticated GSC session,Authenticated Google Search Console Performance UI: last 7 days and last 28 complete days compared with previous 28 complete days. Exact migration-period API export is unavailable in the current property session.,2026-09-24
types of hair treatment,,,,,,,,,,0,1,3,MONITOR,/hair-loss-clinic-bhubaneswar,"Strengthen the existing hair-loss owner with concern, guide and doctor-answer links; use URL Inspection only for a confirmed indexation question.",P2,No direct migration-period export available in current authenticated GSC session,Authenticated Google Search Console Performance UI: last 7 days and last 28 complete days compared with previous 28 complete days. Exact migration-period API export is unavailable in the current property session.,2026-09-24
what does hair symbolize,,,,,,,,,,0,1,3,MONITOR,/hair-loss-clinic-bhubaneswar,"Strengthen the existing hair-loss owner with concern, guide and doctor-answer links; use URL Inspection only for a confirmed indexation question.",P2,No direct migration-period export available in current authenticated GSC session,Authenticated Google Search Console Performance UI: last 7 days and last 28 complete days compared with previous 28 complete days. Exact migration-period API export is unavailable in the current property session.,2026-09-24
dermatologist hair loss specialist near me,,,,,,,,,,0,1,4,MONITOR,/hair-loss-clinic-bhubaneswar,"Strengthen the existing hair-loss owner with concern, guide and doctor-answer links; use URL Inspection only for a confirmed indexation question.",P2,No direct migration-period export available in current authenticated GSC session,Authenticated Google Search Console Performance UI: last 7 days and last 28 complete days compared with previous 28 complete days. Exact migration-period API export is unavailable in the current property session.,2026-09-24
electrolysis near me hair removal,,,,,,,,,,0,1,4,MONITOR,/hair-loss-clinic-bhubaneswar,"Strengthen the existing hair-loss owner with concern, guide and doctor-answer links; use URL Inspection only for a confirmed indexation question.",P2,No direct migration-period export available in current authenticated GSC session,Authenticated Google Search Console Performance UI: last 7 days and last 28 complete days compared with previous 28 complete days. Exact migration-period API export is unavailable in the current property session.,2026-09-24
hair removal near me for men,,,,,,,,,,0,1,4,MONITOR,/hair-loss-clinic-bhubaneswar,"Strengthen the existing hair-loss owner with concern, guide and doctor-answer links; use URL Inspection only for a confirmed indexation question.",P2,No direct migration-period export available in current authenticated GSC session,Authenticated Google Search Console Performance UI: last 7 days and last 28 complete days compared with previous 28 complete days. Exact migration-period API export is unavailable in the current property session.,2026-09-24
plastic hair treatment,,,,,,,,,,0,1,4,MONITOR,/hair-loss-clinic-bhubaneswar,"Strengthen the existing hair-loss owner with concern, guide and doctor-answer links; use URL Inspection only for a confirmed indexation question.",P2,No direct migration-period export available in current authenticated GSC session,Authenticated Google Search Console Performance UI: last 7 days and last 28 complete days compared with previous 28 complete days. Exact migration-period API export is unavailable in the current property session.,2026-09-24
prp skin treatment,,,,,,,,,,0,1,4,MONITOR,/treatments/hair-restoration/prp-gfc-scalp-therapy,Strengthen the existing PRP and GFC treatment page with related guides and doctor video context; do not create synonym pages.,P2,No direct migration-period export available in current authenticated GSC session,Authenticated Google Search Console Performance UI: last 7 days and last 28 complete days compared with previous 28 complete days. Exact migration-period API export is unavailable in the current property session.,2026-09-24
anti dandruff hair spa,,,,,,,,,,0,1,5,MONITOR,/concerns/hair-loss-scalp/dandruff,"Strengthen the existing hair-loss owner with concern, guide and doctor-answer links; use URL Inspection only for a confirmed indexation question.",P2,No direct migration-period export available in current authenticated GSC session,Authenticated Google Search Console Performance UI: last 7 days and last 28 complete days compared with previous 28 complete days. Exact migration-period API export is unavailable in the current property session.,2026-09-24
hair fall blood test package,,,,,,,,,,0,1,5,MONITOR,/hair-loss-clinic-bhubaneswar,"Strengthen the existing hair-loss owner with concern, guide and doctor-answer links; use URL Inspection only for a confirmed indexation question.",P2,No direct migration-period export available in current authenticated GSC session,Authenticated Google Search Console Performance UI: last 7 days and last 28 complete days compared with previous 28 complete days. Exact migration-period API export is unavailable in the current property session.,2026-09-24
hair removal lifetime,,,,,,,,,,0,1,5,MONITOR,/hair-loss-clinic-bhubaneswar,"Strengthen the existing hair-loss owner with concern, guide and doctor-answer links; use URL Inspection only for a confirmed indexation question.",P2,No direct migration-period export available in current authenticated GSC session,Authenticated Google Search Console Performance UI: last 7 days and last 28 complete days compared with previous 28 complete days. Exact migration-period API export is unavailable in the current property session.,2026-09-24
laser face hair removal,,,,,,,,,,0,1,5,MONITOR,/hair-loss-clinic-bhubaneswar,"Strengthen the existing hair-loss owner with concern, guide and doctor-answer links; use URL Inspection only for a confirmed indexation question.",P2,No direct migration-period export available in current authenticated GSC session,Authenticated Google Search Console Performance UI: last 7 days and last 28 complete days compared with previous 28 complete days. Exact migration-period API export is unavailable in the current property session.,2026-09-24
laser hair removal centres,,,,,,,,,,0,1,5,MONITOR,/hair-loss-clinic-bhubaneswar,"Strengthen the existing hair-loss owner with concern, guide and doctor-answer links; use URL Inspection only for a confirmed indexation question.",P2,No direct migration-period export available in current authenticated GSC session,Authenticated Google Search Console Performance UI: last 7 days and last 28 complete days compared with previous 28 complete days. Exact migration-period API export is unavailable in the current property session.,2026-09-24
plasma treatment for hair,,,,,,,,,,0,1,5,MONITOR,/hair-loss-clinic-bhubaneswar,"Strengthen the existing hair-loss owner with concern, guide and doctor-answer links; use URL Inspection only for a confirmed indexation question.",P2,No direct migration-period export available in current authenticated GSC session,Authenticated Google Search Console Performance UI: last 7 days and last 28 complete days compared with previous 28 complete days. Exact migration-period API export is unavailable in the current property session.,2026-09-24
quality hair,,,,,,,,,,0,1,5,MONITOR,/hair-loss-clinic-bhubaneswar,"Strengthen the existing hair-loss owner with concern, guide and doctor-answer links; use URL Inspection only for a confirmed indexation question.",P2,No direct migration-period export available in current authenticated GSC session,Authenticated Google Search Console Performance UI: last 7 days and last 28 complete days compared with previous 28 complete days. Exact migration-period API export is unavailable in the current property session.,2026-09-24
widening part hair,,,,,,,,,,0,1,5,MONITOR,/hair-loss-clinic-bhubaneswar,"Strengthen the existing hair-loss owner with concern, guide and doctor-answer links; use URL Inspection only for a confirmed indexation question.",P2,No direct migration-period export available in current authenticated GSC session,Authenticated Google Search Console Performance UI: last 7 days and last 28 complete days compared with previous 28 complete days. Exact migration-period API export is unavailable in the current property session.,2026-09-24
best dr for hair fall,,,,,,,,,,0,1,6,MONITOR,/hair-loss-clinic-bhubaneswar,"Strengthen the existing hair-loss owner with concern, guide and doctor-answer links; use URL Inspection only for a confirmed indexation question.",P2,No direct migration-period export available in current authenticated GSC session,Authenticated Google Search Console Performance UI: last 7 days and last 28 complete days compared with previous 28 complete days. Exact migration-period API export is unavailable in the current property session.,2026-09-24
best hair removal clinic near me,,,,,,,,,,0,1,6,MONITOR,/hair-loss-clinic-bhubaneswar,"Strengthen the existing hair-loss owner with concern, guide and doctor-answer links; use URL Inspection only for a confirmed indexation question.",P2,No direct migration-period export available in current authenticated GSC session,Authenticated Google Search Console Performance UI: last 7 days and last 28 complete days compared with previous 28 complete days. Exact migration-period API export is unavailable in the current property session.,2026-09-24
dermatologist for facial hair,,,,,,,,,,0,1,6,MONITOR,/hair-loss-clinic-bhubaneswar,"Strengthen the existing hair-loss owner with concern, guide and doctor-answer links; use URL Inspection only for a confirmed indexation question.",P2,No direct migration-period export available in current authenticated GSC session,Authenticated Google Search Console Performance UI: last 7 days and last 28 complete days compared with previous 28 complete days. Exact migration-period API export is unavailable in the current property session.,2026-09-24
does prp help in hair growth,,,,,,,,,,0,1,6,MONITOR,/treatments/hair-restoration/prp-gfc-scalp-therapy,Strengthen the existing PRP and GFC treatment page with related guides and doctor video context; do not create synonym pages.,P2,No direct migration-period export available in current authenticated GSC session,Authenticated Google Search Console Performance UI: last 7 days and last 28 complete days compared with previous 28 complete days. Exact migration-period API export is unavailable in the current property session.,2026-09-24
hair fall on wash day,,,,,,,,,,0,1,6,MONITOR,/hair-loss-clinic-bhubaneswar,"Strengthen the existing hair-loss owner with concern, guide and doctor-answer links; use URL Inspection only for a confirmed indexation question.",P2,No direct migration-period export available in current authenticated GSC session,Authenticated Google Search Console Performance UI: last 7 days and last 28 complete days compared with previous 28 complete days. Exact migration-period API export is unavailable in the current property session.,2026-09-24
hair treatment hospital near me,,,0,,4,,8.75,,,0,1,6,MONITOR,/hair-loss-clinic-bhubaneswar,"Strengthen the existing hair-loss owner with concern, guide and doctor-answer links; use URL Inspection only for a confirmed indexation question.",P2,No direct migration-period export available in current authenticated GSC session,Authenticated Google Search Console Performance UI: last 7 days and last 28 complete days compared with previous 28 complete days. Exact migration-period API export is unavailable in the current property session.,2026-09-24
is it normal to see scalp under bright light,,,,,,,,,,0,1,6,MONITOR,/concerns/hair-loss-scalp/dandruff,"Strengthen the existing hair-loss owner with concern, guide and doctor-answer links; use URL Inspection only for a confirmed indexation question.",P2,No direct migration-period export available in current authenticated GSC session,Authenticated Google Search Console Performance UI: last 7 days and last 28 complete days compared with previous 28 complete days. Exact migration-period API export is unavailable in the current property session.,2026-09-24
laser hair removal clinic,,,,,,,,,,0,1,6,MONITOR,/hair-loss-clinic-bhubaneswar,"Strengthen the existing hair-loss owner with concern, guide and doctor-answer links; use URL Inspection only for a confirmed indexation question.",P2,No direct migration-period export available in current authenticated GSC session,Authenticated Google Search Console Performance UI: last 7 days and last 28 complete days compared with previous 28 complete days. Exact migration-period API export is unavailable in the current property session.,2026-09-24
laser removal of facial hair,,,,,,,,,,0,1,6,MONITOR,/hair-loss-clinic-bhubaneswar,"Strengthen the existing hair-loss owner with concern, guide and doctor-answer links; use URL Inspection only for a confirmed indexation question.",P2,No direct migration-period export available in current authenticated GSC session,Authenticated Google Search Console Performance UI: last 7 days and last 28 complete days compared with previous 28 complete days. Exact migration-period API export is unavailable in the current property session.,2026-09-24
best hair treatment name list,,,,,,,,,,0,1,7,MONITOR,/hair-loss-clinic-bhubaneswar,"Strengthen the existing hair-loss owner with concern, guide and doctor-answer links; use URL Inspection only for a confirmed indexation question.",P2,No direct migration-period export available in current authenticated GSC session,Authenticated Google Search Console Performance UI: last 7 days and last 28 complete days compared with previous 28 complete days. Exact migration-period API export is unavailable in the current property session.,2026-09-24
best place for prp hair treatment,,,,,,,,,,0,1,7,MONITOR,/treatments/hair-restoration/prp-gfc-scalp-therapy,Strengthen the existing PRP and GFC treatment page with related guides and doctor video context; do not create synonym pages.,P2,No direct migration-period export available in current authenticated GSC session,Authenticated Google Search Console Performance UI: last 7 days and last 28 complete days compared with previous 28 complete days. Exact migration-period API export is unavailable in the current property session.,2026-09-24
face hair removal with laser,,,,,,,,,,0,1,7,MONITOR,/hair-loss-clinic-bhubaneswar,"Strengthen the existing hair-loss owner with concern, guide and doctor-answer links; use URL Inspection only for a confirmed indexation question.",P2,No direct migration-period export available in current authenticated GSC session,Authenticated Google Search Console Performance UI: last 7 days and last 28 complete days compared with previous 28 complete days. Exact migration-period API export is unavailable in the current property session.,2026-09-24
hair laser treatment near me,,,,,,,,,,0,1,7,MONITOR,/hair-loss-clinic-bhubaneswar,"Strengthen the existing hair-loss owner with concern, guide and doctor-answer links; use URL Inspection only for a confirmed indexation question.",P2,No direct migration-period export available in current authenticated GSC session,Authenticated Google Search Console Performance UI: last 7 days and last 28 complete days compared with previous 28 complete days. Exact migration-period API export is unavailable in the current property session.,2026-09-24
hair part widening,,,,,,,,,,0,1,7,MONITOR,/hair-loss-clinic-bhubaneswar,"Strengthen the existing hair-loss owner with concern, guide and doctor-answer links; use URL Inspection only for a confirmed indexation question.",P2,No direct migration-period export available in current authenticated GSC session,Authenticated Google Search Console Performance UI: last 7 days and last 28 complete days compared with previous 28 complete days. Exact migration-period API export is unavailable in the current property session.,2026-09-24
laser beard shaping,,,,,,,,,,0,1,7,MONITOR,/concerns/hair-transplant/beard-transplant,"Strengthen the existing hair transplant owner with relevant internal links, results and decision content; do not create a keyword-variant URL.",P2,No direct migration-period export available in current authenticated GSC session,Authenticated Google Search Console Performance UI: last 7 days and last 28 complete days compared with previous 28 complete days. Exact migration-period API export is unavailable in the current property session.,2026-09-24
laser hair reduction on face,,,,,,,,,,0,1,7,MONITOR,/hair-loss-clinic-bhubaneswar,"Strengthen the existing hair-loss owner with concern, guide and doctor-answer links; use URL Inspection only for a confirmed indexation question.",P2,No direct migration-period export available in current authenticated GSC session,Authenticated Google Search Console Performance UI: last 7 days and last 28 complete days compared with previous 28 complete days. Exact migration-period API export is unavailable in the current property session.,2026-09-24
prp and gfc treatment,,,,,,,,,,0,1,7,MONITOR,/treatments/hair-restoration/prp-gfc-scalp-therapy,Strengthen the existing PRP and GFC treatment page with related guides and doctor video context; do not create synonym pages.,P2,No direct migration-period export available in current authenticated GSC session,Authenticated Google Search Console Performance UI: last 7 days and last 28 complete days compared with previous 28 complete days. Exact migration-period API export is unavailable in the current property session.,2026-09-24
receding hairline from one side,,,,,,,,,,0,1,7,MONITOR,/concerns/hair-loss-scalp/male-pattern-hair-loss,"Strengthen the existing hair-loss owner with concern, guide and doctor-answer links; use URL Inspection only for a confirmed indexation question.",P2,No direct migration-period export available in current authenticated GSC session,Authenticated Google Search Console Performance UI: last 7 days and last 28 complete days compared with previous 28 complete days. Exact migration-period API export is unavailable in the current property session.,2026-09-24
scalp widening,,,,,,,,,,0,1,7,MONITOR,/concerns/hair-loss-scalp/dandruff,"Strengthen the existing hair-loss owner with concern, guide and doctor-answer links; use URL Inspection only for a confirmed indexation question.",P2,No direct migration-period export available in current authenticated GSC session,Authenticated Google Search Console Performance UI: last 7 days and last 28 complete days compared with previous 28 complete days. Exact migration-period API export is unavailable in the current property session.,2026-09-24
asymmetric hairline,,,,,,,,,,0,1,8,MONITOR,/concerns/hair-loss-scalp/male-pattern-hair-loss,"Strengthen the existing hair-loss owner with concern, guide and doctor-answer links; use URL Inspection only for a confirmed indexation question.",P2,No direct migration-period export available in current authenticated GSC session,Authenticated Google Search Console Performance UI: last 7 days and last 28 complete days compared with previous 28 complete days. Exact migration-period API export is unavailable in the current property session.,2026-09-24
beard transplant,,,,,,,,,,0,1,8,MONITOR,/concerns/hair-transplant/beard-transplant,"Strengthen the existing hair transplant owner with relevant internal links, results and decision content; do not create a keyword-variant URL.",P2,No direct migration-period export available in current authenticated GSC session,Authenticated Google Search Console Performance UI: last 7 days and last 28 complete days compared with previous 28 complete days. Exact migration-period API export is unavailable in the current property session.,2026-09-24
best doctor for dandruff treatment near me,,,,,,,,,,0,1,8,MONITOR,/concerns/hair-loss-scalp/dandruff,"Strengthen the existing hair-loss owner with concern, guide and doctor-answer links; use URL Inspection only for a confirmed indexation question.",P2,No direct migration-period export available in current authenticated GSC session,Authenticated Google Search Console Performance UI: last 7 days and last 28 complete days compared with previous 28 complete days. Exact migration-period API export is unavailable in the current property session.,2026-09-24
hair laser,,,,,,,,,,0,1,8,MONITOR,/hair-loss-clinic-bhubaneswar,"Strengthen the existing hair-loss owner with concern, guide and doctor-answer links; use URL Inspection only for a confirmed indexation question.",P2,No direct migration-period export available in current authenticated GSC session,Authenticated Google Search Console Performance UI: last 7 days and last 28 complete days compared with previous 28 complete days. Exact migration-period API export is unavailable in the current property session.,2026-09-24
hair medical near me,,,0,,4,,6.5,,,0,1,8,MONITOR,/hair-loss-clinic-bhubaneswar,"Strengthen the existing hair-loss owner with concern, guide and doctor-answer links; use URL Inspection only for a confirmed indexation question.",P2,No direct migration-period export available in current authenticated GSC session,Authenticated Google Search Console Performance UI: last 7 days and last 28 complete days compared with previous 28 complete days. Exact migration-period API export is unavailable in the current property session.,2026-09-24
best facial hair laser treatment near me,,,,,,,,,,0,1,9,MONITOR,/hair-loss-clinic-bhubaneswar,"Strengthen the existing hair-loss owner with concern, guide and doctor-answer links; use URL Inspection only for a confirmed indexation question.",P2,No direct migration-period export available in current authenticated GSC session,Authenticated Google Search Console Performance UI: last 7 days and last 28 complete days compared with previous 28 complete days. Exact migration-period API export is unavailable in the current property session.,2026-09-24
best hair expert,,,,,,,,,,0,1,9,MONITOR,/hair-loss-clinic-bhubaneswar,"Strengthen the existing hair-loss owner with concern, guide and doctor-answer links; use URL Inspection only for a confirmed indexation question.",P2,No direct migration-period export available in current authenticated GSC session,Authenticated Google Search Console Performance UI: last 7 days and last 28 complete days compared with previous 28 complete days. Exact migration-period API export is unavailable in the current property session.,2026-09-24
dermatologist for hair loss treatment near me,,,,,,,,,,0,1,9,MONITOR,/hair-loss-clinic-bhubaneswar,"Strengthen the existing hair-loss owner with concern, guide and doctor-answer links; use URL Inspection only for a confirmed indexation question.",P2,No direct migration-period export available in current authenticated GSC session,Authenticated Google Search Console Performance UI: last 7 days and last 28 complete days compared with previous 28 complete days. Exact migration-period API export is unavailable in the current property session.,2026-09-24
dermatologist for scalp issues,,,,,,,,,,0,1,9,MONITOR,/concerns/hair-loss-scalp/dandruff,"Strengthen the existing hair-loss owner with concern, guide and doctor-answer links; use URL Inspection only for a confirmed indexation question.",P2,No direct migration-period export available in current authenticated GSC session,Authenticated Google Search Console Performance UI: last 7 days and last 28 complete days compared with previous 28 complete days. Exact migration-period API export is unavailable in the current property session.,2026-09-24
does pcos affect laser hair removal,,,,,,,,,,0,1,9,MONITOR,/hair-loss-clinic-bhubaneswar,"Strengthen the existing hair-loss owner with concern, guide and doctor-answer links; use URL Inspection only for a confirmed indexation question.",P2,No direct migration-period export available in current authenticated GSC session,Authenticated Google Search Console Performance UI: last 7 days and last 28 complete days compared with previous 28 complete days. Exact migration-period API export is unavailable in the current property session.,2026-09-24
facial hair laser treatment,,,,,,,,,,0,1,9,MONITOR,/hair-loss-clinic-bhubaneswar,"Strengthen the existing hair-loss owner with concern, guide and doctor-answer links; use URL Inspection only for a confirmed indexation question.",P2,No direct migration-period export available in current authenticated GSC session,Authenticated Google Search Console Performance UI: last 7 days and last 28 complete days compared with previous 28 complete days. Exact migration-period API export is unavailable in the current property session.,2026-09-24
hair problem doctor near me,,,,,,,,,,0,1,9,MONITOR,/hair-loss-clinic-bhubaneswar,"Strengthen the existing hair-loss owner with concern, guide and doctor-answer links; use URL Inspection only for a confirmed indexation question.",P2,No direct migration-period export available in current authenticated GSC session,Authenticated Google Search Console Performance UI: last 7 days and last 28 complete days compared with previous 28 complete days. Exact migration-period API export is unavailable in the current property session.,2026-09-24
laser hair growth treatment,,,,,,,,,,0,1,9,MONITOR,/hair-loss-clinic-bhubaneswar,"Strengthen the existing hair-loss owner with concern, guide and doctor-answer links; use URL Inspection only for a confirmed indexation question.",P2,No direct migration-period export available in current authenticated GSC session,Authenticated Google Search Console Performance UI: last 7 days and last 28 complete days compared with previous 28 complete days. Exact migration-period API export is unavailable in the current property session.,2026-09-24
one side of hairline receding,,,,,,,,,,0,1,9,MONITOR,/concerns/hair-loss-scalp/male-pattern-hair-loss,"Strengthen the existing hair-loss owner with concern, guide and doctor-answer links; use URL Inspection only for a confirmed indexation question.",P2,No direct migration-period export available in current authenticated GSC session,Authenticated Google Search Console Performance UI: last 7 days and last 28 complete days compared with previous 28 complete days. Exact migration-period API export is unavailable in the current property session.,2026-09-24
skin and hair dermatologist near me,,,,,,,,,,0,1,9,MONITOR,/hair-loss-clinic-bhubaneswar,"Strengthen the existing hair-loss owner with concern, guide and doctor-answer links; use URL Inspection only for a confirmed indexation question.",P2,No direct migration-period export available in current authenticated GSC session,Authenticated Google Search Console Performance UI: last 7 days and last 28 complete days compared with previous 28 complete days. Exact migration-period API export is unavailable in the current property session.,2026-09-24
treatment of lice in hair permanent solution,,,,,,,,,,0,1,9,MONITOR,/hair-loss-clinic-bhubaneswar,"Strengthen the existing hair-loss owner with concern, guide and doctor-answer links; use URL Inspection only for a confirmed indexation question.",P2,No direct migration-period export available in current authenticated GSC session,Authenticated Google Search Console Performance UI: last 7 days and last 28 complete days compared with previous 28 complete days. Exact migration-period API export is unavailable in the current property session.,2026-09-24
why my one side hairline is receding,,,,,,,,,,0,1,9,MONITOR,/concerns/hair-loss-scalp/male-pattern-hair-loss,"Strengthen the existing hair-loss owner with concern, guide and doctor-answer links; use URL Inspection only for a confirmed indexation question.",P2,No direct migration-period export available in current authenticated GSC session,Authenticated Google Search Console Performance UI: last 7 days and last 28 complete days compared with previous 28 complete days. Exact migration-period API export is unavailable in the current property session.,2026-09-24
best salon for hair botox treatment,,,,,,,,,,0,1,10,MONITOR,/hair-loss-clinic-bhubaneswar,"Strengthen the existing hair-loss owner with concern, guide and doctor-answer links; use URL Inspection only for a confirmed indexation question.",P2,No direct migration-period export available in current authenticated GSC session,Authenticated Google Search Console Performance UI: last 7 days and last 28 complete days compared with previous 28 complete days. Exact migration-period API export is unavailable in the current property session.,2026-09-24
dermatologist for hair treatment near me,,,,,,,,,,0,1,10,MONITOR,/hair-loss-clinic-bhubaneswar,"Strengthen the existing hair-loss owner with concern, guide and doctor-answer links; use URL Inspection only for a confirmed indexation question.",P2,No direct migration-period export available in current authenticated GSC session,Authenticated Google Search Console Performance UI: last 7 days and last 28 complete days compared with previous 28 complete days. Exact migration-period API export is unavailable in the current property session.,2026-09-24
hair care treatment near me,,,,,,,,,,0,1,10,MONITOR,/hair-loss-clinic-bhubaneswar,"Strengthen the existing hair-loss owner with concern, guide and doctor-answer links; use URL Inspection only for a confirmed indexation question.",P2,No direct migration-period export available in current authenticated GSC session,Authenticated Google Search Console Performance UI: last 7 days and last 28 complete days compared with previous 28 complete days. Exact migration-period API export is unavailable in the current property session.,2026-09-24
hair growth specialist doctor,,,,,,,,,,0,1,10,MONITOR,/hair-loss-clinic-bhubaneswar,"Strengthen the existing hair-loss owner with concern, guide and doctor-answer links; use URL Inspection only for a confirmed indexation question.",P2,No direct migration-period export available in current authenticated GSC session,Authenticated Google Search Console Performance UI: last 7 days and last 28 complete days compared with previous 28 complete days. Exact migration-period API export is unavailable in the current property session.,2026-09-24
hair removal full body,,,,,,,,,,0,1,10,MONITOR,/hair-loss-clinic-bhubaneswar,"Strengthen the existing hair-loss owner with concern, guide and doctor-answer links; use URL Inspection only for a confirmed indexation question.",P2,No direct migration-period export available in current authenticated GSC session,Authenticated Google Search Console Performance UI: last 7 days and last 28 complete days compared with previous 28 complete days. Exact migration-period API export is unavailable in the current property session.,2026-09-24
lazer hair cut,,,,,,,,,,0,1,10,MONITOR,/hair-loss-clinic-bhubaneswar,"Strengthen the existing hair-loss owner with concern, guide and doctor-answer links; use URL Inspection only for a confirmed indexation question.",P2,No direct migration-period export available in current authenticated GSC session,Authenticated Google Search Console Performance UI: last 7 days and last 28 complete days compared with previous 28 complete days. Exact migration-period API export is unavailable in the current property session.,2026-09-24
loose scalp,,,,,,,,,,0,1,10,MONITOR,/concerns/hair-loss-scalp/dandruff,"Strengthen the existing hair-loss owner with concern, guide and doctor-answer links; use URL Inspection only for a confirmed indexation question.",P2,No direct migration-period export available in current authenticated GSC session,Authenticated Google Search Console Performance UI: last 7 days and last 28 complete days compared with previous 28 complete days. Exact migration-period API export is unavailable in the current property session.,2026-09-24
nanoplastia hair treatment price in bhubaneswar,,,,,,,,,,0,1,10,MONITOR,/hair-loss-clinic-bhubaneswar,"Strengthen the existing hair-loss owner with concern, guide and doctor-answer links; use URL Inspection only for a confirmed indexation question.",P2,No direct migration-period export available in current authenticated GSC session,Authenticated Google Search Console Performance UI: last 7 days and last 28 complete days compared with previous 28 complete days. Exact migration-period API export is unavailable in the current property session.,2026-09-24
prp treatment near me for hair,,,,,,,,,,0,1,10,MONITOR,/treatments/hair-restoration/prp-gfc-scalp-therapy,Strengthen the existing PRP and GFC treatment page with related guides and doctor video context; do not create synonym pages.,P2,No direct migration-period export available in current authenticated GSC session,Authenticated Google Search Console Performance UI: last 7 days and last 28 complete days compared with previous 28 complete days. Exact migration-period API export is unavailable in the current property session.,2026-09-24
pubic hair,,,,,,,,,,0,1,10,MONITOR,/hair-loss-clinic-bhubaneswar,"Strengthen the existing hair-loss owner with concern, guide and doctor-answer links; use URL Inspection only for a confirmed indexation question.",P2,No direct migration-period export available in current authenticated GSC session,Authenticated Google Search Console Performance UI: last 7 days and last 28 complete days compared with previous 28 complete days. Exact migration-period API export is unavailable in the current property session.,2026-09-24
alopecia doctor near me,,,0,,4,,8,,,0,1,11,MONITOR,/alopecia-areata-treatment-bhubaneswar,"Strengthen the existing hair-loss owner with concern, guide and doctor-answer links; use URL Inspection only for a confirmed indexation question.",P2,No direct migration-period export available in current authenticated GSC session,Authenticated Google Search Console Performance UI: last 7 days and last 28 complete days compared with previous 28 complete days. Exact migration-period API export is unavailable in the current property session.,2026-09-24
alopecia specialist doctor,,,,,,,,,,0,1,11,MONITOR,/alopecia-areata-treatment-bhubaneswar,"Strengthen the existing hair-loss owner with concern, guide and doctor-answer links; use URL Inspection only for a confirmed indexation question.",P2,No direct migration-period export available in current authenticated GSC session,Authenticated Google Search Console Performance UI: last 7 days and last 28 complete days compared with previous 28 complete days. Exact migration-period API export is unavailable in the current property session.,2026-09-24
best clinic for laser hair removal,,,,,,,,,,0,1,11,MONITOR,/hair-loss-clinic-bhubaneswar,"Strengthen the existing hair-loss owner with concern, guide and doctor-answer links; use URL Inspection only for a confirmed indexation question.",P2,No direct migration-period export available in current authenticated GSC session,Authenticated Google Search Console Performance UI: last 7 days and last 28 complete days compared with previous 28 complete days. Exact migration-period API export is unavailable in the current property session.,2026-09-24
best scalp specialist near me,,,,,,,,,,0,1,11,MONITOR,/concerns/hair-loss-scalp/dandruff,"Strengthen the existing hair-loss owner with concern, guide and doctor-answer links; use URL Inspection only for a confirmed indexation question.",P2,No direct migration-period export available in current authenticated GSC session,Authenticated Google Search Console Performance UI: last 7 days and last 28 complete days compared with previous 28 complete days. Exact migration-period API export is unavailable in the current property session.,2026-09-24
hair docto,,,,,,,,,,0,1,11,MONITOR,/hair-loss-clinic-bhubaneswar,"Strengthen the existing hair-loss owner with concern, guide and doctor-answer links; use URL Inspection only for a confirmed indexation question.",P2,No direct migration-period export available in current authenticated GSC session,Authenticated Google Search Console Performance UI: last 7 days and last 28 complete days compared with previous 28 complete days. Exact migration-period API export is unavailable in the current property session.,2026-09-24
hair dr near me,,,,,,,,,,0,1,11,MONITOR,/hair-loss-clinic-bhubaneswar,"Strengthen the existing hair-loss owner with concern, guide and doctor-answer links; use URL Inspection only for a confirmed indexation question.",P2,No direct migration-period export available in current authenticated GSC session,Authenticated Google Search Console Performance UI: last 7 days and last 28 complete days compared with previous 28 complete days. Exact migration-period API export is unavailable in the current property session.,2026-09-24
hair expert doctor near me,,,,,,,,,,0,1,11,MONITOR,/hair-loss-clinic-bhubaneswar,"Strengthen the existing hair-loss owner with concern, guide and doctor-answer links; use URL Inspection only for a confirmed indexation question.",P2,No direct migration-period export available in current authenticated GSC session,Authenticated Google Search Console Performance UI: last 7 days and last 28 complete days compared with previous 28 complete days. Exact migration-period API export is unavailable in the current property session.,2026-09-24
hair loss treatment in bhubaneswar,,,0,,12,,3.58,,,0,1,11,MONITOR,/hair-loss-clinic-bhubaneswar,"Strengthen the existing hair-loss owner with concern, guide and doctor-answer links; use URL Inspection only for a confirmed indexation question.",P2,No direct migration-period export available in current authenticated GSC session,Authenticated Google Search Console Performance UI: last 7 days and last 28 complete days compared with previous 28 complete days. Exact migration-period API export is unavailable in the current property session.,2026-09-24
hair removal clinic near me,,,,,,,,,,0,1,11,MONITOR,/hair-loss-clinic-bhubaneswar,"Strengthen the existing hair-loss owner with concern, guide and doctor-answer links; use URL Inspection only for a confirmed indexation question.",P2,No direct migration-period export available in current authenticated GSC session,Authenticated Google Search Console Performance UI: last 7 days and last 28 complete days compared with previous 28 complete days. Exact migration-period API export is unavailable in the current property session.,2026-09-24
laser bikini hair removal,,,,,,,,,,0,1,11,MONITOR,/hair-loss-clinic-bhubaneswar,"Strengthen the existing hair-loss owner with concern, guide and doctor-answer links; use URL Inspection only for a confirmed indexation question.",P2,No direct migration-period export available in current authenticated GSC session,Authenticated Google Search Console Performance UI: last 7 days and last 28 complete days compared with previous 28 complete days. Exact migration-period API export is unavailable in the current property session.,2026-09-24
radiant hair salon,,,,,,,,,,0,1,11,MONITOR,/hair-loss-clinic-bhubaneswar,"Strengthen the existing hair-loss owner with concern, guide and doctor-answer links; use URL Inspection only for a confirmed indexation question.",P2,No direct migration-period export available in current authenticated GSC session,Authenticated Google Search Console Performance UI: last 7 days and last 28 complete days compared with previous 28 complete days. Exact migration-period API export is unavailable in the current property session.,2026-09-24
scalp dr,,,,,,,,,,0,1,11,MONITOR,/concerns/hair-loss-scalp/dandruff,"Strengthen the existing hair-loss owner with concern, guide and doctor-answer links; use URL Inspection only for a confirmed indexation question.",P2,No direct migration-period export available in current authenticated GSC session,Authenticated Google Search Console Performance UI: last 7 days and last 28 complete days compared with previous 28 complete days. Exact migration-period API export is unavailable in the current property session.,2026-09-24
soft laser hair removal,,,,,,,,,,0,1,11,MONITOR,/hair-loss-clinic-bhubaneswar,"Strengthen the existing hair-loss owner with concern, guide and doctor-answer links; use URL Inspection only for a confirmed indexation question.",P2,No direct migration-period export available in current authenticated GSC session,Authenticated Google Search Console Performance UI: last 7 days and last 28 complete days compared with previous 28 complete days. Exact migration-period API export is unavailable in the current property session.,2026-09-24
hair,,,0,,14,,5.14,,,,,,MONITOR,/hair-loss-clinic-bhubaneswar,"Strengthen the existing hair-loss owner with concern, guide and doctor-answer links; use URL Inspection only for a confirmed indexation question.",P2,No direct migration-period export available in current authenticated GSC session,Authenticated Google Search Console Performance UI: last 7 days and last 28 complete days compared with previous 28 complete days. Exact migration-period API export is unavailable in the current property session.,2026-09-24
full body laser hair removal cost in bhubaneswar,,,,,,,,,,,,,MONITOR,/hair-loss-clinic-bhubaneswar,"Strengthen the existing hair-loss owner with concern, guide and doctor-answer links; use URL Inspection only for a confirmed indexation question.",P2,No direct migration-period export available in current authenticated GSC session,Authenticated Google Search Console Performance UI: last 7 days and last 28 complete days compared with previous 28 complete days. Exact migration-period API export is unavailable in the current property session.,2026-09-24
facial hair removal laser treatment cost,,,0,,7,,3.14,,,,,,MONITOR,/hair-loss-clinic-bhubaneswar,"Strengthen the existing hair-loss owner with concern, guide and doctor-answer links; use URL Inspection only for a confirmed indexation question.",P2,No direct migration-period export available in current authenticated GSC session,Authenticated Google Search Console Performance UI: last 7 days and last 28 complete days compared with previous 28 complete days. Exact migration-period API export is unavailable in the current property session.,2026-09-24
hair fall control,,,,,,,,,,,,,MONITOR,/hair-loss-clinic-bhubaneswar,"Strengthen the existing hair-loss owner with concern, guide and doctor-answer links; use URL Inspection only for a confirmed indexation question.",P2,No direct migration-period export available in current authenticated GSC session,Authenticated Google Search Console Performance UI: last 7 days and last 28 complete days compared with previous 28 complete days. Exact migration-period API export is unavailable in the current property session.,2026-09-24
best hair fall treatment,,,,,,,,,,,,,MONITOR,/hair-loss-clinic-bhubaneswar,"Strengthen the existing hair-loss owner with concern, guide and doctor-answer links; use URL Inspection only for a confirmed indexation question.",P2,No direct migration-period export available in current authenticated GSC session,Authenticated Google Search Console Performance UI: last 7 days and last 28 complete days compared with previous 28 complete days. Exact migration-period API export is unavailable in the current property session.,2026-09-24
best hair expert doctor near me,,,,,,,,,,,,,MONITOR,/hair-loss-clinic-bhubaneswar,"Strengthen the existing hair-loss owner with concern, guide and doctor-answer links; use URL Inspection only for a confirmed indexation question.",P2,No direct migration-period export available in current authenticated GSC session,Authenticated Google Search Console Performance UI: last 7 days and last 28 complete days compared with previous 28 complete days. Exact migration-period API export is unavailable in the current property session.,2026-09-24
prp treatment for face benefits,,,,,,,,,,,,,MONITOR,/treatments/hair-restoration/prp-gfc-scalp-therapy,Strengthen the existing PRP and GFC treatment page with related guides and doctor video context; do not create synonym pages.,P2,No direct migration-period export available in current authenticated GSC session,Authenticated Google Search Console Performance UI: last 7 days and last 28 complete days compared with previous 28 complete days. Exact migration-period API export is unavailable in the current property session.,2026-09-24
best hair and skin doctor near me,,,,,,,,,,,,,MONITOR,/hair-loss-clinic-bhubaneswar,"Strengthen the existing hair-loss owner with concern, guide and doctor-answer links; use URL Inspection only for a confirmed indexation question.",P2,No direct migration-period export available in current authenticated GSC session,Authenticated Google Search Console Performance UI: last 7 days and last 28 complete days compared with previous 28 complete days. Exact migration-period API export is unavailable in the current property session.,2026-09-24
hairline tattoo near me,,,,,,,,,,,,,MONITOR,/concerns/hair-loss-scalp/male-pattern-hair-loss,"Strengthen the existing hair-loss owner with concern, guide and doctor-answer links; use URL Inspection only for a confirmed indexation question.",P2,No direct migration-period export available in current authenticated GSC session,Authenticated Google Search Console Performance UI: last 7 days and last 28 complete days compared with previous 28 complete days. Exact migration-period API export is unavailable in the current property session.,2026-09-24
scalp tattoo near me,,,,,,,,,,,,,MONITOR,/concerns/hair-loss-scalp/dandruff,"Strengthen the existing hair-loss owner with concern, guide and doctor-answer links; use URL Inspection only for a confirmed indexation question.",P2,No direct migration-period export available in current authenticated GSC session,Authenticated Google Search Console Performance UI: last 7 days and last 28 complete days compared with previous 28 complete days. Exact migration-period API export is unavailable in the current property session.,2026-09-24
hair and scalp clinic near me,,,,,,,,,,,,,MONITOR,/concerns/hair-loss-scalp/dandruff,"Strengthen the existing hair-loss owner with concern, guide and doctor-answer links; use URL Inspection only for a confirmed indexation question.",P2,No direct migration-period export available in current authenticated GSC session,Authenticated Google Search Console Performance UI: last 7 days and last 28 complete days compared with previous 28 complete days. Exact migration-period API export is unavailable in the current property session.,2026-09-24
hair free hair grow clinic,,,,,,,,,,,,,MONITOR,/hair-loss-clinic-bhubaneswar,"Strengthen the existing hair-loss owner with concern, guide and doctor-answer links; use URL Inspection only for a confirmed indexation question.",P2,No direct migration-period export available in current authenticated GSC session,Authenticated Google Search Console Performance UI: last 7 days and last 28 complete days compared with previous 28 complete days. Exact migration-period API export is unavailable in the current property session.,2026-09-24
hair prp near me,,,,,,,,,,,,,MONITOR,/treatments/hair-restoration/prp-gfc-scalp-therapy,Strengthen the existing PRP and GFC treatment page with related guides and doctor video context; do not create synonym pages.,P2,No direct migration-period export available in current authenticated GSC session,Authenticated Google Search Console Performance UI: last 7 days and last 28 complete days compared with previous 28 complete days. Exact migration-period API export is unavailable in the current property session.,2026-09-24
scalp micropigmentation (smp),,,,,,,,,,,,,MONITOR,/concerns/hair-loss-scalp/dandruff,"Strengthen the existing hair-loss owner with concern, guide and doctor-answer links; use URL Inspection only for a confirmed indexation question.",P2,No direct migration-period export available in current authenticated GSC session,Authenticated Google Search Console Performance UI: last 7 days and last 28 complete days compared with previous 28 complete days. Exact migration-period API export is unavailable in the current property session.,2026-09-24
men's body hair removal near me,,,,,,,,,,,,,MONITOR,/hair-loss-clinic-bhubaneswar,"Strengthen the existing hair-loss owner with concern, guide and doctor-answer links; use URL Inspection only for a confirmed indexation question.",P2,No direct migration-period export available in current authenticated GSC session,Authenticated Google Search Console Performance UI: last 7 days and last 28 complete days compared with previous 28 complete days. Exact migration-period API export is unavailable in the current property session.,2026-09-24
what makes you feel most confident about your hair?,,,0,,15,,10,,,,,,MONITOR,/hair-loss-clinic-bhubaneswar,"Strengthen the existing hair-loss owner with concern, guide and doctor-answer links; use URL Inspection only for a confirmed indexation question.",P2,No direct migration-period export available in current authenticated GSC session,Authenticated Google Search Console Performance UI: last 7 days and last 28 complete days compared with previous 28 complete days. Exact migration-period API export is unavailable in the current property session.,2026-09-24
growth factor injections hair,,,0,,22,,55.32,,,,,,MONITOR,/hair-loss-clinic-bhubaneswar,"Strengthen the existing hair-loss owner with concern, guide and doctor-answer links; use URL Inspection only for a confirmed indexation question.",P2,No direct migration-period export available in current authenticated GSC session,Authenticated Google Search Console Performance UI: last 7 days and last 28 complete days compared with previous 28 complete days. Exact migration-period API export is unavailable in the current property session.,2026-09-24
mesotherapy hair treatment clinic in kolkata,,,,,,,,,,,,,MONITOR,/hair-loss-clinic-bhubaneswar,"Strengthen the existing hair-loss owner with concern, guide and doctor-answer links; use URL Inspection only for a confirmed indexation question.",P2,No direct migration-period export available in current authenticated GSC session,Authenticated Google Search Console Performance UI: last 7 days and last 28 complete days compared with previous 28 complete days. Exact migration-period API export is unavailable in the current property session.,2026-09-24
mesotherapy hair regrowth treatment in kolkata,,,,,,,,,,,,,MONITOR,/hair-loss-clinic-bhubaneswar,"Strengthen the existing hair-loss owner with concern, guide and doctor-answer links; use URL Inspection only for a confirmed indexation question.",P2,No direct migration-period export available in current authenticated GSC session,Authenticated Google Search Console Performance UI: last 7 days and last 28 complete days compared with previous 28 complete days. Exact migration-period API export is unavailable in the current property session.,2026-09-24
how many prp treatments are needed,,,0,,8,,62.38,,,,,,MONITOR,/treatments/hair-restoration/prp-gfc-scalp-therapy,Strengthen the existing PRP and GFC treatment page with related guides and doctor video context; do not create synonym pages.,P2,No direct migration-period export available in current authenticated GSC session,Authenticated Google Search Console Performance UI: last 7 days and last 28 complete days compared with previous 28 complete days. Exact migration-period API export is unavailable in the current property session.,2026-09-24
what makes you feel most confident about your hair,,,0,,9,,9.44,,,,,,MONITOR,/hair-loss-clinic-bhubaneswar,"Strengthen the existing hair-loss owner with concern, guide and doctor-answer links; use URL Inspection only for a confirmed indexation question.",P2,No direct migration-period export available in current authenticated GSC session,Authenticated Google Search Console Performance UI: last 7 days and last 28 complete days compared with previous 28 complete days. Exact migration-period API export is unavailable in the current property session.,2026-09-24
gfc full form,,,0,,15,,25.93,,,,,,MONITOR,/treatments/hair-restoration/prp-gfc-scalp-therapy,Strengthen the existing PRP and GFC treatment page with related guides and doctor video context; do not create synonym pages.,P2,No direct migration-period export available in current authenticated GSC session,Authenticated Google Search Console Performance UI: last 7 days and last 28 complete days compared with previous 28 complete days. Exact migration-period API export is unavailable in the current property session.,2026-09-24
gfc for hair,,,0,,7,,29,,,,,,MONITOR,/treatments/hair-restoration/prp-gfc-scalp-therapy,Strengthen the existing PRP and GFC treatment page with related guides and doctor video context; do not create synonym pages.,P2,No direct migration-period export available in current authenticated GSC session,Authenticated Google Search Console Performance UI: last 7 days and last 28 complete days compared with previous 28 complete days. Exact migration-period API export is unavailable in the current property session.,2026-09-24
laser treatment for body hair,,,0,,8,,72.5,,,,,,MONITOR,/hair-loss-clinic-bhubaneswar,"Strengthen the existing hair-loss owner with concern, guide and doctor-answer links; use URL Inspection only for a confirmed indexation question.",P2,No direct migration-period export available in current authenticated GSC session,Authenticated Google Search Console Performance UI: last 7 days and last 28 complete days compared with previous 28 complete days. Exact migration-period API export is unavailable in the current property session.,2026-09-24
permanent hair reduction,,,0,,21,,34.14,,,,,,MONITOR,/hair-loss-clinic-bhubaneswar,"Strengthen the existing hair-loss owner with concern, guide and doctor-answer links; use URL Inspection only for a confirmed indexation question.",P2,No direct migration-period export available in current authenticated GSC session,Authenticated Google Search Console Performance UI: last 7 days and last 28 complete days compared with previous 28 complete days. Exact migration-period API export is unavailable in the current property session.,2026-09-24
gfc hair treatment benefits,,,0,,6,,33.33,,,,,,MONITOR,/treatments/hair-restoration/prp-gfc-scalp-therapy,Strengthen the existing PRP and GFC treatment page with related guides and doctor video context; do not create synonym pages.,P2,No direct migration-period export available in current authenticated GSC session,Authenticated Google Search Console Performance UI: last 7 days and last 28 complete days compared with previous 28 complete days. Exact migration-period API export is unavailable in the current property session.,2026-09-24
laser hair removal is it permanent,,,0,,12,,32.75,,,,,,MONITOR,/hair-loss-clinic-bhubaneswar,"Strengthen the existing hair-loss owner with concern, guide and doctor-answer links; use URL Inspection only for a confirmed indexation question.",P2,No direct migration-period export available in current authenticated GSC session,Authenticated Google Search Console Performance UI: last 7 days and last 28 complete days compared with previous 28 complete days. Exact migration-period API export is unavailable in the current property session.,2026-09-24
can laser remove facial hair permanently,,,0,,23,,44.26,,,,,,MONITOR,/hair-loss-clinic-bhubaneswar,"Strengthen the existing hair-loss owner with concern, guide and doctor-answer links; use URL Inspection only for a confirmed indexation question.",P2,No direct migration-period export available in current authenticated GSC session,Authenticated Google Search Console Performance UI: last 7 days and last 28 complete days compared with previous 28 complete days. Exact migration-period API export is unavailable in the current property session.,2026-09-24
hair removal permanent,,,0,,21,,73.33,,,,,,MONITOR,/hair-loss-clinic-bhubaneswar,"Strengthen the existing hair-loss owner with concern, guide and doctor-answer links; use URL Inspection only for a confirmed indexation question.",P2,No direct migration-period export available in current authenticated GSC session,Authenticated Google Search Console Performance UI: last 7 days and last 28 complete days compared with previous 28 complete days. Exact migration-period API export is unavailable in the current property session.,2026-09-24
growth factors treatment for hair loss,,,0,,6,,74.33,,,,,,MONITOR,/hair-loss-clinic-bhubaneswar,"Strengthen the existing hair-loss owner with concern, guide and doctor-answer links; use URL Inspection only for a confirmed indexation question.",P2,No direct migration-period export available in current authenticated GSC session,Authenticated Google Search Console Performance UI: last 7 days and last 28 complete days compared with previous 28 complete days. Exact migration-period API export is unavailable in the current property session.,2026-09-24
gfc treatment procedure,,,0,,6,,5.5,,,,,,MONITOR,/treatments/hair-restoration/prp-gfc-scalp-therapy,Strengthen the existing PRP and GFC treatment page with related guides and doctor video context; do not create synonym pages.,P2,No direct migration-period export available in current authenticated GSC session,Authenticated Google Search Console Performance UI: last 7 days and last 28 complete days compared with previous 28 complete days. Exact migration-period API export is unavailable in the current property session.,2026-09-24
permanent laser hair removal,,,0,,19,,45.16,,,,,,MONITOR,/hair-loss-clinic-bhubaneswar,"Strengthen the existing hair-loss owner with concern, guide and doctor-answer links; use URL Inspection only for a confirmed indexation question.",P2,No direct migration-period export available in current authenticated GSC session,Authenticated Google Search Console Performance UI: last 7 days and last 28 complete days compared with previous 28 complete days. Exact migration-period API export is unavailable in the current property session.,2026-09-24
hair problem doctor,,,0,,9,,8.89,,,,,,MONITOR,/hair-loss-clinic-bhubaneswar,"Strengthen the existing hair-loss owner with concern, guide and doctor-answer links; use URL Inspection only for a confirmed indexation question.",P2,No direct migration-period export available in current authenticated GSC session,Authenticated Google Search Console Performance UI: last 7 days and last 28 complete days compared with previous 28 complete days. Exact migration-period API export is unavailable in the current property session.,2026-09-24
hair loss confidence,,,0,,7,,28,,,,,,MONITOR,/hair-loss-clinic-bhubaneswar,"Strengthen the existing hair-loss owner with concern, guide and doctor-answer links; use URL Inspection only for a confirmed indexation question.",P2,No direct migration-period export available in current authenticated GSC session,Authenticated Google Search Console Performance UI: last 7 days and last 28 complete days compared with previous 28 complete days. Exact migration-period API export is unavailable in the current property session.,2026-09-24
hair loss treatment in kolkata,,,,,,,,,,,,,MONITOR,/hair-loss-clinic-bhubaneswar,"Strengthen the existing hair-loss owner with concern, guide and doctor-answer links; use URL Inspection only for a confirmed indexation question.",P2,No direct migration-period export available in current authenticated GSC session,Authenticated Google Search Console Performance UI: last 7 days and last 28 complete days compared with previous 28 complete days. Exact migration-period API export is unavailable in the current property session.,2026-09-24
gfc for hair regrowth,,,0,,5,,19.2,,,,,,MONITOR,/treatments/hair-restoration/prp-gfc-scalp-therapy,Strengthen the existing PRP and GFC treatment page with related guides and doctor video context; do not create synonym pages.,P2,No direct migration-period export available in current authenticated GSC session,Authenticated Google Search Console Performance UI: last 7 days and last 28 complete days compared with previous 28 complete days. Exact migration-period API export is unavailable in the current property session.,2026-09-24
non surgical hair regrowth treatment in kolkata,,,0,,9,,52,,,,,,MONITOR,/hair-loss-clinic-bhubaneswar,"Strengthen the existing hair-loss owner with concern, guide and doctor-answer links; use URL Inspection only for a confirmed indexation question.",P2,No direct migration-period export available in current authenticated GSC session,Authenticated Google Search Console Performance UI: last 7 days and last 28 complete days compared with previous 28 complete days. Exact migration-period API export is unavailable in the current property session.,2026-09-24
scalp doctor near me,,,0,,8,,8.88,,,,,,MONITOR,/concerns/hair-loss-scalp/dandruff,"Strengthen the existing hair-loss owner with concern, guide and doctor-answer links; use URL Inspection only for a confirmed indexation question.",P2,No direct migration-period export available in current authenticated GSC session,Authenticated Google Search Console Performance UI: last 7 days and last 28 complete days compared with previous 28 complete days. Exact migration-period API export is unavailable in the current property session.,2026-09-24
beard restoration treatment in kolkata,,,,,,,,,,,,,MONITOR,/concerns/hair-transplant/beard-transplant,"Strengthen the existing hair transplant owner with relevant internal links, results and decision content; do not create a keyword-variant URL.",P2,No direct migration-period export available in current authenticated GSC session,Authenticated Google Search Console Performance UI: last 7 days and last 28 complete days compared with previous 28 complete days. Exact migration-period API export is unavailable in the current property session.,2026-09-24
how many prp injections are needed for hair,,,0,,6,,34.17,,,,,,MONITOR,/treatments/hair-restoration/prp-gfc-scalp-therapy,Strengthen the existing PRP and GFC treatment page with related guides and doctor video context; do not create synonym pages.,P2,No direct migration-period export available in current authenticated GSC session,Authenticated Google Search Console Performance UI: last 7 days and last 28 complete days compared with previous 28 complete days. Exact migration-period API export is unavailable in the current property session.,2026-09-24
hair plantation in kolkata,,,0,,4,,51.25,,,,,,MONITOR,/hair-loss-clinic-bhubaneswar,"Strengthen the existing hair-loss owner with concern, guide and doctor-answer links; use URL Inspection only for a confirmed indexation question.",P2,No direct migration-period export available in current authenticated GSC session,Authenticated Google Search Console Performance UI: last 7 days and last 28 complete days compared with previous 28 complete days. Exact migration-period API export is unavailable in the current property session.,2026-09-24
how to control hair fall in monsoon,,,0,,7,,57.71,,,,,,MONITOR,/hair-loss-clinic-bhubaneswar,"Strengthen the existing hair-loss owner with concern, guide and doctor-answer links; use URL Inspection only for a confirmed indexation question.",P2,No direct migration-period export available in current authenticated GSC session,Authenticated Google Search Console Performance UI: last 7 days and last 28 complete days compared with previous 28 complete days. Exact migration-period API export is unavailable in the current property session.,2026-09-24
bio hair treatment,,,0,,5,,9.6,,,,,,MONITOR,/hair-loss-clinic-bhubaneswar,"Strengthen the existing hair-loss owner with concern, guide and doctor-answer links; use URL Inspection only for a confirmed indexation question.",P2,No direct migration-period export available in current authenticated GSC session,Authenticated Google Search Console Performance UI: last 7 days and last 28 complete days compared with previous 28 complete days. Exact migration-period API export is unavailable in the current property session.,2026-09-24
botox hair treatment in bhubaneswar,,,,,,,,,,,,,MONITOR,/hair-loss-clinic-bhubaneswar,"Strengthen the existing hair-loss owner with concern, guide and doctor-answer links; use URL Inspection only for a confirmed indexation question.",P2,No direct migration-period export available in current authenticated GSC session,Authenticated Google Search Console Performance UI: last 7 days and last 28 complete days compared with previous 28 complete days. Exact migration-period API export is unavailable in the current property session.,2026-09-24
hair fix near me,,,0,,6,,9.67,,,,,,MONITOR,/hair-loss-clinic-bhubaneswar,"Strengthen the existing hair-loss owner with concern, guide and doctor-answer links; use URL Inspection only for a confirmed indexation question.",P2,No direct migration-period export available in current authenticated GSC session,Authenticated Google Search Console Performance UI: last 7 days and last 28 complete days compared with previous 28 complete days. Exact migration-period API export is unavailable in the current property session.,2026-09-24
prp how many sessions,,,,,,,,,,,,,MONITOR,/treatments/hair-restoration/prp-gfc-scalp-therapy,Strengthen the existing PRP and GFC treatment page with related guides and doctor video context; do not create synonym pages.,P2,No direct migration-period export available in current authenticated GSC session,Authenticated Google Search Console Performance UI: last 7 days and last 28 complete days compared with previous 28 complete days. Exact migration-period API export is unavailable in the current property session.,2026-09-24
does laser hair removal permanently remove hair,,,0,,12,,32.33,,,,,,MONITOR,/hair-loss-clinic-bhubaneswar,"Strengthen the existing hair-loss owner with concern, guide and doctor-answer links; use URL Inspection only for a confirmed indexation question.",P2,No direct migration-period export available in current authenticated GSC session,Authenticated Google Search Console Performance UI: last 7 days and last 28 complete days compared with previous 28 complete days. Exact migration-period API export is unavailable in the current property session.,2026-09-24
alopecia scarring,,,0,,9,,84.22,,,,,,MONITOR,/alopecia-areata-treatment-bhubaneswar,"Strengthen the existing hair-loss owner with concern, guide and doctor-answer links; use URL Inspection only for a confirmed indexation question.",P2,No direct migration-period export available in current authenticated GSC session,Authenticated Google Search Console Performance UI: last 7 days and last 28 complete days compared with previous 28 complete days. Exact migration-period API export is unavailable in the current property session.,2026-09-24
gfc hair loss,,,0,,6,,1,,,,,,MONITOR,/treatments/hair-restoration/prp-gfc-scalp-therapy,Strengthen the existing PRP and GFC treatment page with related guides and doctor video context; do not create synonym pages.,P2,No direct migration-period export available in current authenticated GSC session,Authenticated Google Search Console Performance UI: last 7 days and last 28 complete days compared with previous 28 complete days. Exact migration-period API export is unavailable in the current property session.,2026-09-24
scalp micropigmentation in pcmc,,,0,,4,,17.75,,,,,,MONITOR,/concerns/hair-loss-scalp/dandruff,"Strengthen the existing hair-loss owner with concern, guide and doctor-answer links; use URL Inspection only for a confirmed indexation question.",P2,No direct migration-period export available in current authenticated GSC session,Authenticated Google Search Console Performance UI: last 7 days and last 28 complete days compared with previous 28 complete days. Exact migration-period API export is unavailable in the current property session.,2026-09-24
can laser treatment remove hair permanently,,,0,,10,,37.5,,,,,,MONITOR,/hair-loss-clinic-bhubaneswar,"Strengthen the existing hair-loss owner with concern, guide and doctor-answer links; use URL Inspection only for a confirmed indexation question.",P2,No direct migration-period export available in current authenticated GSC session,Authenticated Google Search Console Performance UI: last 7 days and last 28 complete days compared with previous 28 complete days. Exact migration-period API export is unavailable in the current property session.,2026-09-24
alopecia treatment,,,,,,,,,,,,,MONITOR,/alopecia-areata-treatment-bhubaneswar,"Strengthen the existing hair-loss owner with concern, guide and doctor-answer links; use URL Inspection only for a confirmed indexation question.",P2,No direct migration-period export available in current authenticated GSC session,Authenticated Google Search Console Performance UI: last 7 days and last 28 complete days compared with previous 28 complete days. Exact migration-period API export is unavailable in the current property session.,2026-09-24
"the face clinics – centre of excellence in skin, hair & laser, 13+ years
experience, odisha’s 1st dermafrac bhubaneswar",,,0,,6,,9,,,,,,MONITOR,/hair-loss-clinic-bhubaneswar,"Strengthen the existing hair-loss owner with concern, guide and doctor-answer links; use URL Inspection only for a confirmed indexation question.",P2,No direct migration-period export available in current authenticated GSC session,Authenticated Google Search Console Performance UI: last 7 days and last 28 complete days compared with previous 28 complete days. Exact migration-period API export is unavailable in the current property session.,2026-09-24
prp session gap,,,0,,13,,7.62,,,,,,MONITOR,/treatments/hair-restoration/prp-gfc-scalp-therapy,Strengthen the existing PRP and GFC treatment page with related guides and doctor video context; do not create synonym pages.,P2,No direct migration-period export available in current authenticated GSC session,Authenticated Google Search Console Performance UI: last 7 days and last 28 complete days compared with previous 28 complete days. Exact migration-period API export is unavailable in the current property session.,2026-09-24
hair toppers shop near me,,,0,,13,,46.85,,,,,,MONITOR,/hair-loss-clinic-bhubaneswar,"Strengthen the existing hair-loss owner with concern, guide and doctor-answer links; use URL Inspection only for a confirmed indexation question.",P2,No direct migration-period export available in current authenticated GSC session,Authenticated Google Search Console Performance UI: last 7 days and last 28 complete days compared with previous 28 complete days. Exact migration-period API export is unavailable in the current property session.,2026-09-24
how to stop hair fall in monsoon,,,0,,6,,66.17,,,,,,MONITOR,/hair-loss-clinic-bhubaneswar,"Strengthen the existing hair-loss owner with concern, guide and doctor-answer links; use URL Inspection only for a confirmed indexation question.",P2,No direct migration-period export available in current authenticated GSC session,Authenticated Google Search Console Performance UI: last 7 days and last 28 complete days compared with previous 28 complete days. Exact migration-period API export is unavailable in the current property session.,2026-09-24
does gfc treatment work,,,0,,13,,1,,,,,,MONITOR,/treatments/hair-restoration/prp-gfc-scalp-therapy,Strengthen the existing PRP and GFC treatment page with related guides and doctor video context; do not create synonym pages.,P2,No direct migration-period export available in current authenticated GSC session,Authenticated Google Search Console Performance UI: last 7 days and last 28 complete days compared with previous 28 complete days. Exact migration-period API export is unavailable in the current property session.,2026-09-24
best wig shop near me,,,0,,8,,8.5,,,,,,MONITOR,/hair-loss-clinic-bhubaneswar,"Strengthen the existing hair-loss owner with concern, guide and doctor-answer links; use URL Inspection only for a confirmed indexation question.",P2,No direct migration-period export available in current authenticated GSC session,Authenticated Google Search Console Performance UI: last 7 days and last 28 complete days compared with previous 28 complete days. Exact migration-period API export is unavailable in the current property session.,2026-09-24
hair dr,,,0,,5,,10,,,,,,MONITOR,/hair-loss-clinic-bhubaneswar,"Strengthen the existing hair-loss owner with concern, guide and doctor-answer links; use URL Inspection only for a confirmed indexation question.",P2,No direct migration-period export available in current authenticated GSC session,Authenticated Google Search Console Performance UI: last 7 days and last 28 complete days compared with previous 28 complete days. Exact migration-period API export is unavailable in the current property session.,2026-09-24
gfc for hair growth,,,0,,6,,10.17,,,,,,MONITOR,/treatments/hair-restoration/prp-gfc-scalp-therapy,Strengthen the existing PRP and GFC treatment page with related guides and doctor video context; do not create synonym pages.,P2,No direct migration-period export available in current authenticated GSC session,Authenticated Google Search Console Performance UI: last 7 days and last 28 complete days compared with previous 28 complete days. Exact migration-period API export is unavailable in the current property session.,2026-09-24
gfc treatment cost,,,,,,,,,,,,,MONITOR,/treatments/hair-restoration/prp-gfc-scalp-therapy,Strengthen the existing PRP and GFC treatment page with related guides and doctor video context; do not create synonym pages.,P2,No direct migration-period export available in current authenticated GSC session,Authenticated Google Search Console Performance UI: last 7 days and last 28 complete days compared with previous 28 complete days. Exact migration-period API export is unavailable in the current property session.,2026-09-24
how many prp treatments are needed for hair,,,,,,,,,,,,,MONITOR,/treatments/hair-restoration/prp-gfc-scalp-therapy,Strengthen the existing PRP and GFC treatment page with related guides and doctor video context; do not create synonym pages.,P2,No direct migration-period export available in current authenticated GSC session,Authenticated Google Search Console Performance UI: last 7 days and last 28 complete days compared with previous 28 complete days. Exact migration-period API export is unavailable in the current property session.,2026-09-24
laser hair removal safe and permanent,,,0,,5,,36.2,,,,,,MONITOR,/hair-loss-clinic-bhubaneswar,"Strengthen the existing hair-loss owner with concern, guide and doctor-answer links; use URL Inspection only for a confirmed indexation question.",P2,No direct migration-period export available in current authenticated GSC session,Authenticated Google Search Console Performance UI: last 7 days and last 28 complete days compared with previous 28 complete days. Exact migration-period API export is unavailable in the current property session.,2026-09-24
best hair plantation in kolkata,,,0,,5,,37.8,,,,,,MONITOR,/hair-loss-clinic-bhubaneswar,"Strengthen the existing hair-loss owner with concern, guide and doctor-answer links; use URL Inspection only for a confirmed indexation question.",P2,No direct migration-period export available in current authenticated GSC session,Authenticated Google Search Console Performance UI: last 7 days and last 28 complete days compared with previous 28 complete days. Exact migration-period API export is unavailable in the current property session.,2026-09-24
prp treatment indore,,,0,,6,,75.67,,,,,,MONITOR,/treatments/hair-restoration/prp-gfc-scalp-therapy,Strengthen the existing PRP and GFC treatment page with related guides and doctor video context; do not create synonym pages.,P2,No direct migration-period export available in current authenticated GSC session,Authenticated Google Search Console Performance UI: last 7 days and last 28 complete days compared with previous 28 complete days. Exact migration-period API export is unavailable in the current property session.,2026-09-24
scarring alopecia causes,,,,,,,,,,,,,MONITOR,/alopecia-areata-treatment-bhubaneswar,"Strengthen the existing hair-loss owner with concern, guide and doctor-answer links; use URL Inspection only for a confirmed indexation question.",P2,No direct migration-period export available in current authenticated GSC session,Authenticated Google Search Console Performance UI: last 7 days and last 28 complete days compared with previous 28 complete days. Exact migration-period API export is unavailable in the current property session.,2026-09-24
"""semi-autobiography"" ""that hair""",,,0,,10,,2,,,,,,MONITOR,/hair-loss-clinic-bhubaneswar,"Strengthen the existing hair-loss owner with concern, guide and doctor-answer links; use URL Inspection only for a confirmed indexation question.",P2,No direct migration-period export available in current authenticated GSC session,Authenticated Google Search Console Performance UI: last 7 days and last 28 complete days compared with previous 28 complete days. Exact migration-period API export is unavailable in the current property session.,2026-09-24
wig near me,,,0,,6,,5.5,,,,,,MONITOR,/hair-loss-clinic-bhubaneswar,"Strengthen the existing hair-loss owner with concern, guide and doctor-answer links; use URL Inspection only for a confirmed indexation question.",P2,No direct migration-period export available in current authenticated GSC session,Authenticated Google Search Console Performance UI: last 7 days and last 28 complete days compared with previous 28 complete days. Exact migration-period API export is unavailable in the current property session.,2026-09-24
hair dermatologist,,,0,,8,,5,,,,,,MONITOR,/hair-loss-clinic-bhubaneswar,"Strengthen the existing hair-loss owner with concern, guide and doctor-answer links; use URL Inspection only for a confirmed indexation question.",P2,No direct migration-period export available in current authenticated GSC session,Authenticated Google Search Console Performance UI: last 7 days and last 28 complete days compared with previous 28 complete days. Exact migration-period API export is unavailable in the current property session.,2026-09-24
hair loss doctor near me,,,0,,8,,8.12,,,,,,MONITOR,/hair-loss-clinic-bhubaneswar,"Strengthen the existing hair-loss owner with concern, guide and doctor-answer links; use URL Inspection only for a confirmed indexation question.",P2,No direct migration-period export available in current authenticated GSC session,Authenticated Google Search Console Performance UI: last 7 days and last 28 complete days compared with previous 28 complete days. Exact migration-period API export is unavailable in the current property session.,2026-09-24
wig centre near me,,,,,,,,,,,,,MONITOR,/hair-loss-clinic-bhubaneswar,"Strengthen the existing hair-loss owner with concern, guide and doctor-answer links; use URL Inspection only for a confirmed indexation question.",P2,No direct migration-period export available in current authenticated GSC session,Authenticated Google Search Console Performance UI: last 7 days and last 28 complete days compared with previous 28 complete days. Exact migration-period API export is unavailable in the current property session.,2026-09-24
dermatologist for hair,,,0,,6,,8.17,,,,,,MONITOR,/hair-loss-clinic-bhubaneswar,"Strengthen the existing hair-loss owner with concern, guide and doctor-answer links; use URL Inspection only for a confirmed indexation question.",P2,No direct migration-period export available in current authenticated GSC session,Authenticated Google Search Console Performance UI: last 7 days and last 28 complete days compared with previous 28 complete days. Exact migration-period API export is unavailable in the current property session.,2026-09-24
permanent removal of hair,,,0,,10,,46.8,,,,,,MONITOR,/hair-loss-clinic-bhubaneswar,"Strengthen the existing hair-loss owner with concern, guide and doctor-answer links; use URL Inspection only for a confirmed indexation question.",P2,No direct migration-period export available in current authenticated GSC session,Authenticated Google Search Console Performance UI: last 7 days and last 28 complete days compared with previous 28 complete days. Exact migration-period API export is unavailable in the current property session.,2026-09-24
near me laser hair removal clinic,,,0,,11,,7.27,,,,,,MONITOR,/hair-loss-clinic-bhubaneswar,"Strengthen the existing hair-loss owner with concern, guide and doctor-answer links; use URL Inspection only for a confirmed indexation question.",P2,No direct migration-period export available in current authenticated GSC session,Authenticated Google Search Console Performance UI: last 7 days and last 28 complete days compared with previous 28 complete days. Exact migration-period API export is unavailable in the current property session.,2026-09-24
hair gfc,,,0,,10,,6.8,,,,,,MONITOR,/treatments/hair-restoration/prp-gfc-scalp-therapy,Strengthen the existing PRP and GFC treatment page with related guides and doctor video context; do not create synonym pages.,P2,No direct migration-period export available in current authenticated GSC session,Authenticated Google Search Console Performance UI: last 7 days and last 28 complete days compared with previous 28 complete days. Exact migration-period API export is unavailable in the current property session.,2026-09-24
best hair fall treatment clinic near me,,,0,,9,,6.11,,,,,,MONITOR,/hair-loss-clinic-bhubaneswar,"Strengthen the existing hair-loss owner with concern, guide and doctor-answer links; use URL Inspection only for a confirmed indexation question.",P2,No direct migration-period export available in current authenticated GSC session,Authenticated Google Search Console Performance UI: last 7 days and last 28 complete days compared with previous 28 complete days. Exact migration-period API export is unavailable in the current property session.,2026-09-24
micropigmentation hair near me,,,0,,8,,20.38,,,,,,MONITOR,/hair-loss-clinic-bhubaneswar,"Strengthen the existing hair-loss owner with concern, guide and doctor-answer links; use URL Inspection only for a confirmed indexation question.",P2,No direct migration-period export available in current authenticated GSC session,Authenticated Google Search Console Performance UI: last 7 days and last 28 complete days compared with previous 28 complete days. Exact migration-period API export is unavailable in the current property session.,2026-09-24
facial hair laser treatment cost,,,0,,7,,2.71,,,,,,MONITOR,/hair-loss-clinic-bhubaneswar,"Strengthen the existing hair-loss owner with concern, guide and doctor-answer links; use URL Inspection only for a confirmed indexation question.",P2,No direct migration-period export available in current authenticated GSC session,Authenticated Google Search Console Performance UI: last 7 days and last 28 complete days compared with previous 28 complete days. Exact migration-period API export is unavailable in the current property session.,2026-09-24
wig store near me,,,0,,7,,8.57,,,,,,MONITOR,/hair-loss-clinic-bhubaneswar,"Strengthen the existing hair-loss owner with concern, guide and doctor-answer links; use URL Inspection only for a confirmed indexation question.",P2,No direct migration-period export available in current authenticated GSC session,Authenticated Google Search Console Performance UI: last 7 days and last 28 complete days compared with previous 28 complete days. Exact migration-period API export is unavailable in the current property session.,2026-09-24
hair treatment for growth,,,0,,6,,1.83,,,,,,MONITOR,/hair-loss-clinic-bhubaneswar,"Strengthen the existing hair-loss owner with concern, guide and doctor-answer links; use URL Inspection only for a confirmed indexation question.",P2,No direct migration-period export available in current authenticated GSC session,Authenticated Google Search Console Performance UI: last 7 days and last 28 complete days compared with previous 28 complete days. Exact migration-period API export is unavailable in the current property session.,2026-09-24
hair care specialist near me,,,0,,6,,4.83,,,,,,MONITOR,/hair-loss-clinic-bhubaneswar,"Strengthen the existing hair-loss owner with concern, guide and doctor-answer links; use URL Inspection only for a confirmed indexation question.",P2,No direct migration-period export available in current authenticated GSC session,Authenticated Google Search Console Performance UI: last 7 days and last 28 complete days compared with previous 28 complete days. Exact migration-period API export is unavailable in the current property session.,2026-09-24
best dermatologist near me for hair,,,0,,6,,5.83,,,,,,MONITOR,/hair-loss-clinic-bhubaneswar,"Strengthen the existing hair-loss owner with concern, guide and doctor-answer links; use URL Inspection only for a confirmed indexation question.",P2,No direct migration-period export available in current authenticated GSC session,Authenticated Google Search Console Performance UI: last 7 days and last 28 complete days compared with previous 28 complete days. Exact migration-period API export is unavailable in the current property session.,2026-09-24
best hair treatment near me,,,0,,6,,7.17,,,,,,MONITOR,/hair-loss-clinic-bhubaneswar,"Strengthen the existing hair-loss owner with concern, guide and doctor-answer links; use URL Inspection only for a confirmed indexation question.",P2,No direct migration-period export available in current authenticated GSC session,Authenticated Google Search Console Performance UI: last 7 days and last 28 complete days compared with previous 28 complete days. Exact migration-period API export is unavailable in the current property session.,2026-09-24
g f c hair treatment,,,0,,6,,9.83,,,,,,MONITOR,/hair-loss-clinic-bhubaneswar,"Strengthen the existing hair-loss owner with concern, guide and doctor-answer links; use URL Inspection only for a confirmed indexation question.",P2,No direct migration-period export available in current authenticated GSC session,Authenticated Google Search Console Performance UI: last 7 days and last 28 complete days compared with previous 28 complete days. Exact migration-period API export is unavailable in the current property session.,2026-09-24
hair loss doctor,,,0,,6,,10,,,,,,MONITOR,/hair-loss-clinic-bhubaneswar,"Strengthen the existing hair-loss owner with concern, guide and doctor-answer links; use URL Inspection only for a confirmed indexation question.",P2,No direct migration-period export available in current authenticated GSC session,Authenticated Google Search Console Performance UI: last 7 days and last 28 complete days compared with previous 28 complete days. Exact migration-period API export is unavailable in the current property session.,2026-09-24
hair treatment cuttack,,,0,,6,,10.17,,,,,,MONITOR,/hair-loss-clinic-bhubaneswar,"Strengthen the existing hair-loss owner with concern, guide and doctor-answer links; use URL Inspection only for a confirmed indexation question.",P2,No direct migration-period export available in current authenticated GSC session,Authenticated Google Search Console Performance UI: last 7 days and last 28 complete days compared with previous 28 complete days. Exact migration-period API export is unavailable in the current property session.,2026-09-24
hair growth factor concentrate,,,0,,6,,15.5,,,,,,MONITOR,/hair-loss-clinic-bhubaneswar,"Strengthen the existing hair-loss owner with concern, guide and doctor-answer links; use URL Inspection only for a confirmed indexation question.",P2,No direct migration-period export available in current authenticated GSC session,Authenticated Google Search Console Performance UI: last 7 days and last 28 complete days compared with previous 28 complete days. Exact migration-period API export is unavailable in the current property session.,2026-09-24
hair fue vs fut,,,0,,6,,21.67,,,,,,MONITOR,/treatments/hair-restoration/fue-hair-transplant,"Strengthen the existing hair transplant owner with relevant internal links, results and decision content; do not create a keyword-variant URL.",P2,No direct migration-period export available in current authenticated GSC session,Authenticated Google Search Console Performance UI: last 7 days and last 28 complete days compared with previous 28 complete days. Exact migration-period API export is unavailable in the current property session.,2026-09-24
does laser permanently remove hair,,,0,,6,,24.5,,,,,,MONITOR,/hair-loss-clinic-bhubaneswar,"Strengthen the existing hair-loss owner with concern, guide and doctor-answer links; use URL Inspection only for a confirmed indexation question.",P2,No direct migration-period export available in current authenticated GSC session,Authenticated Google Search Console Performance UI: last 7 days and last 28 complete days compared with previous 28 complete days. Exact migration-period API export is unavailable in the current property session.,2026-09-24
does laser hair removal remove hair permanently,,,0,,6,,25.67,,,,,,MONITOR,/hair-loss-clinic-bhubaneswar,"Strengthen the existing hair-loss owner with concern, guide and doctor-answer links; use URL Inspection only for a confirmed indexation question.",P2,No direct migration-period export available in current authenticated GSC session,Authenticated Google Search Console Performance UI: last 7 days and last 28 complete days compared with previous 28 complete days. Exact migration-period API export is unavailable in the current property session.,2026-09-24
does laser really remove hair permanently?,,,0,,6,,40,,,,,,MONITOR,/hair-loss-clinic-bhubaneswar,"Strengthen the existing hair-loss owner with concern, guide and doctor-answer links; use URL Inspection only for a confirmed indexation question.",P2,No direct migration-period export available in current authenticated GSC session,Authenticated Google Search Console Performance UI: last 7 days and last 28 complete days compared with previous 28 complete days. Exact migration-period API export is unavailable in the current property session.,2026-09-24
removal hair permanent,,,0,,6,,49.83,,,,,,MONITOR,/hair-loss-clinic-bhubaneswar,"Strengthen the existing hair-loss owner with concern, guide and doctor-answer links; use URL Inspection only for a confirmed indexation question.",P2,No direct migration-period export available in current authenticated GSC session,Authenticated Google Search Console Performance UI: last 7 days and last 28 complete days compared with previous 28 complete days. Exact migration-period API export is unavailable in the current property session.,2026-09-24
laser hair removal treatment,,,0,,6,,67.83,,,,,,MONITOR,/hair-loss-clinic-bhubaneswar,"Strengthen the existing hair-loss owner with concern, guide and doctor-answer links; use URL Inspection only for a confirmed indexation question.",P2,No direct migration-period export available in current authenticated GSC session,Authenticated Google Search Console Performance UI: last 7 days and last 28 complete days compared with previous 28 complete days. Exact migration-period API export is unavailable in the current property session.,2026-09-24
is gfc good for hair growth,,,0,,5,,1,,,,,,MONITOR,/treatments/hair-restoration/prp-gfc-scalp-therapy,Strengthen the existing PRP and GFC treatment page with related guides and doctor video context; do not create synonym pages.,P2,No direct migration-period export available in current authenticated GSC session,Authenticated Google Search Console Performance UI: last 7 days and last 28 complete days compared with previous 28 complete days. Exact migration-period API export is unavailable in the current property session.,2026-09-24
"radiance skin, hair, & laser clinic thillai nagar - hair loss, laser, acne
scar treatments by dr rakhavi reviews",,,0,,5,,2.8,,,,,,MONITOR,/,Preserve the homepage as the observed owner for this branded query and maintain clear links to the relevant hair treatment pathways.,P2,No direct migration-period export available in current authenticated GSC session,Authenticated Google Search Console Performance UI: last 7 days and last 28 complete days compared with previous 28 complete days. Exact migration-period API export is unavailable in the current property session.,2026-09-24
hair consultant doctor near me,,,0,,5,,4.6,,,,,,MONITOR,/hair-loss-clinic-bhubaneswar,"Strengthen the existing hair-loss owner with concern, guide and doctor-answer links; use URL Inspection only for a confirmed indexation question.",P2,No direct migration-period export available in current authenticated GSC session,Authenticated Google Search Console Performance UI: last 7 days and last 28 complete days compared with previous 28 complete days. Exact migration-period API export is unavailable in the current property session.,2026-09-24
hair fall treatment clinic in bhubaneswar,,,0,,5,,8.8,,,,,,MONITOR,/hair-loss-clinic-bhubaneswar,"Strengthen the existing hair-loss owner with concern, guide and doctor-answer links; use URL Inspection only for a confirmed indexation question.",P2,No direct migration-period export available in current authenticated GSC session,Authenticated Google Search Console Performance UI: last 7 days and last 28 complete days compared with previous 28 complete days. Exact migration-period API export is unavailable in the current property session.,2026-09-24
bio hair implants,,,0,,5,,10.8,,,,,,MONITOR,/hair-loss-clinic-bhubaneswar,"Strengthen the existing hair-loss owner with concern, guide and doctor-answer links; use URL Inspection only for a confirmed indexation question.",P2,No direct migration-period export available in current authenticated GSC session,Authenticated Google Search Console Performance UI: last 7 days and last 28 complete days compared with previous 28 complete days. Exact migration-period API export is unavailable in the current property session.,2026-09-24
dandruff treatment near me,,,0,,5,,11.8,,,,,,MONITOR,/concerns/hair-loss-scalp/dandruff,"Strengthen the existing hair-loss owner with concern, guide and doctor-answer links; use URL Inspection only for a confirmed indexation question.",P2,No direct migration-period export available in current authenticated GSC session,Authenticated Google Search Console Performance UI: last 7 days and last 28 complete days compared with previous 28 complete days. Exact migration-period API export is unavailable in the current property session.,2026-09-24
scalp micro pigmentation,,,0,,5,,24.8,,,,,,MONITOR,/concerns/hair-loss-scalp/dandruff,"Strengthen the existing hair-loss owner with concern, guide and doctor-answer links; use URL Inspection only for a confirmed indexation question.",P2,No direct migration-period export available in current authenticated GSC session,Authenticated Google Search Console Performance UI: last 7 days and last 28 complete days compared with previous 28 complete days. Exact migration-period API export is unavailable in the current property session.,2026-09-24
hair removal permanently,,,0,,5,,38.8,,,,,,MONITOR,/hair-loss-clinic-bhubaneswar,"Strengthen the existing hair-loss owner with concern, guide and doctor-answer links; use URL Inspection only for a confirmed indexation question.",P2,No direct migration-period export available in current authenticated GSC session,Authenticated Google Search Console Performance UI: last 7 days and last 28 complete days compared with previous 28 complete days. Exact migration-period API export is unavailable in the current property session.,2026-09-24
hair topper shop near me,,,0,,5,,57.6,,,,,,MONITOR,/hair-loss-clinic-bhubaneswar,"Strengthen the existing hair-loss owner with concern, guide and doctor-answer links; use URL Inspection only for a confirmed indexation question.",P2,No direct migration-period export available in current authenticated GSC session,Authenticated Google Search Console Performance UI: last 7 days and last 28 complete days compared with previous 28 complete days. Exact migration-period API export is unavailable in the current property session.,2026-09-24
easy grow hair replacement centre sambalpur,,,0,,4,,1.25,,,,,,MONITOR,/hair-loss-clinic-bhubaneswar,"Strengthen the existing hair-loss owner with concern, guide and doctor-answer links; use URL Inspection only for a confirmed indexation question.",P2,No direct migration-period export available in current authenticated GSC session,Authenticated Google Search Console Performance UI: last 7 days and last 28 complete days compared with previous 28 complete days. Exact migration-period API export is unavailable in the current property session.,2026-09-24
face prp treatment,,,0,,4,,1.75,,,,,,MONITOR,/treatments/hair-restoration/prp-gfc-scalp-therapy,Strengthen the existing PRP and GFC treatment page with related guides and doctor video context; do not create synonym pages.,P2,No direct migration-period export available in current authenticated GSC session,Authenticated Google Search Console Performance UI: last 7 days and last 28 complete days compared with previous 28 complete days. Exact migration-period API export is unavailable in the current property session.,2026-09-24
prp treatment for hair cost in india,,,0,,4,,2,,,,,,MONITOR,/treatments/hair-restoration/prp-gfc-scalp-therapy,Strengthen the existing PRP and GFC treatment page with related guides and doctor video context; do not create synonym pages.,P2,No direct migration-period export available in current authenticated GSC session,Authenticated Google Search Console Performance UI: last 7 days and last 28 complete days compared with previous 28 complete days. Exact migration-period API export is unavailable in the current property session.,2026-09-24
hair mask for hair fall,,,0,,4,,3,,,,,,MONITOR,/hair-loss-clinic-bhubaneswar,"Strengthen the existing hair-loss owner with concern, guide and doctor-answer links; use URL Inspection only for a confirmed indexation question.",P2,No direct migration-period export available in current authenticated GSC session,Authenticated Google Search Console Performance UI: last 7 days and last 28 complete days compared with previous 28 complete days. Exact migration-period API export is unavailable in the current property session.,2026-09-24
men laser hair removal,,,0,,4,,4,,,,,,MONITOR,/hair-loss-clinic-bhubaneswar,"Strengthen the existing hair-loss owner with concern, guide and doctor-answer links; use URL Inspection only for a confirmed indexation question.",P2,No direct migration-period export available in current authenticated GSC session,Authenticated Google Search Console Performance UI: last 7 days and last 28 complete days compared with previous 28 complete days. Exact migration-period API export is unavailable in the current property session.,2026-09-24
best doctor for hair,,,0,,4,,5,,,,,,MONITOR,/hair-loss-clinic-bhubaneswar,"Strengthen the existing hair-loss owner with concern, guide and doctor-answer links; use URL Inspection only for a confirmed indexation question.",P2,No direct migration-period export available in current authenticated GSC session,Authenticated Google Search Console Performance UI: last 7 days and last 28 complete days compared with previous 28 complete days. Exact migration-period API export is unavailable in the current property session.,2026-09-24
hair loss,,,0,,4,,5,,,,,,MONITOR,/hair-loss-clinic-bhubaneswar,"Strengthen the existing hair-loss owner with concern, guide and doctor-answer links; use URL Inspection only for a confirmed indexation question.",P2,No direct migration-period export available in current authenticated GSC session,Authenticated Google Search Console Performance UI: last 7 days and last 28 complete days compared with previous 28 complete days. Exact migration-period API export is unavailable in the current property session.,2026-09-24
best hair fall doctor near me,,,0,,4,,5.25,,,,,,MONITOR,/hair-loss-clinic-bhubaneswar,"Strengthen the existing hair-loss owner with concern, guide and doctor-answer links; use URL Inspection only for a confirmed indexation question.",P2,No direct migration-period export available in current authenticated GSC session,Authenticated Google Search Console Performance UI: last 7 days and last 28 complete days compared with previous 28 complete days. Exact migration-period API export is unavailable in the current property session.,2026-09-24
laser hair removal full body,,,0,,4,,6.75,,,,,,MONITOR,/hair-loss-clinic-bhubaneswar,"Strengthen the existing hair-loss owner with concern, guide and doctor-answer links; use URL Inspection only for a confirmed indexation question.",P2,No direct migration-period export available in current authenticated GSC session,Authenticated Google Search Console Performance UI: last 7 days and last 28 complete days compared with previous 28 complete days. Exact migration-period API export is unavailable in the current property session.,2026-09-24
hair radiance,,,0,,4,,7,,,,,,MONITOR,/,Preserve the homepage as the observed owner for this branded query and maintain clear links to the relevant hair treatment pathways.,P2,No direct migration-period export available in current authenticated GSC session,Authenticated Google Search Console Performance UI: last 7 days and last 28 complete days compared with previous 28 complete days. Exact migration-period API export is unavailable in the current property session.,2026-09-24
laser hair near me,,,0,,4,,7.25,,,,,,MONITOR,/hair-loss-clinic-bhubaneswar,"Strengthen the existing hair-loss owner with concern, guide and doctor-answer links; use URL Inspection only for a confirmed indexation question.",P2,No direct migration-period export available in current authenticated GSC session,Authenticated Google Search Console Performance UI: last 7 days and last 28 complete days compared with previous 28 complete days. Exact migration-period API export is unavailable in the current property session.,2026-09-24
under eye hair,,,0,,4,,7.5,,,,,,MONITOR,/hair-loss-clinic-bhubaneswar,"Strengthen the existing hair-loss owner with concern, guide and doctor-answer links; use URL Inspection only for a confirmed indexation question.",P2,No direct migration-period export available in current authenticated GSC session,Authenticated Google Search Console Performance UI: last 7 days and last 28 complete days compared with previous 28 complete days. Exact migration-period API export is unavailable in the current property session.,2026-09-24
hair treatment dr near me,,,0,,4,,7.75,,,,,,MONITOR,/hair-loss-clinic-bhubaneswar,"Strengthen the existing hair-loss owner with concern, guide and doctor-answer links; use URL Inspection only for a confirmed indexation question.",P2,No direct migration-period export available in current authenticated GSC session,Authenticated Google Search Console Performance UI: last 7 days and last 28 complete days compared with previous 28 complete days. Exact migration-period API export is unavailable in the current property session.,2026-09-24
wig for men near me,,,0,,4,,8.75,,,,,,MONITOR,/hair-loss-clinic-bhubaneswar,"Strengthen the existing hair-loss owner with concern, guide and doctor-answer links; use URL Inspection only for a confirmed indexation question.",P2,No direct migration-period export available in current authenticated GSC session,Authenticated Google Search Console Performance UI: last 7 days and last 28 complete days compared with previous 28 complete days. Exact migration-period API export is unavailable in the current property session.,2026-09-24
wig clinic,,,0,,4,,10.5,,,,,,MONITOR,/hair-loss-clinic-bhubaneswar,"Strengthen the existing hair-loss owner with concern, guide and doctor-answer links; use URL Inspection only for a confirmed indexation question.",P2,No direct migration-period export available in current authenticated GSC session,Authenticated Google Search Console Performance UI: last 7 days and last 28 complete days compared with previous 28 complete days. Exact migration-period API export is unavailable in the current property session.,2026-09-24
hair kg in odisha,,,0,,4,,12.5,,,,,,MONITOR,/hair-loss-clinic-bhubaneswar,"Strengthen the existing hair-loss owner with concern, guide and doctor-answer links; use URL Inspection only for a confirmed indexation question.",P2,No direct migration-period export available in current authenticated GSC session,Authenticated Google Search Console Performance UI: last 7 days and last 28 complete days compared with previous 28 complete days. Exact migration-period API export is unavailable in the current property session.,2026-09-24
hair expert kolkata,,,0,,4,,13,,,,,,MONITOR,/hair-loss-clinic-bhubaneswar,"Strengthen the existing hair-loss owner with concern, guide and doctor-answer links; use URL Inspection only for a confirmed indexation question.",P2,No direct migration-period export available in current authenticated GSC session,Authenticated Google Search Console Performance UI: last 7 days and last 28 complete days compared with previous 28 complete days. Exact migration-period API export is unavailable in the current property session.,2026-09-24
can laser permanently remove hair,,,0,,4,,31.25,,,,,,MONITOR,/hair-loss-clinic-bhubaneswar,"Strengthen the existing hair-loss owner with concern, guide and doctor-answer links; use URL Inspection only for a confirmed indexation question.",P2,No direct migration-period export available in current authenticated GSC session,Authenticated Google Search Console Performance UI: last 7 days and last 28 complete days compared with previous 28 complete days. Exact migration-period API export is unavailable in the current property session.,2026-09-24
growth factors for hair,,,0,,4,,38.5,,,,,,MONITOR,/hair-loss-clinic-bhubaneswar,"Strengthen the existing hair-loss owner with concern, guide and doctor-answer links; use URL Inspection only for a confirmed indexation question.",P2,No direct migration-period export available in current authenticated GSC session,Authenticated Google Search Console Performance UI: last 7 days and last 28 complete days compared with previous 28 complete days. Exact migration-period API export is unavailable in the current property session.,2026-09-24
do laser removes hair permanently,,,0,,4,,40,,,,,,MONITOR,/hair-loss-clinic-bhubaneswar,"Strengthen the existing hair-loss owner with concern, guide and doctor-answer links; use URL Inspection only for a confirmed indexation question.",P2,No direct migration-period export available in current authenticated GSC session,Authenticated Google Search Console Performance UI: last 7 days and last 28 complete days compared with previous 28 complete days. Exact migration-period API export is unavailable in the current property session.,2026-09-24
laser hair treatment,,,0,,4,,44,,,,,,MONITOR,/hair-loss-clinic-bhubaneswar,"Strengthen the existing hair-loss owner with concern, guide and doctor-answer links; use URL Inspection only for a confirmed indexation question.",P2,No direct migration-period export available in current authenticated GSC session,Authenticated Google Search Console Performance UI: last 7 days and last 28 complete days compared with previous 28 complete days. Exact migration-period API export is unavailable in the current property session.,2026-09-24
fue vs fut in coimbatore,,,0,,4,,46.5,,,,,,MONITOR,/treatments/hair-restoration/fue-hair-transplant,"Strengthen the existing hair transplant owner with relevant internal links, results and decision content; do not create a keyword-variant URL.",P2,No direct migration-period export available in current authenticated GSC session,Authenticated Google Search Console Performance UI: last 7 days and last 28 complete days compared with previous 28 complete days. Exact migration-period API export is unavailable in the current property session.,2026-09-24
mesotherapy hair fall treatment,,,0,,4,,47,,,,,,MONITOR,/hair-loss-clinic-bhubaneswar,"Strengthen the existing hair-loss owner with concern, guide and doctor-answer links; use URL Inspection only for a confirmed indexation question.",P2,No direct migration-period export available in current authenticated GSC session,Authenticated Google Search Console Performance UI: last 7 days and last 28 complete days compared with previous 28 complete days. Exact migration-period API export is unavailable in the current property session.,2026-09-24
gfc stands for,,,0,,4,,52.75,,,,,,MONITOR,/treatments/hair-restoration/prp-gfc-scalp-therapy,Strengthen the existing PRP and GFC treatment page with related guides and doctor video context; do not create synonym pages.,P2,No direct migration-period export available in current authenticated GSC session,Authenticated Google Search Console Performance UI: last 7 days and last 28 complete days compared with previous 28 complete days. Exact migration-period API export is unavailable in the current property session.,2026-09-24
gfc treatment for face in indore,,,0,,4,,56,,,,,,MONITOR,/treatments/hair-restoration/prp-gfc-scalp-therapy,Strengthen the existing PRP and GFC treatment page with related guides and doctor video context; do not create synonym pages.,P2,No direct migration-period export available in current authenticated GSC session,Authenticated Google Search Console Performance UI: last 7 days and last 28 complete days compared with previous 28 complete days. Exact migration-period API export is unavailable in the current property session.,2026-09-24
gfc hair treatment in indore,,,0,,4,,57.75,,,,,,MONITOR,/treatments/hair-restoration/prp-gfc-scalp-therapy,Strengthen the existing PRP and GFC treatment page with related guides and doctor video context; do not create synonym pages.,P2,No direct migration-period export available in current authenticated GSC session,Authenticated Google Search Console Performance UI: last 7 days and last 28 complete days compared with previous 28 complete days. Exact migration-period API export is unavailable in the current property session.,2026-09-24
diode laser hair removal,,,0,,4,,63.75,,,,,,MONITOR,/hair-loss-clinic-bhubaneswar,"Strengthen the existing hair-loss owner with concern, guide and doctor-answer links; use URL Inspection only for a confirmed indexation question.",P2,No direct migration-period export available in current authenticated GSC session,Authenticated Google Search Console Performance UI: last 7 days and last 28 complete days compared with previous 28 complete days. Exact migration-period API export is unavailable in the current property session.,2026-09-24
gfc treatment in coimbatore,,,0,,4,,66,,,,,,MONITOR,/treatments/hair-restoration/prp-gfc-scalp-therapy,Strengthen the existing PRP and GFC treatment page with related guides and doctor video context; do not create synonym pages.,P2,No direct migration-period export available in current authenticated GSC session,Authenticated Google Search Console Performance UI: last 7 days and last 28 complete days compared with previous 28 complete days. Exact migration-period API export is unavailable in the current property session.,2026-09-24
unwanted hair removal permanent,,,0,,4,,66,,,,,,MONITOR,/hair-loss-clinic-bhubaneswar,"Strengthen the existing hair-loss owner with concern, guide and doctor-answer links; use URL Inspection only for a confirmed indexation question.",P2,No direct migration-period export available in current authenticated GSC session,Authenticated Google Search Console Performance UI: last 7 days and last 28 complete days compared with previous 28 complete days. Exact migration-period API export is unavailable in the current property session.,2026-09-24
gfc hair treatment in coimbatore,,,0,,4,,67,,,,,,MONITOR,/treatments/hair-restoration/prp-gfc-scalp-therapy,Strengthen the existing PRP and GFC treatment page with related guides and doctor video context; do not create synonym pages.,P2,No direct migration-period export available in current authenticated GSC session,Authenticated Google Search Console Performance UI: last 7 days and last 28 complete days compared with previous 28 complete days. Exact migration-period API export is unavailable in the current property session.,2026-09-24
prp treatment in indore,,,0,,4,,70.25,,,,,,MONITOR,/treatments/hair-restoration/prp-gfc-scalp-therapy,Strengthen the existing PRP and GFC treatment page with related guides and doctor video context; do not create synonym pages.,P2,No direct migration-period export available in current authenticated GSC session,Authenticated Google Search Console Performance UI: last 7 days and last 28 complete days compared with previous 28 complete days. Exact migration-period API export is unavailable in the current property session.,2026-09-24
hair rejuvenation therapy,,,0,,4,,75.25,,,,,,MONITOR,/hair-loss-clinic-bhubaneswar,"Strengthen the existing hair-loss owner with concern, guide and doctor-answer links; use URL Inspection only for a confirmed indexation question.",P2,No direct migration-period export available in current authenticated GSC session,Authenticated Google Search Console Performance UI: last 7 days and last 28 complete days compared with previous 28 complete days. Exact migration-period API export is unavailable in the current property session.,2026-09-24
