url,page,purpose,current_alt,recommended_alt,decorative
https://www.radianceclinics.com/media-outlets/entrepreneur-hunt.webp,https://www.radianceclinics.com/,Recognition or media coverage,Entrepreneur Hunt,Entrepreneur Hunt,no
https://www.radianceclinics.com/media-outlets/hindustan-bytes.webp,https://www.radianceclinics.com/,Recognition or media coverage,Hindustan Bytes,Hindustan Bytes,no
https://www.radianceclinics.com/media-outlets/hindustan-metro.webp,https://www.radianceclinics.com/,Recognition or media coverage,Hindustan Metro,Hindustan Metro,no
https://www.radianceclinics.com/media-outlets/loktej-business-news.webp,https://www.radianceclinics.com/,Recognition or media coverage,Loktej Business News,Loktej Business News,no
https://www.radianceclinics.com/radiance-logo-mark.png,https://www.radianceclinics.com/,Clinic branding,,,yes
https://www.radianceclinics.com/radiance-media-processed/hero-desktop/radiance-hero-happy-patient-secondary-01.webp,https://www.radianceclinics.com/,Doctor or consultation,Dr Satyarth Prakash with a happy patient at Radiance Clinics,Dr Satyarth Prakash with a happy patient at Radiance Clinics,no
https://www.radianceclinics.com/radiance-media-processed/landscape/radiance-acne-scar-service.webp,https://www.radianceclinics.com/,Recognition or media coverage,Acne & Acne Scar at Radiance Clinics,Acne & Acne Scar at Radiance Clinics,no
https://www.radianceclinics.com/radiance-media-processed/landscape/radiance-anti-ageing-service.webp,https://www.radianceclinics.com/,Recognition or media coverage,Anti-ageing & Skin Quality at Radiance Clinics,Anti-ageing & Skin Quality at Radiance Clinics,no
https://www.radianceclinics.com/radiance-media-processed/landscape/radiance-botox-fillers-service.webp,https://www.radianceclinics.com/,Recognition or media coverage,Injectables & Fillers at Radiance Clinics,Injectables & Fillers at Radiance Clinics,no
https://www.radianceclinics.com/radiance-media-processed/landscape/radiance-brand-recognition-badge-01.webp,https://www.radianceclinics.com/,Clinic branding,Recognition badge for Dr Satyarth Prakash and Radiance Skin and Hair Clinic,Recognition badge for Dr Satyarth Prakash and Radiance Skin and Hair Clinic,no
https://www.radianceclinics.com/radiance-media-processed/landscape/radiance-clinic-exterior-board-01.webp,https://www.radianceclinics.com/,Recognition or media coverage,Exterior board of Radiance Skin and Hair Clinics at dusk,Exterior board of Radiance Skin and Hair Clinics at dusk,no
https://www.radianceclinics.com/radiance-media-processed/landscape/radiance-clinic-reception-wide-01.webp,https://www.radianceclinics.com/,Recognition or media coverage,Wide view of Radiance Clinics reception area,Wide view of Radiance Clinics reception area,no
https://www.radianceclinics.com/radiance-media-processed/landscape/radiance-doctor-satyarth-procedure-room-01.webp,https://www.radianceclinics.com/,Doctor or consultation,Dr. Satyarth Prakash at Radiance Clinics,Dr. Satyarth Prakash at Radiance Clinics,no
https://www.radianceclinics.com/radiance-media-processed/landscape/radiance-equipment-machine-cluster-01.webp,https://www.radianceclinics.com/,Recognition or media coverage,Multiple clinical treatment machines inside Radiance Clinics,Multiple clinical treatment machines inside Radiance Clinics,no
https://www.radianceclinics.com/radiance-media-processed/landscape/radiance-hair-transplant-service.webp,https://www.radianceclinics.com/,Recognition or media coverage,Hair Transplant at Radiance Clinics,Hair Transplant at Radiance Clinics,no
https://www.radianceclinics.com/radiance-media-processed/landscape/radiance-hero-anil-kapoor-feature-01.webp,https://www.radianceclinics.com/,Recognition or media coverage,,,yes
https://www.radianceclinics.com/radiance-media-processed/landscape/radiance-hero-clinic-interior-secondary-01.webp,https://www.radianceclinics.com/,Recognition or media coverage,Modern reception interior of Radiance Skin and Hair Clinics,Modern reception interior of Radiance Skin and Hair Clinics,no
https://www.radianceclinics.com/radiance-media-processed/landscape/radiance-laser-hair-removal-service.webp,https://www.radianceclinics.com/,Recognition or media coverage,Laser Hair Removal at Radiance Clinics,Laser Hair Removal at Radiance Clinics,no
https://www.radianceclinics.com/radiance-media-processed/landscape/radiance-pigmentation-melasma-service.webp,https://www.radianceclinics.com/,Recognition or media coverage,Pigmentation at Radiance Clinics,Pigmentation at Radiance Clinics,no
https://www.radianceclinics.com/radiance-media-processed/landscape/radiance-prp-hair-therapy-service.webp,https://www.radianceclinics.com/,Recognition or media coverage,PRP Therapy at Radiance Clinics,PRP Therapy at Radiance Clinics,no
https://www.radianceclinics.com/radiance-media-processed/landscape/radiance-recognition-award-ceremony-01.webp,https://www.radianceclinics.com/,Doctor or consultation,Award ceremony moment featuring Dr Satyarth Prakash,Award ceremony moment featuring Dr Satyarth Prakash,no
https://www.radianceclinics.com/radiance-media-processed/landscape/radiance-recognition-award-ceremony-02.webp,https://www.radianceclinics.com/,Doctor or consultation,Dr Satyarth Prakash holding award on stage,Dr Satyarth Prakash holding award on stage,no
https://www.radianceclinics.com/radiance-media-processed/landscape/radiance-skin-rejuvenation-service.webp,https://www.radianceclinics.com/,Recognition or media coverage,Event Skin Protocols at Radiance Clinics,Event Skin Protocols at Radiance Clinics,no
https://www.radianceclinics.com/radiance-media-processed/landscape/radiance-smiling-patient-hero.webp,https://www.radianceclinics.com/,Recognition or media coverage,Smiling Patient - Radiance Clinics,Smiling Patient - Radiance Clinics,no
https://www.radianceclinics.com/radiance-media-processed/portrait/doctor-hero.webp,https://www.radianceclinics.com/,Doctor or consultation,Dr. Satyarth Prakash at Radiance Clinics,Dr. Satyarth Prakash at Radiance Clinics,no
https://www.radianceclinics.com/radiance-media-processed/portrait/doctor-image.webp,https://www.radianceclinics.com/,Doctor or consultation,Dr. Satyarth Prakash at Radiance Clinics,Dr. Satyarth Prakash at Radiance Clinics,no
https://www.radianceclinics.com/radiance-media-processed/portrait/radiance-ba-acne-acne-radiance-skin-before-after-separated-2-01-acne-after.webp,https://www.radianceclinics.com/,Treatment result example,Acne front view after treatment example at Radiance Clinics Bhubaneswar,Acne front view after treatment example at Radiance Clinics Bhubaneswar,no
https://www.radianceclinics.com/radiance-media-processed/portrait/radiance-ba-acne-acne-radiance-skin-before-after-separated-2-01-acne-before.webp,https://www.radianceclinics.com/,Treatment result example,Acne front view before treatment example at Radiance Clinics Bhubaneswar,Acne front view before treatment example at Radiance Clinics Bhubaneswar,no
https://www.radianceclinics.com/radiance-media-processed/portrait/radiance-ba-acne-scars-acne-scars-radiance-skin-before-after-separated-2-02-acne-scars-after.webp,https://www.radianceclinics.com/,Treatment result example,Acne Scars front view after treatment example at Radiance Clinics Bhubaneswar,Acne Scars front view after treatment example at Radiance Clinics Bhubaneswar,no
https://www.radianceclinics.com/radiance-media-processed/portrait/radiance-ba-advanced-male-pattern-baldness-advanced-male-pattern-baldness-radiance-additional-hair-before-after-04-advanced-male-pattern-bal-09045bcc.webp,https://www.radianceclinics.com/,Treatment result example,Hair transplant front view example before treatment for Advanced Male Pattern Baldness at Radiance Clinics Bhubaneswar,Hair transplant front view example before treatment for Advanced Male Pattern Baldness at Radiance Clinics Bhubaneswar,no
https://www.radianceclinics.com/radiance-media-processed/portrait/radiance-ba-melasma-melasma-radiance-skin-before-after-separated-2-04-melasma-after.webp,https://www.radianceclinics.com/,Treatment result example,Melasma front view after treatment example at Radiance Clinics Bhubaneswar,Melasma front view after treatment example at Radiance Clinics Bhubaneswar,no
https://www.radianceclinics.com/radiance-media-processed/portrait/radiance-ba-pigmentation-pigmentation-radiance-skin-before-after-separated-2-03-pigmentation-after.webp,https://www.radianceclinics.com/,Treatment result example,Pigmentation front view after treatment example at Radiance Clinics Bhubaneswar,Pigmentation front view after treatment example at Radiance Clinics Bhubaneswar,no
https://www.radianceclinics.com/radiance-media-processed/portrait/radiance-ba-replacement-advanced-male-pattern-baldness-condition-primary-after.webp,https://www.radianceclinics.com/,Treatment result example,"Hair transplant improvement example showing restored hair density after treatment at Radiance Clinics Bhubaneswar, front view Advanced Male Pattern Baldness","Hair transplant improvement example showing restored hair density after treatment at Radiance Clinics Bhubaneswar, front view Advanced Male Pattern Baldness",no
https://www.radianceclinics.com/radiance-media-processed/portrait/radiance-ba-replacement-beard-transplant-condition-primary-after.webp,https://www.radianceclinics.com/,Treatment result example,"Hair transplant improvement example showing restored hair density after treatment at Radiance Clinics Bhubaneswar, front view Beard Transplant","Hair transplant improvement example showing restored hair density after treatment at Radiance Clinics Bhubaneswar, front view Beard Transplant",no
https://www.radianceclinics.com/radiance-media-processed/portrait/radiance-ba-replacement-female-pattern-hair-loss-condition-primary-after.webp,https://www.radianceclinics.com/,Treatment result example,"Hair transplant improvement example showing restored hair density after treatment at Radiance Clinics Bhubaneswar, front view Female Pattern Hair Loss","Hair transplant improvement example showing restored hair density after treatment at Radiance Clinics Bhubaneswar, front view Female Pattern Hair Loss",no
https://www.radianceclinics.com/radiance-media-processed/portrait/radiance-ba-replacement-receding-hairline-condition-primary-after.webp,https://www.radianceclinics.com/,Treatment result example,"Hair transplant improvement example showing restored hair density after treatment at Radiance Clinics Bhubaneswar, front view Receding Hairline","Hair transplant improvement example showing restored hair density after treatment at Radiance Clinics Bhubaneswar, front view Receding Hairline",no
https://www.radianceclinics.com/radiance-media-processed/portrait/radiance-doctor-satyarth-consultation-01.webp,https://www.radianceclinics.com/,Doctor or consultation,Dr. Satyarth Prakash during a consultation at Radiance Clinics,Dr. Satyarth Prakash during a consultation at Radiance Clinics,no
https://www.radianceclinics.com/radiance-media-processed/portrait/radiance-doctor-satyarth-portrait-01.webp,https://www.radianceclinics.com/,Doctor or consultation,Dr. Satyarth Prakash at Radiance Clinics,Dr. Satyarth Prakash at Radiance Clinics,no
https://www.radianceclinics.com/radiance-media-processed/square/aesthetics-2013-learning-from-each-other-certificate.webp,https://www.radianceclinics.com/,Recognition or media coverage,Aesthetics 2013 Learning From Each Other Certificate - Radiance Clinics,Aesthetics 2013 Learning From Each Other Certificate - Radiance Clinics,no
https://www.radianceclinics.com/radiance-media-processed/square/aesthetics-2014-cellulite-management-certificate.webp,https://www.radianceclinics.com/,Recognition or media coverage,Aesthetics 2014 Cellulite Management Certificate - Radiance Clinics,Aesthetics 2014 Cellulite Management Certificate - Radiance Clinics,no
https://www.radianceclinics.com/radiance-media-processed/square/aesthetics-2014-learning-from-each-other-certificate.webp,https://www.radianceclinics.com/,Recognition or media coverage,Aesthetics 2014 Learning From Each Other Certificate - Radiance Clinics,Aesthetics 2014 Learning From Each Other Certificate - Radiance Clinics,no
https://www.radianceclinics.com/radiance-media-processed/square/aesthetics-2014-lip-and-perioral-rejuvenation-certificate.webp,https://www.radianceclinics.com/,Recognition or media coverage,Aesthetics 2014 Lip And Perioral Rejuvenation Certificate - Radiance Clinics,Aesthetics 2014 Lip And Perioral Rejuvenation Certificate - Radiance Clinics,no
https://www.radianceclinics.com/radiance-media-processed/square/aesthetics-2014-prp-facial-and-hair-rejuvenation-certificate.webp,https://www.radianceclinics.com/,Recognition or media coverage,Aesthetics 2014 Prp Facial And Hair Rejuvenation Certificate - Radiance Clinics,Aesthetics 2014 Prp Facial And Hair Rejuvenation Certificate - Radiance Clinics,no
https://www.radianceclinics.com/radiance-media-processed/square/aesthetics-2015-certificate-of-participation.webp,https://www.radianceclinics.com/,Recognition or media coverage,Aesthetics 2015 Certificate Of Participation - Radiance Clinics,Aesthetics 2015 Certificate Of Participation - Radiance Clinics,no
https://www.radianceclinics.com/radiance-media-processed/square/aesthetics-2015-invisible-face-lifting-certificate.webp,https://www.radianceclinics.com/,Recognition or media coverage,Aesthetics 2015 Invisible Face Lifting Certificate - Radiance Clinics,Aesthetics 2015 Invisible Face Lifting Certificate - Radiance Clinics,no
https://www.radianceclinics.com/radiance-media-processed/square/ahrs-india-aesthetic-member-certificate-2014-2016.webp,https://www.radianceclinics.com/,Recognition or media coverage,Ahrs India Aesthetic Member Certificate 2014 - Radiance Clinics,Ahrs India Aesthetic Member Certificate 2014 - Radiance Clinics,no
https://www.radianceclinics.com/radiance-media-processed/square/fue-asia-membership-certificate-2025.webp,https://www.radianceclinics.com/,Recognition or media coverage,Fue Asia Membership Certificate - Radiance Clinics,Fue Asia Membership Certificate - Radiance Clinics,no
https://www.radianceclinics.com/radiance-media-processed/square/haircon-ahrs-2013-cme-certificate-01.webp,https://www.radianceclinics.com/,Recognition or media coverage,Haircon Ahrs 2013 Cme Certificate - Radiance Clinics,Haircon Ahrs 2013 Cme Certificate - Radiance Clinics,no
https://www.radianceclinics.com/radiance-media-processed/square/indian-medical-association-life-member-certificate-2019.webp,https://www.radianceclinics.com/,Recognition or media coverage,Indian Medical Association Life Member Certificate - Radiance Clinics,Indian Medical Association Life Member Certificate - Radiance Clinics,no
https://www.radianceclinics.com/radiance-media-processed/square/ishrs-associate-member-certificate-2016.webp,https://www.radianceclinics.com/,Recognition or media coverage,Ishrs Associate Member Certificate - Radiance Clinics,Ishrs Associate Member Certificate - Radiance Clinics,no
https://www.radianceclinics.com/radiance-media-processed/square/radiance-recognition-certificate-excellence-01.webp,https://www.radianceclinics.com/,Doctor or consultation,Recognition badge for Dr Satyarth Prakash and Radiance Skin and Hair Clinic,Recognition badge for Dr Satyarth Prakash and Radiance Skin and Hair Clinic,no
https://www.radianceclinics.com/radiance-media-processed/square/radiance-recognition-threebestrated-2025-badge-01.webp,https://www.radianceclinics.com/,Recognition or media coverage,ThreeBestRated Best Business of 2025 badge for Radiance Skin and Hair Clinic,ThreeBestRated Best Business of 2025 badge for Radiance Skin and Hair Clinic,no
https://www.radianceclinics.com/radiance-media-processed/uncropped/doctor-image.webp,https://www.radianceclinics.com/,Doctor or consultation,Dr. Satyarth Prakash at Radiance Clinics,Dr. Satyarth Prakash at Radiance Clinics,no
https://i.ytimg.com/vi/5xt8LBSPjt8/hqdefault.jpg?sqp=-oaymwEmCOADEOgC8quKqQMa8AEB-AH-BIAC4AOKAgwIABABGGUgVihSMA8=&rs=AOn4CLAWKZtLNJ5NApFqYAydVQ0-kMl9-g,https://www.radianceclinics.com/about,Page content image,,,yes
https://www.radianceclinics.com/media-outlets/entrepreneur-hunt.webp,https://www.radianceclinics.com/about,Recognition or media coverage,Entrepreneur Hunt,Entrepreneur Hunt,no
https://www.radianceclinics.com/media-outlets/hindustan-bytes.webp,https://www.radianceclinics.com/about,Recognition or media coverage,Hindustan Bytes,Hindustan Bytes,no
https://www.radianceclinics.com/media-outlets/hindustan-metro.webp,https://www.radianceclinics.com/about,Recognition or media coverage,Hindustan Metro,Hindustan Metro,no
https://www.radianceclinics.com/media-outlets/loktej-business-news.webp,https://www.radianceclinics.com/about,Recognition or media coverage,Loktej Business News,Loktej Business News,no
https://www.radianceclinics.com/radiance-logo-mark.png,https://www.radianceclinics.com/about,Clinic branding,,,yes
https://www.radianceclinics.com/radiance-media-processed/uncropped/doctor-image.webp,https://www.radianceclinics.com/about,Doctor or consultation,Dr. Satyarth Prakash at Radiance Clinics,Dr. Satyarth Prakash at Radiance Clinics,no
https://www.radianceclinics.com/radiance-logo-mark.png,https://www.radianceclinics.com/acne-scar-treatment-bhubaneswar,Clinic branding,,,yes
https://www.radianceclinics.com/radiance-media-processed/landscape/radiance-acne-scar-service.webp,https://www.radianceclinics.com/acne-scar-treatment-bhubaneswar,Doctor or consultation,Acne scar assessment and treatment consultation at Radiance Clinics Bhubaneswar,Acne scar assessment and treatment consultation at Radiance Clinics Bhubaneswar,no
https://www.radianceclinics.com/radiance-media-processed/uncropped/radiance-doctor-satyarth-portrait-01.webp,https://www.radianceclinics.com/acne-scar-treatment-bhubaneswar,Doctor or consultation,"Dr. Satyarth Prakash, Founder and lead doctor at Radiance Clinics","Dr. Satyarth Prakash, Founder and lead doctor at Radiance Clinics",no
https://www.radianceclinics.com/radiance-logo-mark.png,https://www.radianceclinics.com/acne-treatment-bhubaneswar,Clinic branding,,,yes
https://www.radianceclinics.com/radiance-media-processed/landscape/radiance-acne-condition.webp,https://www.radianceclinics.com/acne-treatment-bhubaneswar,Doctor or consultation,Doctor-led acne consultation at Radiance Clinics Bhubaneswar,Doctor-led acne consultation at Radiance Clinics Bhubaneswar,no
https://www.radianceclinics.com/radiance-media-processed/uncropped/radiance-doctor-satyarth-portrait-01.webp,https://www.radianceclinics.com/acne-treatment-bhubaneswar,Doctor or consultation,"Dr. Satyarth Prakash, Founder and lead doctor at Radiance Clinics","Dr. Satyarth Prakash, Founder and lead doctor at Radiance Clinics",no
https://www.radianceclinics.com/radiance-logo-mark.png,https://www.radianceclinics.com/alopecia-areata-treatment-bhubaneswar,Clinic branding,,,yes
https://www.radianceclinics.com/radiance-media-processed/landscape/radiance-hair-fall-condition.webp,https://www.radianceclinics.com/alopecia-areata-treatment-bhubaneswar,Doctor or consultation,Doctor-led assessment for alopecia areata and patchy hair loss at Radiance Clinics Bhubaneswar,Doctor-led assessment for alopecia areata and patchy hair loss at Radiance Clinics Bhubaneswar,no
https://www.radianceclinics.com/radiance-media-processed/uncropped/radiance-doctor-satyarth-portrait-01.webp,https://www.radianceclinics.com/alopecia-areata-treatment-bhubaneswar,Doctor or consultation,"Dr. Satyarth Prakash, Founder and lead doctor at Radiance Clinics","Dr. Satyarth Prakash, Founder and lead doctor at Radiance Clinics",no
https://www.radianceclinics.com/radiance-logo-mark.png,https://www.radianceclinics.com/before-after,Clinic branding,,,yes
https://www.radianceclinics.com/radiance-media-processed/portrait/radiance-ba-acne-acne-radiance-skin-before-after-separated-2-01-acne-after.webp,https://www.radianceclinics.com/before-after,Treatment result example,Acne front view after treatment example at Radiance Clinics Bhubaneswar,Acne front view after treatment example at Radiance Clinics Bhubaneswar,no
https://www.radianceclinics.com/radiance-media-processed/portrait/radiance-ba-acne-acne-radiance-skin-before-after-separated-2-01-acne-before.webp,https://www.radianceclinics.com/before-after,Treatment result example,Acne front view before treatment example at Radiance Clinics Bhubaneswar,Acne front view before treatment example at Radiance Clinics Bhubaneswar,no
https://www.radianceclinics.com/radiance-media-processed/portrait/radiance-ba-acne-scars-acne-scars-radiance-skin-before-after-separated-2-02-acne-scars-after.webp,https://www.radianceclinics.com/before-after,Treatment result example,Acne Scars front view after treatment example at Radiance Clinics Bhubaneswar,Acne Scars front view after treatment example at Radiance Clinics Bhubaneswar,no
https://www.radianceclinics.com/radiance-media-processed/portrait/radiance-ba-advanced-male-pattern-baldness-advanced-male-pattern-baldness-radiance-additional-hair-before-after-04-advanced-male-pattern-bal-09045bcc.webp,https://www.radianceclinics.com/before-after,Treatment result example,Hair transplant front view example before treatment for Advanced Male Pattern Baldness at Radiance Clinics Bhubaneswar,Hair transplant front view example before treatment for Advanced Male Pattern Baldness at Radiance Clinics Bhubaneswar,no
https://www.radianceclinics.com/radiance-media-processed/portrait/radiance-ba-dark-circles-dark-circles-radiance-skin-before-after-separated-2-05-dark-circles-after.webp,https://www.radianceclinics.com/before-after,Treatment result example,Dark Circles front view after treatment example at Radiance Clinics Bhubaneswar,Dark Circles front view after treatment example at Radiance Clinics Bhubaneswar,no
https://www.radianceclinics.com/radiance-media-processed/portrait/radiance-ba-facial-mole-facial-mole-radiance-next-5-skin-before-after-03-facial-mole-after.webp,https://www.radianceclinics.com/before-after,Treatment result example,Facial Mole front view after treatment example at Radiance Clinics Bhubaneswar,Facial Mole front view after treatment example at Radiance Clinics Bhubaneswar,no
https://www.radianceclinics.com/radiance-media-processed/portrait/radiance-ba-female-frontal-hairline-thinning-female-frontal-hairline-thinning-radiance-additional-hair-before-after-03-female-frontal-hairli.webp,https://www.radianceclinics.com/before-after,Treatment result example,"Hair transplant improvement example showing restored hair density after treatment at Radiance Clinics Bhubaneswar, front view Female Frontal Hairline Thinning","Hair transplant improvement example showing restored hair density after treatment at Radiance Clinics Bhubaneswar, front view Female Frontal Hairline Thinning",no
https://www.radianceclinics.com/radiance-media-processed/portrait/radiance-ba-female-widening-part-female-widening-part-radiance-additional-hair-before-after-05-female-widening-part-after.webp,https://www.radianceclinics.com/before-after,Treatment result example,"Hair transplant improvement example showing restored hair density after treatment at Radiance Clinics Bhubaneswar, front view Female Widening Part","Hair transplant improvement example showing restored hair density after treatment at Radiance Clinics Bhubaneswar, front view Female Widening Part",no
https://www.radianceclinics.com/radiance-media-processed/portrait/radiance-ba-hair-transplant-case001-front-after.webp,https://www.radianceclinics.com/before-after,Treatment result example,"Hair transplant improvement example showing restored hair density after treatment at Radiance Clinics Bhubaneswar, front view Hair Transplant","Hair transplant improvement example showing restored hair density after treatment at Radiance Clinics Bhubaneswar, front view Hair Transplant",no
https://www.radianceclinics.com/radiance-media-processed/portrait/radiance-ba-hair-transplant-case002-front-after.webp,https://www.radianceclinics.com/before-after,Treatment result example,"Hair transplant improvement example showing restored hair density after treatment at Radiance Clinics Bhubaneswar, front view Hair Transplant","Hair transplant improvement example showing restored hair density after treatment at Radiance Clinics Bhubaneswar, front view Hair Transplant",no
https://www.radianceclinics.com/radiance-media-processed/portrait/radiance-ba-hair-transplant-case003-front-after.webp,https://www.radianceclinics.com/before-after,Treatment result example,"Hair transplant improvement example showing restored hair density after treatment at Radiance Clinics Bhubaneswar, front view Hair Transplant","Hair transplant improvement example showing restored hair density after treatment at Radiance Clinics Bhubaneswar, front view Hair Transplant",no
https://www.radianceclinics.com/radiance-media-processed/portrait/radiance-ba-hair-transplant-case005-front-after.webp,https://www.radianceclinics.com/before-after,Treatment result example,"Hair transplant improvement example showing restored hair density after treatment at Radiance Clinics Bhubaneswar, front view Hair Transplant","Hair transplant improvement example showing restored hair density after treatment at Radiance Clinics Bhubaneswar, front view Hair Transplant",no
https://www.radianceclinics.com/radiance-media-processed/portrait/radiance-ba-hair-transplant-case007-angle-after.webp,https://www.radianceclinics.com/before-after,Treatment result example,"Hair transplant improvement example showing restored hair density after treatment at Radiance Clinics Bhubaneswar, front view Hair Transplant","Hair transplant improvement example showing restored hair density after treatment at Radiance Clinics Bhubaneswar, front view Hair Transplant",no
https://www.radianceclinics.com/radiance-media-processed/portrait/radiance-ba-male-diffuse-frontal-thinning-male-diffuse-frontal-thinning-radiance-additional-hair-before-after-02-male-diffuse-frontal-thinni.webp,https://www.radianceclinics.com/before-after,Treatment result example,"Hair transplant improvement example showing restored hair density after treatment at Radiance Clinics Bhubaneswar, front view Male Diffuse Frontal Thinning","Hair transplant improvement example showing restored hair density after treatment at Radiance Clinics Bhubaneswar, front view Male Diffuse Frontal Thinning",no
https://www.radianceclinics.com/radiance-media-processed/portrait/radiance-ba-male-temporal-recession-male-temporal-recession-radiance-additional-hair-before-after-01-male-temporal-recession-after.webp,https://www.radianceclinics.com/before-after,Treatment result example,"Hair transplant improvement example showing restored hair density after treatment at Radiance Clinics Bhubaneswar, front view Male Temporal Recession","Hair transplant improvement example showing restored hair density after treatment at Radiance Clinics Bhubaneswar, front view Male Temporal Recession",no
https://www.radianceclinics.com/radiance-media-processed/portrait/radiance-ba-melasma-melasma-radiance-skin-before-after-separated-2-04-melasma-after.webp,https://www.radianceclinics.com/before-after,Treatment result example,Melasma front view after treatment example at Radiance Clinics Bhubaneswar,Melasma front view after treatment example at Radiance Clinics Bhubaneswar,no
https://www.radianceclinics.com/radiance-media-processed/portrait/radiance-ba-pigmentation-pigmentation-radiance-skin-before-after-separated-2-03-pigmentation-after.webp,https://www.radianceclinics.com/before-after,Treatment result example,Pigmentation front view after treatment example at Radiance Clinics Bhubaneswar,Pigmentation front view after treatment example at Radiance Clinics Bhubaneswar,no
https://www.radianceclinics.com/radiance-media-processed/portrait/radiance-ba-replacement-advanced-male-pattern-baldness-condition-primary-after.webp,https://www.radianceclinics.com/before-after,Treatment result example,"Hair transplant improvement example showing restored hair density after treatment at Radiance Clinics Bhubaneswar, front view Advanced Male Pattern Baldness","Hair transplant improvement example showing restored hair density after treatment at Radiance Clinics Bhubaneswar, front view Advanced Male Pattern Baldness",no
https://www.radianceclinics.com/radiance-media-processed/portrait/radiance-ba-replacement-beard-transplant-condition-primary-after.webp,https://www.radianceclinics.com/before-after,Treatment result example,"Hair transplant improvement example showing restored hair density after treatment at Radiance Clinics Bhubaneswar, front view Beard Transplant","Hair transplant improvement example showing restored hair density after treatment at Radiance Clinics Bhubaneswar, front view Beard Transplant",no
https://www.radianceclinics.com/radiance-media-processed/portrait/radiance-ba-replacement-female-pattern-hair-loss-condition-primary-after.webp,https://www.radianceclinics.com/before-after,Treatment result example,"Hair transplant improvement example showing restored hair density after treatment at Radiance Clinics Bhubaneswar, front view Female Pattern Hair Loss","Hair transplant improvement example showing restored hair density after treatment at Radiance Clinics Bhubaneswar, front view Female Pattern Hair Loss",no
https://www.radianceclinics.com/radiance-media-processed/portrait/radiance-ba-replacement-frontal-mid-scalp-hair-transplant-condition-front-after.webp,https://www.radianceclinics.com/before-after,Treatment result example,"Hair transplant improvement example showing restored hair density after treatment at Radiance Clinics Bhubaneswar, front view Frontal And Mid Scalp Hair Transplant","Hair transplant improvement example showing restored hair density after treatment at Radiance Clinics Bhubaneswar, front view Frontal And Mid Scalp Hair Transplant",no
https://www.radianceclinics.com/radiance-media-processed/portrait/radiance-ba-replacement-receding-hairline-condition-primary-after.webp,https://www.radianceclinics.com/before-after,Treatment result example,"Hair transplant improvement example showing restored hair density after treatment at Radiance Clinics Bhubaneswar, front view Receding Hairline","Hair transplant improvement example showing restored hair density after treatment at Radiance Clinics Bhubaneswar, front view Receding Hairline",no
https://www.radianceclinics.com/radiance-media-processed/portrait/radiance-ba-rosacea-redness-rosacea-redness-radiance-next-5-skin-before-after-02-rosacea-redness-after.webp,https://www.radianceclinics.com/before-after,Treatment result example,Rosacea / Redness front view after treatment example at Radiance Clinics Bhubaneswar,Rosacea / Redness front view after treatment example at Radiance Clinics Bhubaneswar,no
https://www.radianceclinics.com/radiance-media-processed/portrait/radiance-ba-skin-case001-after.webp,https://www.radianceclinics.com/before-after,Treatment result example,Skin front view after treatment example at Radiance Clinics Bhubaneswar,Skin front view after treatment example at Radiance Clinics Bhubaneswar,no
https://www.radianceclinics.com/radiance-media-processed/portrait/radiance-ba-skin-case002-after.webp,https://www.radianceclinics.com/before-after,Treatment result example,Skin front view after treatment example at Radiance Clinics Bhubaneswar,Skin front view after treatment example at Radiance Clinics Bhubaneswar,no
https://www.radianceclinics.com/radiance-media-processed/portrait/radiance-ba-skin-case003-after.webp,https://www.radianceclinics.com/before-after,Treatment result example,Skin front view after treatment example at Radiance Clinics Bhubaneswar,Skin front view after treatment example at Radiance Clinics Bhubaneswar,no
https://www.radianceclinics.com/radiance-media-processed/portrait/radiance-ba-skin-case004-after.webp,https://www.radianceclinics.com/before-after,Treatment result example,Skin front view after treatment example at Radiance Clinics Bhubaneswar,Skin front view after treatment example at Radiance Clinics Bhubaneswar,no
https://www.radianceclinics.com/radiance-media-processed/portrait/radiance-ba-skin-case005-after.webp,https://www.radianceclinics.com/before-after,Treatment result example,Skin front view after treatment example at Radiance Clinics Bhubaneswar,Skin front view after treatment example at Radiance Clinics Bhubaneswar,no
https://www.radianceclinics.com/radiance-media-processed/portrait/radiance-ba-skin-case006-after.webp,https://www.radianceclinics.com/before-after,Treatment result example,Skin front view after treatment example at Radiance Clinics Bhubaneswar,Skin front view after treatment example at Radiance Clinics Bhubaneswar,no
https://www.radianceclinics.com/radiance-media-processed/portrait/radiance-ba-skin-rejuvenation-skin-rejuvenation-radiance-next-5-skin-before-after-01-uneven-skin-tone-after.webp,https://www.radianceclinics.com/before-after,Treatment result example,Skin Rejuvenation front view after treatment example at Radiance Clinics Bhubaneswar,Skin Rejuvenation front view after treatment example at Radiance Clinics Bhubaneswar,no
https://www.radianceclinics.com/radiance-media-processed/portrait/radiance-ba-skin-rejuvenation-skin-rejuvenation-radiance-next-5-skin-before-after-04-oily-skin-after.webp,https://www.radianceclinics.com/before-after,Treatment result example,Skin Rejuvenation front view after treatment example at Radiance Clinics Bhubaneswar,Skin Rejuvenation front view after treatment example at Radiance Clinics Bhubaneswar,no
https://www.radianceclinics.com/radiance-media-processed/portrait/radiance-ba-skin-rejuvenation-skin-rejuvenation-radiance-skin-before-after-separated-2-06-open-pores-after.webp,https://www.radianceclinics.com/before-after,Treatment result example,Skin Rejuvenation front view after treatment example at Radiance Clinics Bhubaneswar,Skin Rejuvenation front view after treatment example at Radiance Clinics Bhubaneswar,no
https://www.radianceclinics.com/radiance-media-processed/portrait/radiance-ba-skin-tags-skin-tags-radiance-next-5-skin-before-after-05-skin-tags-after.webp,https://www.radianceclinics.com/before-after,Treatment result example,Skin Tags front view after treatment example at Radiance Clinics Bhubaneswar,Skin Tags front view after treatment example at Radiance Clinics Bhubaneswar,no
https://www.radianceclinics.com/radiance-logo-mark.png,https://www.radianceclinics.com/botox-treatment-bhubaneswar,Clinic branding,,,yes
https://www.radianceclinics.com/radiance-media-processed/landscape/radiance-botox-fillers-service.webp,https://www.radianceclinics.com/botox-treatment-bhubaneswar,Doctor or consultation,Botox treatment consultation at Radiance Clinics Bhubaneswar,Botox treatment consultation at Radiance Clinics Bhubaneswar,no
https://www.radianceclinics.com/radiance-media-processed/uncropped/radiance-doctor-satyarth-portrait-01.webp,https://www.radianceclinics.com/botox-treatment-bhubaneswar,Doctor or consultation,"Dr. Satyarth Prakash, Founder and lead doctor at Radiance Clinics","Dr. Satyarth Prakash, Founder and lead doctor at Radiance Clinics",no
https://www.radianceclinics.com/radiance-logo-mark.png,https://www.radianceclinics.com/concerns,Clinic branding,,,yes
https://www.radianceclinics.com/radiance-logo-mark.png,https://www.radianceclinics.com/concerns/acne,Clinic branding,,,yes
https://www.radianceclinics.com/radiance-logo-mark.png,https://www.radianceclinics.com/concerns/acne-scars,Clinic branding,,,yes
https://i.ytimg.com/vi/-NVx1UC93p0/sddefault.jpg,https://www.radianceclinics.com/concerns/acne-scars/acne-scars,Page content image,,,yes
https://i1.ytimg.com/vi/xfxdFPkRLqU/hqdefault.jpg,https://www.radianceclinics.com/concerns/acne-scars/acne-scars,Page content image,,,yes
https://www.radianceclinics.com/radiance-logo-mark.png,https://www.radianceclinics.com/concerns/acne-scars/acne-scars,Clinic branding,,,yes
https://www.radianceclinics.com/radiance-media-processed/uncropped/radiance-doctor-satyarth-portrait-01.webp,https://www.radianceclinics.com/concerns/acne-scars/acne-scars,Doctor or consultation,"Dr. Satyarth Prakash, Founder and lead doctor at Radiance Clinics","Dr. Satyarth Prakash, Founder and lead doctor at Radiance Clinics",no
https://i.ytimg.com/vi/-NVx1UC93p0/sddefault.jpg,https://www.radianceclinics.com/concerns/acne-scars/boxcar-scars,Page content image,,,yes
https://i1.ytimg.com/vi/xfxdFPkRLqU/hqdefault.jpg,https://www.radianceclinics.com/concerns/acne-scars/boxcar-scars,Page content image,,,yes
https://www.radianceclinics.com/radiance-logo-mark.png,https://www.radianceclinics.com/concerns/acne-scars/boxcar-scars,Clinic branding,,,yes
https://www.radianceclinics.com/radiance-media-processed/uncropped/radiance-doctor-satyarth-portrait-01.webp,https://www.radianceclinics.com/concerns/acne-scars/boxcar-scars,Doctor or consultation,"Dr. Satyarth Prakash, Founder and lead doctor at Radiance Clinics","Dr. Satyarth Prakash, Founder and lead doctor at Radiance Clinics",no
https://i.ytimg.com/vi/-NVx1UC93p0/sddefault.jpg,https://www.radianceclinics.com/concerns/acne-scars/deep-acne-scars,Page content image,,,yes
https://i1.ytimg.com/vi/xfxdFPkRLqU/hqdefault.jpg,https://www.radianceclinics.com/concerns/acne-scars/deep-acne-scars,Page content image,,,yes
https://www.radianceclinics.com/radiance-logo-mark.png,https://www.radianceclinics.com/concerns/acne-scars/deep-acne-scars,Clinic branding,,,yes
https://www.radianceclinics.com/radiance-media-processed/uncropped/radiance-doctor-satyarth-portrait-01.webp,https://www.radianceclinics.com/concerns/acne-scars/deep-acne-scars,Doctor or consultation,"Dr. Satyarth Prakash, Founder and lead doctor at Radiance Clinics","Dr. Satyarth Prakash, Founder and lead doctor at Radiance Clinics",no
https://i.ytimg.com/vi/-NVx1UC93p0/sddefault.jpg,https://www.radianceclinics.com/concerns/acne-scars/ice-pick-scars,Page content image,,,yes
https://i1.ytimg.com/vi/xfxdFPkRLqU/hqdefault.jpg,https://www.radianceclinics.com/concerns/acne-scars/ice-pick-scars,Page content image,,,yes
https://www.radianceclinics.com/radiance-logo-mark.png,https://www.radianceclinics.com/concerns/acne-scars/ice-pick-scars,Clinic branding,,,yes
https://www.radianceclinics.com/radiance-media-processed/uncropped/radiance-doctor-satyarth-portrait-01.webp,https://www.radianceclinics.com/concerns/acne-scars/ice-pick-scars,Doctor or consultation,"Dr. Satyarth Prakash, Founder and lead doctor at Radiance Clinics","Dr. Satyarth Prakash, Founder and lead doctor at Radiance Clinics",no
https://i.ytimg.com/vi/-NVx1UC93p0/sddefault.jpg,https://www.radianceclinics.com/concerns/acne-scars/post-acne-red-marks,Page content image,,,yes
https://i1.ytimg.com/vi/xfxdFPkRLqU/hqdefault.jpg,https://www.radianceclinics.com/concerns/acne-scars/post-acne-red-marks,Page content image,,,yes
https://www.radianceclinics.com/radiance-logo-mark.png,https://www.radianceclinics.com/concerns/acne-scars/post-acne-red-marks,Clinic branding,,,yes
https://www.radianceclinics.com/radiance-media-processed/uncropped/radiance-doctor-satyarth-portrait-01.webp,https://www.radianceclinics.com/concerns/acne-scars/post-acne-red-marks,Doctor or consultation,"Dr. Satyarth Prakash, Founder and lead doctor at Radiance Clinics","Dr. Satyarth Prakash, Founder and lead doctor at Radiance Clinics",no
https://i.ytimg.com/vi/ZL3MuB-gfLk/maxresdefault.jpg,https://www.radianceclinics.com/concerns/acne-scars/post-inflammatory-hyperpigmentation,Page content image,,,yes
https://i1.ytimg.com/vi/xfxdFPkRLqU/hqdefault.jpg,https://www.radianceclinics.com/concerns/acne-scars/post-inflammatory-hyperpigmentation,Page content image,,,yes
https://www.radianceclinics.com/radiance-logo-mark.png,https://www.radianceclinics.com/concerns/acne-scars/post-inflammatory-hyperpigmentation,Clinic branding,,,yes
https://www.radianceclinics.com/radiance-media-processed/uncropped/radiance-doctor-satyarth-portrait-01.webp,https://www.radianceclinics.com/concerns/acne-scars/post-inflammatory-hyperpigmentation,Doctor or consultation,"Dr. Satyarth Prakash, Founder and lead doctor at Radiance Clinics","Dr. Satyarth Prakash, Founder and lead doctor at Radiance Clinics",no
https://i.ytimg.com/vi/-NVx1UC93p0/sddefault.jpg,https://www.radianceclinics.com/concerns/acne-scars/rolling-scars,Page content image,,,yes
https://i1.ytimg.com/vi/xfxdFPkRLqU/hqdefault.jpg,https://www.radianceclinics.com/concerns/acne-scars/rolling-scars,Page content image,,,yes
https://www.radianceclinics.com/radiance-logo-mark.png,https://www.radianceclinics.com/concerns/acne-scars/rolling-scars,Clinic branding,,,yes
https://www.radianceclinics.com/radiance-media-processed/uncropped/radiance-doctor-satyarth-portrait-01.webp,https://www.radianceclinics.com/concerns/acne-scars/rolling-scars,Doctor or consultation,"Dr. Satyarth Prakash, Founder and lead doctor at Radiance Clinics","Dr. Satyarth Prakash, Founder and lead doctor at Radiance Clinics",no
https://i.ytimg.com/vi/-NVx1UC93p0/sddefault.jpg,https://www.radianceclinics.com/concerns/acne/acne,Page content image,,,yes
https://i.ytimg.com/vi/9YF-7lb7W9Y/maxresdefault.jpg,https://www.radianceclinics.com/concerns/acne/acne,Page content image,,,yes
https://www.radianceclinics.com/radiance-logo-mark.png,https://www.radianceclinics.com/concerns/acne/acne,Clinic branding,,,yes
https://www.radianceclinics.com/radiance-media-processed/uncropped/radiance-doctor-satyarth-portrait-01.webp,https://www.radianceclinics.com/concerns/acne/acne,Doctor or consultation,"Dr. Satyarth Prakash, Founder and lead doctor at Radiance Clinics","Dr. Satyarth Prakash, Founder and lead doctor at Radiance Clinics",no
https://i.ytimg.com/vi/-NVx1UC93p0/sddefault.jpg,https://www.radianceclinics.com/concerns/acne/acne-purging-vs-breakout,Page content image,,,yes
https://i.ytimg.com/vi/9YF-7lb7W9Y/maxresdefault.jpg,https://www.radianceclinics.com/concerns/acne/acne-purging-vs-breakout,Page content image,,,yes
https://www.radianceclinics.com/radiance-logo-mark.png,https://www.radianceclinics.com/concerns/acne/acne-purging-vs-breakout,Clinic branding,,,yes
https://www.radianceclinics.com/radiance-media-processed/uncropped/radiance-doctor-satyarth-portrait-01.webp,https://www.radianceclinics.com/concerns/acne/acne-purging-vs-breakout,Doctor or consultation,"Dr. Satyarth Prakash, Founder and lead doctor at Radiance Clinics","Dr. Satyarth Prakash, Founder and lead doctor at Radiance Clinics",no
https://i.ytimg.com/vi/-NVx1UC93p0/sddefault.jpg,https://www.radianceclinics.com/concerns/acne/adult-acne,Page content image,,,yes
https://i.ytimg.com/vi/9YF-7lb7W9Y/maxresdefault.jpg,https://www.radianceclinics.com/concerns/acne/adult-acne,Page content image,,,yes
https://www.radianceclinics.com/radiance-logo-mark.png,https://www.radianceclinics.com/concerns/acne/adult-acne,Clinic branding,,,yes
https://www.radianceclinics.com/radiance-media-processed/uncropped/radiance-doctor-satyarth-portrait-01.webp,https://www.radianceclinics.com/concerns/acne/adult-acne,Doctor or consultation,"Dr. Satyarth Prakash, Founder and lead doctor at Radiance Clinics","Dr. Satyarth Prakash, Founder and lead doctor at Radiance Clinics",no
https://i.ytimg.com/vi/-NVx1UC93p0/sddefault.jpg,https://www.radianceclinics.com/concerns/acne/blackheads,Page content image,,,yes
https://i.ytimg.com/vi/9YF-7lb7W9Y/maxresdefault.jpg,https://www.radianceclinics.com/concerns/acne/blackheads,Page content image,,,yes
https://www.radianceclinics.com/radiance-logo-mark.png,https://www.radianceclinics.com/concerns/acne/blackheads,Clinic branding,,,yes
https://www.radianceclinics.com/radiance-media-processed/uncropped/radiance-doctor-satyarth-portrait-01.webp,https://www.radianceclinics.com/concerns/acne/blackheads,Doctor or consultation,"Dr. Satyarth Prakash, Founder and lead doctor at Radiance Clinics","Dr. Satyarth Prakash, Founder and lead doctor at Radiance Clinics",no
https://i.ytimg.com/vi/-NVx1UC93p0/sddefault.jpg,https://www.radianceclinics.com/concerns/acne/closed-comedones,Page content image,,,yes
https://i.ytimg.com/vi/9YF-7lb7W9Y/maxresdefault.jpg,https://www.radianceclinics.com/concerns/acne/closed-comedones,Page content image,,,yes
https://www.radianceclinics.com/radiance-logo-mark.png,https://www.radianceclinics.com/concerns/acne/closed-comedones,Clinic branding,,,yes
https://www.radianceclinics.com/radiance-media-processed/uncropped/radiance-doctor-satyarth-portrait-01.webp,https://www.radianceclinics.com/concerns/acne/closed-comedones,Doctor or consultation,"Dr. Satyarth Prakash, Founder and lead doctor at Radiance Clinics","Dr. Satyarth Prakash, Founder and lead doctor at Radiance Clinics",no
https://i.ytimg.com/vi/-NVx1UC93p0/sddefault.jpg,https://www.radianceclinics.com/concerns/acne/cystic-acne,Page content image,,,yes
https://i.ytimg.com/vi/9YF-7lb7W9Y/maxresdefault.jpg,https://www.radianceclinics.com/concerns/acne/cystic-acne,Page content image,,,yes
https://www.radianceclinics.com/radiance-logo-mark.png,https://www.radianceclinics.com/concerns/acne/cystic-acne,Clinic branding,,,yes
https://www.radianceclinics.com/radiance-media-processed/uncropped/radiance-doctor-satyarth-portrait-01.webp,https://www.radianceclinics.com/concerns/acne/cystic-acne,Doctor or consultation,"Dr. Satyarth Prakash, Founder and lead doctor at Radiance Clinics","Dr. Satyarth Prakash, Founder and lead doctor at Radiance Clinics",no
https://i.ytimg.com/vi/-NVx1UC93p0/sddefault.jpg,https://www.radianceclinics.com/concerns/acne/hormonal-acne,Page content image,,,yes
https://i.ytimg.com/vi/9YF-7lb7W9Y/maxresdefault.jpg,https://www.radianceclinics.com/concerns/acne/hormonal-acne,Page content image,,,yes
https://www.radianceclinics.com/radiance-logo-mark.png,https://www.radianceclinics.com/concerns/acne/hormonal-acne,Clinic branding,,,yes
https://www.radianceclinics.com/radiance-media-processed/uncropped/radiance-doctor-satyarth-portrait-01.webp,https://www.radianceclinics.com/concerns/acne/hormonal-acne,Doctor or consultation,"Dr. Satyarth Prakash, Founder and lead doctor at Radiance Clinics","Dr. Satyarth Prakash, Founder and lead doctor at Radiance Clinics",no
https://i.ytimg.com/vi/-NVx1UC93p0/sddefault.jpg,https://www.radianceclinics.com/concerns/acne/inflammatory-acne,Page content image,,,yes
https://i.ytimg.com/vi/9YF-7lb7W9Y/maxresdefault.jpg,https://www.radianceclinics.com/concerns/acne/inflammatory-acne,Page content image,,,yes
https://www.radianceclinics.com/radiance-logo-mark.png,https://www.radianceclinics.com/concerns/acne/inflammatory-acne,Clinic branding,,,yes
https://www.radianceclinics.com/radiance-media-processed/uncropped/radiance-doctor-satyarth-portrait-01.webp,https://www.radianceclinics.com/concerns/acne/inflammatory-acne,Doctor or consultation,"Dr. Satyarth Prakash, Founder and lead doctor at Radiance Clinics","Dr. Satyarth Prakash, Founder and lead doctor at Radiance Clinics",no
https://www.radianceclinics.com/radiance-logo-mark.png,https://www.radianceclinics.com/concerns/aging-aesthetics,Clinic branding,,,yes
https://www.radianceclinics.com/radiance-logo-mark.png,https://www.radianceclinics.com/concerns/aging-aesthetics/facial-volume-loss,Clinic branding,,,yes
https://www.radianceclinics.com/radiance-media-processed/uncropped/radiance-doctor-satyarth-portrait-01.webp,https://www.radianceclinics.com/concerns/aging-aesthetics/facial-volume-loss,Doctor or consultation,"Dr. Satyarth Prakash, Founder and lead doctor at Radiance Clinics","Dr. Satyarth Prakash, Founder and lead doctor at Radiance Clinics",no
https://www.radianceclinics.com/radiance-logo-mark.png,https://www.radianceclinics.com/concerns/aging-aesthetics/forehead-lines,Clinic branding,,,yes
https://www.radianceclinics.com/radiance-media-processed/uncropped/radiance-doctor-satyarth-portrait-01.webp,https://www.radianceclinics.com/concerns/aging-aesthetics/forehead-lines,Doctor or consultation,"Dr. Satyarth Prakash, Founder and lead doctor at Radiance Clinics","Dr. Satyarth Prakash, Founder and lead doctor at Radiance Clinics",no
https://www.radianceclinics.com/radiance-logo-mark.png,https://www.radianceclinics.com/concerns/aging-aesthetics/skin-laxity,Clinic branding,,,yes
https://www.radianceclinics.com/radiance-media-processed/uncropped/radiance-doctor-satyarth-portrait-01.webp,https://www.radianceclinics.com/concerns/aging-aesthetics/skin-laxity,Doctor or consultation,"Dr. Satyarth Prakash, Founder and lead doctor at Radiance Clinics","Dr. Satyarth Prakash, Founder and lead doctor at Radiance Clinics",no
https://www.radianceclinics.com/radiance-logo-mark.png,https://www.radianceclinics.com/concerns/aging-aesthetics/under-eye-bags,Clinic branding,,,yes
https://www.radianceclinics.com/radiance-media-processed/uncropped/radiance-doctor-satyarth-portrait-01.webp,https://www.radianceclinics.com/concerns/aging-aesthetics/under-eye-bags,Doctor or consultation,"Dr. Satyarth Prakash, Founder and lead doctor at Radiance Clinics","Dr. Satyarth Prakash, Founder and lead doctor at Radiance Clinics",no
https://www.radianceclinics.com/radiance-logo-mark.png,https://www.radianceclinics.com/concerns/hair-loss-scalp,Clinic branding,,,yes
https://i1.ytimg.com/vi/TNcrKs-6i78/hqdefault.jpg,https://www.radianceclinics.com/concerns/hair-loss-scalp/alopecia-areata,Page content image,,,yes
https://i2.ytimg.com/vi/MrMZVFY1XtI/hqdefault.jpg,https://www.radianceclinics.com/concerns/hair-loss-scalp/alopecia-areata,Page content image,,,yes
https://www.radianceclinics.com/radiance-logo-mark.png,https://www.radianceclinics.com/concerns/hair-loss-scalp/alopecia-areata,Clinic branding,,,yes
https://www.radianceclinics.com/radiance-media-processed/uncropped/radiance-doctor-satyarth-portrait-01.webp,https://www.radianceclinics.com/concerns/hair-loss-scalp/alopecia-areata,Doctor or consultation,"Dr. Satyarth Prakash, Founder and lead doctor at Radiance Clinics","Dr. Satyarth Prakash, Founder and lead doctor at Radiance Clinics",no
https://i1.ytimg.com/vi/TNcrKs-6i78/hqdefault.jpg,https://www.radianceclinics.com/concerns/hair-loss-scalp/dandruff,Page content image,,,yes
https://i2.ytimg.com/vi/MrMZVFY1XtI/hqdefault.jpg,https://www.radianceclinics.com/concerns/hair-loss-scalp/dandruff,Page content image,,,yes
https://www.radianceclinics.com/radiance-logo-mark.png,https://www.radianceclinics.com/concerns/hair-loss-scalp/dandruff,Clinic branding,,,yes
https://www.radianceclinics.com/radiance-media-processed/uncropped/radiance-doctor-satyarth-portrait-01.webp,https://www.radianceclinics.com/concerns/hair-loss-scalp/dandruff,Doctor or consultation,"Dr. Satyarth Prakash, Founder and lead doctor at Radiance Clinics","Dr. Satyarth Prakash, Founder and lead doctor at Radiance Clinics",no
https://i1.ytimg.com/vi/TNcrKs-6i78/hqdefault.jpg,https://www.radianceclinics.com/concerns/hair-loss-scalp/female-pattern-hair-loss,Page content image,,,yes
https://i2.ytimg.com/vi/MrMZVFY1XtI/hqdefault.jpg,https://www.radianceclinics.com/concerns/hair-loss-scalp/female-pattern-hair-loss,Page content image,,,yes
https://www.radianceclinics.com/radiance-logo-mark.png,https://www.radianceclinics.com/concerns/hair-loss-scalp/female-pattern-hair-loss,Clinic branding,,,yes
https://www.radianceclinics.com/radiance-media-processed/uncropped/radiance-doctor-satyarth-portrait-01.webp,https://www.radianceclinics.com/concerns/hair-loss-scalp/female-pattern-hair-loss,Doctor or consultation,"Dr. Satyarth Prakash, Founder and lead doctor at Radiance Clinics","Dr. Satyarth Prakash, Founder and lead doctor at Radiance Clinics",no
https://i1.ytimg.com/vi/TNcrKs-6i78/hqdefault.jpg,https://www.radianceclinics.com/concerns/hair-loss-scalp/hair-loss,Page content image,,,yes
https://i2.ytimg.com/vi/MrMZVFY1XtI/hqdefault.jpg,https://www.radianceclinics.com/concerns/hair-loss-scalp/hair-loss,Page content image,,,yes
https://www.radianceclinics.com/radiance-logo-mark.png,https://www.radianceclinics.com/concerns/hair-loss-scalp/hair-loss,Clinic branding,,,yes
https://www.radianceclinics.com/radiance-media-processed/uncropped/radiance-doctor-satyarth-portrait-01.webp,https://www.radianceclinics.com/concerns/hair-loss-scalp/hair-loss,Doctor or consultation,"Dr. Satyarth Prakash, Founder and lead doctor at Radiance Clinics","Dr. Satyarth Prakash, Founder and lead doctor at Radiance Clinics",no
https://i1.ytimg.com/vi/TNcrKs-6i78/hqdefault.jpg,https://www.radianceclinics.com/concerns/hair-loss-scalp/hair-thinning,Page content image,,,yes
https://i2.ytimg.com/vi/MrMZVFY1XtI/hqdefault.jpg,https://www.radianceclinics.com/concerns/hair-loss-scalp/hair-thinning,Page content image,,,yes
https://www.radianceclinics.com/radiance-logo-mark.png,https://www.radianceclinics.com/concerns/hair-loss-scalp/hair-thinning,Clinic branding,,,yes
https://www.radianceclinics.com/radiance-media-processed/uncropped/radiance-doctor-satyarth-portrait-01.webp,https://www.radianceclinics.com/concerns/hair-loss-scalp/hair-thinning,Doctor or consultation,"Dr. Satyarth Prakash, Founder and lead doctor at Radiance Clinics","Dr. Satyarth Prakash, Founder and lead doctor at Radiance Clinics",no
https://i1.ytimg.com/vi/TNcrKs-6i78/hqdefault.jpg,https://www.radianceclinics.com/concerns/hair-loss-scalp/itchy-scalp,Page content image,,,yes
https://i2.ytimg.com/vi/MrMZVFY1XtI/hqdefault.jpg,https://www.radianceclinics.com/concerns/hair-loss-scalp/itchy-scalp,Page content image,,,yes
https://www.radianceclinics.com/radiance-logo-mark.png,https://www.radianceclinics.com/concerns/hair-loss-scalp/itchy-scalp,Clinic branding,,,yes
https://www.radianceclinics.com/radiance-media-processed/uncropped/radiance-doctor-satyarth-portrait-01.webp,https://www.radianceclinics.com/concerns/hair-loss-scalp/itchy-scalp,Doctor or consultation,"Dr. Satyarth Prakash, Founder and lead doctor at Radiance Clinics","Dr. Satyarth Prakash, Founder and lead doctor at Radiance Clinics",no
https://i1.ytimg.com/vi/TNcrKs-6i78/hqdefault.jpg,https://www.radianceclinics.com/concerns/hair-loss-scalp/male-pattern-hair-loss,Page content image,,,yes
https://i2.ytimg.com/vi/MrMZVFY1XtI/hqdefault.jpg,https://www.radianceclinics.com/concerns/hair-loss-scalp/male-pattern-hair-loss,Page content image,,,yes
https://www.radianceclinics.com/radiance-logo-mark.png,https://www.radianceclinics.com/concerns/hair-loss-scalp/male-pattern-hair-loss,Clinic branding,,,yes
https://www.radianceclinics.com/radiance-media-processed/uncropped/radiance-doctor-satyarth-portrait-01.webp,https://www.radianceclinics.com/concerns/hair-loss-scalp/male-pattern-hair-loss,Doctor or consultation,"Dr. Satyarth Prakash, Founder and lead doctor at Radiance Clinics","Dr. Satyarth Prakash, Founder and lead doctor at Radiance Clinics",no
https://i1.ytimg.com/vi/TNcrKs-6i78/hqdefault.jpg,https://www.radianceclinics.com/concerns/hair-loss-scalp/receding-hairline,Page content image,,,yes
https://i2.ytimg.com/vi/MrMZVFY1XtI/hqdefault.jpg,https://www.radianceclinics.com/concerns/hair-loss-scalp/receding-hairline,Page content image,,,yes
https://www.radianceclinics.com/radiance-logo-mark.png,https://www.radianceclinics.com/concerns/hair-loss-scalp/receding-hairline,Clinic branding,,,yes
https://www.radianceclinics.com/radiance-media-processed/uncropped/radiance-doctor-satyarth-portrait-01.webp,https://www.radianceclinics.com/concerns/hair-loss-scalp/receding-hairline,Doctor or consultation,"Dr. Satyarth Prakash, Founder and lead doctor at Radiance Clinics","Dr. Satyarth Prakash, Founder and lead doctor at Radiance Clinics",no
https://i1.ytimg.com/vi/TNcrKs-6i78/hqdefault.jpg,https://www.radianceclinics.com/concerns/hair-loss-scalp/sudden-hair-shedding,Page content image,,,yes
https://i2.ytimg.com/vi/MrMZVFY1XtI/hqdefault.jpg,https://www.radianceclinics.com/concerns/hair-loss-scalp/sudden-hair-shedding,Page content image,,,yes
https://www.radianceclinics.com/radiance-logo-mark.png,https://www.radianceclinics.com/concerns/hair-loss-scalp/sudden-hair-shedding,Clinic branding,,,yes
https://www.radianceclinics.com/radiance-media-processed/uncropped/radiance-doctor-satyarth-portrait-01.webp,https://www.radianceclinics.com/concerns/hair-loss-scalp/sudden-hair-shedding,Doctor or consultation,"Dr. Satyarth Prakash, Founder and lead doctor at Radiance Clinics","Dr. Satyarth Prakash, Founder and lead doctor at Radiance Clinics",no
https://i1.ytimg.com/vi/TNcrKs-6i78/hqdefault.jpg,https://www.radianceclinics.com/concerns/hair-loss-scalp/widening-part,Page content image,,,yes
https://i2.ytimg.com/vi/MrMZVFY1XtI/hqdefault.jpg,https://www.radianceclinics.com/concerns/hair-loss-scalp/widening-part,Page content image,,,yes
https://www.radianceclinics.com/radiance-logo-mark.png,https://www.radianceclinics.com/concerns/hair-loss-scalp/widening-part,Clinic branding,,,yes
https://www.radianceclinics.com/radiance-media-processed/uncropped/radiance-doctor-satyarth-portrait-01.webp,https://www.radianceclinics.com/concerns/hair-loss-scalp/widening-part,Doctor or consultation,"Dr. Satyarth Prakash, Founder and lead doctor at Radiance Clinics","Dr. Satyarth Prakash, Founder and lead doctor at Radiance Clinics",no
https://www.radianceclinics.com/radiance-logo-mark.png,https://www.radianceclinics.com/concerns/hair-transplant,Clinic branding,,,yes
https://i1.ytimg.com/vi/PhbvumkbZBs/hqdefault.jpg,https://www.radianceclinics.com/concerns/hair-transplant/beard-transplant,Page content image,,,yes
https://i4.ytimg.com/vi/sBVuXKjqcmM/hqdefault.jpg,https://www.radianceclinics.com/concerns/hair-transplant/beard-transplant,Page content image,,,yes
https://www.radianceclinics.com/radiance-logo-mark.png,https://www.radianceclinics.com/concerns/hair-transplant/beard-transplant,Clinic branding,,,yes
https://www.radianceclinics.com/radiance-media-processed/uncropped/radiance-doctor-satyarth-portrait-01.webp,https://www.radianceclinics.com/concerns/hair-transplant/beard-transplant,Doctor or consultation,"Dr. Satyarth Prakash, Founder and lead doctor at Radiance Clinics","Dr. Satyarth Prakash, Founder and lead doctor at Radiance Clinics",no
https://i1.ytimg.com/vi/PhbvumkbZBs/hqdefault.jpg,https://www.radianceclinics.com/concerns/hair-transplant/donor-area-thinning,Page content image,,,yes
https://i4.ytimg.com/vi/sBVuXKjqcmM/hqdefault.jpg,https://www.radianceclinics.com/concerns/hair-transplant/donor-area-thinning,Page content image,,,yes
https://www.radianceclinics.com/radiance-logo-mark.png,https://www.radianceclinics.com/concerns/hair-transplant/donor-area-thinning,Clinic branding,,,yes
https://www.radianceclinics.com/radiance-media-processed/uncropped/radiance-doctor-satyarth-portrait-01.webp,https://www.radianceclinics.com/concerns/hair-transplant/donor-area-thinning,Doctor or consultation,"Dr. Satyarth Prakash, Founder and lead doctor at Radiance Clinics","Dr. Satyarth Prakash, Founder and lead doctor at Radiance Clinics",no
https://i1.ytimg.com/vi/PhbvumkbZBs/hqdefault.jpg,https://www.radianceclinics.com/concerns/hair-transplant/female-hair-transplant,Page content image,,,yes
https://i4.ytimg.com/vi/sBVuXKjqcmM/hqdefault.jpg,https://www.radianceclinics.com/concerns/hair-transplant/female-hair-transplant,Page content image,,,yes
https://www.radianceclinics.com/radiance-logo-mark.png,https://www.radianceclinics.com/concerns/hair-transplant/female-hair-transplant,Clinic branding,,,yes
https://www.radianceclinics.com/radiance-media-processed/uncropped/radiance-doctor-satyarth-portrait-01.webp,https://www.radianceclinics.com/concerns/hair-transplant/female-hair-transplant,Doctor or consultation,"Dr. Satyarth Prakash, Founder and lead doctor at Radiance Clinics","Dr. Satyarth Prakash, Founder and lead doctor at Radiance Clinics",no
https://i1.ytimg.com/vi/PhbvumkbZBs/hqdefault.jpg,https://www.radianceclinics.com/concerns/hair-transplant/graft-number-planning,Page content image,,,yes
https://i4.ytimg.com/vi/sBVuXKjqcmM/hqdefault.jpg,https://www.radianceclinics.com/concerns/hair-transplant/graft-number-planning,Page content image,,,yes
https://www.radianceclinics.com/radiance-logo-mark.png,https://www.radianceclinics.com/concerns/hair-transplant/graft-number-planning,Clinic branding,,,yes
https://www.radianceclinics.com/radiance-media-processed/uncropped/radiance-doctor-satyarth-portrait-01.webp,https://www.radianceclinics.com/concerns/hair-transplant/graft-number-planning,Doctor or consultation,"Dr. Satyarth Prakash, Founder and lead doctor at Radiance Clinics","Dr. Satyarth Prakash, Founder and lead doctor at Radiance Clinics",no
https://i1.ytimg.com/vi/PhbvumkbZBs/hqdefault.jpg,https://www.radianceclinics.com/concerns/hair-transplant/hair-transplant-growth-timeline,Page content image,,,yes
https://i4.ytimg.com/vi/sBVuXKjqcmM/hqdefault.jpg,https://www.radianceclinics.com/concerns/hair-transplant/hair-transplant-growth-timeline,Page content image,,,yes
https://www.radianceclinics.com/radiance-logo-mark.png,https://www.radianceclinics.com/concerns/hair-transplant/hair-transplant-growth-timeline,Clinic branding,,,yes
https://www.radianceclinics.com/radiance-media-processed/uncropped/radiance-doctor-satyarth-portrait-01.webp,https://www.radianceclinics.com/concerns/hair-transplant/hair-transplant-growth-timeline,Doctor or consultation,"Dr. Satyarth Prakash, Founder and lead doctor at Radiance Clinics","Dr. Satyarth Prakash, Founder and lead doctor at Radiance Clinics",no
https://i1.ytimg.com/vi/PhbvumkbZBs/hqdefault.jpg,https://www.radianceclinics.com/concerns/hair-transplant/hair-transplant-suitability,Page content image,,,yes
https://i4.ytimg.com/vi/sBVuXKjqcmM/hqdefault.jpg,https://www.radianceclinics.com/concerns/hair-transplant/hair-transplant-suitability,Page content image,,,yes
https://www.radianceclinics.com/radiance-logo-mark.png,https://www.radianceclinics.com/concerns/hair-transplant/hair-transplant-suitability,Clinic branding,,,yes
https://www.radianceclinics.com/radiance-media-processed/uncropped/radiance-doctor-satyarth-portrait-01.webp,https://www.radianceclinics.com/concerns/hair-transplant/hair-transplant-suitability,Doctor or consultation,"Dr. Satyarth Prakash, Founder and lead doctor at Radiance Clinics","Dr. Satyarth Prakash, Founder and lead doctor at Radiance Clinics",no
https://i1.ytimg.com/vi/PhbvumkbZBs/hqdefault.jpg,https://www.radianceclinics.com/concerns/hair-transplant/hairline-design,Page content image,,,yes
https://i4.ytimg.com/vi/sBVuXKjqcmM/hqdefault.jpg,https://www.radianceclinics.com/concerns/hair-transplant/hairline-design,Page content image,,,yes
https://www.radianceclinics.com/radiance-logo-mark.png,https://www.radianceclinics.com/concerns/hair-transplant/hairline-design,Clinic branding,,,yes
https://www.radianceclinics.com/radiance-media-processed/uncropped/radiance-doctor-satyarth-portrait-01.webp,https://www.radianceclinics.com/concerns/hair-transplant/hairline-design,Doctor or consultation,"Dr. Satyarth Prakash, Founder and lead doctor at Radiance Clinics","Dr. Satyarth Prakash, Founder and lead doctor at Radiance Clinics",no
https://i1.ytimg.com/vi/PhbvumkbZBs/hqdefault.jpg,https://www.radianceclinics.com/concerns/hair-transplant/post-transplant-shedding,Page content image,,,yes
https://i4.ytimg.com/vi/sBVuXKjqcmM/hqdefault.jpg,https://www.radianceclinics.com/concerns/hair-transplant/post-transplant-shedding,Page content image,,,yes
https://www.radianceclinics.com/radiance-logo-mark.png,https://www.radianceclinics.com/concerns/hair-transplant/post-transplant-shedding,Clinic branding,,,yes
https://www.radianceclinics.com/radiance-media-processed/uncropped/radiance-doctor-satyarth-portrait-01.webp,https://www.radianceclinics.com/concerns/hair-transplant/post-transplant-shedding,Doctor or consultation,"Dr. Satyarth Prakash, Founder and lead doctor at Radiance Clinics","Dr. Satyarth Prakash, Founder and lead doctor at Radiance Clinics",no
https://i1.ytimg.com/vi/PhbvumkbZBs/hqdefault.jpg,https://www.radianceclinics.com/concerns/hair-transplant/shock-loss,Page content image,,,yes
https://i4.ytimg.com/vi/sBVuXKjqcmM/hqdefault.jpg,https://www.radianceclinics.com/concerns/hair-transplant/shock-loss,Page content image,,,yes
https://www.radianceclinics.com/radiance-logo-mark.png,https://www.radianceclinics.com/concerns/hair-transplant/shock-loss,Clinic branding,,,yes
https://www.radianceclinics.com/radiance-media-processed/uncropped/radiance-doctor-satyarth-portrait-01.webp,https://www.radianceclinics.com/concerns/hair-transplant/shock-loss,Doctor or consultation,"Dr. Satyarth Prakash, Founder and lead doctor at Radiance Clinics","Dr. Satyarth Prakash, Founder and lead doctor at Radiance Clinics",no
https://www.radianceclinics.com/radiance-logo-mark.png,https://www.radianceclinics.com/concerns/laser-hair-reduction,Clinic branding,,,yes
https://i.ytimg.com/vi/3M0QoafTNvE/maxresdefault.jpg,https://www.radianceclinics.com/concerns/laser-hair-reduction/ingrown-hair,Page content image,,,yes
https://i.ytimg.com/vi/Pr3_8J7hSOc/maxresdefault.jpg,https://www.radianceclinics.com/concerns/laser-hair-reduction/ingrown-hair,Page content image,,,yes
https://www.radianceclinics.com/radiance-logo-mark.png,https://www.radianceclinics.com/concerns/laser-hair-reduction/ingrown-hair,Clinic branding,,,yes
https://www.radianceclinics.com/radiance-media-processed/uncropped/radiance-doctor-satyarth-portrait-01.webp,https://www.radianceclinics.com/concerns/laser-hair-reduction/ingrown-hair,Doctor or consultation,"Dr. Satyarth Prakash, Founder and lead doctor at Radiance Clinics","Dr. Satyarth Prakash, Founder and lead doctor at Radiance Clinics",no
https://i.ytimg.com/vi/3M0QoafTNvE/maxresdefault.jpg,https://www.radianceclinics.com/concerns/laser-hair-reduction/laser-hair-reduction-suitability,Page content image,,,yes
https://i.ytimg.com/vi/Pr3_8J7hSOc/maxresdefault.jpg,https://www.radianceclinics.com/concerns/laser-hair-reduction/laser-hair-reduction-suitability,Page content image,,,yes
https://www.radianceclinics.com/radiance-logo-mark.png,https://www.radianceclinics.com/concerns/laser-hair-reduction/laser-hair-reduction-suitability,Clinic branding,,,yes
https://www.radianceclinics.com/radiance-media-processed/uncropped/radiance-doctor-satyarth-portrait-01.webp,https://www.radianceclinics.com/concerns/laser-hair-reduction/laser-hair-reduction-suitability,Doctor or consultation,"Dr. Satyarth Prakash, Founder and lead doctor at Radiance Clinics","Dr. Satyarth Prakash, Founder and lead doctor at Radiance Clinics",no
https://i.ytimg.com/vi/3M0QoafTNvE/maxresdefault.jpg,https://www.radianceclinics.com/concerns/laser-hair-reduction/laser-hair-removal-dark-skin,Page content image,,,yes
https://i.ytimg.com/vi/Pr3_8J7hSOc/maxresdefault.jpg,https://www.radianceclinics.com/concerns/laser-hair-reduction/laser-hair-removal-dark-skin,Page content image,,,yes
https://www.radianceclinics.com/radiance-logo-mark.png,https://www.radianceclinics.com/concerns/laser-hair-reduction/laser-hair-removal-dark-skin,Clinic branding,,,yes
https://www.radianceclinics.com/radiance-media-processed/uncropped/radiance-doctor-satyarth-portrait-01.webp,https://www.radianceclinics.com/concerns/laser-hair-reduction/laser-hair-removal-dark-skin,Doctor or consultation,"Dr. Satyarth Prakash, Founder and lead doctor at Radiance Clinics","Dr. Satyarth Prakash, Founder and lead doctor at Radiance Clinics",no
https://i.ytimg.com/vi/3M0QoafTNvE/maxresdefault.jpg,https://www.radianceclinics.com/concerns/laser-hair-reduction/strawberry-legs,Page content image,,,yes
https://i.ytimg.com/vi/Pr3_8J7hSOc/maxresdefault.jpg,https://www.radianceclinics.com/concerns/laser-hair-reduction/strawberry-legs,Page content image,,,yes
https://www.radianceclinics.com/radiance-logo-mark.png,https://www.radianceclinics.com/concerns/laser-hair-reduction/strawberry-legs,Clinic branding,,,yes
https://www.radianceclinics.com/radiance-media-processed/uncropped/radiance-doctor-satyarth-portrait-01.webp,https://www.radianceclinics.com/concerns/laser-hair-reduction/strawberry-legs,Doctor or consultation,"Dr. Satyarth Prakash, Founder and lead doctor at Radiance Clinics","Dr. Satyarth Prakash, Founder and lead doctor at Radiance Clinics",no
https://i.ytimg.com/vi/3M0QoafTNvE/maxresdefault.jpg,https://www.radianceclinics.com/concerns/laser-hair-reduction/unwanted-facial-hair,Page content image,,,yes
https://i.ytimg.com/vi/Pr3_8J7hSOc/maxresdefault.jpg,https://www.radianceclinics.com/concerns/laser-hair-reduction/unwanted-facial-hair,Page content image,,,yes
https://www.radianceclinics.com/radiance-logo-mark.png,https://www.radianceclinics.com/concerns/laser-hair-reduction/unwanted-facial-hair,Clinic branding,,,yes
https://www.radianceclinics.com/radiance-media-processed/uncropped/radiance-doctor-satyarth-portrait-01.webp,https://www.radianceclinics.com/concerns/laser-hair-reduction/unwanted-facial-hair,Doctor or consultation,"Dr. Satyarth Prakash, Founder and lead doctor at Radiance Clinics","Dr. Satyarth Prakash, Founder and lead doctor at Radiance Clinics",no
https://www.radianceclinics.com/radiance-logo-mark.png,https://www.radianceclinics.com/concerns/other-skin-concerns,Clinic branding,,,yes
https://www.radianceclinics.com/radiance-logo-mark.png,https://www.radianceclinics.com/concerns/other-skin-concerns/excessive-sweating,Clinic branding,,,yes
https://www.radianceclinics.com/radiance-media-processed/uncropped/radiance-doctor-satyarth-portrait-01.webp,https://www.radianceclinics.com/concerns/other-skin-concerns/excessive-sweating,Doctor or consultation,"Dr. Satyarth Prakash, Founder and lead doctor at Radiance Clinics","Dr. Satyarth Prakash, Founder and lead doctor at Radiance Clinics",no
https://www.radianceclinics.com/radiance-logo-mark.png,https://www.radianceclinics.com/concerns/other-skin-concerns/moles-and-warts,Clinic branding,,,yes
https://www.radianceclinics.com/radiance-media-processed/uncropped/radiance-doctor-satyarth-portrait-01.webp,https://www.radianceclinics.com/concerns/other-skin-concerns/moles-and-warts,Doctor or consultation,"Dr. Satyarth Prakash, Founder and lead doctor at Radiance Clinics","Dr. Satyarth Prakash, Founder and lead doctor at Radiance Clinics",no
https://www.radianceclinics.com/radiance-logo-mark.png,https://www.radianceclinics.com/concerns/other-skin-concerns/rosacea-redness,Clinic branding,,,yes
https://www.radianceclinics.com/radiance-media-processed/uncropped/radiance-doctor-satyarth-portrait-01.webp,https://www.radianceclinics.com/concerns/other-skin-concerns/rosacea-redness,Doctor or consultation,"Dr. Satyarth Prakash, Founder and lead doctor at Radiance Clinics","Dr. Satyarth Prakash, Founder and lead doctor at Radiance Clinics",no
https://www.radianceclinics.com/radiance-logo-mark.png,https://www.radianceclinics.com/concerns/pigmentation,Clinic branding,,,yes
https://i.ytimg.com/vi/YMdp7tOWwMY/maxresdefault.jpg,https://www.radianceclinics.com/concerns/pigmentation/lip-pigmentation,Page content image,,,yes
https://i.ytimg.com/vi/ZL3MuB-gfLk/maxresdefault.jpg,https://www.radianceclinics.com/concerns/pigmentation/lip-pigmentation,Page content image,,,yes
https://www.radianceclinics.com/radiance-logo-mark.png,https://www.radianceclinics.com/concerns/pigmentation/lip-pigmentation,Clinic branding,,,yes
https://www.radianceclinics.com/radiance-media-processed/uncropped/radiance-doctor-satyarth-portrait-01.webp,https://www.radianceclinics.com/concerns/pigmentation/lip-pigmentation,Doctor or consultation,"Dr. Satyarth Prakash, Founder and lead doctor at Radiance Clinics","Dr. Satyarth Prakash, Founder and lead doctor at Radiance Clinics",no
https://i.ytimg.com/vi/YMdp7tOWwMY/maxresdefault.jpg,https://www.radianceclinics.com/concerns/pigmentation/melasma,Page content image,,,yes
https://i.ytimg.com/vi/ZL3MuB-gfLk/maxresdefault.jpg,https://www.radianceclinics.com/concerns/pigmentation/melasma,Page content image,,,yes
https://www.radianceclinics.com/radiance-logo-mark.png,https://www.radianceclinics.com/concerns/pigmentation/melasma,Clinic branding,,,yes
https://www.radianceclinics.com/radiance-media-processed/uncropped/radiance-doctor-satyarth-portrait-01.webp,https://www.radianceclinics.com/concerns/pigmentation/melasma,Doctor or consultation,"Dr. Satyarth Prakash, Founder and lead doctor at Radiance Clinics","Dr. Satyarth Prakash, Founder and lead doctor at Radiance Clinics",no
https://i.ytimg.com/vi/YMdp7tOWwMY/maxresdefault.jpg,https://www.radianceclinics.com/concerns/pigmentation/pigmentation,Page content image,,,yes
https://i.ytimg.com/vi/ZL3MuB-gfLk/maxresdefault.jpg,https://www.radianceclinics.com/concerns/pigmentation/pigmentation,Page content image,,,yes
https://www.radianceclinics.com/radiance-logo-mark.png,https://www.radianceclinics.com/concerns/pigmentation/pigmentation,Clinic branding,,,yes
https://www.radianceclinics.com/radiance-media-processed/uncropped/radiance-doctor-satyarth-portrait-01.webp,https://www.radianceclinics.com/concerns/pigmentation/pigmentation,Doctor or consultation,"Dr. Satyarth Prakash, Founder and lead doctor at Radiance Clinics","Dr. Satyarth Prakash, Founder and lead doctor at Radiance Clinics",no
https://i.ytimg.com/vi/YMdp7tOWwMY/maxresdefault.jpg,https://www.radianceclinics.com/concerns/pigmentation/sunspots,Page content image,,,yes
https://i.ytimg.com/vi/ZL3MuB-gfLk/maxresdefault.jpg,https://www.radianceclinics.com/concerns/pigmentation/sunspots,Page content image,,,yes
https://www.radianceclinics.com/radiance-logo-mark.png,https://www.radianceclinics.com/concerns/pigmentation/sunspots,Clinic branding,,,yes
https://www.radianceclinics.com/radiance-media-processed/uncropped/radiance-doctor-satyarth-portrait-01.webp,https://www.radianceclinics.com/concerns/pigmentation/sunspots,Doctor or consultation,"Dr. Satyarth Prakash, Founder and lead doctor at Radiance Clinics","Dr. Satyarth Prakash, Founder and lead doctor at Radiance Clinics",no
https://i.ytimg.com/vi/YMdp7tOWwMY/maxresdefault.jpg,https://www.radianceclinics.com/concerns/pigmentation/tanning,Page content image,,,yes
https://i.ytimg.com/vi/ZL3MuB-gfLk/maxresdefault.jpg,https://www.radianceclinics.com/concerns/pigmentation/tanning,Page content image,,,yes
https://www.radianceclinics.com/radiance-logo-mark.png,https://www.radianceclinics.com/concerns/pigmentation/tanning,Clinic branding,,,yes
https://www.radianceclinics.com/radiance-media-processed/uncropped/radiance-doctor-satyarth-portrait-01.webp,https://www.radianceclinics.com/concerns/pigmentation/tanning,Doctor or consultation,"Dr. Satyarth Prakash, Founder and lead doctor at Radiance Clinics","Dr. Satyarth Prakash, Founder and lead doctor at Radiance Clinics",no
https://i.ytimg.com/vi/YMdp7tOWwMY/maxresdefault.jpg,https://www.radianceclinics.com/concerns/pigmentation/under-eye-dark-circles,Page content image,,,yes
https://i.ytimg.com/vi/ZL3MuB-gfLk/maxresdefault.jpg,https://www.radianceclinics.com/concerns/pigmentation/under-eye-dark-circles,Page content image,,,yes
https://www.radianceclinics.com/radiance-logo-mark.png,https://www.radianceclinics.com/concerns/pigmentation/under-eye-dark-circles,Clinic branding,,,yes
https://www.radianceclinics.com/radiance-media-processed/uncropped/radiance-doctor-satyarth-portrait-01.webp,https://www.radianceclinics.com/concerns/pigmentation/under-eye-dark-circles,Doctor or consultation,"Dr. Satyarth Prakash, Founder and lead doctor at Radiance Clinics","Dr. Satyarth Prakash, Founder and lead doctor at Radiance Clinics",no
https://i.ytimg.com/vi/YMdp7tOWwMY/maxresdefault.jpg,https://www.radianceclinics.com/concerns/pigmentation/uneven-skin-tone,Page content image,,,yes
https://i.ytimg.com/vi/ZL3MuB-gfLk/maxresdefault.jpg,https://www.radianceclinics.com/concerns/pigmentation/uneven-skin-tone,Page content image,,,yes
https://www.radianceclinics.com/radiance-logo-mark.png,https://www.radianceclinics.com/concerns/pigmentation/uneven-skin-tone,Clinic branding,,,yes
https://www.radianceclinics.com/radiance-media-processed/uncropped/radiance-doctor-satyarth-portrait-01.webp,https://www.radianceclinics.com/concerns/pigmentation/uneven-skin-tone,Doctor or consultation,"Dr. Satyarth Prakash, Founder and lead doctor at Radiance Clinics","Dr. Satyarth Prakash, Founder and lead doctor at Radiance Clinics",no
https://www.radianceclinics.com/radiance-logo-mark.png,https://www.radianceclinics.com/concerns/scars-stretch-marks,Clinic branding,,,yes
https://www.radianceclinics.com/radiance-logo-mark.png,https://www.radianceclinics.com/concerns/scars-stretch-marks/raised-scars-keloids,Clinic branding,,,yes
https://www.radianceclinics.com/radiance-media-processed/uncropped/radiance-doctor-satyarth-portrait-01.webp,https://www.radianceclinics.com/concerns/scars-stretch-marks/raised-scars-keloids,Doctor or consultation,"Dr. Satyarth Prakash, Founder and lead doctor at Radiance Clinics","Dr. Satyarth Prakash, Founder and lead doctor at Radiance Clinics",no
https://www.radianceclinics.com/radiance-logo-mark.png,https://www.radianceclinics.com/concerns/scars-stretch-marks/stretch-marks,Clinic branding,,,yes
https://www.radianceclinics.com/radiance-media-processed/uncropped/radiance-doctor-satyarth-portrait-01.webp,https://www.radianceclinics.com/concerns/scars-stretch-marks/stretch-marks,Doctor or consultation,"Dr. Satyarth Prakash, Founder and lead doctor at Radiance Clinics","Dr. Satyarth Prakash, Founder and lead doctor at Radiance Clinics",no
https://www.radianceclinics.com/radiance-logo-mark.png,https://www.radianceclinics.com/concerns/scars-stretch-marks/surgical-scars,Clinic branding,,,yes
https://www.radianceclinics.com/radiance-media-processed/uncropped/radiance-doctor-satyarth-portrait-01.webp,https://www.radianceclinics.com/concerns/scars-stretch-marks/surgical-scars,Doctor or consultation,"Dr. Satyarth Prakash, Founder and lead doctor at Radiance Clinics","Dr. Satyarth Prakash, Founder and lead doctor at Radiance Clinics",no
https://www.radianceclinics.com/radiance-logo-mark.png,https://www.radianceclinics.com/concerns/scars-stretch-marks/traumatic-scars,Clinic branding,,,yes
https://www.radianceclinics.com/radiance-media-processed/uncropped/radiance-doctor-satyarth-portrait-01.webp,https://www.radianceclinics.com/concerns/scars-stretch-marks/traumatic-scars,Doctor or consultation,"Dr. Satyarth Prakash, Founder and lead doctor at Radiance Clinics","Dr. Satyarth Prakash, Founder and lead doctor at Radiance Clinics",no
https://www.radianceclinics.com/radiance-logo-mark.png,https://www.radianceclinics.com/concerns/skin-texture,Clinic branding,,,yes
https://www.radianceclinics.com/radiance-logo-mark.png,https://www.radianceclinics.com/concerns/skin-texture/dehydrated-skin,Clinic branding,,,yes
https://www.radianceclinics.com/radiance-media-processed/uncropped/radiance-doctor-satyarth-portrait-01.webp,https://www.radianceclinics.com/concerns/skin-texture/dehydrated-skin,Doctor or consultation,"Dr. Satyarth Prakash, Founder and lead doctor at Radiance Clinics","Dr. Satyarth Prakash, Founder and lead doctor at Radiance Clinics",no
https://www.radianceclinics.com/radiance-logo-mark.png,https://www.radianceclinics.com/concerns/skin-texture/dull-skin,Clinic branding,,,yes
https://www.radianceclinics.com/radiance-media-processed/uncropped/radiance-doctor-satyarth-portrait-01.webp,https://www.radianceclinics.com/concerns/skin-texture/dull-skin,Doctor or consultation,"Dr. Satyarth Prakash, Founder and lead doctor at Radiance Clinics","Dr. Satyarth Prakash, Founder and lead doctor at Radiance Clinics",no
https://www.radianceclinics.com/radiance-logo-mark.png,https://www.radianceclinics.com/concerns/skin-texture/enlarged-pores,Clinic branding,,,yes
https://www.radianceclinics.com/radiance-media-processed/uncropped/radiance-doctor-satyarth-portrait-01.webp,https://www.radianceclinics.com/concerns/skin-texture/enlarged-pores,Doctor or consultation,"Dr. Satyarth Prakash, Founder and lead doctor at Radiance Clinics","Dr. Satyarth Prakash, Founder and lead doctor at Radiance Clinics",no
https://www.radianceclinics.com/radiance-logo-mark.png,https://www.radianceclinics.com/concerns/skin-texture/fine-lines,Clinic branding,,,yes
https://www.radianceclinics.com/radiance-media-processed/uncropped/radiance-doctor-satyarth-portrait-01.webp,https://www.radianceclinics.com/concerns/skin-texture/fine-lines,Doctor or consultation,"Dr. Satyarth Prakash, Founder and lead doctor at Radiance Clinics","Dr. Satyarth Prakash, Founder and lead doctor at Radiance Clinics",no
https://www.radianceclinics.com/radiance-logo-mark.png,https://www.radianceclinics.com/concerns/skin-texture/rough-skin-texture,Clinic branding,,,yes
https://www.radianceclinics.com/radiance-media-processed/uncropped/radiance-doctor-satyarth-portrait-01.webp,https://www.radianceclinics.com/concerns/skin-texture/rough-skin-texture,Doctor or consultation,"Dr. Satyarth Prakash, Founder and lead doctor at Radiance Clinics","Dr. Satyarth Prakash, Founder and lead doctor at Radiance Clinics",no
https://www.radianceclinics.com/radiance-logo-mark.png,https://www.radianceclinics.com/contact,Clinic branding,,,yes
https://www.radianceclinics.com/radiance-logo-mark.png,https://www.radianceclinics.com/dermal-fillers-bhubaneswar,Clinic branding,,,yes
https://www.radianceclinics.com/radiance-media-processed/landscape/radiance-botox-fillers-service.webp,https://www.radianceclinics.com/dermal-fillers-bhubaneswar,Doctor or consultation,Dermal filler consultation at Radiance Clinics Bhubaneswar,Dermal filler consultation at Radiance Clinics Bhubaneswar,no
https://www.radianceclinics.com/radiance-media-processed/uncropped/radiance-doctor-satyarth-portrait-01.webp,https://www.radianceclinics.com/dermal-fillers-bhubaneswar,Doctor or consultation,"Dr. Satyarth Prakash, Founder and lead doctor at Radiance Clinics","Dr. Satyarth Prakash, Founder and lead doctor at Radiance Clinics",no
https://www.radianceclinics.com/radiance-logo-mark.png,https://www.radianceclinics.com/doctor-answers,Clinic branding,,,yes
https://i.ytimg.com/vi/-NVx1UC93p0/sddefault.jpg,https://www.radianceclinics.com/doctor-answers/acne-marks-vs-acne-scars,Page content image,,,yes
https://i1.ytimg.com/vi/xfxdFPkRLqU/hqdefault.jpg,https://www.radianceclinics.com/doctor-answers/acne-marks-vs-acne-scars,Page content image,,,yes
https://www.radianceclinics.com/radiance-logo-mark.png,https://www.radianceclinics.com/doctor-answers/acne-marks-vs-acne-scars,Clinic branding,,,yes
https://www.radianceclinics.com/radiance-media-processed/uncropped/radiance-doctor-satyarth-portrait-01.webp,https://www.radianceclinics.com/doctor-answers/acne-marks-vs-acne-scars,Doctor or consultation,"Dr. Satyarth Prakash, Founder and lead doctor at Radiance Clinics","Dr. Satyarth Prakash, Founder and lead doctor at Radiance Clinics",no
https://www.radianceclinics.com/radiance-logo-mark.png,https://www.radianceclinics.com/doctor-answers/are-injectable-aesthetic-treatments-safe,Clinic branding,,,yes
https://www.radianceclinics.com/radiance-media-processed/uncropped/radiance-doctor-satyarth-portrait-01.webp,https://www.radianceclinics.com/doctor-answers/are-injectable-aesthetic-treatments-safe,Doctor or consultation,"Dr. Satyarth Prakash, Founder and lead doctor at Radiance Clinics","Dr. Satyarth Prakash, Founder and lead doctor at Radiance Clinics",no
https://i1.ytimg.com/vi/TNcrKs-6i78/hqdefault.jpg,https://www.radianceclinics.com/doctor-answers/can-dandruff-cause-hair-loss,Page content image,,,yes
https://i2.ytimg.com/vi/MrMZVFY1XtI/hqdefault.jpg,https://www.radianceclinics.com/doctor-answers/can-dandruff-cause-hair-loss,Page content image,,,yes
https://www.radianceclinics.com/radiance-logo-mark.png,https://www.radianceclinics.com/doctor-answers/can-dandruff-cause-hair-loss,Clinic branding,,,yes
https://www.radianceclinics.com/radiance-media-processed/uncropped/radiance-doctor-satyarth-portrait-01.webp,https://www.radianceclinics.com/doctor-answers/can-dandruff-cause-hair-loss,Doctor or consultation,"Dr. Satyarth Prakash, Founder and lead doctor at Radiance Clinics","Dr. Satyarth Prakash, Founder and lead doctor at Radiance Clinics",no
https://i.ytimg.com/vi/BQPUNACNzb8/maxresdefault.jpg,https://www.radianceclinics.com/doctor-answers/can-deep-acne-scars-improve,Page content image,,,yes
https://i1.ytimg.com/vi/xfxdFPkRLqU/hqdefault.jpg,https://www.radianceclinics.com/doctor-answers/can-deep-acne-scars-improve,Page content image,,,yes
https://www.radianceclinics.com/radiance-logo-mark.png,https://www.radianceclinics.com/doctor-answers/can-deep-acne-scars-improve,Clinic branding,,,yes
https://www.radianceclinics.com/radiance-media-processed/uncropped/radiance-doctor-satyarth-portrait-01.webp,https://www.radianceclinics.com/doctor-answers/can-deep-acne-scars-improve,Doctor or consultation,"Dr. Satyarth Prakash, Founder and lead doctor at Radiance Clinics","Dr. Satyarth Prakash, Founder and lead doctor at Radiance Clinics",no
https://i1.ytimg.com/vi/PhbvumkbZBs/hqdefault.jpg,https://www.radianceclinics.com/doctor-answers/can-hair-transplant-work-weak-donor,Page content image,,,yes
https://i4.ytimg.com/vi/sBVuXKjqcmM/hqdefault.jpg,https://www.radianceclinics.com/doctor-answers/can-hair-transplant-work-weak-donor,Page content image,,,yes
https://www.radianceclinics.com/radiance-logo-mark.png,https://www.radianceclinics.com/doctor-answers/can-hair-transplant-work-weak-donor,Clinic branding,,,yes
https://www.radianceclinics.com/radiance-media-processed/uncropped/radiance-doctor-satyarth-portrait-01.webp,https://www.radianceclinics.com/doctor-answers/can-hair-transplant-work-weak-donor,Doctor or consultation,"Dr. Satyarth Prakash, Founder and lead doctor at Radiance Clinics","Dr. Satyarth Prakash, Founder and lead doctor at Radiance Clinics",no
https://i.ytimg.com/vi/BQPUNACNzb8/maxresdefault.jpg,https://www.radianceclinics.com/doctor-answers/can-ice-pick-acne-scars-improve,Page content image,,,yes
https://i1.ytimg.com/vi/xfxdFPkRLqU/hqdefault.jpg,https://www.radianceclinics.com/doctor-answers/can-ice-pick-acne-scars-improve,Page content image,,,yes
https://www.radianceclinics.com/radiance-logo-mark.png,https://www.radianceclinics.com/doctor-answers/can-ice-pick-acne-scars-improve,Clinic branding,,,yes
https://www.radianceclinics.com/radiance-media-processed/uncropped/radiance-doctor-satyarth-portrait-01.webp,https://www.radianceclinics.com/doctor-answers/can-ice-pick-acne-scars-improve,Doctor or consultation,"Dr. Satyarth Prakash, Founder and lead doctor at Radiance Clinics","Dr. Satyarth Prakash, Founder and lead doctor at Radiance Clinics",no
https://www.radianceclinics.com/radiance-logo-mark.png,https://www.radianceclinics.com/doctor-answers/can-old-stretch-marks-improve,Clinic branding,,,yes
https://www.radianceclinics.com/radiance-media-processed/uncropped/radiance-doctor-satyarth-portrait-01.webp,https://www.radianceclinics.com/doctor-answers/can-old-stretch-marks-improve,Doctor or consultation,"Dr. Satyarth Prakash, Founder and lead doctor at Radiance Clinics","Dr. Satyarth Prakash, Founder and lead doctor at Radiance Clinics",no
https://www.radianceclinics.com/radiance-logo-mark.png,https://www.radianceclinics.com/doctor-answers/can-skin-be-oily-and-dehydrated,Clinic branding,,,yes
https://www.radianceclinics.com/radiance-media-processed/uncropped/radiance-doctor-satyarth-portrait-01.webp,https://www.radianceclinics.com/doctor-answers/can-skin-be-oily-and-dehydrated,Doctor or consultation,"Dr. Satyarth Prakash, Founder and lead doctor at Radiance Clinics","Dr. Satyarth Prakash, Founder and lead doctor at Radiance Clinics",no
https://www.radianceclinics.com/radiance-logo-mark.png,https://www.radianceclinics.com/doctor-answers/can-stress-cause-sudden-hair-shedding,Clinic branding,,,yes
https://www.radianceclinics.com/radiance-media-processed/uncropped/radiance-doctor-satyarth-portrait-01.webp,https://www.radianceclinics.com/doctor-answers/can-stress-cause-sudden-hair-shedding,Doctor or consultation,"Dr. Satyarth Prakash, Founder and lead doctor at Radiance Clinics","Dr. Satyarth Prakash, Founder and lead doctor at Radiance Clinics",no
https://i.ytimg.com/vi/YMdp7tOWwMY/maxresdefault.jpg,https://www.radianceclinics.com/doctor-answers/can-sunscreen-prevent-pigmentation-returning,Page content image,,,yes
https://i.ytimg.com/vi/ZL3MuB-gfLk/maxresdefault.jpg,https://www.radianceclinics.com/doctor-answers/can-sunscreen-prevent-pigmentation-returning,Page content image,,,yes
https://www.radianceclinics.com/radiance-logo-mark.png,https://www.radianceclinics.com/doctor-answers/can-sunscreen-prevent-pigmentation-returning,Clinic branding,,,yes
https://www.radianceclinics.com/radiance-media-processed/uncropped/radiance-doctor-satyarth-portrait-01.webp,https://www.radianceclinics.com/doctor-answers/can-sunscreen-prevent-pigmentation-returning,Doctor or consultation,"Dr. Satyarth Prakash, Founder and lead doctor at Radiance Clinics","Dr. Satyarth Prakash, Founder and lead doctor at Radiance Clinics",no
https://www.radianceclinics.com/radiance-logo-mark.png,https://www.radianceclinics.com/doctor-answers/can-transplanted-hair-fall-out-years-later,Clinic branding,,,yes
https://www.radianceclinics.com/radiance-media-processed/uncropped/radiance-doctor-satyarth-portrait-01.webp,https://www.radianceclinics.com/doctor-answers/can-transplanted-hair-fall-out-years-later,Doctor or consultation,"Dr. Satyarth Prakash, Founder and lead doctor at Radiance Clinics","Dr. Satyarth Prakash, Founder and lead doctor at Radiance Clinics",no
https://www.radianceclinics.com/radiance-logo-mark.png,https://www.radianceclinics.com/doctor-answers/damaged-skin-barrier-or-dry-skin,Clinic branding,,,yes
https://www.radianceclinics.com/radiance-media-processed/uncropped/radiance-doctor-satyarth-portrait-01.webp,https://www.radianceclinics.com/doctor-answers/damaged-skin-barrier-or-dry-skin,Doctor or consultation,"Dr. Satyarth Prakash, Founder and lead doctor at Radiance Clinics","Dr. Satyarth Prakash, Founder and lead doctor at Radiance Clinics",no
https://i.ytimg.com/vi/3M0QoafTNvE/maxresdefault.jpg,https://www.radianceclinics.com/doctor-answers/does-pcos-affect-laser-hair-reduction,Page content image,,,yes
https://i.ytimg.com/vi/Pr3_8J7hSOc/maxresdefault.jpg,https://www.radianceclinics.com/doctor-answers/does-pcos-affect-laser-hair-reduction,Page content image,,,yes
https://www.radianceclinics.com/radiance-logo-mark.png,https://www.radianceclinics.com/doctor-answers/does-pcos-affect-laser-hair-reduction,Clinic branding,,,yes
https://www.radianceclinics.com/radiance-media-processed/uncropped/radiance-doctor-satyarth-portrait-01.webp,https://www.radianceclinics.com/doctor-answers/does-pcos-affect-laser-hair-reduction,Doctor or consultation,"Dr. Satyarth Prakash, Founder and lead doctor at Radiance Clinics","Dr. Satyarth Prakash, Founder and lead doctor at Radiance Clinics",no
https://www.radianceclinics.com/radiance-logo-mark.png,https://www.radianceclinics.com/doctor-answers/does-popping-pimples-cause-scars,Clinic branding,,,yes
https://www.radianceclinics.com/radiance-media-processed/uncropped/radiance-doctor-satyarth-portrait-01.webp,https://www.radianceclinics.com/doctor-answers/does-popping-pimples-cause-scars,Doctor or consultation,"Dr. Satyarth Prakash, Founder and lead doctor at Radiance Clinics","Dr. Satyarth Prakash, Founder and lead doctor at Radiance Clinics",no
https://i.ytimg.com/vi/BQPUNACNzb8/maxresdefault.jpg,https://www.radianceclinics.com/doctor-answers/enlarged-pores-or-acne-scars,Page content image,,,yes
https://i1.ytimg.com/vi/xfxdFPkRLqU/hqdefault.jpg,https://www.radianceclinics.com/doctor-answers/enlarged-pores-or-acne-scars,Page content image,,,yes
https://www.radianceclinics.com/radiance-logo-mark.png,https://www.radianceclinics.com/doctor-answers/enlarged-pores-or-acne-scars,Clinic branding,,,yes
https://www.radianceclinics.com/radiance-media-processed/uncropped/radiance-doctor-satyarth-portrait-01.webp,https://www.radianceclinics.com/doctor-answers/enlarged-pores-or-acne-scars,Doctor or consultation,"Dr. Satyarth Prakash, Founder and lead doctor at Radiance Clinics","Dr. Satyarth Prakash, Founder and lead doctor at Radiance Clinics",no
https://www.radianceclinics.com/radiance-logo-mark.png,https://www.radianceclinics.com/doctor-answers/hair-thinning-vs-hair-fall,Clinic branding,,,yes
https://www.radianceclinics.com/radiance-media-processed/uncropped/radiance-doctor-satyarth-portrait-01.webp,https://www.radianceclinics.com/doctor-answers/hair-thinning-vs-hair-fall,Doctor or consultation,"Dr. Satyarth Prakash, Founder and lead doctor at Radiance Clinics","Dr. Satyarth Prakash, Founder and lead doctor at Radiance Clinics",no
https://www.radianceclinics.com/radiance-logo-mark.png,https://www.radianceclinics.com/doctor-answers/how-long-nonsurgical-aesthetic-results-last,Clinic branding,,,yes
https://www.radianceclinics.com/radiance-media-processed/uncropped/radiance-doctor-satyarth-portrait-01.webp,https://www.radianceclinics.com/doctor-answers/how-long-nonsurgical-aesthetic-results-last,Doctor or consultation,"Dr. Satyarth Prakash, Founder and lead doctor at Radiance Clinics","Dr. Satyarth Prakash, Founder and lead doctor at Radiance Clinics",no
https://i1.ytimg.com/vi/PhbvumkbZBs/hqdefault.jpg,https://www.radianceclinics.com/doctor-answers/how-long-redness-after-hair-transplant,Page content image,,,yes
https://i4.ytimg.com/vi/sBVuXKjqcmM/hqdefault.jpg,https://www.radianceclinics.com/doctor-answers/how-long-redness-after-hair-transplant,Page content image,,,yes
https://www.radianceclinics.com/radiance-logo-mark.png,https://www.radianceclinics.com/doctor-answers/how-long-redness-after-hair-transplant,Clinic branding,,,yes
https://www.radianceclinics.com/radiance-media-processed/uncropped/radiance-doctor-satyarth-portrait-01.webp,https://www.radianceclinics.com/doctor-answers/how-long-redness-after-hair-transplant,Doctor or consultation,"Dr. Satyarth Prakash, Founder and lead doctor at Radiance Clinics","Dr. Satyarth Prakash, Founder and lead doctor at Radiance Clinics",no
https://www.radianceclinics.com/radiance-logo-mark.png,https://www.radianceclinics.com/doctor-answers/how-many-grafts-receding-hairline,Clinic branding,,,yes
https://www.radianceclinics.com/radiance-media-processed/uncropped/radiance-doctor-satyarth-portrait-01.webp,https://www.radianceclinics.com/doctor-answers/how-many-grafts-receding-hairline,Doctor or consultation,"Dr. Satyarth Prakash, Founder and lead doctor at Radiance Clinics","Dr. Satyarth Prakash, Founder and lead doctor at Radiance Clinics",no
https://i.ytimg.com/vi/BQPUNACNzb8/maxresdefault.jpg,https://www.radianceclinics.com/doctor-answers/how-many-sessions-acne-scars,Page content image,,,yes
https://i1.ytimg.com/vi/xfxdFPkRLqU/hqdefault.jpg,https://www.radianceclinics.com/doctor-answers/how-many-sessions-acne-scars,Page content image,,,yes
https://www.radianceclinics.com/radiance-logo-mark.png,https://www.radianceclinics.com/doctor-answers/how-many-sessions-acne-scars,Clinic branding,,,yes
https://www.radianceclinics.com/radiance-media-processed/uncropped/radiance-doctor-satyarth-portrait-01.webp,https://www.radianceclinics.com/doctor-answers/how-many-sessions-acne-scars,Doctor or consultation,"Dr. Satyarth Prakash, Founder and lead doctor at Radiance Clinics","Dr. Satyarth Prakash, Founder and lead doctor at Radiance Clinics",no
https://i1.ytimg.com/vi/PhbvumkbZBs/hqdefault.jpg,https://www.radianceclinics.com/doctor-answers/how-sleep-after-hair-transplant,Page content image,,,yes
https://i4.ytimg.com/vi/sBVuXKjqcmM/hqdefault.jpg,https://www.radianceclinics.com/doctor-answers/how-sleep-after-hair-transplant,Page content image,,,yes
https://www.radianceclinics.com/radiance-logo-mark.png,https://www.radianceclinics.com/doctor-answers/how-sleep-after-hair-transplant,Clinic branding,,,yes
https://www.radianceclinics.com/radiance-media-processed/uncropped/radiance-doctor-satyarth-portrait-01.webp,https://www.radianceclinics.com/doctor-answers/how-sleep-after-hair-transplant,Doctor or consultation,"Dr. Satyarth Prakash, Founder and lead doctor at Radiance Clinics","Dr. Satyarth Prakash, Founder and lead doctor at Radiance Clinics",no
https://i1.ytimg.com/vi/PhbvumkbZBs/hqdefault.jpg,https://www.radianceclinics.com/doctor-answers/is-hair-transplant-painful,Page content image,,,yes
https://i4.ytimg.com/vi/sBVuXKjqcmM/hqdefault.jpg,https://www.radianceclinics.com/doctor-answers/is-hair-transplant-painful,Page content image,,,yes
https://www.radianceclinics.com/radiance-logo-mark.png,https://www.radianceclinics.com/doctor-answers/is-hair-transplant-painful,Clinic branding,,,yes
https://www.radianceclinics.com/radiance-media-processed/uncropped/radiance-doctor-satyarth-portrait-01.webp,https://www.radianceclinics.com/doctor-answers/is-hair-transplant-painful,Doctor or consultation,"Dr. Satyarth Prakash, Founder and lead doctor at Radiance Clinics","Dr. Satyarth Prakash, Founder and lead doctor at Radiance Clinics",no
https://www.radianceclinics.com/radiance-logo-mark.png,https://www.radianceclinics.com/doctor-answers/keloid-or-raised-scar,Clinic branding,,,yes
https://www.radianceclinics.com/radiance-media-processed/uncropped/radiance-doctor-satyarth-portrait-01.webp,https://www.radianceclinics.com/doctor-answers/keloid-or-raised-scar,Doctor or consultation,"Dr. Satyarth Prakash, Founder and lead doctor at Radiance Clinics","Dr. Satyarth Prakash, Founder and lead doctor at Radiance Clinics",no
https://i.ytimg.com/vi/3M0QoafTNvE/maxresdefault.jpg,https://www.radianceclinics.com/doctor-answers/laser-hair-reduction-permanent,Page content image,,,yes
https://i.ytimg.com/vi/Pr3_8J7hSOc/maxresdefault.jpg,https://www.radianceclinics.com/doctor-answers/laser-hair-reduction-permanent,Page content image,,,yes
https://www.radianceclinics.com/radiance-logo-mark.png,https://www.radianceclinics.com/doctor-answers/laser-hair-reduction-permanent,Clinic branding,,,yes
https://www.radianceclinics.com/radiance-media-processed/uncropped/radiance-doctor-satyarth-portrait-01.webp,https://www.radianceclinics.com/doctor-answers/laser-hair-reduction-permanent,Doctor or consultation,"Dr. Satyarth Prakash, Founder and lead doctor at Radiance Clinics","Dr. Satyarth Prakash, Founder and lead doctor at Radiance Clinics",no
https://i.ytimg.com/vi/3M0QoafTNvE/maxresdefault.jpg,https://www.radianceclinics.com/doctor-answers/laser-hair-reduction-safe-darker-skin,Page content image,,,yes
https://i.ytimg.com/vi/Pr3_8J7hSOc/maxresdefault.jpg,https://www.radianceclinics.com/doctor-answers/laser-hair-reduction-safe-darker-skin,Page content image,,,yes
https://www.radianceclinics.com/radiance-logo-mark.png,https://www.radianceclinics.com/doctor-answers/laser-hair-reduction-safe-darker-skin,Clinic branding,,,yes
https://www.radianceclinics.com/radiance-media-processed/uncropped/radiance-doctor-satyarth-portrait-01.webp,https://www.radianceclinics.com/doctor-answers/laser-hair-reduction-safe-darker-skin,Doctor or consultation,"Dr. Satyarth Prakash, Founder and lead doctor at Radiance Clinics","Dr. Satyarth Prakash, Founder and lead doctor at Radiance Clinics",no
https://i.ytimg.com/vi/YMdp7tOWwMY/maxresdefault.jpg,https://www.radianceclinics.com/doctor-answers/melasma-vs-hyperpigmentation,Page content image,,,yes
https://i.ytimg.com/vi/ZL3MuB-gfLk/maxresdefault.jpg,https://www.radianceclinics.com/doctor-answers/melasma-vs-hyperpigmentation,Page content image,,,yes
https://www.radianceclinics.com/radiance-logo-mark.png,https://www.radianceclinics.com/doctor-answers/melasma-vs-hyperpigmentation,Clinic branding,,,yes
https://www.radianceclinics.com/radiance-media-processed/uncropped/radiance-doctor-satyarth-portrait-01.webp,https://www.radianceclinics.com/doctor-answers/melasma-vs-hyperpigmentation,Doctor or consultation,"Dr. Satyarth Prakash, Founder and lead doctor at Radiance Clinics","Dr. Satyarth Prakash, Founder and lead doctor at Radiance Clinics",no
https://i1.ytimg.com/vi/PhbvumkbZBs/hqdefault.jpg,https://www.radianceclinics.com/doctor-answers/shedding-after-hair-transplant,Page content image,,,yes
https://i4.ytimg.com/vi/sBVuXKjqcmM/hqdefault.jpg,https://www.radianceclinics.com/doctor-answers/shedding-after-hair-transplant,Page content image,,,yes
https://www.radianceclinics.com/radiance-logo-mark.png,https://www.radianceclinics.com/doctor-answers/shedding-after-hair-transplant,Clinic branding,,,yes
https://www.radianceclinics.com/radiance-media-processed/uncropped/radiance-doctor-satyarth-portrait-01.webp,https://www.radianceclinics.com/doctor-answers/shedding-after-hair-transplant,Doctor or consultation,"Dr. Satyarth Prakash, Founder and lead doctor at Radiance Clinics","Dr. Satyarth Prakash, Founder and lead doctor at Radiance Clinics",no
https://www.radianceclinics.com/radiance-logo-mark.png,https://www.radianceclinics.com/doctor-answers/skin-purging-or-breakout,Clinic branding,,,yes
https://www.radianceclinics.com/radiance-media-processed/uncropped/radiance-doctor-satyarth-portrait-01.webp,https://www.radianceclinics.com/doctor-answers/skin-purging-or-breakout,Doctor or consultation,"Dr. Satyarth Prakash, Founder and lead doctor at Radiance Clinics","Dr. Satyarth Prakash, Founder and lead doctor at Radiance Clinics",no
https://i.ytimg.com/vi/YMdp7tOWwMY/maxresdefault.jpg,https://www.radianceclinics.com/doctor-answers/tan-vs-pigmentation,Page content image,,,yes
https://i.ytimg.com/vi/ZL3MuB-gfLk/maxresdefault.jpg,https://www.radianceclinics.com/doctor-answers/tan-vs-pigmentation,Page content image,,,yes
https://www.radianceclinics.com/radiance-logo-mark.png,https://www.radianceclinics.com/doctor-answers/tan-vs-pigmentation,Clinic branding,,,yes
https://www.radianceclinics.com/radiance-media-processed/uncropped/radiance-doctor-satyarth-portrait-01.webp,https://www.radianceclinics.com/doctor-answers/tan-vs-pigmentation,Doctor or consultation,"Dr. Satyarth Prakash, Founder and lead doctor at Radiance Clinics","Dr. Satyarth Prakash, Founder and lead doctor at Radiance Clinics",no
https://www.radianceclinics.com/radiance-logo-mark.png,https://www.radianceclinics.com/doctor-answers/under-eye-hollows-vs-eye-bags,Clinic branding,,,yes
https://www.radianceclinics.com/radiance-media-processed/uncropped/radiance-doctor-satyarth-portrait-01.webp,https://www.radianceclinics.com/doctor-answers/under-eye-hollows-vs-eye-bags,Doctor or consultation,"Dr. Satyarth Prakash, Founder and lead doctor at Radiance Clinics","Dr. Satyarth Prakash, Founder and lead doctor at Radiance Clinics",no
https://www.radianceclinics.com/radiance-logo-mark.png,https://www.radianceclinics.com/doctor-answers/what-causes-darkness-around-mouth,Clinic branding,,,yes
https://www.radianceclinics.com/radiance-media-processed/uncropped/radiance-doctor-satyarth-portrait-01.webp,https://www.radianceclinics.com/doctor-answers/what-causes-darkness-around-mouth,Doctor or consultation,"Dr. Satyarth Prakash, Founder and lead doctor at Radiance Clinics","Dr. Satyarth Prakash, Founder and lead doctor at Radiance Clinics",no
https://www.radianceclinics.com/radiance-logo-mark.png,https://www.radianceclinics.com/doctor-answers/what-is-shock-loss,Clinic branding,,,yes
https://www.radianceclinics.com/radiance-media-processed/uncropped/radiance-doctor-satyarth-portrait-01.webp,https://www.radianceclinics.com/doctor-answers/what-is-shock-loss,Doctor or consultation,"Dr. Satyarth Prakash, Founder and lead doctor at Radiance Clinics","Dr. Satyarth Prakash, Founder and lead doctor at Radiance Clinics",no
https://www.radianceclinics.com/radiance-logo-mark.png,https://www.radianceclinics.com/doctor-answers/when-excessive-sweating-needs-medical-check,Clinic branding,,,yes
https://www.radianceclinics.com/radiance-media-processed/uncropped/radiance-doctor-satyarth-portrait-01.webp,https://www.radianceclinics.com/doctor-answers/when-excessive-sweating-needs-medical-check,Doctor or consultation,"Dr. Satyarth Prakash, Founder and lead doctor at Radiance Clinics","Dr. Satyarth Prakash, Founder and lead doctor at Radiance Clinics",no
https://i1.ytimg.com/vi/PhbvumkbZBs/hqdefault.jpg,https://www.radianceclinics.com/doctor-answers/when-exercise-after-hair-transplant,Page content image,,,yes
https://i4.ytimg.com/vi/sBVuXKjqcmM/hqdefault.jpg,https://www.radianceclinics.com/doctor-answers/when-exercise-after-hair-transplant,Page content image,,,yes
https://www.radianceclinics.com/radiance-logo-mark.png,https://www.radianceclinics.com/doctor-answers/when-exercise-after-hair-transplant,Clinic branding,,,yes
https://www.radianceclinics.com/radiance-media-processed/uncropped/radiance-doctor-satyarth-portrait-01.webp,https://www.radianceclinics.com/doctor-answers/when-exercise-after-hair-transplant,Doctor or consultation,"Dr. Satyarth Prakash, Founder and lead doctor at Radiance Clinics","Dr. Satyarth Prakash, Founder and lead doctor at Radiance Clinics",no
https://www.radianceclinics.com/radiance-logo-mark.png,https://www.radianceclinics.com/doctor-answers/when-see-doctor-for-acne,Clinic branding,,,yes
https://www.radianceclinics.com/radiance-media-processed/uncropped/radiance-doctor-satyarth-portrait-01.webp,https://www.radianceclinics.com/doctor-answers/when-see-doctor-for-acne,Doctor or consultation,"Dr. Satyarth Prakash, Founder and lead doctor at Radiance Clinics","Dr. Satyarth Prakash, Founder and lead doctor at Radiance Clinics",no
https://www.radianceclinics.com/radiance-logo-mark.png,https://www.radianceclinics.com/doctor-answers/when-should-mole-be-checked,Clinic branding,,,yes
https://www.radianceclinics.com/radiance-media-processed/uncropped/radiance-doctor-satyarth-portrait-01.webp,https://www.radianceclinics.com/doctor-answers/when-should-mole-be-checked,Doctor or consultation,"Dr. Satyarth Prakash, Founder and lead doctor at Radiance Clinics","Dr. Satyarth Prakash, Founder and lead doctor at Radiance Clinics",no
https://www.radianceclinics.com/radiance-logo-mark.png,https://www.radianceclinics.com/doctor-answers/when-transplanted-hair-start-growing,Clinic branding,,,yes
https://www.radianceclinics.com/radiance-media-processed/uncropped/radiance-doctor-satyarth-portrait-01.webp,https://www.radianceclinics.com/doctor-answers/when-transplanted-hair-start-growing,Doctor or consultation,"Dr. Satyarth Prakash, Founder and lead doctor at Radiance Clinics","Dr. Satyarth Prakash, Founder and lead doctor at Radiance Clinics",no
https://www.radianceclinics.com/radiance-logo-mark.png,https://www.radianceclinics.com/doctor-answers/when-wash-hair-after-transplant,Clinic branding,,,yes
https://www.radianceclinics.com/radiance-media-processed/uncropped/radiance-doctor-satyarth-portrait-01.webp,https://www.radianceclinics.com/doctor-answers/when-wash-hair-after-transplant,Doctor or consultation,"Dr. Satyarth Prakash, Founder and lead doctor at Radiance Clinics","Dr. Satyarth Prakash, Founder and lead doctor at Radiance Clinics",no
https://i1.ytimg.com/vi/PhbvumkbZBs/hqdefault.jpg,https://www.radianceclinics.com/doctor-answers/when-wear-helmet-after-hair-transplant,Page content image,,,yes
https://i4.ytimg.com/vi/sBVuXKjqcmM/hqdefault.jpg,https://www.radianceclinics.com/doctor-answers/when-wear-helmet-after-hair-transplant,Page content image,,,yes
https://www.radianceclinics.com/radiance-logo-mark.png,https://www.radianceclinics.com/doctor-answers/when-wear-helmet-after-hair-transplant,Clinic branding,,,yes
https://www.radianceclinics.com/radiance-media-processed/uncropped/radiance-doctor-satyarth-portrait-01.webp,https://www.radianceclinics.com/doctor-answers/when-wear-helmet-after-hair-transplant,Doctor or consultation,"Dr. Satyarth Prakash, Founder and lead doctor at Radiance Clinics","Dr. Satyarth Prakash, Founder and lead doctor at Radiance Clinics",no
https://www.radianceclinics.com/radiance-logo-mark.png,https://www.radianceclinics.com/doctor-answers/when-widening-part-needs-assessment,Clinic branding,,,yes
https://www.radianceclinics.com/radiance-media-processed/uncropped/radiance-doctor-satyarth-portrait-01.webp,https://www.radianceclinics.com/doctor-answers/when-widening-part-needs-assessment,Doctor or consultation,"Dr. Satyarth Prakash, Founder and lead doctor at Radiance Clinics","Dr. Satyarth Prakash, Founder and lead doctor at Radiance Clinics",no
https://i.ytimg.com/vi/BQPUNACNzb8/maxresdefault.jpg,https://www.radianceclinics.com/doctor-answers/which-acne-scar-treatment-is-best,Page content image,,,yes
https://i1.ytimg.com/vi/xfxdFPkRLqU/hqdefault.jpg,https://www.radianceclinics.com/doctor-answers/which-acne-scar-treatment-is-best,Page content image,,,yes
https://www.radianceclinics.com/radiance-logo-mark.png,https://www.radianceclinics.com/doctor-answers/which-acne-scar-treatment-is-best,Clinic branding,,,yes
https://www.radianceclinics.com/radiance-media-processed/uncropped/radiance-doctor-satyarth-portrait-01.webp,https://www.radianceclinics.com/doctor-answers/which-acne-scar-treatment-is-best,Doctor or consultation,"Dr. Satyarth Prakash, Founder and lead doctor at Radiance Clinics","Dr. Satyarth Prakash, Founder and lead doctor at Radiance Clinics",no
https://www.radianceclinics.com/radiance-logo-mark.png,https://www.radianceclinics.com/doctor-answers/why-acne-after-shaving,Clinic branding,,,yes
https://www.radianceclinics.com/radiance-media-processed/uncropped/radiance-doctor-satyarth-portrait-01.webp,https://www.radianceclinics.com/doctor-answers/why-acne-after-shaving,Doctor or consultation,"Dr. Satyarth Prakash, Founder and lead doctor at Radiance Clinics","Dr. Satyarth Prakash, Founder and lead doctor at Radiance Clinics",no
https://i.ytimg.com/vi/-NVx1UC93p0/sddefault.jpg,https://www.radianceclinics.com/doctor-answers/why-acne-keeps-returning,Page content image,,,yes
https://i.ytimg.com/vi/9YF-7lb7W9Y/maxresdefault.jpg,https://www.radianceclinics.com/doctor-answers/why-acne-keeps-returning,Page content image,,,yes
https://www.radianceclinics.com/radiance-logo-mark.png,https://www.radianceclinics.com/doctor-answers/why-acne-keeps-returning,Clinic branding,,,yes
https://www.radianceclinics.com/radiance-media-processed/uncropped/radiance-doctor-satyarth-portrait-01.webp,https://www.radianceclinics.com/doctor-answers/why-acne-keeps-returning,Doctor or consultation,"Dr. Satyarth Prakash, Founder and lead doctor at Radiance Clinics","Dr. Satyarth Prakash, Founder and lead doctor at Radiance Clinics",no
https://www.radianceclinics.com/radiance-logo-mark.png,https://www.radianceclinics.com/doctor-answers/why-adult-acne-on-jawline,Clinic branding,,,yes
https://www.radianceclinics.com/radiance-media-processed/uncropped/radiance-doctor-satyarth-portrait-01.webp,https://www.radianceclinics.com/doctor-answers/why-adult-acne-on-jawline,Doctor or consultation,"Dr. Satyarth Prakash, Founder and lead doctor at Radiance Clinics","Dr. Satyarth Prakash, Founder and lead doctor at Radiance Clinics",no
https://i.ytimg.com/vi/BQPUNACNzb8/maxresdefault.jpg,https://www.radianceclinics.com/doctor-answers/why-combination-treatment-acne-scars,Page content image,,,yes
https://i1.ytimg.com/vi/xfxdFPkRLqU/hqdefault.jpg,https://www.radianceclinics.com/doctor-answers/why-combination-treatment-acne-scars,Page content image,,,yes
https://www.radianceclinics.com/radiance-logo-mark.png,https://www.radianceclinics.com/doctor-answers/why-combination-treatment-acne-scars,Clinic branding,,,yes
https://www.radianceclinics.com/radiance-media-processed/uncropped/radiance-doctor-satyarth-portrait-01.webp,https://www.radianceclinics.com/doctor-answers/why-combination-treatment-acne-scars,Doctor or consultation,"Dr. Satyarth Prakash, Founder and lead doctor at Radiance Clinics","Dr. Satyarth Prakash, Founder and lead doctor at Radiance Clinics",no
https://www.radianceclinics.com/radiance-logo-mark.png,https://www.radianceclinics.com/doctor-answers/why-hair-falls-more-on-wash-days,Clinic branding,,,yes
https://www.radianceclinics.com/radiance-media-processed/uncropped/radiance-doctor-satyarth-portrait-01.webp,https://www.radianceclinics.com/doctor-answers/why-hair-falls-more-on-wash-days,Doctor or consultation,"Dr. Satyarth Prakash, Founder and lead doctor at Radiance Clinics","Dr. Satyarth Prakash, Founder and lead doctor at Radiance Clinics",no
https://www.radianceclinics.com/radiance-logo-mark.png,https://www.radianceclinics.com/doctor-answers/why-hair-grows-back-after-laser,Clinic branding,,,yes
https://www.radianceclinics.com/radiance-media-processed/uncropped/radiance-doctor-satyarth-portrait-01.webp,https://www.radianceclinics.com/doctor-answers/why-hair-grows-back-after-laser,Doctor or consultation,"Dr. Satyarth Prakash, Founder and lead doctor at Radiance Clinics","Dr. Satyarth Prakash, Founder and lead doctor at Radiance Clinics",no
https://www.radianceclinics.com/radiance-logo-mark.png,https://www.radianceclinics.com/doctor-answers/why-hairline-receding-one-side,Clinic branding,,,yes
https://www.radianceclinics.com/radiance-media-processed/uncropped/radiance-doctor-satyarth-portrait-01.webp,https://www.radianceclinics.com/doctor-answers/why-hairline-receding-one-side,Doctor or consultation,"Dr. Satyarth Prakash, Founder and lead doctor at Radiance Clinics","Dr. Satyarth Prakash, Founder and lead doctor at Radiance Clinics",no
https://www.radianceclinics.com/radiance-logo-mark.png,https://www.radianceclinics.com/doctor-answers/why-melasma-returns,Clinic branding,,,yes
https://www.radianceclinics.com/radiance-media-processed/uncropped/radiance-doctor-satyarth-portrait-01.webp,https://www.radianceclinics.com/doctor-answers/why-melasma-returns,Doctor or consultation,"Dr. Satyarth Prakash, Founder and lead doctor at Radiance Clinics","Dr. Satyarth Prakash, Founder and lead doctor at Radiance Clinics",no
https://i.ytimg.com/vi/YMdp7tOWwMY/maxresdefault.jpg,https://www.radianceclinics.com/doctor-answers/why-pigmentation-worse-after-treatment,Page content image,,,yes
https://i.ytimg.com/vi/ZL3MuB-gfLk/maxresdefault.jpg,https://www.radianceclinics.com/doctor-answers/why-pigmentation-worse-after-treatment,Page content image,,,yes
https://www.radianceclinics.com/radiance-logo-mark.png,https://www.radianceclinics.com/doctor-answers/why-pigmentation-worse-after-treatment,Clinic branding,,,yes
https://www.radianceclinics.com/radiance-media-processed/uncropped/radiance-doctor-satyarth-portrait-01.webp,https://www.radianceclinics.com/doctor-answers/why-pigmentation-worse-after-treatment,Doctor or consultation,"Dr. Satyarth Prakash, Founder and lead doctor at Radiance Clinics","Dr. Satyarth Prakash, Founder and lead doctor at Radiance Clinics",no
https://www.radianceclinics.com/radiance-logo-mark.png,https://www.radianceclinics.com/doctor-answers/why-pores-look-large-on-nose,Clinic branding,,,yes
https://www.radianceclinics.com/radiance-media-processed/uncropped/radiance-doctor-satyarth-portrait-01.webp,https://www.radianceclinics.com/doctor-answers/why-pores-look-large-on-nose,Doctor or consultation,"Dr. Satyarth Prakash, Founder and lead doctor at Radiance Clinics","Dr. Satyarth Prakash, Founder and lead doctor at Radiance Clinics",no
https://www.radianceclinics.com/radiance-logo-mark.png,https://www.radianceclinics.com/doctor-answers/why-scalp-visible-under-bright-light,Clinic branding,,,yes
https://www.radianceclinics.com/radiance-media-processed/uncropped/radiance-doctor-satyarth-portrait-01.webp,https://www.radianceclinics.com/doctor-answers/why-scalp-visible-under-bright-light,Doctor or consultation,"Dr. Satyarth Prakash, Founder and lead doctor at Radiance Clinics","Dr. Satyarth Prakash, Founder and lead doctor at Radiance Clinics",no
https://www.radianceclinics.com/radiance-logo-mark.png,https://www.radianceclinics.com/doctor-answers/why-skin-dull-despite-skincare,Clinic branding,,,yes
https://www.radianceclinics.com/radiance-media-processed/uncropped/radiance-doctor-satyarth-portrait-01.webp,https://www.radianceclinics.com/doctor-answers/why-skin-dull-despite-skincare,Doctor or consultation,"Dr. Satyarth Prakash, Founder and lead doctor at Radiance Clinics","Dr. Satyarth Prakash, Founder and lead doctor at Radiance Clinics",no
https://www.radianceclinics.com/radiance-logo-mark.png,https://www.radianceclinics.com/editorial-policy,Clinic branding,,,yes
https://www.radianceclinics.com/radiance-logo-mark.png,https://www.radianceclinics.com/hair-loss-clinic-bhubaneswar,Clinic branding,,,yes
https://www.radianceclinics.com/radiance-media-processed/landscape/radiance-hair-fall-condition.webp,https://www.radianceclinics.com/hair-loss-clinic-bhubaneswar,Recognition or media coverage,Hair loss and scalp assessment at Radiance Clinics Bhubaneswar,Hair loss and scalp assessment at Radiance Clinics Bhubaneswar,no
https://www.radianceclinics.com/radiance-media-processed/uncropped/radiance-doctor-satyarth-portrait-01.webp,https://www.radianceclinics.com/hair-loss-clinic-bhubaneswar,Doctor or consultation,"Dr. Satyarth Prakash, Founder and lead doctor at Radiance Clinics","Dr. Satyarth Prakash, Founder and lead doctor at Radiance Clinics",no
https://www.radianceclinics.com/radiance-logo-mark.png,https://www.radianceclinics.com/hair-transplant-baripada,Clinic branding,,,yes
https://www.radianceclinics.com/radiance-logo-mark.png,https://www.radianceclinics.com/hair-transplant-berhampur,Clinic branding,,,yes
https://www.radianceclinics.com/radiance-logo-mark.png,https://www.radianceclinics.com/hair-transplant-bhubaneswar,Clinic branding,,,yes
https://www.radianceclinics.com/radiance-media-processed/landscape/radiance-hair-transplant-service.webp,https://www.radianceclinics.com/hair-transplant-bhubaneswar,Doctor or consultation,Hair transplant consultation and restoration planning at Radiance Clinics Bhubaneswar,Hair transplant consultation and restoration planning at Radiance Clinics Bhubaneswar,no
https://www.radianceclinics.com/radiance-media-processed/uncropped/radiance-doctor-satyarth-portrait-01.webp,https://www.radianceclinics.com/hair-transplant-bhubaneswar,Doctor or consultation,"Dr. Satyarth Prakash, Founder and lead doctor at Radiance Clinics","Dr. Satyarth Prakash, Founder and lead doctor at Radiance Clinics",no
https://www.radianceclinics.com/radiance-logo-mark.png,https://www.radianceclinics.com/hair-transplant-cuttack,Clinic branding,,,yes
https://www.radianceclinics.com/radiance-logo-mark.png,https://www.radianceclinics.com/hair-transplant-puri,Clinic branding,,,yes
https://www.radianceclinics.com/radiance-logo-mark.png,https://www.radianceclinics.com/hair-transplant-rourkela,Clinic branding,,,yes
https://www.radianceclinics.com/radiance-logo-mark.png,https://www.radianceclinics.com/hair-transplant-sambalpur,Clinic branding,,,yes
https://www.radianceclinics.com/radiance-logo-mark.png,https://www.radianceclinics.com/knowledge,Clinic branding,,,yes
https://www.radianceclinics.com/radiance-media-processed/articles/acne-scar-treatment-bhubaneswar.webp,https://www.radianceclinics.com/knowledge,Recognition or media coverage,Person examining acne scars and active acne in a mirror,Person examining acne scars and active acne in a mirror,no
https://www.radianceclinics.com/radiance-media-processed/articles/bhubaneswar-water-hair-fall-hard-water.webp,https://www.radianceclinics.com/knowledge,Treatment result example,Person examining wet hair and scalp after washing,Person examining wet hair and scalp after washing,no
https://www.radianceclinics.com/radiance-media-processed/articles/exosome-skin-treatment-bhubaneswar.webp,https://www.radianceclinics.com/knowledge,Recognition or media coverage,Illustration of a patient in a clinical skin-care setting with cellular science imagery,Illustration of a patient in a clinical skin-care setting with cellular science imagery,no
https://www.radianceclinics.com/radiance-media-processed/articles/why-tanning-despite-sunscreen-bhubaneswar.webp,https://www.radianceclinics.com/knowledge,Recognition or media coverage,Woman applying sunscreen outdoors in Bhubaneswar sun,Woman applying sunscreen outdoors in Bhubaneswar sun,no
https://www.radianceclinics.com/radiance-media-processed/landscape/radiance-acne-condition.webp,https://www.radianceclinics.com/knowledge,Recognition or media coverage,Adult acne with inflamed breakouts on the cheek,Adult acne with inflamed breakouts on the cheek,no
https://www.radianceclinics.com/radiance-media-processed/landscape/radiance-clinic-consultation-room-01.webp,https://www.radianceclinics.com/knowledge,Doctor or consultation,Consultation room at Radiance Clinics,Consultation room at Radiance Clinics,no
https://www.radianceclinics.com/radiance-media-processed/landscape/radiance-equipment-laser-machines-01.webp,https://www.radianceclinics.com/knowledge,Recognition or media coverage,Laser and aesthetic equipment at Radiance Clinics,Laser and aesthetic equipment at Radiance Clinics,no
https://www.radianceclinics.com/radiance-media-processed/landscape/radiance-equipment-machine-cluster-01.webp,https://www.radianceclinics.com/knowledge,Recognition or media coverage,Multiple clinical treatment machines inside Radiance Clinics,Multiple clinical treatment machines inside Radiance Clinics,no
https://www.radianceclinics.com/radiance-media-processed/portrait/doctor-image.webp,https://www.radianceclinics.com/knowledge,Doctor or consultation,Dr. Satyarth Prakash at Radiance Clinics,Dr. Satyarth Prakash at Radiance Clinics,no
https://i.ytimg.com/vi/-NVx1UC93p0/sddefault.jpg,https://www.radianceclinics.com/knowledge/acne-scar-treatment-bhubaneswar,Page content image,,,yes
https://i1.ytimg.com/vi/xfxdFPkRLqU/hqdefault.jpg,https://www.radianceclinics.com/knowledge/acne-scar-treatment-bhubaneswar,Page content image,,,yes
https://www.radianceclinics.com/radiance-logo-mark.png,https://www.radianceclinics.com/knowledge/acne-scar-treatment-bhubaneswar,Clinic branding,,,yes
https://www.radianceclinics.com/radiance-media-processed/articles/acne-scar-treatment-bhubaneswar.webp,https://www.radianceclinics.com/knowledge/acne-scar-treatment-bhubaneswar,Recognition or media coverage,Person examining acne scars and active acne in a mirror,Person examining acne scars and active acne in a mirror,no
https://www.radianceclinics.com/radiance-media-processed/uncropped/radiance-doctor-satyarth-portrait-01.webp,https://www.radianceclinics.com/knowledge/acne-scar-treatment-bhubaneswar,Doctor or consultation,"Dr. Satyarth Prakash, Founder and lead doctor at Radiance Clinics","Dr. Satyarth Prakash, Founder and lead doctor at Radiance Clinics",no
https://i.ytimg.com/vi/-NVx1UC93p0/sddefault.jpg,https://www.radianceclinics.com/knowledge/acne-scar-types-and-treatment-planning,Page content image,,,yes
https://i1.ytimg.com/vi/xfxdFPkRLqU/hqdefault.jpg,https://www.radianceclinics.com/knowledge/acne-scar-types-and-treatment-planning,Page content image,,,yes
https://www.radianceclinics.com/radiance-logo-mark.png,https://www.radianceclinics.com/knowledge/acne-scar-types-and-treatment-planning,Clinic branding,,,yes
https://www.radianceclinics.com/radiance-media-processed/hero-desktop/radiance-equipment-machine-cluster-01.webp,https://www.radianceclinics.com/knowledge/acne-scar-types-and-treatment-planning,Recognition or media coverage,Multiple clinical treatment machines inside Radiance Clinics,Multiple clinical treatment machines inside Radiance Clinics,no
https://www.radianceclinics.com/radiance-media-processed/uncropped/radiance-doctor-satyarth-portrait-01.webp,https://www.radianceclinics.com/knowledge/acne-scar-types-and-treatment-planning,Doctor or consultation,"Dr. Satyarth Prakash, Founder and lead doctor at Radiance Clinics","Dr. Satyarth Prakash, Founder and lead doctor at Radiance Clinics",no
https://www.radianceclinics.com/radiance-logo-mark.png,https://www.radianceclinics.com/knowledge/adult-acne-hormones-pcos-insulin-resistance-bhubaneswar,Clinic branding,,,yes
https://www.radianceclinics.com/radiance-media-processed/landscape/radiance-acne-condition.webp,https://www.radianceclinics.com/knowledge/adult-acne-hormones-pcos-insulin-resistance-bhubaneswar,Recognition or media coverage,Adult acne with inflamed breakouts on the cheek,Adult acne with inflamed breakouts on the cheek,no
https://www.radianceclinics.com/radiance-media-processed/uncropped/radiance-doctor-satyarth-portrait-01.webp,https://www.radianceclinics.com/knowledge/adult-acne-hormones-pcos-insulin-resistance-bhubaneswar,Doctor or consultation,"Dr. Satyarth Prakash, Founder and lead doctor at Radiance Clinics","Dr. Satyarth Prakash, Founder and lead doctor at Radiance Clinics",no
https://www.radianceclinics.com/radiance-logo-mark.png,https://www.radianceclinics.com/knowledge/bhubaneswar-water-hair-fall-hard-water,Clinic branding,,,yes
https://www.radianceclinics.com/radiance-media-processed/articles/bhubaneswar-water-hair-fall-hard-water.webp,https://www.radianceclinics.com/knowledge/bhubaneswar-water-hair-fall-hard-water,Treatment result example,Person examining wet hair and scalp after washing,Person examining wet hair and scalp after washing,no
https://www.radianceclinics.com/radiance-media-processed/uncropped/radiance-doctor-satyarth-portrait-01.webp,https://www.radianceclinics.com/knowledge/bhubaneswar-water-hair-fall-hard-water,Doctor or consultation,"Dr. Satyarth Prakash, Founder and lead doctor at Radiance Clinics","Dr. Satyarth Prakash, Founder and lead doctor at Radiance Clinics",no
https://www.radianceclinics.com/radiance-logo-mark.png,https://www.radianceclinics.com/knowledge/exosome-skin-treatment-bhubaneswar,Clinic branding,,,yes
https://www.radianceclinics.com/radiance-media-processed/articles/exosome-skin-treatment-bhubaneswar.webp,https://www.radianceclinics.com/knowledge/exosome-skin-treatment-bhubaneswar,Recognition or media coverage,Illustration of a patient in a clinical skin-care setting with cellular science imagery,Illustration of a patient in a clinical skin-care setting with cellular science imagery,no
https://www.radianceclinics.com/radiance-media-processed/uncropped/radiance-doctor-satyarth-portrait-01.webp,https://www.radianceclinics.com/knowledge/exosome-skin-treatment-bhubaneswar,Doctor or consultation,"Dr. Satyarth Prakash, Founder and lead doctor at Radiance Clinics","Dr. Satyarth Prakash, Founder and lead doctor at Radiance Clinics",no
https://i1.ytimg.com/vi/TNcrKs-6i78/hqdefault.jpg,https://www.radianceclinics.com/knowledge/hair-loss-causes-and-assessment,Page content image,,,yes
https://i2.ytimg.com/vi/MrMZVFY1XtI/hqdefault.jpg,https://www.radianceclinics.com/knowledge/hair-loss-causes-and-assessment,Page content image,,,yes
https://www.radianceclinics.com/radiance-logo-mark.png,https://www.radianceclinics.com/knowledge/hair-loss-causes-and-assessment,Clinic branding,,,yes
https://www.radianceclinics.com/radiance-media-processed/hero-desktop/doctor-image.webp,https://www.radianceclinics.com/knowledge/hair-loss-causes-and-assessment,Doctor or consultation,Dr. Satyarth Prakash at Radiance Clinics,Dr. Satyarth Prakash at Radiance Clinics,no
https://www.radianceclinics.com/radiance-media-processed/uncropped/radiance-doctor-satyarth-portrait-01.webp,https://www.radianceclinics.com/knowledge/hair-loss-causes-and-assessment,Doctor or consultation,"Dr. Satyarth Prakash, Founder and lead doctor at Radiance Clinics","Dr. Satyarth Prakash, Founder and lead doctor at Radiance Clinics",no
https://i1.ytimg.com/vi/PhbvumkbZBs/hqdefault.jpg,https://www.radianceclinics.com/knowledge/hair-transplant-aftercare,Page content image,,,yes
https://i4.ytimg.com/vi/sBVuXKjqcmM/hqdefault.jpg,https://www.radianceclinics.com/knowledge/hair-transplant-aftercare,Page content image,,,yes
https://www.radianceclinics.com/radiance-logo-mark.png,https://www.radianceclinics.com/knowledge/hair-transplant-aftercare,Clinic branding,,,yes
https://www.radianceclinics.com/radiance-media-processed/hero-desktop/doctor-image.webp,https://www.radianceclinics.com/knowledge/hair-transplant-aftercare,Doctor or consultation,Dr. Satyarth Prakash at Radiance Clinics,Dr. Satyarth Prakash at Radiance Clinics,no
https://www.radianceclinics.com/radiance-media-processed/uncropped/radiance-doctor-satyarth-portrait-01.webp,https://www.radianceclinics.com/knowledge/hair-transplant-aftercare,Doctor or consultation,"Dr. Satyarth Prakash, Founder and lead doctor at Radiance Clinics","Dr. Satyarth Prakash, Founder and lead doctor at Radiance Clinics",no
https://i1.ytimg.com/vi/PhbvumkbZBs/hqdefault.jpg,https://www.radianceclinics.com/knowledge/hair-transplant-cost-factors,Page content image,,,yes
https://i4.ytimg.com/vi/sBVuXKjqcmM/hqdefault.jpg,https://www.radianceclinics.com/knowledge/hair-transplant-cost-factors,Page content image,,,yes
https://www.radianceclinics.com/radiance-logo-mark.png,https://www.radianceclinics.com/knowledge/hair-transplant-cost-factors,Clinic branding,,,yes
https://www.radianceclinics.com/radiance-media-processed/hero-desktop/doctor-image.webp,https://www.radianceclinics.com/knowledge/hair-transplant-cost-factors,Doctor or consultation,Dr. Satyarth Prakash at Radiance Clinics,Dr. Satyarth Prakash at Radiance Clinics,no
https://www.radianceclinics.com/radiance-media-processed/uncropped/radiance-doctor-satyarth-portrait-01.webp,https://www.radianceclinics.com/knowledge/hair-transplant-cost-factors,Doctor or consultation,"Dr. Satyarth Prakash, Founder and lead doctor at Radiance Clinics","Dr. Satyarth Prakash, Founder and lead doctor at Radiance Clinics",no
https://i1.ytimg.com/vi/TNcrKs-6i78/hqdefault.jpg,https://www.radianceclinics.com/knowledge/how-to-plan-hair-restoration,Page content image,,,yes
https://i2.ytimg.com/vi/MrMZVFY1XtI/hqdefault.jpg,https://www.radianceclinics.com/knowledge/how-to-plan-hair-restoration,Page content image,,,yes
https://www.radianceclinics.com/radiance-logo-mark.png,https://www.radianceclinics.com/knowledge/how-to-plan-hair-restoration,Clinic branding,,,yes
https://www.radianceclinics.com/radiance-media-processed/hero-desktop/doctor-image.webp,https://www.radianceclinics.com/knowledge/how-to-plan-hair-restoration,Doctor or consultation,Dr. Satyarth Prakash at Radiance Clinics,Dr. Satyarth Prakash at Radiance Clinics,no
https://www.radianceclinics.com/radiance-media-processed/uncropped/radiance-doctor-satyarth-portrait-01.webp,https://www.radianceclinics.com/knowledge/how-to-plan-hair-restoration,Doctor or consultation,"Dr. Satyarth Prakash, Founder and lead doctor at Radiance Clinics","Dr. Satyarth Prakash, Founder and lead doctor at Radiance Clinics",no
https://i.ytimg.com/vi/3M0QoafTNvE/maxresdefault.jpg,https://www.radianceclinics.com/knowledge/laser-hair-reduction-expectations,Page content image,,,yes
https://i.ytimg.com/vi/Pr3_8J7hSOc/maxresdefault.jpg,https://www.radianceclinics.com/knowledge/laser-hair-reduction-expectations,Page content image,,,yes
https://www.radianceclinics.com/radiance-logo-mark.png,https://www.radianceclinics.com/knowledge/laser-hair-reduction-expectations,Clinic branding,,,yes
https://www.radianceclinics.com/radiance-media-processed/hero-desktop/radiance-equipment-laser-machines-01.webp,https://www.radianceclinics.com/knowledge/laser-hair-reduction-expectations,Recognition or media coverage,Laser and aesthetic equipment at Radiance Clinics,Laser and aesthetic equipment at Radiance Clinics,no
https://www.radianceclinics.com/radiance-media-processed/uncropped/radiance-doctor-satyarth-portrait-01.webp,https://www.radianceclinics.com/knowledge/laser-hair-reduction-expectations,Doctor or consultation,"Dr. Satyarth Prakash, Founder and lead doctor at Radiance Clinics","Dr. Satyarth Prakash, Founder and lead doctor at Radiance Clinics",no
https://i.ytimg.com/vi/C7VHHk1lhmM/maxresdefault.jpg,https://www.radianceclinics.com/knowledge/laser-skin-treatments-safety,Page content image,,,yes
https://i2.ytimg.com/vi/yC6AlIh5RjM/hqdefault.jpg,https://www.radianceclinics.com/knowledge/laser-skin-treatments-safety,Page content image,,,yes
https://www.radianceclinics.com/radiance-logo-mark.png,https://www.radianceclinics.com/knowledge/laser-skin-treatments-safety,Clinic branding,,,yes
https://www.radianceclinics.com/radiance-media-processed/hero-desktop/radiance-equipment-machine-cluster-01.webp,https://www.radianceclinics.com/knowledge/laser-skin-treatments-safety,Recognition or media coverage,Multiple clinical treatment machines inside Radiance Clinics,Multiple clinical treatment machines inside Radiance Clinics,no
https://www.radianceclinics.com/radiance-media-processed/uncropped/radiance-doctor-satyarth-portrait-01.webp,https://www.radianceclinics.com/knowledge/laser-skin-treatments-safety,Doctor or consultation,"Dr. Satyarth Prakash, Founder and lead doctor at Radiance Clinics","Dr. Satyarth Prakash, Founder and lead doctor at Radiance Clinics",no
https://i.ytimg.com/vi/eN-OI9rSbJo/maxresdefault.jpg,https://www.radianceclinics.com/knowledge/premium-aesthetic-consultation,Page content image,,,yes
https://i.ytimg.com/vi/JfysAv3FsGU/maxresdefault.jpg,https://www.radianceclinics.com/knowledge/premium-aesthetic-consultation,Page content image,,,yes
https://www.radianceclinics.com/radiance-logo-mark.png,https://www.radianceclinics.com/knowledge/premium-aesthetic-consultation,Clinic branding,,,yes
https://www.radianceclinics.com/radiance-media-processed/hero-desktop/radiance-clinic-consultation-room-01.webp,https://www.radianceclinics.com/knowledge/premium-aesthetic-consultation,Doctor or consultation,Consultation room at Radiance Clinics,Consultation room at Radiance Clinics,no
https://www.radianceclinics.com/radiance-media-processed/uncropped/radiance-doctor-satyarth-portrait-01.webp,https://www.radianceclinics.com/knowledge/premium-aesthetic-consultation,Doctor or consultation,"Dr. Satyarth Prakash, Founder and lead doctor at Radiance Clinics","Dr. Satyarth Prakash, Founder and lead doctor at Radiance Clinics",no
https://www.radianceclinics.com/radiance-logo-mark.png,https://www.radianceclinics.com/knowledge/prp-gfc-hair-restoration-guide,Clinic branding,,,yes
https://www.radianceclinics.com/radiance-media-processed/hero-desktop/radiance-clinic-consultation-room-01.webp,https://www.radianceclinics.com/knowledge/prp-gfc-hair-restoration-guide,Doctor or consultation,Consultation room at Radiance Clinics,Consultation room at Radiance Clinics,no
https://www.radianceclinics.com/radiance-media-processed/uncropped/radiance-doctor-satyarth-portrait-01.webp,https://www.radianceclinics.com/knowledge/prp-gfc-hair-restoration-guide,Doctor or consultation,"Dr. Satyarth Prakash, Founder and lead doctor at Radiance Clinics","Dr. Satyarth Prakash, Founder and lead doctor at Radiance Clinics",no
https://www.radianceclinics.com/radiance-logo-mark.png,https://www.radianceclinics.com/knowledge/why-tanning-despite-sunscreen-bhubaneswar,Clinic branding,,,yes
https://www.radianceclinics.com/radiance-media-processed/articles/why-tanning-despite-sunscreen-bhubaneswar.webp,https://www.radianceclinics.com/knowledge/why-tanning-despite-sunscreen-bhubaneswar,Recognition or media coverage,Woman applying sunscreen outdoors in Bhubaneswar sun,Woman applying sunscreen outdoors in Bhubaneswar sun,no
https://www.radianceclinics.com/radiance-media-processed/uncropped/radiance-doctor-satyarth-portrait-01.webp,https://www.radianceclinics.com/knowledge/why-tanning-despite-sunscreen-bhubaneswar,Doctor or consultation,"Dr. Satyarth Prakash, Founder and lead doctor at Radiance Clinics","Dr. Satyarth Prakash, Founder and lead doctor at Radiance Clinics",no
https://www.radianceclinics.com/radiance-logo-mark.png,https://www.radianceclinics.com/laser-hair-removal-bhubaneswar,Clinic branding,,,yes
https://www.radianceclinics.com/radiance-media-processed/landscape/radiance-laser-hair-removal-service.webp,https://www.radianceclinics.com/laser-hair-removal-bhubaneswar,Recognition or media coverage,Laser hair reduction treatment planning at Radiance Clinics Bhubaneswar,Laser hair reduction treatment planning at Radiance Clinics Bhubaneswar,no
https://www.radianceclinics.com/radiance-media-processed/uncropped/radiance-doctor-satyarth-portrait-01.webp,https://www.radianceclinics.com/laser-hair-removal-bhubaneswar,Doctor or consultation,"Dr. Satyarth Prakash, Founder and lead doctor at Radiance Clinics","Dr. Satyarth Prakash, Founder and lead doctor at Radiance Clinics",no
https://www.radianceclinics.com/radiance-logo-mark.png,https://www.radianceclinics.com/locations,Clinic branding,,,yes
https://www.radianceclinics.com/media-outlets/entrepreneur-hunt.webp,https://www.radianceclinics.com/media,Recognition or media coverage,Entrepreneur Hunt,Entrepreneur Hunt,no
https://www.radianceclinics.com/media-outlets/hindustan-bytes.webp,https://www.radianceclinics.com/media,Recognition or media coverage,Hindustan Bytes,Hindustan Bytes,no
https://www.radianceclinics.com/media-outlets/hindustan-metro.webp,https://www.radianceclinics.com/media,Recognition or media coverage,Hindustan Metro,Hindustan Metro,no
https://www.radianceclinics.com/media-outlets/loktej-business-news.webp,https://www.radianceclinics.com/media,Recognition or media coverage,Loktej Business News,Loktej Business News,no
https://www.radianceclinics.com/radiance-logo-mark.png,https://www.radianceclinics.com/media,Clinic branding,,,yes
https://www.radianceclinics.com/radiance-logo-mark.png,https://www.radianceclinics.com/non-surgical-hair-replacement-bhubaneswar,Clinic branding,,,yes
https://www.radianceclinics.com/radiance-media-processed/landscape/radiance-hair-fall-condition.webp,https://www.radianceclinics.com/non-surgical-hair-replacement-bhubaneswar,Doctor or consultation,Non-surgical hair replacement consultation at Radiance Clinics Bhubaneswar,Non-surgical hair replacement consultation at Radiance Clinics Bhubaneswar,no
https://www.radianceclinics.com/radiance-media-processed/uncropped/radiance-doctor-satyarth-portrait-01.webp,https://www.radianceclinics.com/non-surgical-hair-replacement-bhubaneswar,Doctor or consultation,"Dr. Satyarth Prakash, Founder and lead doctor at Radiance Clinics","Dr. Satyarth Prakash, Founder and lead doctor at Radiance Clinics",no
https://www.radianceclinics.com/radiance-logo-mark.png,https://www.radianceclinics.com/pigmentation-treatment-bhubaneswar,Clinic branding,,,yes
https://www.radianceclinics.com/radiance-media-processed/landscape/radiance-pigmentation-melasma-service.webp,https://www.radianceclinics.com/pigmentation-treatment-bhubaneswar,Doctor or consultation,Pigmentation and melasma consultation at Radiance Clinics Bhubaneswar,Pigmentation and melasma consultation at Radiance Clinics Bhubaneswar,no
https://www.radianceclinics.com/radiance-media-processed/uncropped/radiance-doctor-satyarth-portrait-01.webp,https://www.radianceclinics.com/pigmentation-treatment-bhubaneswar,Doctor or consultation,"Dr. Satyarth Prakash, Founder and lead doctor at Radiance Clinics","Dr. Satyarth Prakash, Founder and lead doctor at Radiance Clinics",no
https://www.radianceclinics.com/radiance-logo-mark.png,https://www.radianceclinics.com/privacy-policy,Clinic branding,,,yes
https://www.radianceclinics.com/radiance-logo-mark.png,https://www.radianceclinics.com/results,Clinic branding,,,yes
https://www.radianceclinics.com/radiance-media-processed/hero-desktop/radiance-ba-acne-acne-radiance-skin-before-after-separated-2-01-acne-after.webp,https://www.radianceclinics.com/results,Treatment result example,Acne after acne treatment at Radiance Clinics Bhubaneswar; individual results vary,Acne after acne treatment at Radiance Clinics Bhubaneswar; individual results vary,no
https://www.radianceclinics.com/radiance-media-processed/hero-desktop/radiance-ba-acne-acne-radiance-skin-before-after-separated-2-01-acne-before.webp,https://www.radianceclinics.com/results,Treatment result example,Acne before acne treatment at Radiance Clinics Bhubaneswar,Acne before acne treatment at Radiance Clinics Bhubaneswar,no
https://www.radianceclinics.com/radiance-media-processed/hero-desktop/radiance-ba-acne-scars-acne-scars-radiance-skin-before-after-separated-2-02-acne-scars-after.webp,https://www.radianceclinics.com/results,Treatment result example,Acne Scars after acne scar treatment at Radiance Clinics Bhubaneswar; individual results vary,Acne Scars after acne scar treatment at Radiance Clinics Bhubaneswar; individual results vary,no
https://www.radianceclinics.com/radiance-media-processed/hero-desktop/radiance-ba-acne-scars-acne-scars-radiance-skin-before-after-separated-2-02-acne-scars-before.webp,https://www.radianceclinics.com/results,Treatment result example,Acne Scars before acne scar treatment at Radiance Clinics Bhubaneswar,Acne Scars before acne scar treatment at Radiance Clinics Bhubaneswar,no
https://www.radianceclinics.com/radiance-media-processed/hero-desktop/radiance-ba-advanced-male-pattern-baldness-advanced-male-pattern-baldness-radiance-additional-hair-before-after-04-advanced-male-pattern-bal-09045bcc.webp,https://www.radianceclinics.com/results,Treatment result example,Advanced Male Pattern Baldness before hair transplant at Radiance Clinics Bhubaneswar,Advanced Male Pattern Baldness before hair transplant at Radiance Clinics Bhubaneswar,no
https://www.radianceclinics.com/radiance-media-processed/hero-desktop/radiance-ba-female-frontal-hairline-thinning-female-frontal-hairline-thinning-radiance-additional-hair-before-after-03-female-frontal-hairli-7ed15fa3.webp,https://www.radianceclinics.com/results,Treatment result example,Female Frontal Hairline Thinning before hair transplant at Radiance Clinics Bhubaneswar,Female Frontal Hairline Thinning before hair transplant at Radiance Clinics Bhubaneswar,no
https://www.radianceclinics.com/radiance-media-processed/hero-desktop/radiance-ba-female-frontal-hairline-thinning-female-frontal-hairline-thinning-radiance-additional-hair-before-after-03-female-frontal-hairli.webp,https://www.radianceclinics.com/results,Treatment result example,Female Frontal Hairline Thinning after hair transplant at Radiance Clinics Bhubaneswar; individual results vary,Female Frontal Hairline Thinning after hair transplant at Radiance Clinics Bhubaneswar; individual results vary,no
https://www.radianceclinics.com/radiance-media-processed/hero-desktop/radiance-ba-female-pattern-hair-loss-female-pattern-hair-loss-radiance-hair-before-after-03-female-pattern-hair-loss-before.webp,https://www.radianceclinics.com/results,Treatment result example,Female Pattern Hair Loss before hair restoration at Radiance Clinics Bhubaneswar,Female Pattern Hair Loss before hair restoration at Radiance Clinics Bhubaneswar,no
https://www.radianceclinics.com/radiance-media-processed/hero-desktop/radiance-ba-female-widening-part-female-widening-part-radiance-additional-hair-before-after-05-female-widening-part-after.webp,https://www.radianceclinics.com/results,Treatment result example,Female Widening Part after hair restoration at Radiance Clinics Bhubaneswar; individual results vary,Female Widening Part after hair restoration at Radiance Clinics Bhubaneswar; individual results vary,no
https://www.radianceclinics.com/radiance-media-processed/hero-desktop/radiance-ba-female-widening-part-female-widening-part-radiance-additional-hair-before-after-05-female-widening-part-before.webp,https://www.radianceclinics.com/results,Treatment result example,Female Widening Part before hair restoration at Radiance Clinics Bhubaneswar,Female Widening Part before hair restoration at Radiance Clinics Bhubaneswar,no
https://www.radianceclinics.com/radiance-media-processed/hero-desktop/radiance-ba-hair-transplant-hair-transplant-radiance-hair-before-after-05-frontal-mid-scalp-hair-transplant-front-before.webp,https://www.radianceclinics.com/results,Treatment result example,Frontal And Mid Scalp Hair Transplant before hair transplant at Radiance Clinics Bhubaneswar,Frontal And Mid Scalp Hair Transplant before hair transplant at Radiance Clinics Bhubaneswar,no
https://www.radianceclinics.com/radiance-media-processed/hero-desktop/radiance-ba-male-diffuse-frontal-thinning-male-diffuse-frontal-thinning-radiance-additional-hair-before-after-02-male-diffuse-frontal-thinni-51d4185d.webp,https://www.radianceclinics.com/results,Treatment result example,Male Diffuse Frontal Thinning before hair restoration at Radiance Clinics Bhubaneswar,Male Diffuse Frontal Thinning before hair restoration at Radiance Clinics Bhubaneswar,no
https://www.radianceclinics.com/radiance-media-processed/hero-desktop/radiance-ba-male-diffuse-frontal-thinning-male-diffuse-frontal-thinning-radiance-additional-hair-before-after-02-male-diffuse-frontal-thinni.webp,https://www.radianceclinics.com/results,Treatment result example,Male Diffuse Frontal Thinning after hair restoration at Radiance Clinics Bhubaneswar; individual results vary,Male Diffuse Frontal Thinning after hair restoration at Radiance Clinics Bhubaneswar; individual results vary,no
https://www.radianceclinics.com/radiance-media-processed/hero-desktop/radiance-ba-melasma-melasma-radiance-skin-before-after-separated-2-04-melasma-after.webp,https://www.radianceclinics.com/results,Treatment result example,Melasma after pigmentation treatment at Radiance Clinics Bhubaneswar; individual results vary,Melasma after pigmentation treatment at Radiance Clinics Bhubaneswar; individual results vary,no
https://www.radianceclinics.com/radiance-media-processed/hero-desktop/radiance-ba-melasma-melasma-radiance-skin-before-after-separated-2-04-melasma-before.webp,https://www.radianceclinics.com/results,Treatment result example,Melasma before pigmentation treatment at Radiance Clinics Bhubaneswar,Melasma before pigmentation treatment at Radiance Clinics Bhubaneswar,no
https://www.radianceclinics.com/radiance-media-processed/hero-desktop/radiance-ba-pigmentation-pigmentation-radiance-skin-before-after-separated-2-03-pigmentation-after.webp,https://www.radianceclinics.com/results,Treatment result example,Pigmentation after pigmentation treatment at Radiance Clinics Bhubaneswar; individual results vary,Pigmentation after pigmentation treatment at Radiance Clinics Bhubaneswar; individual results vary,no
https://www.radianceclinics.com/radiance-media-processed/hero-desktop/radiance-ba-pigmentation-pigmentation-radiance-skin-before-after-separated-2-03-pigmentation-before.webp,https://www.radianceclinics.com/results,Treatment result example,Pigmentation before pigmentation treatment at Radiance Clinics Bhubaneswar,Pigmentation before pigmentation treatment at Radiance Clinics Bhubaneswar,no
https://www.radianceclinics.com/radiance-media-processed/hero-desktop/radiance-ba-replacement-advanced-male-pattern-baldness-condition-primary-after.webp,https://www.radianceclinics.com/results,Treatment result example,Advanced Male Pattern Baldness after hair transplant at Radiance Clinics Bhubaneswar; individual results vary,Advanced Male Pattern Baldness after hair transplant at Radiance Clinics Bhubaneswar; individual results vary,no
https://www.radianceclinics.com/radiance-media-processed/hero-desktop/radiance-ba-replacement-female-pattern-hair-loss-condition-primary-after.webp,https://www.radianceclinics.com/results,Treatment result example,Female Pattern Hair Loss after hair restoration at Radiance Clinics Bhubaneswar; individual results vary,Female Pattern Hair Loss after hair restoration at Radiance Clinics Bhubaneswar; individual results vary,no
https://www.radianceclinics.com/radiance-media-processed/hero-desktop/radiance-ba-replacement-frontal-mid-scalp-hair-transplant-condition-front-after.webp,https://www.radianceclinics.com/results,Treatment result example,Frontal And Mid Scalp Hair Transplant after hair transplant at Radiance Clinics Bhubaneswar; individual results vary,Frontal And Mid Scalp Hair Transplant after hair transplant at Radiance Clinics Bhubaneswar; individual results vary,no
https://www.radianceclinics.com/radiance-logo-mark.png,https://www.radianceclinics.com/reviews,Clinic branding,,,yes
https://www.radianceclinics.com/radiance-logo-mark.png,https://www.radianceclinics.com/skin-clinic-bhubaneswar,Clinic branding,,,yes
https://www.radianceclinics.com/radiance-media-processed/landscape/radiance-skin-category.webp,https://www.radianceclinics.com/skin-clinic-bhubaneswar,Doctor or consultation,Doctor-led skin consultation at Radiance Clinics in Bhubaneswar,Doctor-led skin consultation at Radiance Clinics in Bhubaneswar,no
https://www.radianceclinics.com/radiance-media-processed/uncropped/radiance-doctor-satyarth-portrait-01.webp,https://www.radianceclinics.com/skin-clinic-bhubaneswar,Doctor or consultation,"Dr. Satyarth Prakash, Founder and lead doctor at Radiance Clinics","Dr. Satyarth Prakash, Founder and lead doctor at Radiance Clinics",no
https://www.radianceclinics.com/radiance-logo-mark.png,https://www.radianceclinics.com/tattoo-removal-bhubaneswar,Clinic branding,,,yes
https://www.radianceclinics.com/radiance-media-processed/landscape/radiance-equipment-laser-machines-01.webp,https://www.radianceclinics.com/tattoo-removal-bhubaneswar,Recognition or media coverage,Laser treatment equipment at Radiance Clinics Bhubaneswar,Laser treatment equipment at Radiance Clinics Bhubaneswar,no
https://www.radianceclinics.com/radiance-media-processed/uncropped/radiance-doctor-satyarth-portrait-01.webp,https://www.radianceclinics.com/tattoo-removal-bhubaneswar,Doctor or consultation,"Dr. Satyarth Prakash, Founder and lead doctor at Radiance Clinics","Dr. Satyarth Prakash, Founder and lead doctor at Radiance Clinics",no
https://www.radianceclinics.com/radiance-logo-mark.png,https://www.radianceclinics.com/treatments,Clinic branding,,,yes
https://www.radianceclinics.com/radiance-media-processed/landscape/radiance-clinic-consultation-room-01.webp,https://www.radianceclinics.com/treatments,Doctor or consultation,Consultation room at Radiance Clinics,Consultation room at Radiance Clinics,no
https://www.radianceclinics.com/radiance-media-processed/landscape/radiance-equipment-laser-machines-01.webp,https://www.radianceclinics.com/treatments,Recognition or media coverage,Laser and aesthetic equipment at Radiance Clinics,Laser and aesthetic equipment at Radiance Clinics,no
https://www.radianceclinics.com/radiance-media-processed/landscape/radiance-equipment-machine-cluster-01.webp,https://www.radianceclinics.com/treatments,Recognition or media coverage,Multiple clinical treatment machines inside Radiance Clinics,Multiple clinical treatment machines inside Radiance Clinics,no
https://www.radianceclinics.com/radiance-media-processed/landscape/radiance-hero-clinic-interior-secondary-01.webp,https://www.radianceclinics.com/treatments,Recognition or media coverage,Modern reception interior of Radiance Skin and Hair Clinics,Modern reception interior of Radiance Skin and Hair Clinics,no
https://www.radianceclinics.com/radiance-media-processed/portrait/doctor-image.webp,https://www.radianceclinics.com/treatments,Doctor or consultation,Dr. Satyarth Prakash at Radiance Clinics,Dr. Satyarth Prakash at Radiance Clinics,no
https://www.radianceclinics.com/radiance-media-processed/portrait/radiance-ba-hair-transplant-case001-front-before.webp,https://www.radianceclinics.com/treatments,Treatment result example,hair transplant case 001 front before,hair transplant case 001 front before,no
https://www.radianceclinics.com/radiance-media-processed/portrait/radiance-doctor-satyarth-portrait-01.webp,https://www.radianceclinics.com/treatments,Doctor or consultation,Dr. Satyarth Prakash at Radiance Clinics,Dr. Satyarth Prakash at Radiance Clinics,no
https://www.radianceclinics.com/radiance-logo-mark.png,https://www.radianceclinics.com/treatments/aesthetic-dermatology,Clinic branding,,,yes
https://www.radianceclinics.com/radiance-media-processed/portrait/radiance-doctor-satyarth-portrait-01.webp,https://www.radianceclinics.com/treatments/aesthetic-dermatology,Doctor or consultation,Dr. Satyarth Prakash at Radiance Clinics,Dr. Satyarth Prakash at Radiance Clinics,no
https://i.ytimg.com/vi/eN-OI9rSbJo/maxresdefault.jpg,https://www.radianceclinics.com/treatments/aesthetic-dermatology/injectable-aesthetics,Page content image,,,yes
https://i.ytimg.com/vi/JfysAv3FsGU/maxresdefault.jpg,https://www.radianceclinics.com/treatments/aesthetic-dermatology/injectable-aesthetics,Page content image,,,yes
https://www.radianceclinics.com/radiance-logo-mark.png,https://www.radianceclinics.com/treatments/aesthetic-dermatology/injectable-aesthetics,Clinic branding,,,yes
https://www.radianceclinics.com/radiance-media-processed/uncropped/radiance-doctor-satyarth-portrait-01.webp,https://www.radianceclinics.com/treatments/aesthetic-dermatology/injectable-aesthetics,Doctor or consultation,"Dr. Satyarth Prakash, Founder and lead doctor at Radiance Clinics","Dr. Satyarth Prakash, Founder and lead doctor at Radiance Clinics",no
https://www.radianceclinics.com/radiance-logo-mark.png,https://www.radianceclinics.com/treatments/hair-restoration,Clinic branding,,,yes
https://www.radianceclinics.com/radiance-media-processed/landscape/radiance-clinic-consultation-room-01.webp,https://www.radianceclinics.com/treatments/hair-restoration,Doctor or consultation,Consultation room at Radiance Clinics,Consultation room at Radiance Clinics,no
https://www.radianceclinics.com/radiance-media-processed/portrait/doctor-image.webp,https://www.radianceclinics.com/treatments/hair-restoration,Doctor or consultation,Dr. Satyarth Prakash at Radiance Clinics,Dr. Satyarth Prakash at Radiance Clinics,no
https://www.radianceclinics.com/radiance-media-processed/portrait/radiance-ba-hair-transplant-case001-front-before.webp,https://www.radianceclinics.com/treatments/hair-restoration,Treatment result example,hair transplant case 001 front before,hair transplant case 001 front before,no
https://i1.ytimg.com/vi/TNcrKs-6i78/hqdefault.jpg,https://www.radianceclinics.com/treatments/hair-restoration/advanced-hair-fall-solutions,Page content image,,,yes
https://i2.ytimg.com/vi/MrMZVFY1XtI/hqdefault.jpg,https://www.radianceclinics.com/treatments/hair-restoration/advanced-hair-fall-solutions,Page content image,,,yes
https://www.radianceclinics.com/radiance-logo-mark.png,https://www.radianceclinics.com/treatments/hair-restoration/advanced-hair-fall-solutions,Clinic branding,,,yes
https://www.radianceclinics.com/radiance-media-processed/landscape/radiance-clinic-consultation-room-01.webp,https://www.radianceclinics.com/treatments/hair-restoration/advanced-hair-fall-solutions,Doctor or consultation,Consultation room at Radiance Clinics,Consultation room at Radiance Clinics,no
https://www.radianceclinics.com/radiance-media-processed/portrait/doctor-image.webp,https://www.radianceclinics.com/treatments/hair-restoration/advanced-hair-fall-solutions,Doctor or consultation,Dr. Satyarth Prakash at Radiance Clinics,Dr. Satyarth Prakash at Radiance Clinics,no
https://www.radianceclinics.com/radiance-media-processed/uncropped/radiance-doctor-satyarth-portrait-01.webp,https://www.radianceclinics.com/treatments/hair-restoration/advanced-hair-fall-solutions,Doctor or consultation,"Dr. Satyarth Prakash, Founder and lead doctor at Radiance Clinics","Dr. Satyarth Prakash, Founder and lead doctor at Radiance Clinics",no
https://i1.ytimg.com/vi/PhbvumkbZBs/hqdefault.jpg,https://www.radianceclinics.com/treatments/hair-restoration/fue-hair-transplant,Page content image,,,yes
https://i4.ytimg.com/vi/sBVuXKjqcmM/hqdefault.jpg,https://www.radianceclinics.com/treatments/hair-restoration/fue-hair-transplant,Page content image,,,yes
https://www.radianceclinics.com/radiance-logo-mark.png,https://www.radianceclinics.com/treatments/hair-restoration/fue-hair-transplant,Clinic branding,,,yes
https://www.radianceclinics.com/radiance-media-processed/landscape/radiance-clinic-consultation-room-01.webp,https://www.radianceclinics.com/treatments/hair-restoration/fue-hair-transplant,Doctor or consultation,Consultation room at Radiance Clinics,Consultation room at Radiance Clinics,no
https://www.radianceclinics.com/radiance-media-processed/portrait/radiance-ba-hair-transplant-case001-front-before.webp,https://www.radianceclinics.com/treatments/hair-restoration/fue-hair-transplant,Treatment result example,hair transplant case 001 front before,hair transplant case 001 front before,no
https://www.radianceclinics.com/radiance-media-processed/uncropped/radiance-doctor-satyarth-portrait-01.webp,https://www.radianceclinics.com/treatments/hair-restoration/fue-hair-transplant,Doctor or consultation,"Dr. Satyarth Prakash, Founder and lead doctor at Radiance Clinics","Dr. Satyarth Prakash, Founder and lead doctor at Radiance Clinics",no
https://www.radianceclinics.com/radiance-logo-mark.png,https://www.radianceclinics.com/treatments/hair-restoration/prp-gfc-scalp-therapy,Clinic branding,,,yes
https://www.radianceclinics.com/radiance-media-processed/portrait/doctor-image.webp,https://www.radianceclinics.com/treatments/hair-restoration/prp-gfc-scalp-therapy,Doctor or consultation,Dr. Satyarth Prakash at Radiance Clinics,Dr. Satyarth Prakash at Radiance Clinics,no
https://www.radianceclinics.com/radiance-media-processed/portrait/radiance-ba-hair-transplant-case001-front-before.webp,https://www.radianceclinics.com/treatments/hair-restoration/prp-gfc-scalp-therapy,Treatment result example,hair transplant case 001 front before,hair transplant case 001 front before,no
https://www.radianceclinics.com/radiance-media-processed/uncropped/radiance-doctor-satyarth-portrait-01.webp,https://www.radianceclinics.com/treatments/hair-restoration/prp-gfc-scalp-therapy,Doctor or consultation,"Dr. Satyarth Prakash, Founder and lead doctor at Radiance Clinics","Dr. Satyarth Prakash, Founder and lead doctor at Radiance Clinics",no
https://www.radianceclinics.com/radiance-logo-mark.png,https://www.radianceclinics.com/treatments/laser,Clinic branding,,,yes
https://www.radianceclinics.com/radiance-media-processed/landscape/radiance-equipment-laser-machines-01.webp,https://www.radianceclinics.com/treatments/laser,Recognition or media coverage,Laser and aesthetic equipment at Radiance Clinics,Laser and aesthetic equipment at Radiance Clinics,no
https://www.radianceclinics.com/radiance-media-processed/landscape/radiance-equipment-machine-cluster-01.webp,https://www.radianceclinics.com/treatments/laser,Recognition or media coverage,Multiple clinical treatment machines inside Radiance Clinics,Multiple clinical treatment machines inside Radiance Clinics,no
https://www.radianceclinics.com/radiance-logo-mark.png,https://www.radianceclinics.com/treatments/skin,Clinic branding,,,yes
https://www.radianceclinics.com/radiance-media-processed/landscape/radiance-clinic-consultation-room-01.webp,https://www.radianceclinics.com/treatments/skin,Doctor or consultation,Consultation room at Radiance Clinics,Consultation room at Radiance Clinics,no
https://www.radianceclinics.com/radiance-media-processed/landscape/radiance-hero-clinic-interior-secondary-01.webp,https://www.radianceclinics.com/treatments/skin,Recognition or media coverage,Modern reception interior of Radiance Skin and Hair Clinics,Modern reception interior of Radiance Skin and Hair Clinics,no
https://i.ytimg.com/vi/BQPUNACNzb8/maxresdefault.jpg,https://www.radianceclinics.com/treatments/skin-laser/acne-scar-revision,Page content image,,,yes
https://i1.ytimg.com/vi/xfxdFPkRLqU/hqdefault.jpg,https://www.radianceclinics.com/treatments/skin-laser/acne-scar-revision,Page content image,,,yes
https://www.radianceclinics.com/radiance-logo-mark.png,https://www.radianceclinics.com/treatments/skin-laser/acne-scar-revision,Clinic branding,,,yes
https://www.radianceclinics.com/radiance-media-processed/landscape/radiance-equipment-laser-machines-01.webp,https://www.radianceclinics.com/treatments/skin-laser/acne-scar-revision,Recognition or media coverage,Laser and aesthetic equipment at Radiance Clinics,Laser and aesthetic equipment at Radiance Clinics,no
https://www.radianceclinics.com/radiance-media-processed/landscape/radiance-equipment-machine-cluster-01.webp,https://www.radianceclinics.com/treatments/skin-laser/acne-scar-revision,Recognition or media coverage,Multiple clinical treatment machines inside Radiance Clinics,Multiple clinical treatment machines inside Radiance Clinics,no
https://www.radianceclinics.com/radiance-media-processed/uncropped/radiance-doctor-satyarth-portrait-01.webp,https://www.radianceclinics.com/treatments/skin-laser/acne-scar-revision,Doctor or consultation,"Dr. Satyarth Prakash, Founder and lead doctor at Radiance Clinics","Dr. Satyarth Prakash, Founder and lead doctor at Radiance Clinics",no
https://i.ytimg.com/vi/3M0QoafTNvE/maxresdefault.jpg,https://www.radianceclinics.com/treatments/skin-laser/laser-hair-reduction,Page content image,,,yes
https://i.ytimg.com/vi/Pr3_8J7hSOc/maxresdefault.jpg,https://www.radianceclinics.com/treatments/skin-laser/laser-hair-reduction,Page content image,,,yes
https://www.radianceclinics.com/radiance-logo-mark.png,https://www.radianceclinics.com/treatments/skin-laser/laser-hair-reduction,Clinic branding,,,yes
https://www.radianceclinics.com/radiance-media-processed/landscape/radiance-clinic-consultation-room-01.webp,https://www.radianceclinics.com/treatments/skin-laser/laser-hair-reduction,Doctor or consultation,Consultation room at Radiance Clinics,Consultation room at Radiance Clinics,no
https://www.radianceclinics.com/radiance-media-processed/landscape/radiance-equipment-machine-cluster-01.webp,https://www.radianceclinics.com/treatments/skin-laser/laser-hair-reduction,Recognition or media coverage,Multiple clinical treatment machines inside Radiance Clinics,Multiple clinical treatment machines inside Radiance Clinics,no
https://www.radianceclinics.com/radiance-media-processed/uncropped/radiance-doctor-satyarth-portrait-01.webp,https://www.radianceclinics.com/treatments/skin-laser/laser-hair-reduction,Doctor or consultation,"Dr. Satyarth Prakash, Founder and lead doctor at Radiance Clinics","Dr. Satyarth Prakash, Founder and lead doctor at Radiance Clinics",no
https://i.ytimg.com/vi/YMdp7tOWwMY/maxresdefault.jpg,https://www.radianceclinics.com/treatments/skin-laser/laser-pigmentation-program,Page content image,,,yes
https://i.ytimg.com/vi/ZL3MuB-gfLk/maxresdefault.jpg,https://www.radianceclinics.com/treatments/skin-laser/laser-pigmentation-program,Page content image,,,yes
https://www.radianceclinics.com/radiance-logo-mark.png,https://www.radianceclinics.com/treatments/skin-laser/laser-pigmentation-program,Clinic branding,,,yes
https://www.radianceclinics.com/radiance-media-processed/landscape/radiance-clinic-consultation-room-01.webp,https://www.radianceclinics.com/treatments/skin-laser/laser-pigmentation-program,Doctor or consultation,Consultation room at Radiance Clinics,Consultation room at Radiance Clinics,no
https://www.radianceclinics.com/radiance-media-processed/landscape/radiance-equipment-laser-machines-01.webp,https://www.radianceclinics.com/treatments/skin-laser/laser-pigmentation-program,Recognition or media coverage,Laser and aesthetic equipment at Radiance Clinics,Laser and aesthetic equipment at Radiance Clinics,no
https://www.radianceclinics.com/radiance-media-processed/uncropped/radiance-doctor-satyarth-portrait-01.webp,https://www.radianceclinics.com/treatments/skin-laser/laser-pigmentation-program,Doctor or consultation,"Dr. Satyarth Prakash, Founder and lead doctor at Radiance Clinics","Dr. Satyarth Prakash, Founder and lead doctor at Radiance Clinics",no
https://www.radianceclinics.com/radiance-logo-mark.png,https://www.radianceclinics.com/treatments/skin-wellness/bridal-glow-protocol,Clinic branding,,,yes
https://www.radianceclinics.com/radiance-media-processed/uncropped/radiance-doctor-satyarth-portrait-01.webp,https://www.radianceclinics.com/treatments/skin-wellness/bridal-glow-protocol,Doctor or consultation,"Dr. Satyarth Prakash, Founder and lead doctor at Radiance Clinics","Dr. Satyarth Prakash, Founder and lead doctor at Radiance Clinics",no
https://i.ytimg.com/vi/2LR2hoFp-tE/maxresdefault.jpg,https://www.radianceclinics.com/videos,Page content image,,,yes
https://i.ytimg.com/vi/7Ny-tRhYf9Y/sddefault.jpg,https://www.radianceclinics.com/videos,Page content image,,,yes
https://i.ytimg.com/vi/8qYMw935MF8/maxresdefault.jpg,https://www.radianceclinics.com/videos,Page content image,,,yes
https://i.ytimg.com/vi/C7VHHk1lhmM/maxresdefault.jpg,https://www.radianceclinics.com/videos,Page content image,,,yes
https://i.ytimg.com/vi/Fi1NkqlYHNQ/maxresdefault.jpg,https://www.radianceclinics.com/videos,Page content image,,,yes
https://i.ytimg.com/vi/k93g6kBe1SM/maxresdefault.jpg,https://www.radianceclinics.com/videos,Page content image,,,yes
https://i.ytimg.com/vi/knB1LRXlLjo/maxresdefault.jpg,https://www.radianceclinics.com/videos,Page content image,,,yes
https://i.ytimg.com/vi/oQYfz8JvdxI/maxresdefault.jpg,https://www.radianceclinics.com/videos,Page content image,,,yes
https://i.ytimg.com/vi/QIrzuJAEO-Y/maxresdefault.jpg,https://www.radianceclinics.com/videos,Page content image,,,yes
https://i.ytimg.com/vi/RVP4ItWm_r8/sddefault.jpg,https://www.radianceclinics.com/videos,Page content image,,,yes
https://i.ytimg.com/vi/S-iOA7L3gbM/maxresdefault.jpg,https://www.radianceclinics.com/videos,Page content image,,,yes
https://i.ytimg.com/vi/U514ZiZFf9w/maxresdefault.jpg,https://www.radianceclinics.com/videos,Page content image,,,yes
https://i.ytimg.com/vi/WignJ9dQJGM/maxresdefault.jpg,https://www.radianceclinics.com/videos,Page content image,,,yes
https://i.ytimg.com/vi/XDTqHq6tZCU/maxresdefault.jpg,https://www.radianceclinics.com/videos,Page content image,,,yes
https://i.ytimg.com/vi/zajGZw3BsSo/maxresdefault.jpg,https://www.radianceclinics.com/videos,Page content image,,,yes
https://i1.ytimg.com/vi/Lu8PX0YsIpU/hqdefault.jpg,https://www.radianceclinics.com/videos,Page content image,,,yes
https://i1.ytimg.com/vi/PhbvumkbZBs/hqdefault.jpg,https://www.radianceclinics.com/videos,Page content image,,,yes
https://i1.ytimg.com/vi/TNcrKs-6i78/hqdefault.jpg,https://www.radianceclinics.com/videos,Page content image,,,yes
https://i1.ytimg.com/vi/xfxdFPkRLqU/hqdefault.jpg,https://www.radianceclinics.com/videos,Page content image,,,yes
https://i2.ytimg.com/vi/e1_CJ4QjtaU/hqdefault.jpg,https://www.radianceclinics.com/videos,Page content image,,,yes
https://i2.ytimg.com/vi/MrMZVFY1XtI/hqdefault.jpg,https://www.radianceclinics.com/videos,Page content image,,,yes
https://i2.ytimg.com/vi/yC6AlIh5RjM/hqdefault.jpg,https://www.radianceclinics.com/videos,Page content image,,,yes
https://i4.ytimg.com/vi/sBVuXKjqcmM/hqdefault.jpg,https://www.radianceclinics.com/videos,Page content image,,,yes
https://i4.ytimg.com/vi/wPWhW8dRSsU/hqdefault.jpg,https://www.radianceclinics.com/videos,Page content image,,,yes
https://www.radianceclinics.com/radiance-logo-mark.png,https://www.radianceclinics.com/videos,Clinic branding,,,yes
https://i.ytimg.com/vi/RVP4ItWm_r8/sddefault.jpg,https://www.radianceclinics.com/videos/can-hair-fall-be-reversed,Page content image,,,yes
https://www.radianceclinics.com/radiance-logo-mark.png,https://www.radianceclinics.com/videos/can-hair-fall-be-reversed,Clinic branding,,,yes
https://www.radianceclinics.com/radiance-media-processed/uncropped/radiance-doctor-satyarth-portrait-01.webp,https://www.radianceclinics.com/videos/can-hair-fall-be-reversed,Doctor or consultation,"Dr. Satyarth Prakash, Founder and lead doctor at Radiance Clinics","Dr. Satyarth Prakash, Founder and lead doctor at Radiance Clinics",no
https://i.ytimg.com/vi/8qYMw935MF8/maxresdefault.jpg,https://www.radianceclinics.com/videos/choosing-a-hair-transplant-clinic,Page content image,,,yes
https://www.radianceclinics.com/radiance-logo-mark.png,https://www.radianceclinics.com/videos/choosing-a-hair-transplant-clinic,Clinic branding,,,yes
https://www.radianceclinics.com/radiance-media-processed/uncropped/radiance-doctor-satyarth-portrait-01.webp,https://www.radianceclinics.com/videos/choosing-a-hair-transplant-clinic,Doctor or consultation,"Dr. Satyarth Prakash, Founder and lead doctor at Radiance Clinics","Dr. Satyarth Prakash, Founder and lead doctor at Radiance Clinics",no
https://i.ytimg.com/vi/05pM0SrNg8o/maxresdefault.jpg,https://www.radianceclinics.com/videos/dandruff-and-scalp-care,Page content image,,,yes
https://www.radianceclinics.com/radiance-logo-mark.png,https://www.radianceclinics.com/videos/dandruff-and-scalp-care,Clinic branding,,,yes
https://www.radianceclinics.com/radiance-media-processed/uncropped/radiance-doctor-satyarth-portrait-01.webp,https://www.radianceclinics.com/videos/dandruff-and-scalp-care,Doctor or consultation,"Dr. Satyarth Prakash, Founder and lead doctor at Radiance Clinics","Dr. Satyarth Prakash, Founder and lead doctor at Radiance Clinics",no
https://i.ytimg.com/vi/WignJ9dQJGM/maxresdefault.jpg,https://www.radianceclinics.com/videos/does-hair-dye-damage-hair,Page content image,,,yes
https://www.radianceclinics.com/radiance-logo-mark.png,https://www.radianceclinics.com/videos/does-hair-dye-damage-hair,Clinic branding,,,yes
https://www.radianceclinics.com/radiance-media-processed/uncropped/radiance-doctor-satyarth-portrait-01.webp,https://www.radianceclinics.com/videos/does-hair-dye-damage-hair,Doctor or consultation,"Dr. Satyarth Prakash, Founder and lead doctor at Radiance Clinics","Dr. Satyarth Prakash, Founder and lead doctor at Radiance Clinics",no
https://i.ytimg.com/vi/_3Hy-y73XC4/maxresdefault.jpg,https://www.radianceclinics.com/videos/female-hair-loss-causes,Page content image,,,yes
https://www.radianceclinics.com/radiance-logo-mark.png,https://www.radianceclinics.com/videos/female-hair-loss-causes,Clinic branding,,,yes
https://www.radianceclinics.com/radiance-media-processed/uncropped/radiance-doctor-satyarth-portrait-01.webp,https://www.radianceclinics.com/videos/female-hair-loss-causes,Doctor or consultation,"Dr. Satyarth Prakash, Founder and lead doctor at Radiance Clinics","Dr. Satyarth Prakash, Founder and lead doctor at Radiance Clinics",no
https://i.ytimg.com/vi/QIrzuJAEO-Y/maxresdefault.jpg,https://www.radianceclinics.com/videos/hair-fall-during-bathing,Page content image,,,yes
https://www.radianceclinics.com/radiance-logo-mark.png,https://www.radianceclinics.com/videos/hair-fall-during-bathing,Clinic branding,,,yes
https://www.radianceclinics.com/radiance-media-processed/uncropped/radiance-doctor-satyarth-portrait-01.webp,https://www.radianceclinics.com/videos/hair-fall-during-bathing,Doctor or consultation,"Dr. Satyarth Prakash, Founder and lead doctor at Radiance Clinics","Dr. Satyarth Prakash, Founder and lead doctor at Radiance Clinics",no
https://i2.ytimg.com/vi/MrMZVFY1XtI/hqdefault.jpg,https://www.radianceclinics.com/videos/hair-loss-treatment-options,Page content image,,,yes
https://www.radianceclinics.com/radiance-logo-mark.png,https://www.radianceclinics.com/videos/hair-loss-treatment-options,Clinic branding,,,yes
https://www.radianceclinics.com/radiance-media-processed/uncropped/radiance-doctor-satyarth-portrait-01.webp,https://www.radianceclinics.com/videos/hair-loss-treatment-options,Doctor or consultation,"Dr. Satyarth Prakash, Founder and lead doctor at Radiance Clinics","Dr. Satyarth Prakash, Founder and lead doctor at Radiance Clinics",no
https://i.ytimg.com/vi/Kc-kwamHiJI/maxresdefault.jpg,https://www.radianceclinics.com/videos/hair-patch-vs-hair-transplant,Page content image,,,yes
https://www.radianceclinics.com/radiance-logo-mark.png,https://www.radianceclinics.com/videos/hair-patch-vs-hair-transplant,Clinic branding,,,yes
https://www.radianceclinics.com/radiance-media-processed/uncropped/radiance-doctor-satyarth-portrait-01.webp,https://www.radianceclinics.com/videos/hair-patch-vs-hair-transplant,Doctor or consultation,"Dr. Satyarth Prakash, Founder and lead doctor at Radiance Clinics","Dr. Satyarth Prakash, Founder and lead doctor at Radiance Clinics",no
https://i1.ytimg.com/vi/PhbvumkbZBs/hqdefault.jpg,https://www.radianceclinics.com/videos/hair-transplant-aftercare-day-by-day,Page content image,,,yes
https://www.radianceclinics.com/radiance-logo-mark.png,https://www.radianceclinics.com/videos/hair-transplant-aftercare-day-by-day,Clinic branding,,,yes
https://www.radianceclinics.com/radiance-media-processed/uncropped/radiance-doctor-satyarth-portrait-01.webp,https://www.radianceclinics.com/videos/hair-transplant-aftercare-day-by-day,Doctor or consultation,"Dr. Satyarth Prakash, Founder and lead doctor at Radiance Clinics","Dr. Satyarth Prakash, Founder and lead doctor at Radiance Clinics",no
https://i4.ytimg.com/vi/sBVuXKjqcmM/hqdefault.jpg,https://www.radianceclinics.com/videos/hair-transplant-costs-and-clinic-choice,Page content image,,,yes
https://www.radianceclinics.com/radiance-logo-mark.png,https://www.radianceclinics.com/videos/hair-transplant-costs-and-clinic-choice,Clinic branding,,,yes
https://www.radianceclinics.com/radiance-media-processed/uncropped/radiance-doctor-satyarth-portrait-01.webp,https://www.radianceclinics.com/videos/hair-transplant-costs-and-clinic-choice,Doctor or consultation,"Dr. Satyarth Prakash, Founder and lead doctor at Radiance Clinics","Dr. Satyarth Prakash, Founder and lead doctor at Radiance Clinics",no
https://i.ytimg.com/vi/9Oa4RYMsgNA/maxresdefault.jpg,https://www.radianceclinics.com/videos/hair-transplant-for-women,Page content image,,,yes
https://www.radianceclinics.com/radiance-logo-mark.png,https://www.radianceclinics.com/videos/hair-transplant-for-women,Clinic branding,,,yes
https://www.radianceclinics.com/radiance-media-processed/uncropped/radiance-doctor-satyarth-portrait-01.webp,https://www.radianceclinics.com/videos/hair-transplant-for-women,Doctor or consultation,"Dr. Satyarth Prakash, Founder and lead doctor at Radiance Clinics","Dr. Satyarth Prakash, Founder and lead doctor at Radiance Clinics",no
https://i.ytimg.com/vi/NDjLAH5OOs4/maxresdefault.jpg,https://www.radianceclinics.com/videos/hair-transplant-graft-planning,Page content image,,,yes
https://www.radianceclinics.com/radiance-logo-mark.png,https://www.radianceclinics.com/videos/hair-transplant-graft-planning,Clinic branding,,,yes
https://www.radianceclinics.com/radiance-media-processed/uncropped/radiance-doctor-satyarth-portrait-01.webp,https://www.radianceclinics.com/videos/hair-transplant-graft-planning,Doctor or consultation,"Dr. Satyarth Prakash, Founder and lead doctor at Radiance Clinics","Dr. Satyarth Prakash, Founder and lead doctor at Radiance Clinics",no
https://i.ytimg.com/vi/S-iOA7L3gbM/maxresdefault.jpg,https://www.radianceclinics.com/videos/hair-transplant-myths-and-facts,Page content image,,,yes
https://www.radianceclinics.com/radiance-logo-mark.png,https://www.radianceclinics.com/videos/hair-transplant-myths-and-facts,Clinic branding,,,yes
https://www.radianceclinics.com/radiance-media-processed/uncropped/radiance-doctor-satyarth-portrait-01.webp,https://www.radianceclinics.com/videos/hair-transplant-myths-and-facts,Doctor or consultation,"Dr. Satyarth Prakash, Founder and lead doctor at Radiance Clinics","Dr. Satyarth Prakash, Founder and lead doctor at Radiance Clinics",no
https://i.ytimg.com/vi/LGBwtKwa3-o/maxresdefault.jpg,https://www.radianceclinics.com/videos/hair-transplant-procedure-explained,Page content image,,,yes
https://www.radianceclinics.com/radiance-logo-mark.png,https://www.radianceclinics.com/videos/hair-transplant-procedure-explained,Clinic branding,,,yes
https://www.radianceclinics.com/radiance-media-processed/uncropped/radiance-doctor-satyarth-portrait-01.webp,https://www.radianceclinics.com/videos/hair-transplant-procedure-explained,Doctor or consultation,"Dr. Satyarth Prakash, Founder and lead doctor at Radiance Clinics","Dr. Satyarth Prakash, Founder and lead doctor at Radiance Clinics",no
https://i.ytimg.com/vi/2LR2hoFp-tE/maxresdefault.jpg,https://www.radianceclinics.com/videos/hair-transplant-safety,Page content image,,,yes
https://www.radianceclinics.com/radiance-logo-mark.png,https://www.radianceclinics.com/videos/hair-transplant-safety,Clinic branding,,,yes
https://www.radianceclinics.com/radiance-media-processed/uncropped/radiance-doctor-satyarth-portrait-01.webp,https://www.radianceclinics.com/videos/hair-transplant-safety,Doctor or consultation,"Dr. Satyarth Prakash, Founder and lead doctor at Radiance Clinics","Dr. Satyarth Prakash, Founder and lead doctor at Radiance Clinics",no
https://i2.ytimg.com/vi/e1_CJ4QjtaU/hqdefault.jpg,https://www.radianceclinics.com/videos/is-hair-transplant-painful,Page content image,,,yes
https://www.radianceclinics.com/radiance-logo-mark.png,https://www.radianceclinics.com/videos/is-hair-transplant-painful,Clinic branding,,,yes
https://www.radianceclinics.com/radiance-media-processed/uncropped/radiance-doctor-satyarth-portrait-01.webp,https://www.radianceclinics.com/videos/is-hair-transplant-painful,Doctor or consultation,"Dr. Satyarth Prakash, Founder and lead doctor at Radiance Clinics","Dr. Satyarth Prakash, Founder and lead doctor at Radiance Clinics",no
https://i1.ytimg.com/vi/Lu8PX0YsIpU/hqdefault.jpg,https://www.radianceclinics.com/videos/main-causes-of-hair-fall,Page content image,,,yes
https://www.radianceclinics.com/radiance-logo-mark.png,https://www.radianceclinics.com/videos/main-causes-of-hair-fall,Clinic branding,,,yes
https://www.radianceclinics.com/radiance-media-processed/uncropped/radiance-doctor-satyarth-portrait-01.webp,https://www.radianceclinics.com/videos/main-causes-of-hair-fall,Doctor or consultation,"Dr. Satyarth Prakash, Founder and lead doctor at Radiance Clinics","Dr. Satyarth Prakash, Founder and lead doctor at Radiance Clinics",no
https://i.ytimg.com/vi/YAjkqyKW1Jk/maxresdefault.jpg,https://www.radianceclinics.com/videos/receding-hairline-options,Page content image,,,yes
https://www.radianceclinics.com/radiance-logo-mark.png,https://www.radianceclinics.com/videos/receding-hairline-options,Clinic branding,,,yes
https://www.radianceclinics.com/radiance-media-processed/uncropped/radiance-doctor-satyarth-portrait-01.webp,https://www.radianceclinics.com/videos/receding-hairline-options,Doctor or consultation,"Dr. Satyarth Prakash, Founder and lead doctor at Radiance Clinics","Dr. Satyarth Prakash, Founder and lead doctor at Radiance Clinics",no
https://i.ytimg.com/vi/Hm6cVQEQGFI/maxresdefault.jpg,https://www.radianceclinics.com/videos/right-time-for-hair-transplant,Page content image,,,yes
https://www.radianceclinics.com/radiance-logo-mark.png,https://www.radianceclinics.com/videos/right-time-for-hair-transplant,Clinic branding,,,yes
https://www.radianceclinics.com/radiance-media-processed/uncropped/radiance-doctor-satyarth-portrait-01.webp,https://www.radianceclinics.com/videos/right-time-for-hair-transplant,Doctor or consultation,"Dr. Satyarth Prakash, Founder and lead doctor at Radiance Clinics","Dr. Satyarth Prakash, Founder and lead doctor at Radiance Clinics",no
https://i.ytimg.com/vi/k93g6kBe1SM/maxresdefault.jpg,https://www.radianceclinics.com/videos/why-is-my-hair-falling,Page content image,,,yes
https://www.radianceclinics.com/radiance-logo-mark.png,https://www.radianceclinics.com/videos/why-is-my-hair-falling,Clinic branding,,,yes
https://www.radianceclinics.com/radiance-media-processed/uncropped/radiance-doctor-satyarth-portrait-01.webp,https://www.radianceclinics.com/videos/why-is-my-hair-falling,Doctor or consultation,"Dr. Satyarth Prakash, Founder and lead doctor at Radiance Clinics","Dr. Satyarth Prakash, Founder and lead doctor at Radiance Clinics",no
https://www.radianceclinics.com/radiance-logo-mark.png,https://www.radianceclinics.com/wart-removal-bhubaneswar,Clinic branding,,,yes
https://www.radianceclinics.com/radiance-media-processed/landscape/radiance-skin-category.webp,https://www.radianceclinics.com/wart-removal-bhubaneswar,Doctor or consultation,Skin lesion consultation for wart removal at Radiance Clinics Bhubaneswar,Skin lesion consultation for wart removal at Radiance Clinics Bhubaneswar,no
https://www.radianceclinics.com/radiance-media-processed/uncropped/radiance-doctor-satyarth-portrait-01.webp,https://www.radianceclinics.com/wart-removal-bhubaneswar,Doctor or consultation,"Dr. Satyarth Prakash, Founder and lead doctor at Radiance Clinics","Dr. Satyarth Prakash, Founder and lead doctor at Radiance Clinics",no
