source_file,old_post_id,old_url,old_slug,old_title,old_content_type,new_content_type,category,subcategory,original_publish_date,original_modified_date,word_count,media_count,internal_links,external_links,seo_title,meta_description,potential_target_url,existing_new_equivalent,content_quality_score,historical_value_score,medical_review_required,recommended_action,notes
../output/markdown/clinic__about-us.md,,https://www.radianceclinics.com/about-us/,about-us,About Us,page,CLINIC_INFO,Clinic & Doctor,clinic,2022-07-15,,623,,0,0,,,/about,yes,100,91,no,EXPAND,source bucket GOOD; medical/editorial flags: \bflawless\b | \bmiracle\b
../output/markdown/skin__skin-care-treatments.md,,https://www.radianceclinics.com/skin-care-treatments/,skin-care-treatments,Skin Care Treatments,page,TREATMENT,Skin Health,skin,2022-08-04,,601,,0,0,,,/skin-clinic-bhubaneswar,yes,100,90,yes,EXPAND,source bucket GOOD; medical/editorial flags: \bwhiten(?:ing)?\b | \b(botox|filler|injectable)\b
../output/markdown/clinic__dermatology-clinic-in-bhubaneswar.md,,https://www.radianceclinics.com/dermatology-clinic-in-bhubaneswar/,dermatology-clinic-in-bhubaneswar,Dermatology Clinic in Bhubaneswar,page,PATIENT_GUIDE,Skin Health,clinic,2025-10-06,,513,,0,0,,,/skin-clinic-bhubaneswar,yes,100,86,yes,EXPAND,source bucket GOOD; no automated medical-risk phrase flag
../output/markdown/clinic__why-radiance-skin-and-hair-clinic-is-the-best-hair-loss-clinic-in-bhubaneswar.md,,https://www.radianceclinics.com/post/why-radiance-skin-and-hair-clinic-is-the-best-hair-loss-clinic-in-bhubaneswar/,why-radiance-skin-and-hair-clinic-is-the-best-hair-loss-clinic-in-bhubaneswar,Why Radiance Skin and Hair Clinic is the best hair loss clinic in Bhubaneswar,post,DOCTOR_ANSWER_CANDIDATE,Hair Loss & Scalp,clinic,2022-05-03,,448,,0,0,,,/concerns/hair-loss-scalp/hair-loss,yes,100,84,yes,CONVERT_TO_QA,source bucket GOOD; no automated medical-risk phrase flag
../output/markdown/clinic__radiance-clinics-awarded-times-health-icon-for-exceptional-contributions-in-cosmetology-and-hair-transplant.md,,https://www.radianceclinics.com/post/radiance-clinics-awarded-times-health-icon-for-exceptional-contributions-in-cosmetology-and-hair-transplant/,radiance-clinics-awarded-times-health-icon-for-exceptional-contributions-in-cosmetology-and-hair-transplant,Radiance Clinics: Awarded Times Health Icon for Exceptional Contributions in Cosmetology and Hair Transplant,post,TREATMENT,Hair Transplant,clinic,2024-06-29,,537,,0,0,,,/hair-transplant-bhubaneswar,yes,100,87,yes,EXPAND,source bucket GOOD; medical/editorial flags: \bflawless\b | \bmole\b | \bweight loss\b
../output/markdown/skin__acne-scars.md,,https://www.radianceclinics.com/acne-scars/,acne-scars,Acne Scars,page,CONCERN,Acne Scars,skin,2023-08-10,,584,,0,0,,,/acne-scar-treatment-bhubaneswar,yes,95,86,yes,EXPAND,source bucket GOOD; medical/editorial flags: \bpainless\b
../output/markdown/clinic__advantages-of-online-dermatologist-consultations.md,,https://www.radianceclinics.com/post/advantages-of-online-dermatologist-consultations/,advantages-of-online-dermatologist-consultations,Advantages of Online Dermatologist Consultations,post,ARTICLE,Skin Health,clinic,2022-01-31,,436,,0,0,,,/knowledge/advantages-of-online-dermatologist-consultations,no,95,80,yes,CONVERT_TO_GUIDE,source bucket GOOD; medical/editorial flags: \bprescri(?:be|ption)\b
../output/markdown/clinic__luminous-love-laser-facials-for-bridal-skincare-bliss.md,,https://www.radianceclinics.com/post/luminous-love-laser-facials-for-bridal-skincare-bliss/,luminous-love-laser-facials-for-bridal-skincare-bliss,Luminous Love: Laser Facials for Bridal Skincare Bliss,post,TREATMENT,Skin Health,clinic,2023-12-19,,446,,0,0,,,/knowledge/luminous-love-laser-facials-for-bridal-skincare-bliss,no,95,80,yes,REWRITE,source bucket GOOD; medical/editorial flags: \bflawless\b
../output/markdown/clinic__unlocking-the-secrets-of-skincare-and-hair-restoration-a-journey-with-radiance-clinics.md,,https://www.radianceclinics.com/post/unlocking-the-secrets-of-skincare-and-hair-restoration-a-journey-with-radiance-clinics/,unlocking-the-secrets-of-skincare-and-hair-restoration-a-journey-with-radiance-clinics,Unlocking the Secrets of Skincare and Hair Restoration: A Journey with Radiance Clinics,post,ARTICLE,Skin Health,clinic,2024-01-10,,559,,0,0,,,/knowledge/unlocking-the-secrets-of-skincare-and-hair-restoration-a-journey-with-radiance-clinics,no,95,85,yes,CONVERT_TO_GUIDE,source bucket GOOD; no automated medical-risk phrase flag
../output/markdown/clinic__transformative-insights-from-radiance-clinics-for-skin-and-hair-health.md,,https://www.radianceclinics.com/post/transformative-insights-from-radiance-clinics-for-skin-and-hair-health/,transformative-insights-from-radiance-clinics-for-skin-and-hair-health,Transformative Insights from Radiance Clinics for Skin and Hair Health,post,ARTICLE,Skin Health,clinic,2024-02-28,,564,,0,0,,,/knowledge/transformative-insights-from-radiance-clinics-for-skin-and-hair-health,no,95,85,yes,CONVERT_TO_GUIDE,source bucket GOOD; no automated medical-risk phrase flag
../output/markdown/clinic__hair-transplant-in-berhampur.md,,https://www.radianceclinics.com/hair-transplant-in-berhampur/,hair-transplant-in-berhampur,Hair Transplant in Berhampur,page,LOCATION,Hair Transplant,clinic,2022-08-20,,451,,0,0,,,/hair-transplant-bhubaneswar,yes,90,77,yes,REDIRECT,source bucket GOOD; no automated medical-risk phrase flag; legacy city page does not establish a clinic branch
../output/markdown/clinic__hair-regrowth-treatment.md,,https://www.radianceclinics.com/hair-regrowth-treatment/,hair-regrowth-treatment,Hair Regrowth Treatment,page,TREATMENT,Hair Loss & Scalp,clinic,2023-02-23,,429,,0,0,,,/concerns/hair-loss-scalp/hair-loss,yes,90,76,yes,EXPAND,source bucket GOOD; medical/editorial flags: \bprescri(?:be|ption)\b
../output/markdown/clinic__laser-hair-removal-radiance.md,,https://www.radianceclinics.com/laser-hair-removal-radiance/,laser-hair-removal-radiance,Laser Hair Removal,page,TREATMENT,Laser Hair Reduction,clinic,2023-08-09,,610,,0,0,,,/laser-hair-removal-bhubaneswar,yes,90,84,yes,EXPAND,source bucket GOOD; no automated medical-risk phrase flag
../output/markdown/clinic__mole-wart-removal.md,,https://www.radianceclinics.com/mole-wart-removal/,mole-wart-removal,Mole & Wart Removal,page,CONCERN,General Skin Concerns,clinic,2023-08-11,,565,,0,0,,,/concerns/other-skin-concerns/moles-and-warts,yes,90,82,yes,EXPAND,source bucket GOOD; medical/editorial flags: \bpainless\b | \bmole\b
../output/markdown/skin__best-treatment-for-a-healthy-hair-and-skin.md,,https://www.radianceclinics.com/post/best-treatment-for-a-healthy-hair-and-skin/,best-treatment-for-a-healthy-hair-and-skin,Best Treatment For a Healthy Hair and Skin,post,TREATMENT,Skin Health,skin,2021-12-07,,614,,0,0,,,/knowledge/best-treatment-for-a-healthy-hair-and-skin,no,90,84,yes,REWRITE,source bucket GOOD; medical/editorial flags: \bcure[sd]?\b
../output/markdown/clinic__hair-loss-and-hair-thinning.md,,https://www.radianceclinics.com/post/hair-loss-and-hair-thinning/,hair-loss-and-hair-thinning,Hair Loss and Hair Thinning,post,CONCERN,Hair Loss & Scalp,clinic,2022-02-04,,903,,0,0,,,/concerns/hair-loss-scalp/hair-loss,yes,90,92,yes,EXPAND,source bucket GOOD; medical/editorial flags: \bpregnan(?:cy|t)\b
../output/markdown/skin__when-you-need-to-be-at-the-best-skin-clinic.md,,https://www.radianceclinics.com/post/when-you-need-to-be-at-the-best-skin-clinic/,when-you-need-to-be-at-the-best-skin-clinic,When You Need To Be At The Skin Clinic,post,DOCTOR_ANSWER_CANDIDATE,Skin Health,skin,2022-11-21,,452,,0,0,,,/knowledge/when-you-need-to-be-at-the-best-skin-clinic,no,90,77,yes,CONVERT_TO_QA,source bucket GOOD; medical/editorial flags: \bprescri(?:be|ption)\b | \b(botox|filler|injectable)\b | \bweight loss\b
../output/markdown/clinic__how-to-ensure-the-success-of-hair-transplant-having-it-at-a-hair-transplant.md,,https://www.radianceclinics.com/post/how-to-ensure-the-success-of-hair-transplant-having-it-at-a-hair-transplant/,how-to-ensure-the-success-of-hair-transplant-having-it-at-a-hair-transplant,How to ensure the success of hair transplant having it at a hair transplant,post,DOCTOR_ANSWER_CANDIDATE,Hair Transplant,clinic,2022-09-23,,452,,0,0,,,/hair-transplant-bhubaneswar,yes,90,77,yes,CONVERT_TO_QA,source bucket GOOD; medical/editorial flags: \bpermanent(?:ly)?\b
../output/markdown/skin__the-best-acne-scar-treatments-to-boost-your-confidence.md,,https://www.radianceclinics.com/post/the-best-acne-scar-treatments-to-boost-your-confidence/,the-best-acne-scar-treatments-to-boost-your-confidence,The Best Acne Scar Treatments to Boost Your Confidence,post,TREATMENT,Acne Scars,skin,2023-05-24,,487,,0,0,,,/acne-scar-treatment-bhubaneswar,yes,90,79,yes,EXPAND,source bucket GOOD; medical/editorial flags: \b(botox|filler|injectable)\b
../output/markdown/clinic__specialized-wart-removal-services-for-flawless-skin.md,,https://www.radianceclinics.com/post/specialized-wart-removal-services-for-flawless-skin/,specialized-wart-removal-services-for-flawless-skin,Specialized Wart Removal Services for Flawless Skin,post,CONCERN,General Skin Concerns,clinic,2023-07-25,,479,,0,0,,,/concerns/other-skin-concerns/moles-and-warts,yes,90,78,yes,EXPAND,source bucket GOOD; medical/editorial flags: \bguarantee[sd]?\b | \bflawless\b | \bpainless\b
../output/markdown/hair__why-radiance-skin-and-hair-clinic-is-the-ideal-choice-for-hair-loss-treatment.md,,https://www.radianceclinics.com/post/why-radiance-skin-and-hair-clinic-is-the-ideal-choice-for-hair-loss-treatment/,why-radiance-skin-and-hair-clinic-is-the-ideal-choice-for-hair-loss-treatment,Why Radiance Skin and Hair Clinic is the Ideal Choice for Hair Loss Treatment,post,DOCTOR_ANSWER_CANDIDATE,Hair Loss & Scalp,hair,2023-11-11,,452,,0,0,,,/concerns/hair-loss-scalp/hair-loss,yes,90,77,yes,CONVERT_TO_QA,source bucket GOOD; no automated medical-risk phrase flag
../output/markdown/clinic__acne-check-peel-your-comprehensive-guide-to-clearer-skin.md,,https://www.radianceclinics.com/post/acne-check-peel-your-comprehensive-guide-to-clearer-skin/,acne-check-peel-your-comprehensive-guide-to-clearer-skin,Acne Check Peel: Your Comprehensive Guide to Clearer Skin,post,TREATMENT,Acne,clinic,2023-12-12,,460,,0,0,,,/concerns/acne/acne,yes,90,78,yes,EXPAND,source bucket GOOD; medical/editorial flags: \bno downtime\b
../output/markdown/hair__tackling-hair-loss-a-guide-to-top-notch-hair-transplant-clinics.md,,https://www.radianceclinics.com/post/tackling-hair-loss-a-guide-to-top-notch-hair-transplant-clinics/,tackling-hair-loss-a-guide-to-top-notch-hair-transplant-clinics,Tackling Hair Loss: A Guide to Top-notch Hair Transplant Clinics,post,TREATMENT,Hair Transplant,hair,2024-02-10,,546,,0,0,,,/hair-transplant-bhubaneswar,yes,90,81,yes,EXPAND,source bucket GOOD; medical/editorial flags: \bpermanent(?:ly)?\b
../output/markdown/clinic__can-you-reverse-signs-of-ageing-with-anti-ageing-treatment.md,,https://www.radianceclinics.com/post/can-you-reverse-signs-of-ageing-with-anti-ageing-treatment/,can-you-reverse-signs-of-ageing-with-anti-ageing-treatment,Can You Reverse Signs of Ageing with Anti Ageing Treatment,post,CLINIC_INFO,Clinic & Doctor,clinic,2025-05-31,,694,,0,0,,,/about,yes,90,87,no,EXPAND,source bucket GOOD; medical/editorial flags: \b(botox|filler|injectable)\b
../output/markdown/clinic__where-can-i-get-painless-wart-removal-treatment.md,,https://www.radianceclinics.com/post/where-can-i-get-painless-wart-removal-treatment/,where-can-i-get-painless-wart-removal-treatment,Where can I Get Painless Wart Removal Treatment,post,DOCTOR_ANSWER_CANDIDATE,General Skin Concerns,clinic,2025-07-17,,595,,0,0,,,/concerns/other-skin-concerns/moles-and-warts,yes,90,83,yes,CONVERT_TO_QA,source bucket GOOD; medical/editorial flags: \bpainless\b
../output/markdown/hair__what-common-mistakes-can-make-your-hair-transplant-more-expensive.md,,https://www.radianceclinics.com/post/what-common-mistakes-can-make-your-hair-transplant-more-expensive/,what-common-mistakes-can-make-your-hair-transplant-more-expensive,What Common Mistakes Can Make Your Hair Transplant More Expensive?,post,DOCTOR_ANSWER_CANDIDATE,Hair Transplant,hair,2026-01-30,,588,,0,0,,,/hair-transplant-bhubaneswar,yes,90,83,yes,CONVERT_TO_QA,source bucket GOOD; medical/editorial flags: \bpermanent(?:ly)?\b
../output/markdown/clinic__is-hair-restoration-worth-the-investment.md,,https://www.radianceclinics.com/post/is-hair-restoration-worth-the-investment/,is-hair-restoration-worth-the-investment,Is Hair Restoration Worth the Investment?,post,CLINIC_INFO,Clinic & Doctor,clinic,2026-02-28,,520,,0,0,,,/about,yes,90,80,no,EXPAND,source bucket GOOD; medical/editorial flags: \bpermanent(?:ly)?\b
../output/markdown/clinic__common-myths-about-laser-hair-removal-treatments.md,,https://www.radianceclinics.com/post/common-myths-about-laser-hair-removal-treatments/,common-myths-about-laser-hair-removal-treatments,Common Myths about Laser Hair Removal Treatments,post,TREATMENT,Laser Hair Reduction,clinic,2026-04-17,,556,,0,0,,,/laser-hair-removal-bhubaneswar,yes,90,82,yes,EXPAND,source bucket GOOD; medical/editorial flags: \bpermanent(?:ly)?\b
../output/markdown/clinic__hair-transplant-in-puri.md,,https://www.radianceclinics.com/hair-transplant-in-puri/,hair-transplant-in-puri,Hair Transplant in Puri,page,LOCATION,Hair Transplant,clinic,2022-08-08,,418,,0,0,,,/hair-transplant-bhubaneswar,yes,85,73,yes,REDIRECT,source bucket GOOD; medical/editorial flags: \bguarantee[sd]?\b | \bprescri(?:be|ption)\b; legacy city page does not establish a clinic branch
../output/markdown/hair__hair-transplant-in-raipur.md,,https://www.radianceclinics.com/hair-transplant-in-raipur/,hair-transplant-in-raipur,Hair Transplant in Raipur,page,LOCATION,Hair Transplant,hair,2023-02-10,,441,,0,0,,,/hair-transplant-bhubaneswar,yes,85,74,yes,REDIRECT,source bucket GOOD; medical/editorial flags: \bpainless\b; legacy city page does not establish a clinic branch
../output/markdown/hair__hair-transplant-in-cuttack.md,,https://www.radianceclinics.com/hair-transplant-in-cuttack/,hair-transplant-in-cuttack,Hair Transplant in Cuttack,page,LOCATION,Hair Transplant,hair,2023-02-10,,501,,0,0,,,/hair-transplant-bhubaneswar,yes,85,76,yes,REDIRECT,source bucket GOOD; no automated medical-risk phrase flag; legacy city page does not establish a clinic branch
../output/markdown/clinic__hair-transplant-in-jajpur.md,,https://www.radianceclinics.com/hair-transplant-in-jajpur/,hair-transplant-in-jajpur,Hair Transplant in Jajpur,page,LOCATION,Hair Transplant,clinic,2023-02-10,,535,,0,0,,,/hair-transplant-bhubaneswar,yes,85,78,yes,REDIRECT,source bucket GOOD; medical/editorial flags: \bprescri(?:be|ption)\b; legacy city page does not establish a clinic branch
../output/markdown/clinic__laser-lipolysis-treatment.md,,https://www.radianceclinics.com/laser-lipolysis-treatment/,laser-lipolysis-treatment,Laser Lipolysis Treatment,page,TREATMENT,Skin Health,clinic,2023-02-23,,430,,0,0,,,/skin-clinic-bhubaneswar,yes,85,73,yes,EXPAND,source bucket GOOD; no automated medical-risk phrase flag
../output/markdown/clinic__weight-loss-radiance.md,,https://www.radianceclinics.com/weight-loss-radiance/,weight-loss-radiance,Weight Loss Management,page,CLINIC_INFO,Clinic & Doctor,clinic,2023-08-11,,525,,0,0,,,/about,yes,85,77,no,EXPAND,source bucket GOOD; medical/editorial flags: \bweight loss\b
../output/markdown/clinic__hair-loss-treatments.md,,https://www.radianceclinics.com/hair-loss-treatments/,hair-loss-treatments,Hair Loss Treatments,page,TREATMENT,Hair Loss & Scalp,clinic,2023-08-13,,533,,0,0,,,/concerns/hair-loss-scalp/hair-loss,yes,85,77,yes,EXPAND,source bucket GOOD; medical/editorial flags: \bpermanent(?:ly)?\b | \bpregnan(?:cy|t)\b
../output/markdown/clinic__hair-transplantation.md,,https://www.radianceclinics.com/hair-transplantation/,hair-transplantation,Hair Transplant,page,TREATMENT,Hair Transplant,clinic,2023-08-15,,619,,0,0,,,/hair-transplant-bhubaneswar,yes,85,81,yes,EXPAND,source bucket GOOD; no automated medical-risk phrase flag
../output/markdown/clinic__high-density-hair-transplant.md,,https://www.radianceclinics.com/high-density-hair-transplant/,high-density-hair-transplant,High Density Hair Transplant,page,TREATMENT,Hair Transplant,clinic,2023-08-15,,576,,0,0,,,/hair-transplant-bhubaneswar,yes,85,79,yes,EXPAND,source bucket GOOD; no automated medical-risk phrase flag
../output/markdown/clinic__beard-mustache-transplant.md,,https://www.radianceclinics.com/beard-mustache-transplant/,beard-mustache-transplant,Beard & Mustache Transplant,page,CLINIC_INFO,Clinic & Doctor,clinic,2023-08-18,,557,,0,0,,,/concerns/hair-transplant/beard-transplant,yes,85,78,no,EXPAND,source bucket GOOD; no automated medical-risk phrase flag
../output/markdown/clinic__body-hair-removal.md,,https://www.radianceclinics.com/post/body-hair-removal/,body-hair-removal,Body Hair Removal,post,ARTICLE,Laser Hair Reduction,clinic,2022-12-15,,537,,0,0,,,/laser-hair-removal-bhubaneswar,yes,85,78,yes,EXPAND,source bucket GOOD; medical/editorial flags: \bpainless\b
../output/markdown/clinic__best-dermatologist-for-acne-an-treatment.md,,https://www.radianceclinics.com/post/best-dermatologist-for-acne-an-treatment/,best-dermatologist-for-acne-an-treatment,What to Expect when Visiting a Dermatologist for an Acne Treatment,post,DOCTOR_ANSWER_CANDIDATE,Acne,clinic,2022-11-15,,464,,0,0,,,/concerns/acne/acne,yes,85,75,yes,CONVERT_TO_QA,source bucket GOOD; medical/editorial flags: \bprescri(?:be|ption)\b
../output/markdown/clinic__the-ideal-clinic-to-have-acne-treatment-in-bhubaneswar-is-radiance-skin-and-hair-clinics.md,,https://www.radianceclinics.com/post/the-ideal-clinic-to-have-acne-treatment-in-bhubaneswar-is-radiance-skin-and-hair-clinics/,the-ideal-clinic-to-have-acne-treatment-in-bhubaneswar-is-radiance-skin-and-hair-clinics,The ideal clinic to have acne treatment in Bhubaneswar is Radiance Skin and Hair Clinics,post,TREATMENT,Acne,clinic,2022-08-01,,469,,0,0,,,/concerns/acne/acne,yes,85,75,yes,EXPAND,source bucket GOOD; no automated medical-risk phrase flag
../output/markdown/clinic__is-it-safe-to-have-a-hair-transplant-in-bhubaneswar-at-radiance-skin-and-hair-clinic.md,,https://www.radianceclinics.com/post/is-it-safe-to-have-a-hair-transplant-in-bhubaneswar-at-radiance-skin-and-hair-clinic/,is-it-safe-to-have-a-hair-transplant-in-bhubaneswar-at-radiance-skin-and-hair-clinic,Is it safe to have a hair transplant in Bhubaneswar at Radiance Skin and Hair Clinic,post,LOCATION,Hair Transplant,clinic,2022-04-24,,455,,0,0,,,/hair-transplant-bhubaneswar,yes,85,74,yes,EXPAND,source bucket GOOD; medical/editorial flags: \bpermanent(?:ly)?\b
../output/markdown/clinic__a-complete-guide-to-know-about-botox-treatment.md,,https://www.radianceclinics.com/post/a-complete-guide-to-know-about-botox-treatment/,a-complete-guide-to-know-about-botox-treatment,A Complete Guide to Know About Botox Treatment in Bhubaneswar,post,TREATMENT,Ageing & Aesthetics,clinic,2022-02-10,,536,,0,0,,,/botox-treatment-bhubaneswar,yes,85,78,yes,EXPAND,source bucket GOOD; medical/editorial flags: \b(botox|filler|injectable)\b
../output/markdown/clinic__how-effective-is-having-laser-hair-removal-in-bhubaneswar.md,,https://www.radianceclinics.com/post/how-effective-is-having-laser-hair-removal-in-bhubaneswar/,how-effective-is-having-laser-hair-removal-in-bhubaneswar,How Effective is Having Laser Hair Removal in Bhubaneswar,post,DOCTOR_ANSWER_CANDIDATE,Laser Hair Reduction,clinic,2023-01-16,,457,,0,0,,,/laser-hair-removal-bhubaneswar,yes,85,74,yes,CONVERT_TO_QA,source bucket GOOD; medical/editorial flags: \bpermanent(?:ly)?\b
../output/markdown/skin__radiance-skin-clinics-your-solution-for-skin-issues.md,,https://www.radianceclinics.com/post/radiance-skin-clinics-your-solution-for-skin-issues/,radiance-skin-clinics-your-solution-for-skin-issues,Radiance Skin Clinics: Your Solution for Skin Issues,post,ARTICLE,Skin Health,skin,2023-02-20,,463,,0,0,,,/knowledge/radiance-skin-clinics-your-solution-for-skin-issues,no,85,75,yes,CONVERT_TO_GUIDE,source bucket GOOD; medical/editorial flags: \bwhiten(?:ing)?\b
../output/markdown/skin__do-not-get-frustrated-having-skin-issues.md,,https://www.radianceclinics.com/post/do-not-get-frustrated-having-skin-issues/,do-not-get-frustrated-having-skin-issues,Do not get frustrated having skin issues – Radiance Skin and Hair Clinics has the solution,post,DOCTOR_ANSWER_CANDIDATE,Skin Health,skin,2023-03-16,,464,,0,0,,,/knowledge/do-not-get-frustrated-having-skin-issues,no,85,75,yes,CONVERT_TO_QA,source bucket GOOD; medical/editorial flags: \bwhiten(?:ing)?\b
../output/markdown/clinic__why-a-hair-wig-is-an-ideal-solution-for-hair-loss.md,,https://www.radianceclinics.com/post/why-a-hair-wig-is-an-ideal-solution-for-hair-loss/,why-a-hair-wig-is-an-ideal-solution-for-hair-loss,Why a hair wig is an ideal solution for hair loss,post,DOCTOR_ANSWER_CANDIDATE,Hair Loss & Scalp,clinic,2023-03-31,,523,,0,0,,,/concerns/hair-loss-scalp/hair-loss,yes,85,77,yes,CONVERT_TO_QA,source bucket GOOD; no automated medical-risk phrase flag
../output/markdown/skin__reasons-to-have-professional-treatment-for-acne.md,,https://www.radianceclinics.com/post/reasons-to-have-professional-treatment-for-acne/,reasons-to-have-professional-treatment-for-acne,Reasons to have Professional Treatment for Acne,post,TREATMENT,Acne,skin,2023-04-12,,519,,0,0,,,/concerns/acne/acne,yes,85,77,yes,EXPAND,source bucket GOOD; medical/editorial flags: \bpermanent(?:ly)?\b | \bprescri(?:be|ption)\b
../output/markdown/clinic__skincare-mythbusters-debunking-common-misconceptions-about-skin-health.md,,https://www.radianceclinics.com/post/skincare-mythbusters-debunking-common-misconceptions-about-skin-health/,skincare-mythbusters-debunking-common-misconceptions-about-skin-health,Skincare Mythbusters: Debunking Common Misconceptions about Skin Health,post,ARTICLE,Skin Health,clinic,2023-06-19,,430,,0,0,,,/knowledge/skincare-mythbusters-debunking-common-misconceptions-about-skin-health,no,85,73,yes,CONVERT_TO_GUIDE,source bucket GOOD; no automated medical-risk phrase flag
../output/markdown/clinic__understanding-male-specific-skin-concerns-expert-insights-and-solutions.md,,https://www.radianceclinics.com/post/understanding-male-specific-skin-concerns-expert-insights-and-solutions/,understanding-male-specific-skin-concerns-expert-insights-and-solutions,Understanding Male-Specific Skin Concerns: Expert Insights and Solutions,post,CONCERN,Pigmentation,clinic,2023-08-02,,476,,0,0,,,/pigmentation-treatment-bhubaneswar,yes,85,75,yes,EXPAND,source bucket GOOD; no automated medical-risk phrase flag
../output/markdown/hair__radiance-skin-and-hair-clinics-your-ideal-destination-for-hair-transplants.md,,https://www.radianceclinics.com/post/radiance-skin-and-hair-clinics-your-ideal-destination-for-hair-transplants/,radiance-skin-and-hair-clinics-your-ideal-destination-for-hair-transplants,Radiance Skin and Hair Clinics: Your Ideal Destination for Hair Transplants,post,TREATMENT,Hair Transplant,hair,2023-10-20,,463,,0,0,,,/hair-transplant-bhubaneswar,yes,85,75,yes,EXPAND,source bucket GOOD; no automated medical-risk phrase flag
../output/markdown/clinic__the-ultimate-guide-to-body-hair-removal-in-odishas-aesthetic-hub.md,,https://www.radianceclinics.com/post/the-ultimate-guide-to-body-hair-removal-in-odishas-aesthetic-hub/,the-ultimate-guide-to-body-hair-removal-in-odishas-aesthetic-hub,The Ultimate Guide to Body Hair Removal in Odisha's Aesthetic Hub,post,ARTICLE,Laser Hair Reduction,clinic,2023-11-16,,441,,0,0,,,/laser-hair-removal-bhubaneswar,yes,85,74,yes,EXPAND,source bucket GOOD; medical/editorial flags: \bpermanent(?:ly)?\b
../output/markdown/skin__discovering-the-best-solutions-for-acne-scar-treatment.md,,https://www.radianceclinics.com/post/discovering-the-best-solutions-for-acne-scar-treatment/,discovering-the-best-solutions-for-acne-scar-treatment,Discovering the Best Solutions for Acne Scar Treatment,post,TREATMENT,Acne Scars,skin,2024-04-13,,419,,0,0,,,/acne-scar-treatment-bhubaneswar,yes,85,73,yes,EXPAND,source bucket GOOD; medical/editorial flags: \bpainless\b
../output/markdown/hair__what-is-the-best-hair-transplant-for-density.md,,https://www.radianceclinics.com/post/what-is-the-best-hair-transplant-for-density/,what-is-the-best-hair-transplant-for-density,What is the best hair transplant for density?,post,DOCTOR_ANSWER_CANDIDATE,Hair Transplant,hair,2024-08-21,,581,,0,0,,,/hair-transplant-bhubaneswar,yes,85,79,yes,CONVERT_TO_QA,source bucket GOOD; no automated medical-risk phrase flag
../output/markdown/clinic__who-is-the-ideal-candidate-for-a-hair-transplant.md,,https://www.radianceclinics.com/post/who-is-the-ideal-candidate-for-a-hair-transplant/,who-is-the-ideal-candidate-for-a-hair-transplant,Who is the Ideal Candidate for a Hair Transplant?,post,DOCTOR_ANSWER_CANDIDATE,Hair Transplant,clinic,2024-10-17,,403,,0,0,,,/hair-transplant-bhubaneswar,yes,85,72,yes,CONVERT_TO_QA,source bucket GOOD; medical/editorial flags: \bcure[sd]?\b | \bmiracle\b
../output/markdown/clinic__laser-vs-waxing-which-hair-removal-method-is-right-for-you.md,,https://www.radianceclinics.com/post/laser-vs-waxing-which-hair-removal-method-is-right-for-you/,laser-vs-waxing-which-hair-removal-method-is-right-for-you,Laser vs. Waxing: Which Hair Removal Method is Right for You?,post,TREATMENT,Laser Hair Reduction,clinic,2025-03-14,,604,,0,0,,,/laser-hair-removal-bhubaneswar,yes,85,80,yes,EXPAND,source bucket GOOD; medical/editorial flags: \bpermanent(?:ly)?\b
../output/markdown/hair__what-causes-hair-loss-and-how-it-can-be-treated.md,,https://www.radianceclinics.com/post/what-causes-hair-loss-and-how-it-can-be-treated/,what-causes-hair-loss-and-how-it-can-be-treated,What Causes Hair Loss and How It Can Be Treated,post,DOCTOR_ANSWER_CANDIDATE,Hair Loss & Scalp,hair,2025-04-19,,778,,0,0,,,/concerns/hair-loss-scalp/hair-loss,yes,85,88,yes,CONVERT_TO_QA,source bucket GOOD; medical/editorial flags: \bpermanent(?:ly)?\b
../output/markdown/clinic__how-effective-are-weight-loss-clinics-for-belly-fat-reduction.md,,https://www.radianceclinics.com/post/how-effective-are-weight-loss-clinics-for-belly-fat-reduction/,how-effective-are-weight-loss-clinics-for-belly-fat-reduction,How Effective Are Weight Loss Clinics for Belly Fat Reduction?,post,CLINIC_INFO,Clinic & Doctor,clinic,2025-04-28,,498,,0,0,,,/about,yes,85,76,no,EXPAND,source bucket GOOD; medical/editorial flags: \bweight loss\b
../output/markdown/clinic__how-many-prp-sessions-are-needed-for-visible-hair-growth.md,,https://www.radianceclinics.com/post/how-many-prp-sessions-are-needed-for-visible-hair-growth/,how-many-prp-sessions-are-needed-for-visible-hair-growth,How Many PRP Sessions Are Needed for Visible Hair Growth,post,DOCTOR_ANSWER_CANDIDATE,Hair Loss & Scalp,clinic,2025-11-27,,433,,0,0,,,/treatments/hair-restoration/prp-gfc-scalp-therapy,yes,85,73,yes,CONVERT_TO_QA,source bucket GOOD; no automated medical-risk phrase flag
../output/markdown/hair__when-is-the-perfect-time-to-restore-your-hair.md,,https://www.radianceclinics.com/post/when-is-the-perfect-time-to-restore-your-hair/,when-is-the-perfect-time-to-restore-your-hair,When Is the Perfect Time to Restore Your Hair?,post,DOCTOR_ANSWER_CANDIDATE,Other,hair,2025-12-18,,518,,0,0,,,/knowledge/when-is-the-perfect-time-to-restore-your-hair,no,85,77,yes,CONVERT_TO_QA,source bucket GOOD; no automated medical-risk phrase flag
../output/markdown/hair__what-are-the-most-common-myths-about-surgical-hair-restoration.md,,https://www.radianceclinics.com/post/what-are-the-most-common-myths-about-surgical-hair-restoration/,what-are-the-most-common-myths-about-surgical-hair-restoration,What are the Most Common Myths About Surgical Hair Restoration?,post,CLINIC_INFO,Clinic & Doctor,hair,2025-12-30,,555,,0,0,,,/about,yes,85,78,no,EXPAND,source bucket GOOD; medical/editorial flags: \bguarantee[sd]?\b
../output/markdown/clinic__how-to-know-if-youre-a-good-candidate-for-fue-or-fut.md,,https://www.radianceclinics.com/post/how-to-know-if-youre-a-good-candidate-for-fue-or-fut/,how-to-know-if-youre-a-good-candidate-for-fue-or-fut,How to Know If You’re a Good Candidate for FUE or FUT?,post,DOCTOR_ANSWER_CANDIDATE,Hair Transplant,clinic,2026-01-13,,546,,0,0,,,/hair-transplant-bhubaneswar,yes,85,78,yes,CONVERT_TO_QA,source bucket GOOD; no automated medical-risk phrase flag
../output/markdown/clinic__how-does-hair-loss-affect-an-individuals-confidence-level.md,,https://www.radianceclinics.com/post/how-does-hair-loss-affect-an-individuals-confidence-level/,how-does-hair-loss-affect-an-individuals-confidence-level,How Does Hair Loss Affect an Individual’s Confidence Level,post,DOCTOR_ANSWER_CANDIDATE,Hair Loss & Scalp,clinic,2026-02-14,,560,,0,0,,,/concerns/hair-loss-scalp/hair-loss,yes,85,79,yes,CONVERT_TO_QA,source bucket GOOD; medical/editorial flags: \bpermanent(?:ly)?\b
../output/markdown/hair__why-do-some-people-regret-getting-a-hair-transplant-too-early.md,,https://www.radianceclinics.com/post/why-do-some-people-regret-getting-a-hair-transplant-too-early/,why-do-some-people-regret-getting-a-hair-transplant-too-early,Why Do Some People Regret Getting a Hair Transplant Too Early,post,DOCTOR_ANSWER_CANDIDATE,Hair Transplant,hair,2026-05-20,,542,,0,0,,,/hair-transplant-bhubaneswar,yes,85,78,yes,CONVERT_TO_QA,source bucket GOOD; medical/editorial flags: \bpermanent(?:ly)?\b
../output/markdown/clinic__hair-transplant-in-rourkela.md,,https://www.radianceclinics.com/hair-transplant-in-rourkela/,hair-transplant-in-rourkela,Hair transplant in Rourkela,page,LOCATION,Hair Transplant,clinic,2022-08-09,,430,,0,0,,,/hair-transplant-bhubaneswar,yes,80,70,yes,REDIRECT,source bucket GOOD; medical/editorial flags: \bprescri(?:be|ption)\b; legacy city page does not establish a clinic branch
../output/markdown/clinic__hair-transplant-in-sambalpur.md,,https://www.radianceclinics.com/hair-transplant-in-sambalpur/,hair-transplant-in-sambalpur,Hair transplant in Sambalpur,page,LOCATION,Hair Transplant,clinic,2022-08-20,,412,,0,0,,,/hair-transplant-bhubaneswar,yes,80,69,yes,REDIRECT,source bucket GOOD; medical/editorial flags: \bprescri(?:be|ption)\b | \bpregnan(?:cy|t)\b; legacy city page does not establish a clinic branch
../output/markdown/clinic__hair-transplant-in-angul.md,,https://www.radianceclinics.com/hair-transplant-in-angul/,hair-transplant-in-angul,Hair Transplant in Angul,page,LOCATION,Hair Transplant,clinic,2023-02-10,,515,,0,0,,,/hair-transplant-bhubaneswar,yes,80,73,yes,REDIRECT,source bucket GOOD; medical/editorial flags: \bpermanent(?:ly)?\b | \bprescri(?:be|ption)\b; legacy city page does not establish a clinic branch
../output/markdown/clinic__hair-transplant-in-koraput.md,,https://www.radianceclinics.com/hair-transplant-in-koraput/,hair-transplant-in-koraput,Hair Transplant in Koraput,page,LOCATION,Hair Transplant,clinic,2023-02-10,,537,,0,0,,,/hair-transplant-bhubaneswar,yes,80,74,yes,REDIRECT,source bucket GOOD; medical/editorial flags: \bpainless\b; legacy city page does not establish a clinic branch
../output/markdown/clinic__tan-removal.md,,https://www.radianceclinics.com/tan-removal/,tan-removal,Sunspots Treatment Bhubaneswar,page,TREATMENT,Pigmentation,clinic,2023-02-13,,419,,0,0,,,/pigmentation-treatment-bhubaneswar,yes,80,69,yes,EXPAND,source bucket GOOD; medical/editorial flags: \bwhiten(?:ing)?\b | \bprescri(?:be|ption)\b
../output/markdown/clinic__split-ear-repair.md,,https://www.radianceclinics.com/split-ear-repair/,split-ear-repair,Split Ear Repair,page,CONCERN,Scars & Stretch Marks,clinic,2023-02-18,,414,,0,0,,,/knowledge,no,80,69,yes,REWRITE,source bucket GOOD; medical/editorial flags: \bpermanent(?:ly)?\b | \bprescri(?:be|ption)\b
../output/markdown/clinic__body-reshaping-treatment.md,,https://www.radianceclinics.com/body-reshaping-treatment/,body-reshaping-treatment,Body Reshaping Treatment,page,CLINIC_INFO,Clinic & Doctor,clinic,2023-02-23,,431,,0,0,,,/about,yes,80,70,no,EXPAND,source bucket GOOD; medical/editorial flags: \bpregnan(?:cy|t)\b
../output/markdown/clinic__split-ear-repair-2.md,,https://www.radianceclinics.com/split-ear-repair-2/,split-ear-repair-2,Split Ear Repair,page,CONCERN,Scars & Stretch Marks,clinic,2023-02-23,,420,,0,0,,,/knowledge,no,80,70,yes,REWRITE,source bucket GOOD; medical/editorial flags: \bpermanent(?:ly)?\b | \bprescri(?:be|ption)\b
../output/markdown/clinic__sunspot-removal.md,,https://www.radianceclinics.com/sunspot-removal/,sunspot-removal,Sunspots Treatment Bhubaneswa,page,CLINIC_INFO,Clinic & Doctor,clinic,2023-08-13,,409,,0,0,,,/about,yes,80,69,no,EXPAND,source bucket GOOD; no automated medical-risk phrase flag
../output/markdown/clinic__body-shaping-bhuabaneswar.md,,https://www.radianceclinics.com/body-shaping-bhuabaneswar/,body-shaping-bhuabaneswar,Body Shaping,page,CLINIC_INFO,Clinic & Doctor,clinic,2023-08-13,,658,,0,0,,,/about,yes,80,79,no,EXPAND,source bucket GOOD; medical/editorial flags: \bpregnan(?:cy|t)\b
../output/markdown/clinic__skin-brightening-solutions-radiance.md,,https://www.radianceclinics.com/skin-brightening-solutions-radiance/,skin-brightening-solutions-radiance,Skin Brightening Solutions,page,CONCERN,Pigmentation,clinic,2023-08-13,,415,,0,0,,,/pigmentation-treatment-bhubaneswar,yes,80,69,yes,EXPAND,source bucket GOOD; medical/editorial flags: \bwhiten(?:ing)?\b
../output/markdown/clinic__scalp-micropigmentation.md,,https://www.radianceclinics.com/scalp-micropigmentation/,scalp-micropigmentation,Scalp Micropigmentation Bhubaneswar,page,CONCERN,Hair Loss & Scalp,clinic,2023-08-15,,453,,0,0,,,/pigmentation-treatment-bhubaneswar,yes,80,71,yes,EXPAND,source bucket GOOD; medical/editorial flags: \bpermanent(?:ly)?\b
../output/markdown/clinic__body-hair-transplant.md,,https://www.radianceclinics.com/body-hair-transplant/,body-hair-transplant,Body Hair Transplant,page,TREATMENT,Hair Transplant,clinic,2023-08-18,,599,,0,0,,,/hair-transplant-bhubaneswar,yes,80,77,yes,EXPAND,source bucket GOOD; medical/editorial flags: \bcure[sd]?\b
../output/markdown/clinic__prp.md,,https://www.radianceclinics.com/treatment/hairfall/prp/,prp,PRP,page,TREATMENT,Hair Loss & Scalp,clinic,2023-09-23,,493,,0,0,,,/knowledge,no,80,73,yes,MERGE,source bucket GOOD; medical/editorial flags: \bno downtime\b
../output/markdown/hair__gfc.md,,https://www.radianceclinics.com/treatment/hairfall/gfc/,gfc,GFC,page,TREATMENT,Hair Loss & Scalp,hair,2023-09-23,,446,,0,0,,,/knowledge,no,80,71,yes,REWRITE,source bucket GOOD; medical/editorial flags: \bno downtime\b | \bpainless\b
../output/markdown/clinic__are-fillers-treatments-safe.md,,https://www.radianceclinics.com/post/are-fillers-treatments-safe/,are-fillers-treatments-safe,Are Fillers Treatments Safe?,post,DOCTOR_ANSWER_CANDIDATE,Ageing & Aesthetics,clinic,2021-12-14,,471,,0,0,,,/dermal-fillers-bhubaneswar,yes,80,72,yes,CONVERT_TO_QA,source bucket GOOD; medical/editorial flags: \bcure[sd]?\b | \b(botox|filler|injectable)\b
../output/markdown/laser__laser-hair-removal.md,,https://www.radianceclinics.com/post/laser-hair-removal/,laser-hair-removal,Laser Hair Removal,post,TREATMENT,Laser Hair Reduction,laser,2021-12-15,,415,,0,0,,,/laser-hair-removal-bhubaneswar,yes,80,69,yes,EXPAND,source bucket GOOD; no automated medical-risk phrase flag
../output/markdown/skin__frequently-asked-questions.md,,https://www.radianceclinics.com/frequently-asked-questions/,frequently-asked-questions,Frequently Asked Questions,page,PATIENT_GUIDE,Skin Health,skin,2026-01-16,,390,,0,0,,,/skin-clinic-bhubaneswar,yes,80,68,yes,EXPAND,source bucket GOOD; medical/editorial flags: \bpermanent(?:ly)?\b | \bpainless\b | \b(botox|filler|injectable)\b
../output/markdown/clinic__why-radiance-skin-and-hair-clinics-is-the-best-hair-loss-clinic-in-bhubaneswar.md,,https://www.radianceclinics.com/post/why-radiance-skin-and-hair-clinics-is-the-best-hair-loss-clinic-in-bhubaneswar/,why-radiance-skin-and-hair-clinics-is-the-best-hair-loss-clinic-in-bhubaneswar,Why Radiance Skin and Hair Clinics is the best hair loss clinic in Bhubaneswar,post,DOCTOR_ANSWER_CANDIDATE,Hair Loss & Scalp,clinic,2022-05-31,,441,,0,0,,,/concerns/hair-loss-scalp/hair-loss,yes,80,70,yes,CONVERT_TO_QA,source bucket GOOD; no automated medical-risk phrase flag
../output/markdown/clinic__the-quality-of-hair-transplant-service-offered-by-radiance-skin-and-hair-clinics.md,,https://www.radianceclinics.com/post/the-quality-of-hair-transplant-service-offered-by-radiance-skin-and-hair-clinics/,the-quality-of-hair-transplant-service-offered-by-radiance-skin-and-hair-clinics,The quality of hair transplant service offered by Radiance Skin and Hair Clinics,post,TREATMENT,Hair Transplant,clinic,2022-10-21,,480,,0,0,,,/hair-transplant-bhubaneswar,yes,80,72,yes,EXPAND,source bucket GOOD; medical/editorial flags: \bguarantee[sd]?\b | \bprescri(?:be|ption)\b
../output/markdown/clinic__things-to-avoid-if-you-have-acne-prone-skin.md,,https://www.radianceclinics.com/post/things-to-avoid-if-you-have-acne-prone-skin/,things-to-avoid-if-you-have-acne-prone-skin,Things to Avoid if you have Acne-prone Skin,post,CONCERN,Acne,clinic,2022-10-01,,458,,0,0,,,/concerns/acne/acne,yes,80,71,yes,EXPAND,source bucket GOOD; medical/editorial flags: \bpermanent(?:ly)?\b | \bpregnan(?:cy|t)\b
../output/markdown/clinic__four-misconceptions-people-have-about-laser-tattoo-removal-in-bhubaneswar.md,,https://www.radianceclinics.com/post/four-misconceptions-people-have-about-laser-tattoo-removal-in-bhubaneswar/,four-misconceptions-people-have-about-laser-tattoo-removal-in-bhubaneswar,Four misconceptions people have about laser tattoo removal in Bhubaneswar,post,TREATMENT,Skin Health,clinic,2022-08-23,,578,,0,0,,,/tattoo-removal-bhubaneswar,yes,80,76,yes,EXPAND,source bucket GOOD; medical/editorial flags: \bpainless\b
../output/markdown/clinic__where-to-have-a-high-density-hair-transplant-in-bhubaneswar.md,,https://www.radianceclinics.com/post/where-to-have-a-high-density-hair-transplant-in-bhubaneswar/,where-to-have-a-high-density-hair-transplant-in-bhubaneswar,Where to have a high density hair transplant in Bhubaneswar,post,LOCATION,Hair Transplant,clinic,2022-04-24,,406,,0,0,,,/hair-transplant-bhubaneswar,yes,80,69,yes,EXPAND,source bucket GOOD; no automated medical-risk phrase flag
../output/markdown/clinic__the-skin-brightening-treatment-possible-to-have-at-radiance-skin-and-hair-clinics.md,,https://www.radianceclinics.com/post/the-skin-brightening-treatment-possible-to-have-at-radiance-skin-and-hair-clinics/,the-skin-brightening-treatment-possible-to-have-at-radiance-skin-and-hair-clinics,The skin brightening treatment possible to have at Radiance Skin and Hair Clinics,post,TREATMENT,Pigmentation,clinic,2022-05-22,,424,,0,0,,,/pigmentation-treatment-bhubaneswar,yes,80,70,yes,EXPAND,source bucket GOOD; no automated medical-risk phrase flag
../output/markdown/clinic__certain-myths-about-hair-transplants-for-young-men.md,,https://www.radianceclinics.com/post/certain-myths-about-hair-transplants-for-young-men/,certain-myths-about-hair-transplants-for-young-men,Certain Myths about Hair Transplants for Young Men,post,TREATMENT,Hair Transplant,clinic,2023-01-21,,471,,0,0,,,/hair-transplant-bhubaneswar,yes,80,72,yes,EXPAND,source bucket GOOD; medical/editorial flags: \bpainless\b | \bprescri(?:be|ption)\b
../output/markdown/clinic__is-it-possible-to-stop-saving-unwanted-hair.md,,https://www.radianceclinics.com/post/is-it-possible-to-stop-saving-unwanted-hair/,is-it-possible-to-stop-saving-unwanted-hair,Is It Possible To Stop Saving Unwanted Hair,post,DOCTOR_ANSWER_CANDIDATE,Laser Hair Reduction,clinic,2023-02-28,,466,,0,0,,,/knowledge/is-it-possible-to-stop-saving-unwanted-hair,no,80,71,yes,CONVERT_TO_QA,source bucket GOOD; medical/editorial flags: \bpermanent(?:ly)?\b
../output/markdown/clinic__aging-gracefully-with-botox-how-it-can-enhance-your-natural-beauty.md,,https://www.radianceclinics.com/post/aging-gracefully-with-botox-how-it-can-enhance-your-natural-beauty/,aging-gracefully-with-botox-how-it-can-enhance-your-natural-beauty,Aging Gracefully with Botox: How It Can Enhance Your Natural Beauty,post,ARTICLE,Ageing & Aesthetics,clinic,2023-06-24,,476,,0,0,,,/botox-treatment-bhubaneswar,yes,80,72,yes,EXPAND,source bucket GOOD; medical/editorial flags: \b(botox|filler|injectable)\b
../output/markdown/clinic__the-key-to-lasting-smoothness-unlock-laser-hair-removal.md,,https://www.radianceclinics.com/post/the-key-to-lasting-smoothness-unlock-laser-hair-removal/,the-key-to-lasting-smoothness-unlock-laser-hair-removal,The Key to Lasting Smoothness: Unlock Laser Hair Removal,post,TREATMENT,Laser Hair Reduction,clinic,2023-07-14,,454,,0,0,,,/laser-hair-removal-bhubaneswar,yes,80,71,yes,EXPAND,source bucket GOOD; medical/editorial flags: \bpermanent(?:ly)?\b
../output/markdown/clinic__say-goodbye-to-monsoon-hair-loss-easy-ways-to-control-hairfall.md,,https://www.radianceclinics.com/post/say-goodbye-to-monsoon-hair-loss-easy-ways-to-control-hairfall/,say-goodbye-to-monsoon-hair-loss-easy-ways-to-control-hairfall,Say Goodbye to Monsoon Hair Loss: Easy Ways to Control Hairfall,post,CONCERN,Hair Loss & Scalp,clinic,2023-07-19,,558,,0,0,,,/concerns/hair-loss-scalp/hair-loss,yes,80,75,yes,EXPAND,source bucket GOOD; no automated medical-risk phrase flag
../output/markdown/skin__essential-skincare-tips-and-advice-from-dermatologists.md,,https://www.radianceclinics.com/post/essential-skincare-tips-and-advice-from-dermatologists/,essential-skincare-tips-and-advice-from-dermatologists,Essential Skincare Tips and Advice from Dermatologists,post,ARTICLE,Skin Health,skin,2023-08-14,,479,,0,0,,,/knowledge/essential-skincare-tips-and-advice-from-dermatologists,no,80,72,yes,CONVERT_TO_GUIDE,source bucket GOOD; no automated medical-risk phrase flag
../output/markdown/clinic__combat-hair-fall-natural-remedies-dermatologist-tips.md,,https://www.radianceclinics.com/post/combat-hair-fall-natural-remedies-dermatologist-tips/,combat-hair-fall-natural-remedies-dermatologist-tips,Combat Hair Fall: Natural Remedies & Dermatologist Tips,post,CONCERN,Hair Loss & Scalp,clinic,2023-09-14,,611,,1,1,,,/concerns/hair-loss-scalp/hair-loss,yes,80,77,yes,EXPAND,source bucket GOOD; medical/editorial flags: \bpermanent(?:ly)?\b | \bweight loss\b
../output/markdown/clinic__fillers-treatment-at-radiance-skin-and-hair-clinics-in-bhubaneswar.md,,https://www.radianceclinics.com/post/fillers-treatment-at-radiance-skin-and-hair-clinics-in-bhubaneswar/,fillers-treatment-at-radiance-skin-and-hair-clinics-in-bhubaneswar,Fillers Treatment at Radiance Skin and Hair Clinics in Bhubaneswar,post,TREATMENT,Ageing & Aesthetics,clinic,2023-10-11,,438,,0,0,,,/dermal-fillers-bhubaneswar,yes,80,70,yes,EXPAND,source bucket GOOD; medical/editorial flags: \b(botox|filler|injectable)\b
../output/markdown/clinic__locks-of-elegance-where-to-find-quality-hair-wigs.md,,https://www.radianceclinics.com/post/locks-of-elegance-where-to-find-quality-hair-wigs/,locks-of-elegance-where-to-find-quality-hair-wigs,Locks of Elegance: Where to Find Quality Hair Wigs,post,CLINIC_INFO,Clinic & Doctor,clinic,2024-01-23,,558,,0,0,,,/about,yes,80,75,no,EXPAND,source bucket GOOD; no automated medical-risk phrase flag
../output/markdown/clinic__decoding-the-cost-of-chemical-peels-in-odisha-understanding-the-factors-behind-pricing.md,,https://www.radianceclinics.com/post/decoding-the-cost-of-chemical-peels-in-odisha-understanding-the-factors-behind-pricing/,decoding-the-cost-of-chemical-peels-in-odisha-understanding-the-factors-behind-pricing,Decoding the Cost of Chemical Peels in Odisha: Understanding the Factors Behind Pricing,post,TREATMENT,Pigmentation,clinic,2024-05-10,,504,,0,0,,,/pigmentation-treatment-bhubaneswar,yes,80,73,yes,EXPAND,source bucket GOOD; no automated medical-risk phrase flag
../output/markdown/clinic__why-radiance-skin-and-hair-clinics-leads-in-stem-cell-transplants-in-odisha.md,,https://www.radianceclinics.com/post/why-radiance-skin-and-hair-clinics-leads-in-stem-cell-transplants-in-odisha/,why-radiance-skin-and-hair-clinics-leads-in-stem-cell-transplants-in-odisha,Why Radiance Skin and Hair Clinics Leads in Stem Cell Transplants in Odisha,post,DOCTOR_ANSWER_CANDIDATE,Skin Health,clinic,2024-05-20,,528,,0,0,,,/knowledge/why-radiance-skin-and-hair-clinics-leads-in-stem-cell-transplants-in-odisha,no,80,74,yes,CONVERT_TO_QA,source bucket GOOD; medical/editorial flags: \bstem cell\b
../output/markdown/clinic__botox-vs-fillers-which-is-right-for-you.md,,https://www.radianceclinics.com/post/botox-vs-fillers-which-is-right-for-you/,botox-vs-fillers-which-is-right-for-you,Botox vs. Fillers: Which is Right for You?,post,ARTICLE,Ageing & Aesthetics,clinic,2024-06-11,,480,,0,0,,,/botox-treatment-bhubaneswar,yes,80,72,yes,EXPAND,source bucket GOOD; medical/editorial flags: \bno downtime\b | \b(botox|filler|injectable)\b
../output/markdown/clinic__transform-your-look-the-benefits-of-custom-hair-wigs.md,,https://www.radianceclinics.com/post/transform-your-look-the-benefits-of-custom-hair-wigs/,transform-your-look-the-benefits-of-custom-hair-wigs,Transform Your Look: The Benefits of Custom Hair Wigs,post,CLINIC_INFO,Clinic & Doctor,clinic,2024-07-25,,457,,0,0,,,/about,yes,80,71,no,EXPAND,source bucket GOOD; no automated medical-risk phrase flag
../output/markdown/hair__what-is-the-best-permanent-treatment-for-hair-loss.md,,https://www.radianceclinics.com/post/what-is-the-best-permanent-treatment-for-hair-loss/,what-is-the-best-permanent-treatment-for-hair-loss,What is the best permanent treatment for hair loss?,post,DOCTOR_ANSWER_CANDIDATE,Hair Loss & Scalp,hair,2024-08-14,,467,,0,0,,,/concerns/hair-loss-scalp/hair-loss,yes,80,71,yes,CONVERT_TO_QA,source bucket GOOD; medical/editorial flags: \bcure[sd]?\b | \bpermanent(?:ly)?\b
../output/markdown/clinic__can-laser-hair-removal-permanently-remove-hair.md,,https://www.radianceclinics.com/post/can-laser-hair-removal-permanently-remove-hair/,can-laser-hair-removal-permanently-remove-hair,Can Laser Hair Removal Permanently Remove Hair?,post,DOCTOR_ANSWER_CANDIDATE,Laser Hair Reduction,clinic,2024-11-20,,506,,0,0,,,/laser-hair-removal-bhubaneswar,yes,80,73,yes,CONVERT_TO_QA,source bucket GOOD; medical/editorial flags: \bpermanent(?:ly)?\b
../output/markdown/hair__is-hair-transplant-the-right-solution-for-you-a-complete-guide-on-hair-transplant.md,,https://www.radianceclinics.com/post/is-hair-transplant-the-right-solution-for-you-a-complete-guide-on-hair-transplant/,is-hair-transplant-the-right-solution-for-you-a-complete-guide-on-hair-transplant,Is Hair Transplant the Right Solution for You? A Complete Guide on Hair Transplant,post,DOCTOR_ANSWER_CANDIDATE,Hair Transplant,hair,2024-12-16,,582,,0,0,,,/hair-transplant-bhubaneswar,yes,80,76,yes,CONVERT_TO_QA,source bucket GOOD; medical/editorial flags: \bpermanent(?:ly)?\b
../output/markdown/skin__can-skin-clinics-help-with-dark-circles-and-under-eye-concerns.md,,https://www.radianceclinics.com/post/can-skin-clinics-help-with-dark-circles-and-under-eye-concerns/,can-skin-clinics-help-with-dark-circles-and-under-eye-concerns,Can Skin Clinics Help With Dark Circles and Under-Eye Concerns?,post,DOCTOR_ANSWER_CANDIDATE,Pigmentation,skin,2025-01-24,,578,,0,0,,,/concerns/pigmentation/under-eye-dark-circles,yes,80,76,yes,CONVERT_TO_QA,source bucket GOOD; no automated medical-risk phrase flag
../output/markdown/skin__when-should-you-visit-a-skin-clinic-signs-and-symptoms-to-watch.md,,https://www.radianceclinics.com/post/when-should-you-visit-a-skin-clinic-signs-and-symptoms-to-watch/,when-should-you-visit-a-skin-clinic-signs-and-symptoms-to-watch,When Should You Visit a Skin Clinic? Signs and Symptoms to Watch,post,DOCTOR_ANSWER_CANDIDATE,Skin Health,skin,2025-02-25,,475,,0,0,,,/knowledge/when-should-you-visit-a-skin-clinic-signs-and-symptoms-to-watch,no,80,72,yes,CONVERT_TO_QA,source bucket GOOD; medical/editorial flags: \bprescri(?:be|ption)\b | \bvitiligo\b | \bmole\b | \b(botox|filler|injectable)\b
../output/markdown/skin__which-filler-is-right-for-you-expert-advice.md,,https://www.radianceclinics.com/post/which-filler-is-right-for-you-expert-advice/,which-filler-is-right-for-you-expert-advice,Which Filler Is Right for You? Expert Advice,post,ARTICLE,Ageing & Aesthetics,skin,2025-03-25,,550,,0,0,,,/dermal-fillers-bhubaneswar,yes,80,75,yes,EXPAND,source bucket GOOD; medical/editorial flags: \bpermanent(?:ly)?\b | \b(botox|filler|injectable)\b
../output/markdown/clinic__how-long-do-ombre-powder-eyebrows-last.md,,https://www.radianceclinics.com/post/how-long-do-ombre-powder-eyebrows-last/,how-long-do-ombre-powder-eyebrows-last,How Long Do Ombre Powder Eyebrows Last?,post,CLINIC_INFO,Clinic & Doctor,clinic,2025-06-28,,554,,0,0,,,/about,yes,80,75,no,EXPAND,source bucket GOOD; medical/editorial flags: \bpermanent(?:ly)?\b
../output/markdown/clinic__whats-the-cause-of-under-eye-dark-circles-and-what-treatments-can-help.md,,https://www.radianceclinics.com/post/whats-the-cause-of-under-eye-dark-circles-and-what-treatments-can-help/,whats-the-cause-of-under-eye-dark-circles-and-what-treatments-can-help,What's The Cause Of Under-Eye Dark Circles And What Treatments Can Help?,post,DOCTOR_ANSWER_CANDIDATE,Pigmentation,clinic,2025-08-16,,722,,0,0,,,/concerns/pigmentation/under-eye-dark-circles,yes,80,82,yes,CONVERT_TO_QA,source bucket GOOD; medical/editorial flags: \bpermanent(?:ly)?\b | \b(botox|filler|injectable)\b
../output/markdown/clinic__modern-treatments-for-effective-fat-reduction.md,,https://www.radianceclinics.com/post/modern-treatments-for-effective-fat-reduction/,modern-treatments-for-effective-fat-reduction,Modern Treatments for Effective Fat Reduction,post,CLINIC_INFO,Clinic & Doctor,clinic,2025-08-30,,559,,0,0,,,/about,yes,80,75,no,EXPAND,source bucket GOOD; medical/editorial flags: \bpermanent(?:ly)?\b
../output/markdown/clinic__how-hair-shapes-self-image-and-personal-confidence.md,,https://www.radianceclinics.com/post/how-hair-shapes-self-image-and-personal-confidence/,how-hair-shapes-self-image-and-personal-confidence,How Hair Shapes Self Image and Personal Confidence,post,CLINIC_INFO,Clinic & Doctor,clinic,2025-11-18,,655,,0,0,,,/about,yes,80,79,no,EXPAND,source bucket GOOD; medical/editorial flags: \bguarantee[sd]?\b
../output/markdown/clinic__what-diet-and-lifestyle-changes-can-support-successful-hair-restoration.md,,https://www.radianceclinics.com/post/what-diet-and-lifestyle-changes-can-support-successful-hair-restoration/,what-diet-and-lifestyle-changes-can-support-successful-hair-restoration,What Diet and Lifestyle Changes Can Support Successful Hair Restoration,post,CLINIC_INFO,Clinic & Doctor,clinic,2026-03-21,,560,,0,0,,,/about,yes,80,75,no,EXPAND,source bucket GOOD; no automated medical-risk phrase flag
../output/markdown/clinic__hair-transplant-in-vizag.md,,https://www.radianceclinics.com/hair-transplant-in-vizag/,hair-transplant-in-vizag,Hair Transplant in Vizag,page,LOCATION,Hair Transplant,clinic,2023-02-10,,440,,0,0,,,/hair-transplant-bhubaneswar,yes,75,67,yes,REDIRECT,source bucket GOOD; no automated medical-risk phrase flag; legacy city page does not establish a clinic branch
../output/markdown/clinic__hair-transplant-in-kolkata.md,,https://www.radianceclinics.com/hair-transplant-in-kolkata/,hair-transplant-in-kolkata,Hair Transplant in Kolkata,page,LOCATION,Hair Transplant,clinic,2023-02-10,,445,,0,0,,,/hair-transplant-bhubaneswar,yes,75,67,yes,REDIRECT,source bucket GOOD; medical/editorial flags: \bguarantee[sd]?\b | \bprescri(?:be|ption)\b; legacy city page does not establish a clinic branch
../output/markdown/clinic__hair-transplant-in-balasore.md,,https://www.radianceclinics.com/hair-transplant-in-balasore/,hair-transplant-in-balasore,Hair Transplant in Balasore,page,LOCATION,Hair Transplant,clinic,2023-02-10,,540,,0,0,,,/hair-transplant-bhubaneswar,yes,75,71,yes,REDIRECT,source bucket GOOD; medical/editorial flags: \bpermanent(?:ly)?\b; legacy city page does not establish a clinic branch
../output/markdown/skin__skin-pigmentation.md,,https://www.radianceclinics.com/skin-pigmentation/,skin-pigmentation,Pigmentation Treatment Bhubaneswar,page,TREATMENT,Pigmentation,skin,2023-02-15,,417,,0,0,,,/pigmentation-treatment-bhubaneswar,yes,75,66,yes,EXPAND,source bucket GOOD; medical/editorial flags: \bpermanent(?:ly)?\b | \bpainless\b | \bprescri(?:be|ption)\b
../output/markdown/clinic__ear-piercing.md,,https://www.radianceclinics.com/ear-piercing/,ear-piercing,Ear Piercing,page,CLINIC_INFO,Clinic & Doctor,clinic,2023-02-15,,402,,0,0,,,/about,yes,75,66,no,EXPAND,source bucket GOOD; medical/editorial flags: \bguarantee[sd]?\b | \bpainless\b
../output/markdown/clinic__body-piercing.md,,https://www.radianceclinics.com/body-piercing/,body-piercing,Body Piercing,page,CLINIC_INFO,Clinic & Doctor,clinic,2023-02-15,,413,,0,0,,,/about,yes,75,66,no,EXPAND,source bucket GOOD; no automated medical-risk phrase flag
../output/markdown/clinic__dandruff-treatment.md,,https://www.radianceclinics.com/dandruff-treatment/,dandruff-treatment,Dandruff Treatment,page,TREATMENT,Hair Loss & Scalp,clinic,2023-02-23,,422,,0,0,,,/concerns/hair-loss-scalp/dandruff,yes,75,66,yes,EXPAND,source bucket GOOD; medical/editorial flags: \bprescri(?:be|ption)\b
../output/markdown/clinic__premature-hair-grey-treatment.md,,https://www.radianceclinics.com/premature-hair-grey-treatment/,premature-hair-grey-treatment,Premature Hair Grey Treatment,page,CLINIC_INFO,Clinic & Doctor,clinic,2023-02-23,,426,,0,0,,,/about,yes,75,67,no,EXPAND,source bucket GOOD; medical/editorial flags: \bprescri(?:be|ption)\b
../output/markdown/clinic__alopecia-treatment.md,,https://www.radianceclinics.com/alopecia-treatment/,alopecia-treatment,Alopecia Treatment,page,TREATMENT,Hair Loss & Scalp,clinic,2023-02-23,,416,,0,0,,,/knowledge,no,75,66,yes,REWRITE,source bucket GOOD; no automated medical-risk phrase flag
../output/markdown/clinic__inch-loss-treatment.md,,https://www.radianceclinics.com/inch-loss-treatment/,inch-loss-treatment,Inch Loss Treatment,page,CLINIC_INFO,Clinic & Doctor,clinic,2023-02-23,,430,,0,0,,,/about,yes,75,67,no,EXPAND,source bucket GOOD; medical/editorial flags: \bpermanent(?:ly)?\b | \bpainless\b | \bweight loss\b
../output/markdown/clinic__anti-wrinkle-radiance.md,,https://www.radianceclinics.com/anti-wrinkle-radiance/,anti-wrinkle-radiance,Anti Wrinkle,page,PATIENT_GUIDE,Ageing & Aesthetics,clinic,2023-08-11,,656,,0,0,,,/treatments/aesthetic-dermatology/injectable-aesthetics,yes,75,76,yes,EXPAND,source bucket GOOD; no automated medical-risk phrase flag
../output/markdown/hair__hair-patch.md,,https://www.radianceclinics.com/hair-patch/,hair-patch,Hair Patch and Hair Wig,page,PATIENT_GUIDE,Other,hair,2023-08-19,,510,,0,0,,,/knowledge,no,75,70,yes,REWRITE,source bucket GOOD; medical/editorial flags: \bpainless\b
../output/markdown/clinic__top-5-ways-the-millennial-use-for-better-hair-and-skin.md,,https://www.radianceclinics.com/post/top-5-ways-the-millennial-use-for-better-hair-and-skin/,top-5-ways-the-millennial-use-for-better-hair-and-skin,Top 5 Ways the Millennial use for Better Hair and Skin,post,ARTICLE,Skin Health,clinic,2021-12-07,,509,,0,0,,,/knowledge/top-5-ways-the-millennial-use-for-better-hair-and-skin,no,75,70,yes,CONVERT_TO_GUIDE,source bucket GOOD; no automated medical-risk phrase flag
../output/markdown/clinic__using-botox-and-fillers-for-anti-aging-treatments.md,,https://www.radianceclinics.com/post/using-botox-and-fillers-for-anti-aging-treatments/,using-botox-and-fillers-for-anti-aging-treatments,Using Botox and Fillers for Anti-Aging Treatments,post,TREATMENT,Ageing & Aesthetics,clinic,2022-02-02,,406,,0,0,,,/botox-treatment-bhubaneswar,yes,75,66,yes,EXPAND,source bucket GOOD; medical/editorial flags: \b(botox|filler|injectable)\b
../output/markdown/clinic__the-myths-and-reasons-for-hair-loss-radiance-skin-and-hair-clinics.md,,https://www.radianceclinics.com/post/the-myths-and-reasons-for-hair-loss-radiance-skin-and-hair-clinics/,the-myths-and-reasons-for-hair-loss-radiance-skin-and-hair-clinics,The Myths and Reasons for Hair Loss,post,CONCERN,Hair Loss & Scalp,clinic,2022-09-29,,462,,0,0,,,/concerns/hair-loss-scalp/hair-loss,yes,75,68,yes,EXPAND,source bucket GOOD; no automated medical-risk phrase flag
../output/markdown/clinic__spending-on-weight-loss-is-an-ideal-investment.md,,https://www.radianceclinics.com/post/spending-on-weight-loss-is-an-ideal-investment/,spending-on-weight-loss-is-an-ideal-investment,Spending on Weight Loss is an Ideal Investment,post,CLINIC_INFO,Clinic & Doctor,clinic,2022-08-13,,565,,0,0,,,/about,yes,75,72,no,EXPAND,source bucket GOOD; medical/editorial flags: \bprescri(?:be|ption)\b | \bweight loss\b
../output/markdown/clinic__experience-natural-looking-hair-with-hair-patch.md,,https://www.radianceclinics.com/post/experience-natural-looking-hair-with-hair-patch/,experience-natural-looking-hair-with-hair-patch,Experience Natural-Looking Hair with Hair Patch,post,CLINIC_INFO,Clinic & Doctor,clinic,2023-05-26,,547,,0,0,,,/about,yes,75,72,no,EXPAND,source bucket GOOD; medical/editorial flags: \bpainless\b | \bprescri(?:be|ption)\b
../output/markdown/clinic__how-facial-fillers-can-enhance-your-natural-beauty.md,,https://www.radianceclinics.com/post/how-facial-fillers-can-enhance-your-natural-beauty/,how-facial-fillers-can-enhance-your-natural-beauty,How Facial Fillers Can Enhance Your Natural Beauty,post,DOCTOR_ANSWER_CANDIDATE,Ageing & Aesthetics,clinic,2023-09-07,,772,,0,0,,,/dermal-fillers-bhubaneswar,yes,75,81,yes,CONVERT_TO_QA,source bucket GOOD; medical/editorial flags: \bno downtime\b | \b(botox|filler|injectable)\b
../output/markdown/clinic__say-goodbye-to-warts-transform-your-skin-at-radiance-clinic.md,,https://www.radianceclinics.com/post/say-goodbye-to-warts-transform-your-skin-at-radiance-clinic/,say-goodbye-to-warts-transform-your-skin-at-radiance-clinic,Say Goodbye to Warts: Transform Your Skin at Radiance Clinic,post,CONCERN,General Skin Concerns,clinic,2024-03-13,,450,,0,0,,,/concerns/other-skin-concerns/moles-and-warts,yes,75,68,yes,EXPAND,source bucket GOOD; no automated medical-risk phrase flag
../output/markdown/hair__what-makes-bio-hair-transplant-different-from-traditional-methods.md,,https://www.radianceclinics.com/post/what-makes-bio-hair-transplant-different-from-traditional-methods/,what-makes-bio-hair-transplant-different-from-traditional-methods,What Makes Bio Hair Transplant Different from Traditional Methods,post,DOCTOR_ANSWER_CANDIDATE,Hair Transplant,hair,2024-06-22,,481,,0,0,,,/hair-transplant-bhubaneswar,yes,75,69,yes,CONVERT_TO_QA,source bucket GOOD; no automated medical-risk phrase flag
../output/markdown/skin__winter-skincare-and-hair-care-top-tips-for-radiance-and-health.md,,https://www.radianceclinics.com/post/winter-skincare-and-hair-care-top-tips-for-radiance-and-health/,winter-skincare-and-hair-care-top-tips-for-radiance-and-health,Winter Skincare and Hair Care: Top Tips for Radiance and Health,post,ARTICLE,Skin Health,skin,2024-12-24,,570,,0,0,,,/knowledge/winter-skincare-and-hair-care-top-tips-for-radiance-and-health,no,75,73,yes,CONVERT_TO_GUIDE,source bucket GOOD; no automated medical-risk phrase flag
../output/markdown/clinic__how-to-care-for-your-scalp-after-a-hair-transplant.md,,https://www.radianceclinics.com/post/how-to-care-for-your-scalp-after-a-hair-transplant/,how-to-care-for-your-scalp-after-a-hair-transplant,How to Care for Your Scalp After a Hair Transplant,post,DOCTOR_ANSWER_CANDIDATE,Hair Transplant,clinic,2025-02-15,,462,,0,0,,,/hair-transplant-bhubaneswar,yes,75,68,yes,CONVERT_TO_QA,source bucket GOOD; medical/editorial flags: \bprescri(?:be|ption)\b
../output/markdown/clinic__what-is-lip-blushing-and-how-does-it-work.md,,https://www.radianceclinics.com/post/what-is-lip-blushing-and-how-does-it-work/,what-is-lip-blushing-and-how-does-it-work,What Is Lip Blushing and How Does It Work,post,CLINIC_INFO,Clinic & Doctor,clinic,2025-06-16,,645,,0,0,,,/about,yes,75,76,no,EXPAND,source bucket GOOD; medical/editorial flags: \bpermanent(?:ly)?\b
../output/markdown/skin__advanced-acne-scar-removal-treatments-you-should-know.md,,https://www.radianceclinics.com/post/advanced-acne-scar-removal-treatments-you-should-know/,advanced-acne-scar-removal-treatments-you-should-know,Advanced Acne Scar Removal Treatments You Should Know,post,TREATMENT,Acne Scars,skin,2025-09-30,,430,,0,0,,,/acne-scar-treatment-bhubaneswar,yes,75,67,yes,EXPAND,source bucket GOOD; no automated medical-risk phrase flag
../output/markdown/clinic__what-is-gfc-treatment-and-how-does-it-help-in-hair-regrowth.md,,https://www.radianceclinics.com/post/what-is-gfc-treatment-and-how-does-it-help-in-hair-regrowth/,what-is-gfc-treatment-and-how-does-it-help-in-hair-regrowth,What Is GFC Treatment And How Does It Help In Hair Regrowth,post,DOCTOR_ANSWER_CANDIDATE,Hair Loss & Scalp,clinic,2025-10-31,,609,,0,0,,,/treatments/hair-restoration/prp-gfc-scalp-therapy,yes,75,74,yes,CONVERT_TO_QA,source bucket GOOD; medical/editorial flags: \bpainless\b
../output/markdown/clinic__laser-vs-fillers-vs-creams-what-truly-works-for-under-eye-bags.md,,https://www.radianceclinics.com/post/laser-vs-fillers-vs-creams-what-truly-works-for-under-eye-bags/,laser-vs-fillers-vs-creams-what-truly-works-for-under-eye-bags,Laser vs. Fillers vs. Creams – What Truly Works for Under Eye Bags,post,TREATMENT,Ageing & Aesthetics,clinic,2026-03-31,,559,,0,0,,,/concerns/pigmentation/under-eye-dark-circles,yes,75,72,yes,EXPAND,source bucket GOOD; medical/editorial flags: \bpermanent(?:ly)?\b
../output/markdown/clinic__home2.md,,https://www.radianceclinics.com/,home2,Home Front Page,page,CLINIC_INFO,Clinic & Doctor,clinic,2022-07-17,,458,,0,0,,,/about,yes,70,65,no,EXPAND,source bucket GOOD; medical/editorial flags: \bpermanent(?:ly)?\b
../output/markdown/clinic__hair-transplant-in-baripada.md,,https://www.radianceclinics.com/hair-transplant-in-baripada/,hair-transplant-in-baripada,Hair Transplant in Baripada,page,LOCATION,Hair Transplant,clinic,2022-08-20,,372,,0,0,,,/hair-transplant-bhubaneswar,yes,70,61,yes,REDIRECT,source bucket GOOD; medical/editorial flags: \bpermanent(?:ly)?\b | \bpainless\b; legacy city page does not establish a clinic branch
../output/markdown/skin__chemical-peel.md,,https://www.radianceclinics.com/chemical-peel/,chemical-peel,Chemical Peel,page,TREATMENT,Skin Health,skin,2023-08-13,,403,,0,0,,,/skin-clinic-bhubaneswar,yes,70,62,yes,MERGE,source bucket GOOD; no automated medical-risk phrase flag
../output/markdown/clinic__vitiligo-3.md,,https://www.radianceclinics.com/vitiligo-3/,vitiligo-3,Vitiligo Treatment,page,TREATMENT,General Skin Concerns,clinic,2023-08-13,,794,,0,0,,,/knowledge,no,70,79,yes,REWRITE,source bucket GOOD; medical/editorial flags: \bvitiligo\b
../output/markdown/hair__hair-wig.md,,https://www.radianceclinics.com/hair-wig/,hair-wig,Hair Wig,page,PATIENT_GUIDE,Other,hair,2023-08-19,,559,,0,0,,,/knowledge,no,70,69,yes,REWRITE,source bucket GOOD; medical/editorial flags: \bguarantee[sd]?\b | \bpermanent(?:ly)?\b
../output/markdown/skin__lasertoning.md,,https://www.radianceclinics.com/treatment/bridal-dermatology/lasertoning/,lasertoning,Laser Toning,page,TREATMENT,Skin Health,skin,2023-09-18,,167,,0,0,,,/skin-clinic-bhubaneswar,yes,70,52,yes,EXPAND,source bucket GOOD; medical/editorial flags: \bflawless\b
../output/markdown/skin__carbonpeel.md,,https://www.radianceclinics.com/treatment/bridal-dermatology/carbonpeel/,carbonpeel,Carbon Peel,page,TREATMENT,Skin Health,skin,2023-09-18,,159,,0,0,,,/skin-clinic-bhubaneswar,yes,70,52,yes,EXPAND,source bucket GOOD; medical/editorial flags: \bflawless\b | \bno downtime\b
../output/markdown/skin__laser-toning.md,,https://www.radianceclinics.com/treatment/pigmentation/laser-toning/,laser-toning,Laser Toning,page,TREATMENT,Skin Health,skin,2023-09-20,,173,,0,0,,,/skin-clinic-bhubaneswar,yes,70,53,yes,EXPAND,source bucket GOOD; no automated medical-risk phrase flag
../output/markdown/skin__pixel.md,,https://www.radianceclinics.com/treatment/acne-scars/pixel/,pixel,Pixel,page,TREATMENT,Skin Health,skin,2023-09-23,,157,,0,0,,,/skin-clinic-bhubaneswar,yes,70,52,yes,MERGE,source bucket GOOD; no automated medical-risk phrase flag
../output/markdown/skin__laser-facials.md,,https://www.radianceclinics.com/treatment/bridal-dermatology/laser-facials/,laser-facials,Laser Facials,page,TREATMENT,Skin Health,skin,2023-09-24,,152,,0,0,,,/skin-clinic-bhubaneswar,yes,70,52,yes,EXPAND,source bucket GOOD; medical/editorial flags: \bflawless\b
../output/markdown/clinic__skin-and-hair-specialist-near-me.md,,https://www.radianceclinics.com/post/skin-and-hair-specialist-near-me/,skin-and-hair-specialist-near-me,Skin And Hair Specialist Near Me,post,ARTICLE,Skin Health,clinic,2021-12-31,,318,,0,0,,,/knowledge/skin-and-hair-specialist-near-me,no,70,59,yes,REWRITE,source bucket GOOD; medical/editorial flags: \bflawless\b
../output/markdown/clinic__what-should-i-know-before-buying-a-hair-wig.md,,https://www.radianceclinics.com/post/what-should-i-know-before-buying-a-hair-wig/,what-should-i-know-before-buying-a-hair-wig,What Should I Know Before Buying a Hair Wig,post,CLINIC_INFO,Clinic & Doctor,clinic,2024-09-13,,548,,0,0,,,/about,yes,70,68,no,EXPAND,source bucket GOOD; no automated medical-risk phrase flag
../output/markdown/clinic__what-to-expect-during-your-first-visit-to-a-skin-care-doctor.md,,https://www.radianceclinics.com/post/what-to-expect-during-your-first-visit-to-a-skin-care-doctor/,what-to-expect-during-your-first-visit-to-a-skin-care-doctor,What to Expect During Your First Visit to a Skin Care Doctor,post,DOCTOR_ANSWER_CANDIDATE,Skin Health,clinic,2024-10-24,,391,,0,0,,,/knowledge/what-to-expect-during-your-first-visit-to-a-skin-care-doctor,no,70,62,yes,CONVERT_TO_QA,source bucket GOOD; no automated medical-risk phrase flag
../output/markdown/hair__how-long-does-it-take-to-see-results-after-a-hair-transplant.md,,https://www.radianceclinics.com/post/how-long-does-it-take-to-see-results-after-a-hair-transplant/,how-long-does-it-take-to-see-results-after-a-hair-transplant,How Long Does It Take to See Results After a Hair Transplant,post,DOCTOR_ANSWER_CANDIDATE,Hair Transplant,hair,2025-01-11,,530,,0,0,,,/hair-transplant-bhubaneswar,yes,70,68,yes,CONVERT_TO_QA,source bucket GOOD; no automated medical-risk phrase flag
../output/markdown/clinic__which-is-better-synthetic-or-natural-hair-wigs.md,,https://www.radianceclinics.com/post/which-is-better-synthetic-or-natural-hair-wigs/,which-is-better-synthetic-or-natural-hair-wigs,Which Is Better: Synthetic Or Natural Hair Wigs,post,CLINIC_INFO,Clinic & Doctor,clinic,2025-07-25,,626,,0,0,,,/about,yes,70,72,no,EXPAND,source bucket GOOD; no automated medical-risk phrase flag
../output/markdown/hair__how-prp-treatment-helps-in-hair-fall-control-and-regrowth-naturally.md,,https://www.radianceclinics.com/post/how-prp-treatment-helps-in-hair-fall-control-and-regrowth-naturally/,how-prp-treatment-helps-in-hair-fall-control-and-regrowth-naturally,How PRP Treatment Helps In Hair Fall Control And Regrowth Naturally,post,DOCTOR_ANSWER_CANDIDATE,Hair Loss & Scalp,hair,2025-10-13,,539,,0,0,,,/treatments/hair-restoration/prp-gfc-scalp-therapy,yes,70,68,yes,CONVERT_TO_QA,source bucket GOOD; no automated medical-risk phrase flag
../output/markdown/clinic__under-eye-rejuvenation.md,,https://www.radianceclinics.com/treatment/bridal-dermatology/under-eye-rejuvenation/,under-eye-rejuvenation,Under Eye Rejuvenation,page,CLINIC_INFO,Clinic & Doctor,clinic,2023-09-19,,172,,0,0,,,/concerns/pigmentation/under-eye-dark-circles,yes,65,49,no,EXPAND,source bucket GOOD; no automated medical-risk phrase flag
../output/markdown/skin__cosmelan-peel.md,,https://www.radianceclinics.com/treatment/pigmentation/cosmelan-peel/,cosmelan-peel,Cosmelan Peel,page,TREATMENT,Skin Health,skin,2023-09-20,,167,,0,0,,,/skin-clinic-bhubaneswar,yes,65,49,yes,EXPAND,source bucket GOOD; medical/editorial flags: \bflawless\b
../output/markdown/skin__chemical-peel.md,,https://www.radianceclinics.com/treatment/pigmentation/chemical-peel/,chemical-peel,Chemical  Peel,page,TREATMENT,Skin Health,skin,2023-09-20,,163,,0,0,,,/skin-clinic-bhubaneswar,yes,65,49,yes,MERGE,source bucket GOOD; no automated medical-risk phrase flag
../output/markdown/clinic__pixel.md,,https://www.radianceclinics.com/treatment/anti-ageing-therapies/pixel/,pixel,Pixel,page,CLINIC_INFO,Clinic & Doctor,clinic,2023-09-22,,154,,0,0,,,/about,yes,65,49,no,MERGE,source bucket GOOD; no automated medical-risk phrase flag
../output/markdown/clinic__anti-ageing-laser.md,,https://www.radianceclinics.com/treatment/anti-ageing-therapies/anti-ageing-laser/,anti-ageing-laser,Anti-Ageing Laser,page,TREATMENT,Skin Health,clinic,2023-09-22,,167,,0,0,,,/skin-clinic-bhubaneswar,yes,65,49,yes,EXPAND,source bucket GOOD; medical/editorial flags: \bno downtime\b
../output/markdown/skin__ipl-therapy-photofacial.md,,https://www.radianceclinics.com/treatment/anti-ageing-therapies/ipl-therapy-photofacial/,ipl-therapy-photofacial,IPL Therapy / Photofacial,page,TREATMENT,Skin Health,skin,2023-09-22,,197,,0,0,,,/skin-clinic-bhubaneswar,yes,65,50,yes,EXPAND,source bucket GOOD; no automated medical-risk phrase flag
../output/markdown/skin__aft-laser.md,,https://www.radianceclinics.com/treatment/unwanted-hair/aft-laser/,aft-laser,AFT Laser,page,TREATMENT,Skin Health,skin,2023-09-22,,164,,0,0,,,/skin-clinic-bhubaneswar,yes,65,49,yes,EXPAND,source bucket GOOD; no automated medical-risk phrase flag
../output/markdown/clinic__pixigenus-stretch-marks.md,,https://www.radianceclinics.com/treatment/stretch-marks/pixigenus-stretch-marks/,pixigenus-stretch-marks,Pixigenus Stretch Marks,page,TREATMENT,Scars & Stretch Marks,clinic,2023-09-22,,152,,0,0,,,/concerns/scars-stretch-marks/stretch-marks,yes,65,49,yes,EXPAND,source bucket GOOD; medical/editorial flags: \bflawless\b
../output/markdown/skin__laser-facial.md,,https://www.radianceclinics.com/treatment/premium-services/laser-facial/,laser-facial,Laser Facial,page,TREATMENT,Skin Health,skin,2023-09-23,,151,,0,0,,,/skin-clinic-bhubaneswar,yes,65,49,yes,EXPAND,source bucket GOOD; medical/editorial flags: \bno downtime\b
../output/markdown/skin__acne-zap-laser.md,,https://www.radianceclinics.com/treatment/acne-treatment/acne-zap-laser/,acne-zap-laser,Acne Zap Laser,page,TREATMENT,Acne,skin,2023-09-23,,162,,0,0,,,/concerns/acne/acne,yes,65,49,yes,EXPAND,source bucket GOOD; medical/editorial flags: \bflawless\b | \bno downtime\b
../output/markdown/clinic__carbon-laser-peel.md,,https://www.radianceclinics.com/treatment/acne-treatment/carbon-laser-peel/,carbon-laser-peel,Carbon Laser Peel,page,TREATMENT,Skin Health,clinic,2023-09-23,,160,,0,0,,,/skin-clinic-bhubaneswar,yes,65,49,yes,EXPAND,source bucket GOOD; medical/editorial flags: \bflawless\b | \bno downtime\b
../output/markdown/skin__dermaroller.md,,https://www.radianceclinics.com/treatment/acne-scars/dermaroller/,dermaroller,Dermaroller,page,TREATMENT,Acne Scars,skin,2023-09-23,,187,,0,0,,,/acne-scar-treatment-bhubaneswar,yes,65,50,yes,MERGE,source bucket GOOD; medical/editorial flags: \bflawless\b
../output/markdown/clinic__pcod.md,,https://www.radianceclinics.com/conditions/pcod/,pcod,PCOD,page,CLINIC_INFO,Clinic & Doctor,clinic,2023-09-26,,185,,0,0,,,/about,yes,65,50,no,EXPAND,source bucket GOOD; medical/editorial flags: \bweight loss\b
../output/markdown/clinic__post-hair-transplant-recovery-guide.md,,https://www.radianceclinics.com/post-hair-transplant-recovery-guide/,post-hair-transplant-recovery-guide,Post-Hair Transplant Recovery Guide,page,TREATMENT,Hair Transplant,clinic,2025-04-19,,439,,0,0,,,/hair-transplant-bhubaneswar,yes,65,61,yes,EXPAND,source bucket GOOD; no automated medical-risk phrase flag
../output/markdown/hair__hair-treatment-doctor-near-me.md,,https://www.radianceclinics.com/post/hair-treatment-doctor-near-me/,hair-treatment-doctor-near-me,Hair Treatment Doctor Near Me,post,TREATMENT,Other,hair,2021-12-30,,308,,0,0,,,/knowledge/hair-treatment-doctor-near-me,no,65,55,yes,REWRITE,source bucket GOOD; medical/editorial flags: \bcure[sd]?\b
../output/markdown/clinic__lip-vitiligo-correction.md,,https://www.radianceclinics.com/treatment/non-surgical-facial-enhancements/lip-vitiligo-correction/,lip-vitiligo-correction,Lip Vitiligo Correction,page,TREATMENT,General Skin Concerns,clinic,2025-05-13,,309,,0,0,,,/knowledge,no,65,55,yes,REWRITE,source bucket GOOD; medical/editorial flags: \bpermanent(?:ly)?\b | \bpainless\b | \bvitiligo\b
../output/markdown/clinic__stubborn-acne-care-with-proven-medical-options.md,,https://www.radianceclinics.com/post/stubborn-acne-care-with-proven-medical-options/,stubborn-acne-care-with-proven-medical-options,Stubborn Acne Care with Proven Medical Options,post,CONCERN,Acne,clinic,2025-09-12,,391,,0,0,,,/concerns/acne/acne,yes,65,59,yes,EXPAND,source bucket GOOD; medical/editorial flags: \bprescri(?:be|ption)\b | \bpregnan(?:cy|t)\b
../output/markdown/clinic__female-hair-transplant.md,,https://www.radianceclinics.com/female-hair-transplant/,female-hair-transplant,Female Hair Transplant,page,TREATMENT,Hair Transplant,clinic,2023-08-03,,277,,0,0,,,/concerns/hair-transplant/female-hair-transplant,yes,60,51,yes,MERGE,source bucket GOOD; no automated medical-risk phrase flag
../output/markdown/skin__fillers.md,,https://www.radianceclinics.com/fillers/,fillers,Fillers,page,PATIENT_GUIDE,Ageing & Aesthetics,skin,2023-08-13,,378,,0,0,,,/dermal-fillers-bhubaneswar,yes,60,55,yes,MERGE,source bucket GOOD; medical/editorial flags: \bpermanent(?:ly)?\b | \b(botox|filler|injectable)\b
../output/markdown/clinic__ultherapy.md,,https://www.radianceclinics.com/treatment/anti-ageing-therapies/ultherapy/,ultherapy,Ultherapy,page,TREATMENT,Ageing & Aesthetics,clinic,2023-09-18,,164,,0,0,,,/treatments/aesthetic-dermatology/injectable-aesthetics,yes,60,46,yes,MERGE,source bucket GOOD; medical/editorial flags: \bno downtime\b
../output/markdown/skin__mnrf-acne-scars.md,,https://www.radianceclinics.com/treatment/bridal-dermatology/mnrf-acne-scars/,mnrf-acne-scars,MNRF For Acne Scars,page,TREATMENT,Acne Scars,skin,2023-09-19,,168,,0,0,,,/acne-scar-treatment-bhubaneswar,yes,60,46,yes,MERGE,source bucket GOOD; medical/editorial flags: \bflawless\b
../output/markdown/skin__derma-roller.md,,https://www.radianceclinics.com/treatment/bridal-dermatology/derma-roller/,derma-roller,Dermaroller,page,TREATMENT,Acne Scars,skin,2023-09-19,,157,,0,0,,,/acne-scar-treatment-bhubaneswar,yes,60,46,yes,MERGE,source bucket GOOD; medical/editorial flags: \bflawless\b
../output/markdown/clinic__mesotherapy.md,,https://www.radianceclinics.com/treatment/bridal-dermatology/mesotherapy/,mesotherapy,Mesotherapy,page,CLINIC_INFO,Clinic & Doctor,clinic,2023-09-19,,166,,0,0,,,/about,yes,60,46,no,MERGE,source bucket GOOD; medical/editorial flags: \bflawless\b | \bpainless\b
../output/markdown/clinic__insta-glow.md,,https://www.radianceclinics.com/treatment/pigmentation/insta-glow/,insta-glow,Insta Glow,page,CLINIC_INFO,Clinic & Doctor,clinic,2023-09-20,,183,,0,0,,,/about,yes,60,47,no,MERGE,source bucket GOOD; no automated medical-risk phrase flag
../output/markdown/clinic__age-reverse.md,,https://www.radianceclinics.com/treatment/anti-ageing-therapies/age-reverse/,age-reverse,Age Reverse,page,CLINIC_INFO,Clinic & Doctor,clinic,2023-09-22,,151,,0,0,,,/about,yes,60,45,no,MERGE,source bucket GOOD; medical/editorial flags: \bflawless\b | \bno downtime\b
../output/markdown/clinic__high-intensity-focused-ultrasound.md,,https://www.radianceclinics.com/treatment/anti-ageing-therapies/high-intensity-focused-ultrasound/,high-intensity-focused-ultrasound,High-Intensity Focused Ultrasound,page,CLINIC_INFO,Clinic & Doctor,clinic,2023-09-22,,165,,0,0,,,/about,yes,60,46,no,MERGE,source bucket GOOD; no automated medical-risk phrase flag
../output/markdown/clinic__beard-shaping.md,,https://www.radianceclinics.com/treatment/unwanted-hair/beard-shaping/,beard-shaping,Beard Shaping,page,CLINIC_INFO,Clinic & Doctor,clinic,2023-09-22,,166,,0,0,,,/about,yes,60,46,no,MERGE,source bucket GOOD; medical/editorial flags: \bpainless\b
../output/markdown/clinic__soprano-ice.md,,https://www.radianceclinics.com/treatment/unwanted-hair/soprano-ice/,soprano-ice,Soprano ICE,page,CLINIC_INFO,Clinic & Doctor,clinic,2023-09-22,,179,,0,0,,,/about,yes,60,46,no,MERGE,source bucket GOOD; medical/editorial flags: \bflawless\b | \bpainless\b
../output/markdown/clinic__diode-laser.md,,https://www.radianceclinics.com/treatment/unwanted-hair/diode-laser/,diode-laser,Diode Laser,page,TREATMENT,Skin Health,clinic,2023-09-22,,168,,0,0,,,/skin-clinic-bhubaneswar,yes,60,46,yes,MERGE,source bucket GOOD; medical/editorial flags: \bguarantee[sd]?\b | \bpermanent(?:ly)?\b
../output/markdown/clinic__erbium-fibre-laser.md,,https://www.radianceclinics.com/treatment/stretch-marks/erbium-fibre-laser/,erbium-fibre-laser,Erbium Fibre Laser,page,TREATMENT,Skin Health,clinic,2023-09-22,,161,,0,0,,,/skin-clinic-bhubaneswar,yes,60,46,yes,MERGE,source bucket GOOD; no automated medical-risk phrase flag
../output/markdown/skin__hydra-facial.md,,https://www.radianceclinics.com/treatment/premium-services/hydra-facial/,hydra-facial,Hydra Facial,page,TREATMENT,Skin Health,skin,2023-09-23,,154,,0,0,,,/skin-clinic-bhubaneswar,yes,60,45,yes,MERGE,source bucket GOOD; medical/editorial flags: \bflawless\b
../output/markdown/clinic__permanent-makeup.md,,https://www.radianceclinics.com/treatment/premium-services/permanent-makeup/,permanent-makeup,Permanent Makeup,page,CLINIC_INFO,Clinic & Doctor,clinic,2023-09-23,,172,,0,0,,,/about,yes,60,46,no,MERGE,source bucket GOOD; medical/editorial flags: \bpermanent(?:ly)?\b
../output/markdown/clinic__advanced-stemcellow.md,,https://www.radianceclinics.com/treatment/hairfall/advanced-stemcellow/,advanced-stemcellow,Advanced Stemcellow,page,CLINIC_INFO,Clinic & Doctor,clinic,2023-09-23,,161,,0,0,,,/about,yes,60,46,no,MERGE,source bucket GOOD; no automated medical-risk phrase flag
../output/markdown/hair__hair-transplant.md,,https://www.radianceclinics.com/treatment/hairfall/hair-transplant/,hair-transplant,Hair Transplant,page,TREATMENT,Hair Transplant,hair,2023-09-23,,166,,0,0,,,/hair-transplant-bhubaneswar,yes,60,46,yes,MERGE,source bucket GOOD; medical/editorial flags: \bpermanent(?:ly)?\b
../output/markdown/clinic__erbium-fiber-laser.md,,https://www.radianceclinics.com/treatment/acne-scars/erbium-fiber-laser/,erbium-fiber-laser,Erbium Fiber Laser,page,TREATMENT,Skin Health,clinic,2023-09-23,,156,,0,0,,,/skin-clinic-bhubaneswar,yes,60,46,yes,MERGE,source bucket GOOD; medical/editorial flags: \bflawless\b
../output/markdown/skin__fractional-co2-laser.md,,https://www.radianceclinics.com/treatment/acne-scars/fractional-co2-laser/,fractional-co2-laser,Fractional Co2 Laser,page,TREATMENT,Skin Health,skin,2023-09-23,,178,,0,0,,,/skin-clinic-bhubaneswar,yes,60,46,yes,MERGE,source bucket GOOD; medical/editorial flags: \bflawless\b
../output/markdown/skin__prp-subsicion.md,,https://www.radianceclinics.com/treatment/acne-scars/prp-subsicion/,prp-subsicion,PRP Subsicion,page,TREATMENT,Hair Loss & Scalp,skin,2023-09-23,,158,,0,0,,,/knowledge,no,60,46,yes,REWRITE,source bucket GOOD; no automated medical-risk phrase flag
../output/markdown/clinic__neck-line.md,,https://www.radianceclinics.com/conditions/antiageing/neck-line/,neck-line,Neck Lines,page,CLINIC_INFO,Clinic & Doctor,clinic,2023-09-26,,225,,0,0,,,/about,yes,60,48,no,MERGE,source bucket GOOD; no automated medical-risk phrase flag
../output/markdown/clinic__ombrepowder-eyebrows.md,,https://www.radianceclinics.com/treatment/non-surgical-facial-enhancements/ombrepowder-eyebrows/,ombrepowder-eyebrows,Ombrepowder Eyebrows,page,CLINIC_INFO,Clinic & Doctor,clinic,2025-05-13,,312,,0,0,,,/about,yes,60,52,no,MERGE,source bucket GOOD; medical/editorial flags: \bpermanent(?:ly)?\b
../output/markdown/clinic__botox-treatment.md,,https://www.radianceclinics.com/post/botox-treatment/,botox-treatment,Botox Treatment,post,TREATMENT,Ageing & Aesthetics,clinic,2021-12-14,,372,,0,0,,,/botox-treatment-bhubaneswar,yes,60,55,yes,MERGE,source bucket GOOD; medical/editorial flags: \bprescri(?:be|ption)\b | \b(botox|filler|injectable)\b
../output/markdown/hair__radiance-skin-hair-clinic.md,,https://www.radianceclinics.com/post/radiance-skin-hair-clinic/,radiance-skin-hair-clinic,Radiance Skin & Hair Clinic,post,ARTICLE,Skin Health,hair,2021-12-30,,310,,0,0,,,/knowledge/radiance-skin-hair-clinic,no,60,52,yes,REWRITE,source bucket GOOD; medical/editorial flags: \bguarantee[sd]?\b | \bweight loss\b
../output/markdown/clinic__lip-blushing.md,,https://www.radianceclinics.com/treatment/non-surgical-facial-enhancements/lip-blushing/,lip-blushing,Lip Blushing,page,CLINIC_INFO,Clinic & Doctor,clinic,2025-05-13,,309,,0,0,,,/about,yes,60,52,no,MERGE,source bucket GOOD; medical/editorial flags: \bcure[sd]?\b | \bpainless\b
../output/markdown/hair__top-hair-transplant-methods-achieve-natural-long-lasting-results.md,,https://www.radianceclinics.com/post/top-hair-transplant-methods-achieve-natural-long-lasting-results/,top-hair-transplant-methods-achieve-natural-long-lasting-results,"Top Hair Transplant Methods: Achieve Natural, Long-Lasting Results",post,TREATMENT,Hair Transplant,hair,2024-11-25,,397,,0,0,,,/hair-transplant-bhubaneswar,yes,60,56,yes,MERGE,source bucket GOOD; no automated medical-risk phrase flag
../output/markdown/skin__microdermabrasion-radiance.md,,https://www.radianceclinics.com/microdermabrasion-radiance/,microdermabrasion-radiance,Microdermabrasion,page,PATIENT_GUIDE,Skin Health,skin,2023-08-13,,170,,0,0,,,/skin-clinic-bhubaneswar,yes,55,43,yes,MERGE,source bucket GOOD; no automated medical-risk phrase flag
../output/markdown/skin__laser-photo-rejuvenation-radiance.md,,https://www.radianceclinics.com/laser-photo-rejuvenation-radiance/,laser-photo-rejuvenation-radiance,Laser Photo Rejuvenation,page,TREATMENT,Skin Health,skin,2023-08-13,,230,,0,0,,,/skin-clinic-bhubaneswar,yes,55,45,yes,MERGE,source bucket GOOD; no automated medical-risk phrase flag
../output/markdown/skin__laser-re-surfacing.md,,https://www.radianceclinics.com/laser-re-surfacing/,laser-re-surfacing,Laser Re-Surfacing,page,TREATMENT,Skin Health,skin,2023-08-13,,384,,0,0,,,/skin-clinic-bhubaneswar,yes,55,52,yes,MERGE,source bucket GOOD; medical/editorial flags: \bno downtime\b
../output/markdown/hair__bio-therapy-treatment.md,,https://www.radianceclinics.com/bio-therapy-treatment/,bio-therapy-treatment,Bio Therapy,page,TREATMENT,Other,hair,2023-08-18,,328,,0,0,,,/knowledge,no,55,49,yes,REWRITE,source bucket GOOD; no automated medical-risk phrase flag
../output/markdown/clinic__lip-pigmentation-2.md,,https://www.radianceclinics.com/treatment/bridal-dermatology/lip-pigmentation-2/,lip-pigmentation-2,Lip Pigmentation,page,TREATMENT,Pigmentation,clinic,2023-09-18,,151,,0,0,,,/pigmentation-treatment-bhubaneswar,yes,55,42,yes,MERGE,source bucket GOOD; medical/editorial flags: \bpermanent(?:ly)?\b | \bflawless\b
../output/markdown/clinic__laser-hair-reduction.md,,https://www.radianceclinics.com/treatment/bridal-dermatology/laser-hair-reduction/,laser-hair-reduction,Laser Hair Reduction,page,TREATMENT,Laser Hair Reduction,clinic,2023-09-18,,158,,0,0,,,/laser-hair-removal-bhubaneswar,yes,55,42,yes,MERGE,source bucket GOOD; medical/editorial flags: \bflawless\b
../output/markdown/clinic__acnecheck-treatment.md,,https://www.radianceclinics.com/treatment/bridal-dermatology/acnecheck-treatment/,acnecheck-treatment,Acne Check Treatment,page,TREATMENT,Acne,clinic,2023-09-19,,155,,0,0,,,/concerns/acne/acne,yes,55,42,yes,MERGE,source bucket GOOD; medical/editorial flags: \bflawless\b
../output/markdown/clinic__mnrf-stretch-marks.md,,https://www.radianceclinics.com/treatment/bridal-dermatology/mnrf-stretch-marks/,mnrf-stretch-marks,MNRF For Stretch Marks,page,TREATMENT,Acne Scars,clinic,2023-09-19,,162,,0,0,,,/acne-scar-treatment-bhubaneswar,yes,55,43,yes,MERGE,source bucket GOOD; medical/editorial flags: \bpregnan(?:cy|t)\b
../output/markdown/skin__vampirefacial.md,,https://www.radianceclinics.com/treatment/bridal-dermatology/vampirefacial/,vampirefacial,Vampire Facial,page,TREATMENT,Skin Health,skin,2023-09-19,,156,,0,0,,,/skin-clinic-bhubaneswar,yes,55,42,yes,MERGE,source bucket GOOD; medical/editorial flags: \bno downtime\b
../output/markdown/clinic__dermal-fillers.md,,https://www.radianceclinics.com/treatment/bridal-dermatology/dermal-fillers/,dermal-fillers,Dermal Fillers,page,TREATMENT,Ageing & Aesthetics,clinic,2023-09-19,,164,,0,0,,,/dermal-fillers-bhubaneswar,yes,55,43,yes,MERGE,source bucket GOOD; medical/editorial flags: \b(botox|filler|injectable)\b
../output/markdown/skin__mesofacials.md,,https://www.radianceclinics.com/treatment/bridal-dermatology/mesofacials/,mesofacials,Mesofacials,page,TREATMENT,Skin Health,skin,2023-09-19,,171,,0,0,,,/skin-clinic-bhubaneswar,yes,55,43,yes,MERGE,source bucket GOOD; no automated medical-risk phrase flag
../output/markdown/clinic__mesotherapy.md,,https://www.radianceclinics.com/treatment/pigmentation/mesotherapy/,mesotherapy,Mesotherapy,page,CLINIC_INFO,Clinic & Doctor,clinic,2023-09-20,,160,,0,0,,,/about,yes,55,42,no,MERGE,source bucket GOOD; medical/editorial flags: \bno downtime\b | \bpainless\b
../output/markdown/clinic__age-erase.md,,https://www.radianceclinics.com/treatment/anti-ageing-therapies/age-erase/,age-erase,Age Erase,page,CLINIC_INFO,Clinic & Doctor,clinic,2023-09-22,,154,,0,0,,,/about,yes,55,42,no,MERGE,source bucket GOOD; no automated medical-risk phrase flag
../output/markdown/clinic__prp-facelift.md,,https://www.radianceclinics.com/treatment/anti-ageing-therapies/prp-facelift/,prp-facelift,PRP Facelift,page,TREATMENT,Hair Loss & Scalp,clinic,2023-09-22,,164,,0,0,,,/treatments/aesthetic-dermatology/injectable-aesthetics,yes,55,43,yes,MERGE,source bucket GOOD; no automated medical-risk phrase flag
../output/markdown/clinic__hyaluronic-acid-therapy.md,,https://www.radianceclinics.com/treatment/anti-ageing-therapies/hyaluronic-acid-therapy/,hyaluronic-acid-therapy,Hyaluronic Acid Therapy,page,CLINIC_INFO,Clinic & Doctor,clinic,2023-09-22,,158,,0,0,,,/about,yes,55,42,no,MERGE,source bucket GOOD; no automated medical-risk phrase flag
../output/markdown/clinic__tixel.md,,https://www.radianceclinics.com/treatment/stretch-marks/tixel/,tixel,Tixel,page,CLINIC_INFO,Clinic & Doctor,clinic,2023-09-22,,152,,0,0,,,/about,yes,55,42,no,MERGE,source bucket GOOD; medical/editorial flags: \bflawless\b
../output/markdown/clinic__dermaroller.md,,https://www.radianceclinics.com/treatment/stretch-marks/dermaroller/,dermaroller,Dermaroller,page,TREATMENT,Acne Scars,clinic,2023-09-22,,152,,0,0,,,/acne-scar-treatment-bhubaneswar,yes,55,42,yes,MERGE,source bucket GOOD; medical/editorial flags: \bflawless\b
../output/markdown/clinic__prp.md,,https://www.radianceclinics.com/treatment/stretch-marks/prp/,prp,PRP,page,TREATMENT,Hair Loss & Scalp,clinic,2023-09-22,,158,,0,0,,,/knowledge,no,55,42,yes,MERGE,source bucket GOOD; medical/editorial flags: \bflawless\b
../output/markdown/skin__gluta-c-shots.md,,https://www.radianceclinics.com/treatment/premium-services/gluta-c-shots/,gluta-c-shots,Gluta C Shots,page,TREATMENT,Skin Health,skin,2023-09-23,,153,,0,0,,,/skin-clinic-bhubaneswar,yes,55,42,yes,MERGE,source bucket GOOD; medical/editorial flags: \bflawless\b
../output/markdown/skin__radiance-3d.md,,https://www.radianceclinics.com/treatment/premium-services/radiance-3d/,radiance-3d,Radiance 3D,page,TREATMENT,Skin Health,skin,2023-09-23,,159,,0,0,,,/skin-clinic-bhubaneswar,yes,55,42,yes,MERGE,source bucket GOOD; no automated medical-risk phrase flag
../output/markdown/clinic__cheek-enhancement.md,,https://www.radianceclinics.com/treatment/non-surgical-facial-enhancements/cheek-enhancement/,cheek-enhancement,Cheek Enhancement,page,CLINIC_INFO,Clinic & Doctor,clinic,2023-09-23,,160,,0,0,,,/about,yes,55,42,no,MERGE,source bucket GOOD; no automated medical-risk phrase flag
../output/markdown/clinic__root-restore-therapy.md,,https://www.radianceclinics.com/treatment/hairfall/root-restore-therapy/,root-restore-therapy,Root Restore Therapy,page,CLINIC_INFO,Clinic & Doctor,clinic,2023-09-23,,177,,0,0,,,/about,yes,55,43,no,MERGE,source bucket GOOD; no automated medical-risk phrase flag
../output/markdown/clinic__advanced-hgp.md,,https://www.radianceclinics.com/treatment/hairfall/advanced-hgp/,advanced-hgp,Advanced HGP,page,CLINIC_INFO,Clinic & Doctor,clinic,2023-09-23,,169,,0,0,,,/about,yes,55,43,no,MERGE,source bucket GOOD; no automated medical-risk phrase flag
../output/markdown/clinic__mesotherapy.md,,https://www.radianceclinics.com/treatment/hairfall/mesotherapy/,mesotherapy,Mesotherapy,page,CLINIC_INFO,Clinic & Doctor,clinic,2023-09-23,,171,,0,0,,,/about,yes,55,43,no,MERGE,source bucket GOOD; no automated medical-risk phrase flag
../output/markdown/clinic__acne.md,,https://www.radianceclinics.com/conditions/acne/,acne,Acne,page,CONCERN,Acne,clinic,2023-09-25,,224,,0,0,,,/concerns/acne/acne,yes,55,45,yes,MERGE,source bucket GOOD; no automated medical-risk phrase flag
../output/markdown/clinic__scarring-alopecia.md,,https://www.radianceclinics.com/conditions/hairfall/scarring-alopecia/,scarring-alopecia,Scarring Alopecia,page,CONCERN,Hair Loss & Scalp,clinic,2023-09-26,,186,,0,0,,,/knowledge,no,55,44,yes,REWRITE,source bucket GOOD; medical/editorial flags: \bpermanent(?:ly)?\b
../output/markdown/clinic__sagging-skin.md,,https://www.radianceclinics.com/conditions/antiageing/sagging-skin/,sagging-skin,Sagging Skin,page,CONCERN,Skin Health,clinic,2023-09-26,,203,,0,0,,,/skin-clinic-bhubaneswar,yes,55,44,yes,MERGE,source bucket GOOD; medical/editorial flags: \b(botox|filler|injectable)\b
../output/markdown/skin__freckles.md,,https://www.radianceclinics.com/conditions/freckles/,freckles,Freckles,page,CONCERN,Skin Health,skin,2023-09-26,,238,,0,0,,,/skin-clinic-bhubaneswar,yes,55,46,yes,MERGE,source bucket GOOD; medical/editorial flags: \bflawless\b
../output/markdown/skin__rosacea.md,,https://www.radianceclinics.com/conditions/rosacea/,rosacea,Rosacea,page,CONCERN,General Skin Concerns,skin,2023-09-26,,186,,0,0,,,/concerns/other-skin-concerns/rosacea-redness,yes,55,44,yes,MERGE,source bucket GOOD; medical/editorial flags: \bcure[sd]?\b
../output/markdown/skin__pigmentation-removal.md,,https://www.radianceclinics.com/conditions/pigmentation-removal/,pigmentation-removal,Pigmentation Removal,page,CONCERN,Pigmentation,skin,2023-09-26,,200,,0,0,,,/pigmentation-treatment-bhubaneswar,yes,55,44,yes,MERGE,source bucket GOOD; medical/editorial flags: \bcure[sd]?\b
../output/markdown/skin__micro-blading.md,,https://www.radianceclinics.com/treatment/non-surgical-facial-enhancements/micro-blading/,micro-blading,Micro Blading,page,TREATMENT,Skin Health,skin,2025-05-13,,302,,0,0,,,/skin-clinic-bhubaneswar,yes,55,48,yes,MERGE,source bucket GOOD; no automated medical-risk phrase flag
../output/markdown/hair__hair-loss-treatment.md,,https://www.radianceclinics.com/post/hair-loss-treatment/,hair-loss-treatment,Hair Loss Treatment,post,TREATMENT,Hair Loss & Scalp,hair,2021-12-30,,334,,0,0,,,/concerns/hair-loss-scalp/hair-loss,yes,55,50,yes,MERGE,source bucket GOOD; medical/editorial flags: \bprescri(?:be|ption)\b
../output/markdown/clinic__non-surgical-hair-replacement.md,,https://www.radianceclinics.com/post/non-surgical-hair-replacement/,non-surgical-hair-replacement,Non-Surgical Hair Replacement,post,CLINIC_INFO,Clinic & Doctor,clinic,2021-12-30,,299,,0,0,,,/about,yes,55,48,no,MERGE,source bucket GOOD; medical/editorial flags: \bguarantee[sd]?\b
../output/good-content.json,,https://www.radianceclinics.com/post/%e0%ac%b2%e0%ad%87%e0%ac%9c%e0%ac%b0-%e0%ac%b9%e0%ad%87%e0%ad%9f%e0%ac%be%e0%ac%b0-%e0%ac%b0%e0%ac%bf%e0%ac%ae%e0%ad%81%e0%ac%ad%e0%ac%be%e0%ac%b2%e0%ad%8d-%e0%ac%b0-%e0%ac%89%e0%ac%aa%e0%ac%95/,%e0%ac%b2%e0%ad%87%e0%ac%9c%e0%ac%b0-%e0%ac%b9%e0%ad%87%e0%ad%9f%e0%ac%be%e0%ac%b0-%e0%ac%b0%e0%ac%bf%e0%ac%ae%e0%ad%81%e0%ac%ad%e0%ac%be%e0%ac%b2%e0%ad%8d-%e0%ac%b0-%e0%ac%89%e0%ac%aa%e0%ac%95,ଲେଜର ହେୟାର ରିମୁଭାଲ୍ ର ଉପକାରିତା,post,ARTICLE,Skin Health,laser,2022-02-03,,574,,0,0,,,/knowledge/%e0%ac%b2%e0%ad%87%e0%ac%9c%e0%ac%b0-%e0%ac%b9%e0%ad%87%e0%ad%9f%e0%ac%be%e0%ac%b0-%e0%ac%b0%e0%ac%bf%e0%ac%ae%e0%ad%81%e0%ac%ad%e0%ac%be%e0%ac%b2%e0%ad%8d-%e0%ac%b0-%e0%ac%89%e0%ac%aa%e0%ac%95,no,55,60,yes,CONVERT_TO_GUIDE,source bucket GOOD; no automated medical-risk phrase flag
../output/markdown/clinic__invisible-facelift-at-bhubaneswar.md,,https://www.radianceclinics.com/invisible-facelift-at-bhubaneswar/,invisible-facelift-at-bhubaneswar,Invisible Facelift,page,PATIENT_GUIDE,Ageing & Aesthetics,clinic,2023-08-10,,263,,0,0,,,/treatments/aesthetic-dermatology/injectable-aesthetics,yes,50,43,yes,MERGE,source bucket GOOD; no automated medical-risk phrase flag
../output/markdown/skin__permanentmakeup.md,,https://www.radianceclinics.com/treatment/bridal-dermatology/permanentmakeup/,permanentmakeup,Permanent Makeup,page,TREATMENT,Skin Health,skin,2023-09-18,,161,,0,0,,,/skin-clinic-bhubaneswar,yes,50,39,yes,MERGE,source bucket GOOD; medical/editorial flags: \bpermanent(?:ly)?\b | \bflawless\b
../output/markdown/clinic__hgp-for-hair.md,,https://www.radianceclinics.com/treatment/bridal-dermatology/hgp-for-hair/,hgp-for-hair,HGP For Hair,page,CLINIC_INFO,Clinic & Doctor,clinic,2023-09-19,,178,,0,0,,,/about,yes,50,40,no,MERGE,source bucket GOOD; no automated medical-risk phrase flag
../output/markdown/skin__power-glow.md,,https://www.radianceclinics.com/treatment/pigmentation/power-glow/,power-glow,Power Glow,page,TREATMENT,Skin Health,skin,2023-09-19,,156,,0,0,,,/skin-clinic-bhubaneswar,yes,50,39,yes,MERGE,source bucket GOOD; medical/editorial flags: \bflawless\b
../output/markdown/skin__collagen-induction-therapy.md,,https://www.radianceclinics.com/treatment/anti-ageing-therapies/collagen-induction-therapy/,collagen-induction-therapy,Collagen Induction Therapy,page,TREATMENT,Skin Health,skin,2023-09-22,,166,,0,0,,,/skin-clinic-bhubaneswar,yes,50,39,yes,MERGE,source bucket GOOD; no automated medical-risk phrase flag
../output/markdown/skin__thread-lift.md,,https://www.radianceclinics.com/treatment/anti-ageing-therapies/thread-lift/,thread-lift,Thread Lift,page,TREATMENT,Skin Health,skin,2023-09-22,,158,,0,0,,,/skin-clinic-bhubaneswar,yes,50,39,yes,MERGE,source bucket GOOD; no automated medical-risk phrase flag
../output/markdown/clinic__aqua-skin-whitening-shots.md,,https://www.radianceclinics.com/treatment/premium-services/aqua-skin-whitening-shots/,aqua-skin-whitening-shots,Aqua Skin Whitening Shots,page,TREATMENT,Skin Health,clinic,2023-09-23,,155,,0,0,,,/skin-clinic-bhubaneswar,yes,50,39,yes,MERGE,source bucket GOOD; medical/editorial flags: \bwhiten(?:ing)?\b
../output/markdown/skin__lip-pigmentation.md,,https://www.radianceclinics.com/treatment/premium-services/lip-pigmentation/,lip-pigmentation,Lip Pigmentation,page,TREATMENT,Pigmentation,skin,2023-09-23,,176,,0,0,,,/pigmentation-treatment-bhubaneswar,yes,50,40,yes,MERGE,source bucket GOOD; medical/editorial flags: \bpermanent(?:ly)?\b
../output/markdown/clinic__insta-glam.md,,https://www.radianceclinics.com/treatment/premium-services/insta-glam/,insta-glam,Insta-Glam,page,CLINIC_INFO,Clinic & Doctor,clinic,2023-09-23,,163,,0,0,,,/about,yes,50,39,no,MERGE,source bucket GOOD; medical/editorial flags: \bflawless\b
../output/markdown/skin__photofacials.md,,https://www.radianceclinics.com/treatment/premium-services/photofacials/,photofacials,Photofacials,page,TREATMENT,Skin Health,skin,2023-09-23,,151,,0,0,,,/skin-clinic-bhubaneswar,yes,50,39,yes,MERGE,source bucket GOOD; no automated medical-risk phrase flag
../output/markdown/clinic__lip-enhancement.md,,https://www.radianceclinics.com/treatment/non-surgical-facial-enhancements/lip-enhancement/,lip-enhancement,Lip Enhancement,page,TREATMENT,Ageing & Aesthetics,clinic,2023-09-23,,163,,0,0,,,/knowledge,no,50,39,yes,MANUAL_REVIEW,source bucket GOOD; medical/editorial flags: \bno downtime\b | \bpainless\b
../output/markdown/hair__hairfall-in-women.md,,https://www.radianceclinics.com/conditions/hairfall/hairfall-in-women/,hairfall-in-women,Hairfall In Women,page,CONCERN,Hair Loss & Scalp,hair,2023-09-26,,253,,0,0,,,/concerns/hair-loss-scalp/hair-loss,yes,50,43,yes,MERGE,source bucket GOOD; medical/editorial flags: \bcure[sd]?\b | \bpregnan(?:cy|t)\b
../output/markdown/clinic__wrinkle.md,,https://www.radianceclinics.com/conditions/antiageing/wrinkle/,wrinkle,Wrinkles,page,CONCERN,Ageing & Aesthetics,clinic,2023-09-26,,199,,0,0,,,/treatments/aesthetic-dermatology/injectable-aesthetics,yes,50,41,yes,MERGE,source bucket GOOD; medical/editorial flags: \b(botox|filler|injectable)\b
../output/markdown/skin__crows-feet.md,,https://www.radianceclinics.com/conditions/antiageing/crows-feet/,crows-feet,Crows Feet,page,CONCERN,Skin Health,skin,2023-09-26,,212,,0,0,,,/skin-clinic-bhubaneswar,yes,50,41,yes,MERGE,source bucket GOOD; no automated medical-risk phrase flag
../output/markdown/clinic__age-spot.md,,https://www.radianceclinics.com/conditions/antiageing/age-spot/,age-spot,Age Spots,page,CONCERN,Pigmentation,clinic,2023-09-26,,208,,0,0,,,/pigmentation-treatment-bhubaneswar,yes,50,41,yes,MERGE,source bucket GOOD; no automated medical-risk phrase flag
../output/markdown/clinic__forehead-line.md,,https://www.radianceclinics.com/conditions/antiageing/forehead-line/,forehead-line,Forehead Lines,page,CLINIC_INFO,Clinic & Doctor,clinic,2023-09-26,,208,,0,0,,,/about,yes,50,41,no,MERGE,source bucket GOOD; no automated medical-risk phrase flag
../output/markdown/skin__acne-scar-removal.md,,https://www.radianceclinics.com/conditions/acne-scar-removal/,acne-scar-removal,Acne Scar Removal,page,CONCERN,Acne Scars,skin,2023-09-26,,212,,0,0,,,/acne-scar-treatment-bhubaneswar,yes,50,41,yes,MERGE,source bucket GOOD; medical/editorial flags: \bcure[sd]?\b
../output/markdown/skin__melasma.md,,https://www.radianceclinics.com/conditions/melasma/,melasma,Melasma,page,CONCERN,Pigmentation,skin,2023-09-26,,180,,0,0,,,/concerns/pigmentation/melasma,yes,50,40,yes,MERGE,source bucket GOOD; medical/editorial flags: \bpregnan(?:cy|t)\b
../output/markdown/clinic__fungal-infection.md,,https://www.radianceclinics.com/conditions/fungal-infection/,fungal-infection,Fungal Infection,page,CLINIC_INFO,Clinic & Doctor,clinic,2023-09-26,,222,,0,0,,,/about,yes,50,42,no,MERGE,source bucket GOOD; no automated medical-risk phrase flag
../output/markdown/clinic__urticaria.md,,https://www.radianceclinics.com/conditions/urticaria/,urticaria,Urticaria,page,CLINIC_INFO,Clinic & Doctor,clinic,2023-09-26,,178,,0,0,,,/about,yes,50,40,no,MERGE,source bucket GOOD; medical/editorial flags: \bcure[sd]?\b
../output/markdown/clinic__contact-dermatitis.md,,https://www.radianceclinics.com/conditions/contact-dermatitis/,contact-dermatitis,Contact Dermatitis,page,CONCERN,Skin Health,clinic,2023-09-26,,204,,0,0,,,/contact,yes,50,41,yes,MERGE,source bucket GOOD; medical/editorial flags: \bcure[sd]?\b
../output/markdown/clinic__eczema.md,,https://www.radianceclinics.com/conditions/eczema/,eczema,Eczema,page,CLINIC_INFO,Clinic & Doctor,clinic,2023-09-26,,187,,0,0,,,/about,yes,50,40,no,MERGE,source bucket GOOD; no automated medical-risk phrase flag
../output/markdown/clinic__open-pores.md,,https://www.radianceclinics.com/conditions/open-pores/,open-pores,Open Pores,page,CLINIC_INFO,Clinic & Doctor,clinic,2023-09-26,,209,,0,0,,,/about,yes,50,41,no,MERGE,source bucket GOOD; no automated medical-risk phrase flag
../output/markdown/clinic__psoriasis.md,,https://www.radianceclinics.com/conditions/psoriasis/,psoriasis,Psoriasis,page,CLINIC_INFO,Clinic & Doctor,clinic,2023-09-26,,187,,0,0,,,/about,yes,50,40,no,MERGE,source bucket GOOD; no automated medical-risk phrase flag
../output/markdown/clinic__vitiligo.md,,https://www.radianceclinics.com/conditions/vitiligo/,vitiligo,Vitiligo,page,CONCERN,General Skin Concerns,clinic,2023-09-26,,197,,0,0,,,/knowledge,no,50,41,yes,MANUAL_REVIEW,source bucket GOOD; medical/editorial flags: \bvitiligo\b
../output/markdown/laser__body-hair.md,,https://www.radianceclinics.com/conditions/body-hair/,body-hair,Body Hair,page,CONCERN,Laser Hair Reduction,laser,2023-09-26,,184,,0,0,,,/laser-hair-removal-bhubaneswar,yes,50,40,yes,MERGE,source bucket GOOD; medical/editorial flags: \bcure[sd]?\b
../output/markdown/clinic__dark-circles.md,,https://www.radianceclinics.com/conditions/dark-circles/,dark-circles,Dark Circles,page,CONCERN,Pigmentation,clinic,2023-09-26,,218,,0,0,,,/concerns/pigmentation/under-eye-dark-circles,yes,50,42,yes,MERGE,source bucket GOOD; medical/editorial flags: \bcure[sd]?\b
../output/markdown/clinic__ingrowing-toe-nails.md,,https://www.radianceclinics.com/conditions/ingrowing-toe-nails/,ingrowing-toe-nails,Ingrowing Toe Nails,page,CLINIC_INFO,Clinic & Doctor,clinic,2023-09-26,,190,,0,0,,,/about,yes,50,40,no,MERGE,source bucket GOOD; medical/editorial flags: \bpainless\b
../output/markdown/hair__hair-transplants-what-to-expect.md,,https://www.radianceclinics.com/post/hair-transplants-what-to-expect/,hair-transplants-what-to-expect,HAIR TRANSPLANTS: WHAT TO EXPECT?,post,TREATMENT,Hair Transplant,hair,2022-01-27,,192,,0,0,,,/hair-transplant-bhubaneswar,yes,50,41,yes,MERGE,source bucket GOOD; medical/editorial flags: \bguarantee[sd]?\b | \bpermanent(?:ly)?\b
../output/good-content.json,,https://www.radianceclinics.com/post/%e0%ac%85%e0%ac%a8%e0%ac%b2%e0%ac%be%e0%ac%87%e0%ac%a8%e0%ad%8d-%e0%ac%9a%e0%ac%b0%e0%ad%8d%e0%ac%ae%e0%ac%b0%e0%ad%8b%e0%ac%97-%e0%ac%ac%e0%ac%bf%e0%ac%b6%e0%ad%87%e0%ac%b7%e0%ac%9c%e0%ad%8d%e0%ac%9e/,%e0%ac%85%e0%ac%a8%e0%ac%b2%e0%ac%be%e0%ac%87%e0%ac%a8%e0%ad%8d-%e0%ac%9a%e0%ac%b0%e0%ad%8d%e0%ac%ae%e0%ac%b0%e0%ad%8b%e0%ac%97-%e0%ac%ac%e0%ac%bf%e0%ac%b6%e0%ad%87%e0%ac%b7%e0%ac%9c%e0%ad%8d%e0%ac%9e,ଅନଲାଇନ୍ ଚର୍ମରୋଗ ବିଶେଷଜ୍ଞଙ୍କ ଉପକାରିତା,post,ARTICLE,Other,other,2022-01-31,,449,,0,0,,,/knowledge,no,50,51,yes,MANUAL_REVIEW,source bucket GOOD; no automated medical-risk phrase flag
../output/markdown/hair__bio-hair-transplant.md,,https://www.radianceclinics.com/bio-hair-transplant/,bio-hair-transplant,Bio Hair Transplant,page,TREATMENT,Hair Transplant,hair,2023-08-15,,376,,0,0,,,/hair-transplant-bhubaneswar,yes,45,45,yes,MERGE,source bucket GOOD; no automated medical-risk phrase flag
../output/markdown/clinic__beardshaping.md,,https://www.radianceclinics.com/treatment/bridal-dermatology/beardshaping/,beardshaping,Beard Shaping,page,CLINIC_INFO,Clinic & Doctor,clinic,2023-09-18,,149,,0,0,,,/about,yes,45,35,no,MERGE,source bucket GOOD; no automated medical-risk phrase flag
../output/markdown/aesthetic__filler.md,,https://www.radianceclinics.com/treatment/anti-ageing-therapies/filler/,filler,Filler,page,TREATMENT,Ageing & Aesthetics,aesthetic,2023-09-22,,165,,0,0,,,/dermal-fillers-bhubaneswar,yes,45,36,yes,MERGE,source bucket GOOD; medical/editorial flags: \b(botox|filler|injectable)\b
../output/markdown/clinic__iv-infusions.md,,https://www.radianceclinics.com/treatment/premium-services/iv-infusions/,iv-infusions,IV Infusions,page,CLINIC_INFO,Clinic & Doctor,clinic,2023-09-23,,151,,0,0,,,/about,yes,45,36,no,MERGE,source bucket GOOD; no automated medical-risk phrase flag
../output/markdown/clinic__nose-enhancement.md,,https://www.radianceclinics.com/treatment/non-surgical-facial-enhancements/nose-enhancement/,nose-enhancement,Nose Enhancement,page,CLINIC_INFO,Clinic & Doctor,clinic,2023-09-23,,165,,0,0,,,/about,yes,45,36,no,MERGE,source bucket GOOD; no automated medical-risk phrase flag
../output/markdown/clinic__premature-grey.md,,https://www.radianceclinics.com/conditions/hairfall/premature-grey/,premature-grey,Premature Greying,page,CONCERN,Hair Loss & Scalp,clinic,2023-09-26,,189,,0,0,,,/knowledge,no,45,37,yes,MANUAL_REVIEW,source bucket GOOD; no automated medical-risk phrase flag
../output/markdown/clinic__alopecia-areata.md,,https://www.radianceclinics.com/conditions/hairfall/alopecia-areata/,alopecia-areata,Alopecia Areata,page,CONCERN,Hair Loss & Scalp,clinic,2023-09-26,,186,,0,0,,,/concerns/hair-loss-scalp/alopecia-areata,yes,45,37,yes,MERGE,source bucket GOOD; medical/editorial flags: \bcure[sd]?\b
../output/markdown/clinic__skin-growth.md,,https://www.radianceclinics.com/conditions/skin-growth/,skin-growth,Skin Growth,page,CONCERN,Skin Health,clinic,2023-09-26,,189,,0,0,,,/skin-clinic-bhubaneswar,yes,45,37,yes,MERGE,source bucket GOOD; medical/editorial flags: \bpregnan(?:cy|t)\b
../output/markdown/clinic__atopic-dermatitis.md,,https://www.radianceclinics.com/conditions/atopic-dermatitis/,atopic-dermatitis,Atopic Dermatitis,page,CONCERN,Skin Health,clinic,2023-09-26,,185,,0,0,,,/skin-clinic-bhubaneswar,yes,45,37,yes,MERGE,source bucket GOOD; no automated medical-risk phrase flag
../output/markdown/clinic__seborrheic-dermatitis.md,,https://www.radianceclinics.com/conditions/seborrheic-dermatitis/,seborrheic-dermatitis,Sebottheic Dermatitis,page,CONCERN,Skin Health,clinic,2023-09-26,,199,,0,0,,,/concerns/hair-loss-scalp/dandruff,yes,45,38,yes,MERGE,source bucket GOOD; medical/editorial flags: \bpermanent(?:ly)?\b
../output/markdown/clinic__stretch-marks-removal.md,,https://www.radianceclinics.com/conditions/stretch-marks-removal/,stretch-marks-removal,Stretch Marks Removal,page,CONCERN,Scars & Stretch Marks,clinic,2023-09-26,,214,,0,0,,,/concerns/scars-stretch-marks/stretch-marks,yes,45,38,yes,MERGE,source bucket GOOD; medical/editorial flags: \bpregnan(?:cy|t)\b
../output/markdown/clinic__pseudo-acanthosis-nigricans.md,,https://www.radianceclinics.com/conditions/pseudo-acanthosis-nigricans/,pseudo-acanthosis-nigricans,Pseudo Acanthosis Nigricans,page,CLINIC_INFO,Clinic & Doctor,clinic,2023-09-26,,177,,0,0,,,/about,yes,45,37,no,MERGE,source bucket GOOD; no automated medical-risk phrase flag
../output/markdown/clinic__pioneering-proficiency-satyartha-prakash-excels-in-advanced-dermatology-fellowship-at-dubai-derma.md,,https://www.radianceclinics.com/post/pioneering-proficiency-satyartha-prakash-excels-in-advanced-dermatology-fellowship-at-dubai-derma/,pioneering-proficiency-satyartha-prakash-excels-in-advanced-dermatology-fellowship-at-dubai-derma,Pioneering Proficiency: Satyartha Prakash Excels in Advanced Dermatology Fellowship at Dubai Derma,post,ARTICLE,Skin Health,clinic,2024-03-16,,329,,0,0,,,/about,yes,45,43,yes,MERGE,source bucket GOOD; no automated medical-risk phrase flag
../output/markdown/hair__hair-loss-causes.md,,https://www.radianceclinics.com/hair-loss-causes/,hair-loss-causes,Causes Of Hair-Loss,page,CONCERN,Hair Loss & Scalp,hair,2023-08-13,,307,,0,0,,,/concerns/hair-loss-scalp/hair-loss,yes,40,39,yes,MERGE,source bucket GOOD; medical/editorial flags: \bpregnan(?:cy|t)\b
../output/markdown/clinic__4d-photofacial.md,,https://www.radianceclinics.com/treatment/premium-services/4d-photofacial/,4d-photofacial,4D Photofacial,page,TREATMENT,Skin Health,clinic,2023-09-23,,150,,0,0,,,/skin-clinic-bhubaneswar,yes,40,32,yes,MERGE,source bucket GOOD; no automated medical-risk phrase flag
../output/markdown/skin__acne-erase.md,,https://www.radianceclinics.com/treatment/acne-treatment/acne-erase/,acne-erase,Acne Erase,page,TREATMENT,Acne,skin,2023-09-23,,148,,0,0,,,/concerns/acne/acne,yes,40,32,yes,MERGE,source bucket GOOD; no automated medical-risk phrase flag
../output/markdown/skin__diamond-polishing.md,,https://www.radianceclinics.com/treatment/acne-treatment/diamond-polishing/,diamond-polishing,Diamond Polishing,page,TREATMENT,Skin Health,skin,2023-09-23,,150,,0,0,,,/skin-clinic-bhubaneswar,yes,40,32,yes,MERGE,source bucket GOOD; medical/editorial flags: \bflawless\b | \bno downtime\b
../output/markdown/clinic__hairfall-in-men.md,,https://www.radianceclinics.com/conditions/hairfall/hairfall-in-men/,hairfall-in-men,Hairfall In Men,page,CONCERN,Hair Loss & Scalp,clinic,2023-09-25,,215,,0,0,,,/concerns/hair-loss-scalp/hair-loss,yes,40,35,yes,MERGE,source bucket GOOD; medical/editorial flags: \bcure[sd]?\b
../output/markdown/clinic__dandruffs.md,,https://www.radianceclinics.com/conditions/hairfall/dandruffs/,dandruffs,Dandruff,page,CONCERN,Hair Loss & Scalp,clinic,2023-09-26,,217,,0,0,,,/concerns/hair-loss-scalp/dandruff,yes,40,35,yes,MERGE,source bucket GOOD; medical/editorial flags: \bprescri(?:be|ption)\b
../output/markdown/laser__laser-tattoo-removal.md,,https://www.radianceclinics.com/conditions/laser-tattoo-removal/,laser-tattoo-removal,Laser Tattoo Removal,page,TREATMENT,Skin Health,laser,2023-09-26,,174,,0,0,,,/tattoo-removal-bhubaneswar,yes,40,33,yes,MERGE,source bucket GOOD; no automated medical-risk phrase flag
../output/markdown/skin__photofacial.md,,https://www.radianceclinics.com/treatment/bridal-dermatology/photofacial/,photofacial,Photo Facial,page,TREATMENT,Skin Health,skin,2023-09-18,,147,,0,0,,,/skin-clinic-bhubaneswar,yes,35,29,yes,MERGE,source bucket GOOD; medical/editorial flags: \bflawless\b
../output/markdown/skin__peels.md,,https://www.radianceclinics.com/treatment/premium-services/peels/,peels,Peels,page,TREATMENT,Skin Health,skin,2023-09-23,,150,,0,0,,,/skin-clinic-bhubaneswar,yes,35,29,yes,MERGE,source bucket GOOD; no automated medical-risk phrase flag
../output/markdown/skin__acne-check-peel.md,,https://www.radianceclinics.com/treatment/acne-treatment/acne-check-peel/,acne-check-peel,Acne Check Peel,page,TREATMENT,Acne,skin,2023-09-23,,146,,0,0,,,/concerns/acne/acne,yes,35,29,yes,MERGE,source bucket GOOD; no automated medical-risk phrase flag
../output/markdown/clinic__spider-veins.md,,https://www.radianceclinics.com/conditions/spider-veins/,spider-veins,Spider Veins,page,CLINIC_INFO,Clinic & Doctor,clinic,2023-09-26,,216,,0,0,,,/about,yes,35,32,no,MERGE,source bucket GOOD; no automated medical-risk phrase flag
../output/markdown/skin__botox-treatment.md,,https://www.radianceclinics.com/botox-treatment/,botox-treatment,Botox,page,TREATMENT,Ageing & Aesthetics,skin,2022-10-29,,109,,0,0,,,/botox-treatment-bhubaneswar,yes,30,24,yes,MERGE,source bucket GOOD; medical/editorial flags: \b(botox|filler|injectable)\b
../output/markdown/clinic__hydra-revive.md,,https://www.radianceclinics.com/treatment/premium-services/hydra-revive/,hydra-revive,Hydra Revive,page,CLINIC_INFO,Clinic & Doctor,clinic,2023-09-23,,150,,0,0,,,/about,yes,30,26,no,MERGE,source bucket GOOD; no automated medical-risk phrase flag
../output/maybe-content.json,,https://www.radianceclinics.com/conditions/keloid/,keloid,Keloid,page,CONCERN,Scars & Stretch Marks,skin,2023-09-26,,111,,0,0,,,/concerns/scars-stretch-marks/raised-scars-keloids,yes,25,21,yes,MERGE,source bucket MAYBE; medical/editorial flags: \bcure[sd]?\b
../output/maybe-content.json,,https://www.radianceclinics.com/tattoo-removal-radiance/,tattoo-removal-radiance,Tattoo Removal,page,PATIENT_GUIDE,Skin Health,laser,2023-08-13,,143,,0,0,,,/tattoo-removal-bhubaneswar,yes,20,19,yes,MERGE,source bucket MAYBE; no automated medical-risk phrase flag
../output/maybe-content.json,,https://www.radianceclinics.com/post/what-are-the-latest-trends-in-filler-treatment/,what-are-the-latest-trends-in-filler-treatment,What Are the Latest Trends in Filler Treatment?,post,DOCTOR_ANSWER_CANDIDATE,Ageing & Aesthetics,clinic,2024-07-17,,464,,0,0,,,/dermal-fillers-bhubaneswar,yes,5,23,yes,CONVERT_TO_QA,source bucket MAYBE; medical/editorial flags: \b(botox|filler|injectable)\b
../output/maybe-content.json,,https://www.radianceclinics.com/privacy-policy/,privacy-policy,Privacy Policy,page,CLINIC_INFO,Clinic & Doctor,clinic,2022-07-03,,1203,,0,2,,,/about,yes,0,33,no,MERGE,source bucket MAYBE; no automated medical-risk phrase flag
../output/rejected-content.json,,https://www.radianceclinics.com/post/common-hair-loss-myths-that-might-be-holding-you-back/,common-hair-loss-myths-that-might-be-holding-you-back,Common Hair Loss Myths That Might Be Holding You Back,post,CONCERN,Hair Loss & Scalp,clinic,2026-04-23,,554,,0,0,,,/concerns/hair-loss-scalp/hair-loss,yes,-5,20,yes,ARCHIVE,source bucket REJECTED; medical/editorial flags: \bpermanent(?:ly)?\b | \bpregnan(?:cy|t)\b
../output/rejected-content.json,,https://www.radianceclinics.com/conditions/antiageing/deep-fold/,deep-fold,Deep Folds,page,CLINIC_INFO,Clinic & Doctor,clinic,2023-09-26,,228,,0,0,,,/about,yes,-25,0,no,ARCHIVE,source bucket REJECTED; no automated medical-risk phrase flag
../output/rejected-content.json,,https://www.radianceclinics.com/contact-us/,contact-us,Contact Us,page,CLINIC_INFO,Clinic & Doctor,clinic,2022-07-13,,75,,0,0,,,/contact,yes,-30,0,no,ARCHIVE,source bucket REJECTED; no automated medical-risk phrase flag
../output/rejected-content.json,,https://www.radianceclinics.com/hair/,hair,Hair,page,CLINIC_INFO,Clinic & Doctor,clinic,2022-08-03,,28,,0,0,,,/about,yes,-30,0,no,ARCHIVE,source bucket REJECTED; no automated medical-risk phrase flag
../output/rejected-content.json,,https://www.radianceclinics.com/locations/,locations,Locations,page,PATIENT_GUIDE,Other,hair,2022-07-30,,13,,0,0,,,/knowledge,no,-40,0,yes,ARCHIVE,source bucket REJECTED; no automated medical-risk phrase flag
../output/rejected-content.json,,https://www.radianceclinics.com/book-online-radiance-clinics-bhuabaneswar/,book-online-radiance-clinics-bhuabaneswar,BOOK A CALL BACK NOW,page,CLINIC_INFO,Clinic & Doctor,clinic,2022-08-15,,47,,0,0,,,/about,yes,-40,0,no,ARCHIVE,source bucket REJECTED; no automated medical-risk phrase flag
../output/rejected-content.json,,https://www.radianceclinics.com/virtual-tour/,virtual-tour,Virtual Tour,page,PATIENT_GUIDE,Other,other,2022-10-20,,1,,0,0,,,/knowledge,no,-50,0,yes,ARCHIVE,source bucket REJECTED; no automated medical-risk phrase flag
../output/rejected-content.json,,https://www.radianceclinics.com/media-press-release/,media-press-release,Media,page,DOCTOR_INFO,Clinic & Doctor,clinic,2022-08-15,,51,,0,0,,,/about,yes,-55,0,yes,ARCHIVE,source bucket REJECTED; no automated medical-risk phrase flag
../output/rejected-content.json,,https://www.radianceclinics.com/thank-you/,thank-you,Thank You,page,PATIENT_GUIDE,Other,other,2023-01-09,,7,,0,0,,,/knowledge,no,-130,0,yes,ARCHIVE,source bucket REJECTED; no automated medical-risk phrase flag
