outlet,article URL,backlink present yes/no,current backlink target,desired Radiance target page,outreach priority,verification status,topic,publication date,official logo URL,source record,audited at
99News,https://www.99news.co.in/2026/09/dr-satyartha-prakash-and-new-era-of.html/,no,,/treatments/aesthetic-dermatology,review source,unavailable,Aesthetic Dermatology,,,Dr. Satyartha PrakashSM50.pdf,2026-09-18T16:14:45.010499+00:00
Bharatbizwire,https://www.bharatbizwire.top/2026/09/dr-satyartha-prakash-and-new-era-of.html/,no,,/treatments/aesthetic-dermatology,review source,unavailable,Aesthetic Dermatology,,,Dr. Satyartha PrakashSM50.pdf,2026-09-18T16:14:45.010499+00:00
Bharatheadlines,https://www.bharatheadlines.top/2026/09/dr-satyartha-prakash-and-new-era-of.html/,no,,/treatments/aesthetic-dermatology,review source,unavailable,Aesthetic Dermatology,,,Dr. Satyartha PrakashSM50.pdf,2026-09-18T16:14:45.010499+00:00
Bharathustle,https://www.bharathustle.top/2026/09/dr-satyartha-prakash-and-new-era-of.html/,no,,/treatments/aesthetic-dermatology,review source,unavailable,Aesthetic Dermatology,,,Dr. Satyartha PrakashSM50.pdf,2026-09-18T16:14:45.010499+00:00
Bharatpatrika,https://www.bharatpatrika.top/2026/09/dr-satyartha-prakash-and-new-era-of.html/,no,,/treatments/aesthetic-dermatology,review source,unavailable,Aesthetic Dermatology,,,Dr. Satyartha PrakashSM50.pdf,2026-09-18T16:14:45.010499+00:00
Bharattrendnews,https://www.bharattrendnews.top/2026/09/dr-satyartha-prakash-and-new-era-of.html/,no,,/treatments/aesthetic-dermatology,review source,unavailable,Aesthetic Dermatology,,,Dr. Satyartha PrakashSM50.pdf,2026-09-18T16:14:45.010499+00:00
Bizpatrika,https://www.bizpatrika.top/2026/09/dr-satyartha-prakash-and-new-era-of.html/,no,,/treatments/aesthetic-dermatology,review source,unavailable,Aesthetic Dermatology,,,Dr. Satyartha PrakashSM50.pdf,2026-09-18T16:14:45.010499+00:00
Businesstimes24X7,https://www.businesstimes24x7.co.in/2026/09/dr-satyartha-prakash-and-new-era-of.html/,no,,/treatments/aesthetic-dermatology,review source,unavailable,Aesthetic Dermatology,,,Dr. Satyartha PrakashSM50.pdf,2026-09-18T16:14:45.010499+00:00
Dailydistrictnews,https://www.dailydistrictnews.co.in/2026/09/dr-satyartha-prakash-and-new-era-of.html/,no,,/treatments/aesthetic-dermatology,review source,unavailable,Aesthetic Dermatology,,,Dr. Satyartha PrakashSM50.pdf,2026-09-18T16:14:45.010499+00:00
Dailyfinancewire,https://www.dailyfinancewire.co.in/2026/09/dr-satyartha-prakash-and-new-era-of.html/,no,,/treatments/aesthetic-dermatology,review source,unavailable,Aesthetic Dermatology,,,Dr. Satyartha PrakashSM50.pdf,2026-09-18T16:14:45.010499+00:00
Eastwesttimes,https://www.eastwesttimes.top/2026/09/dr-satyartha-prakash-and-new-era-of.html/,no,,/treatments/aesthetic-dermatology,review source,unavailable,Aesthetic Dermatology,,,Dr. Satyartha PrakashSM50.pdf,2026-09-18T16:14:45.010499+00:00
Echorepublic,https://www.echorepublic.top/2026/09/dr-satyartha-prakash-and-new-era-of.html/,no,,/treatments/aesthetic-dermatology,review source,unavailable,Aesthetic Dermatology,,,Dr. Satyartha PrakashSM50.pdf,2026-09-18T16:14:45.010499+00:00
Indiainsightnews,https://www.indiainsightnews.top/2026/09/dr-satyartha-prakash-and-new-era-of.html/,no,,/treatments/aesthetic-dermatology,review source,unavailable,Aesthetic Dermatology,,,Dr. Satyartha PrakashSM50.pdf,2026-09-18T16:14:45.010499+00:00
Indianeconomicsnews,https://www.indianeconomicsnews.co.in/2026/09/dr-satyartha-prakash-and-new-era-of.html/,no,,/treatments/aesthetic-dermatology,review source,unavailable,Aesthetic Dermatology,,,Dr. Satyartha PrakashSM50.pdf,2026-09-18T16:14:45.010499+00:00
Indianmirrordaily,https://www.indianmirrordaily.top/2026/09/dr-satyartha-prakash-and-new-era-of.html/,no,,/treatments/aesthetic-dermatology,review source,unavailable,Aesthetic Dermatology,,,Dr. Satyartha PrakashSM50.pdf,2026-09-18T16:14:45.010499+00:00
Indiantimespost,https://www.indiantimespost.top/2026/09/dr-satyartha-prakash-and-new-era-of.html/,no,,/treatments/aesthetic-dermatology,review source,unavailable,Aesthetic Dermatology,,,Dr. Satyartha PrakashSM50.pdf,2026-09-18T16:14:45.010499+00:00
Indiaoutlooknews,https://www.indiaoutlooknews.top/2026/09/dr-satyartha-prakash-and-new-era-of.html/,no,,/treatments/aesthetic-dermatology,review source,unavailable,Aesthetic Dermatology,,,Dr. Satyartha PrakashSM50.pdf,2026-09-18T16:14:45.010499+00:00
Indibizpulse,https://www.indibizpulse.top/2026/09/dr-satyartha-prakash-and-new-era-of.html/,no,,/treatments/aesthetic-dermatology,review source,unavailable,Aesthetic Dermatology,,,Dr. Satyartha PrakashSM50.pdf,2026-09-18T16:14:45.010499+00:00
Innovateindianews,https://www.innovateindianews.top/2026/09/dr-satyartha-prakash-and-new-era-of.html/,no,,/treatments/aesthetic-dermatology,review source,unavailable,Aesthetic Dermatology,,,Dr. Satyartha PrakashSM50.pdf,2026-09-18T16:14:45.010499+00:00
Insidernewstimes,https://www.insidernewstimes.co.in/2026/09/dr-satyartha-prakash-and-new-era-of.html/,no,,/treatments/aesthetic-dermatology,review source,unavailable,Aesthetic Dermatology,,,Dr. Satyartha PrakashSM50.pdf,2026-09-18T16:14:45.010499+00:00
Metrodailynews,https://www.metrodailynews.top/2026/09/dr-satyartha-prakash-and-new-era-of.html/,no,,/treatments/aesthetic-dermatology,review source,unavailable,Aesthetic Dermatology,,,Dr. Satyartha PrakashSM50.pdf,2026-09-18T16:14:45.010499+00:00
Mintnews24,https://www.mintnews24.co.in/2026/09/dr-satyartha-prakash-and-new-era-of.html/,no,,/treatments/aesthetic-dermatology,review source,unavailable,Aesthetic Dermatology,,,Dr. Satyartha PrakashSM50.pdf,2026-09-18T16:14:45.010499+00:00
Nationaloutlookdaily,https://www.nationaloutlookdaily.top/2026/09/dr-satyartha-prakash-and-new-era-of.html/,no,,/treatments/aesthetic-dermatology,review source,unavailable,Aesthetic Dermatology,,,Dr. Satyartha PrakashSM50.pdf,2026-09-18T16:14:45.010499+00:00
Nationalsentinelnews,https://www.nationalsentinelnews.top/2026/09/dr-satyartha-prakash-and-new-era-of.html/,no,,/treatments/aesthetic-dermatology,review source,unavailable,Aesthetic Dermatology,,,Dr. Satyartha PrakashSM50.pdf,2026-09-18T16:14:45.010499+00:00
Nationwideherald,https://www.nationwideherald.top/2026/09/dr-satyartha-prakash-and-new-era-of.html/,no,,/treatments/aesthetic-dermatology,review source,unavailable: URLError,Aesthetic Dermatology,,,Dr. Satyartha PrakashSM50.pdf,2026-09-18T16:14:45.010499+00:00
Newstoday24X7,https://www.newstoday24x7.co.in/2026/09/dr-satyartha-prakash-and-new-era-of.html/,no,,/treatments/aesthetic-dermatology,review source,unavailable,Aesthetic Dermatology,,,Dr. Satyartha PrakashSM50.pdf,2026-09-18T16:14:45.010499+00:00
Newswireofindia,https://www.newswireofindia.co.in/2026/09/dr-satyartha-prakash-and-new-era-of.html/,no,,/treatments/aesthetic-dermatology,review source,unavailable: URLError,Aesthetic Dermatology,,,Dr. Satyartha PrakashSM50.pdf,2026-09-18T16:14:45.010499+00:00
Orbitsamachar,https://www.orbitsamachar.top/2026/09/dr-satyartha-prakash-and-new-era-of.html/,no,,/treatments/aesthetic-dermatology,review source,unavailable,Aesthetic Dermatology,,,Dr. Satyartha PrakashSM50.pdf,2026-09-18T16:14:45.010499+00:00
Rashtramirror,https://www.rashtramirror.top/2026/09/dr-satyartha-prakash-and-new-era-of.html/,no,,/treatments/aesthetic-dermatology,review source,unavailable,Aesthetic Dermatology,,,Dr. Satyartha PrakashSM50.pdf,2026-09-18T16:14:45.010499+00:00
Sagaofindia,https://www.sagaofindia.top/2026/09/dr-satyartha-prakash-and-new-era-of.html/,no,,/treatments/aesthetic-dermatology,review source,unavailable,Aesthetic Dermatology,,,Dr. Satyartha PrakashSM50.pdf,2026-09-18T16:14:45.010499+00:00
Smartbharatnews,https://www.smartbharatnews.top/2026/09/dr-satyartha-prakash-and-new-era-of.html/,no,,/treatments/aesthetic-dermatology,review source,unavailable,Aesthetic Dermatology,,,Dr. Satyartha PrakashSM50.pdf,2026-09-18T16:14:45.010499+00:00
Startupsandesh,https://www.startupsandesh.top/2026/09/dr-satyartha-prakash-and-new-era-of.html/,no,,/treatments/aesthetic-dermatology,review source,unavailable,Aesthetic Dermatology,,,Dr. Satyartha PrakashSM50.pdf,2026-09-18T16:14:45.010499+00:00
Theakhandtimes,https://www.theakhandtimes.top/2026/09/dr-satyartha-prakash-and-new-era-of.html/,no,,/treatments/aesthetic-dermatology,review source,unavailable,Aesthetic Dermatology,,,Dr. Satyartha PrakashSM50.pdf,2026-09-18T16:14:45.010499+00:00
Thecapitalbulletin,https://www.thecapitalbulletin.top/2026/09/dr-satyartha-prakash-and-new-era-of.html/,no,,/treatments/aesthetic-dermatology,review source,unavailable,Aesthetic Dermatology,,,Dr. Satyartha PrakashSM50.pdf,2026-09-18T16:14:45.010499+00:00
Thechronicledesk,https://www.thechronicledesk.top/2026/09/dr-satyartha-prakash-and-new-era-of.html/,no,,/treatments/aesthetic-dermatology,review source,unavailable,Aesthetic Dermatology,,,Dr. Satyartha PrakashSM50.pdf,2026-09-18T16:14:45.010499+00:00
Thedeshupdate,https://www.thedeshupdate.top/2026/09/dr-satyartha-prakash-and-new-era-of.html/,no,,/treatments/aesthetic-dermatology,review source,unavailable,Aesthetic Dermatology,,,Dr. Satyartha PrakashSM50.pdf,2026-09-18T16:14:45.010499+00:00
Theindiaforbesnews,https://www.theindiaforbesnews.co.in/2026/09/dr-satyartha-prakash-and-new-era-of.html/,no,,/treatments/aesthetic-dermatology,review source,unavailable,Aesthetic Dermatology,,,Dr. Satyartha PrakashSM50.pdf,2026-09-18T16:14:45.010499+00:00
Theindiatribune,https://www.theindiatribune.top/2026/09/dr-satyartha-prakash-and-new-era-of.html/,no,,/treatments/aesthetic-dermatology,review source,unavailable,Aesthetic Dermatology,,,Dr. Satyartha PrakashSM50.pdf,2026-09-18T16:14:45.010499+00:00
Thekhabari,https://www.thekhabari.co.in/2026/09/dr-satyartha-prakash-and-new-era-of.html/,no,,/treatments/aesthetic-dermatology,review source,unavailable,Aesthetic Dermatology,,,Dr. Satyartha PrakashSM50.pdf,2026-09-18T16:14:45.010499+00:00
Thekhabarmirror,https://www.thekhabarmirror.co.in/2026/09/dr-satyartha-prakash-and-new-era-of.html/,no,,/treatments/aesthetic-dermatology,review source,unavailable,Aesthetic Dermatology,,,Dr. Satyartha PrakashSM50.pdf,2026-09-18T16:14:45.010499+00:00
Thekhabarsansar,https://www.thekhabarsansar.top/2026/09/dr-satyartha-prakash-and-new-era-of.html/,no,,/treatments/aesthetic-dermatology,review source,unavailable,Aesthetic Dermatology,,,Dr. Satyartha PrakashSM50.pdf,2026-09-18T16:14:45.010499+00:00
Themetropolitantimes,https://www.themetropolitantimes.top/2026/09/dr-satyartha-prakash-and-new-era-of.html/,no,,/treatments/aesthetic-dermatology,review source,unavailable,Aesthetic Dermatology,,,Dr. Satyartha PrakashSM50.pdf,2026-09-18T16:14:45.010499+00:00
Themorningglobe,https://www.themorningglobe.top/2026/09/dr-satyartha-prakash-and-new-era-of.html/,no,,/treatments/aesthetic-dermatology,review source,unavailable,Aesthetic Dermatology,,,Dr. Satyartha PrakashSM50.pdf,2026-09-18T16:14:45.010499+00:00
Thenationaloutlook,https://www.thenationaloutlook.top/2026/09/dr-satyartha-prakash-and-new-era-of.html/,no,,/treatments/aesthetic-dermatology,review source,unavailable: URLError,Aesthetic Dermatology,,,Dr. Satyartha PrakashSM50.pdf,2026-09-18T16:14:45.010499+00:00
Theneoindianews,https://www.theneoindianews.top/2026/09/dr-satyartha-prakash-and-new-era-of.html/,no,,/treatments/aesthetic-dermatology,review source,unavailable,Aesthetic Dermatology,,,Dr. Satyartha PrakashSM50.pdf,2026-09-18T16:14:45.010499+00:00
Therepublicbrief,https://www.therepublicbrief.top/2026/09/dr-satyartha-prakash-and-new-era-of.html/,no,,/treatments/aesthetic-dermatology,review source,unavailable,Aesthetic Dermatology,,,Dr. Satyartha PrakashSM50.pdf,2026-09-18T16:14:45.010499+00:00
Therepublicnews,https://www.therepublicnews.co.in/2026/09/dr-satyartha-prakash-and-new-era-of.html/,no,,/treatments/aesthetic-dermatology,review source,unavailable,Aesthetic Dermatology,,,Dr. Satyartha PrakashSM50.pdf,2026-09-18T16:14:45.010499+00:00
Therepublicvoice,https://www.therepublicvoice.top/2026/09/dr-satyartha-prakash-and-new-era-of.html/,no,,/treatments/aesthetic-dermatology,review source,unavailable,Aesthetic Dermatology,,,Dr. Satyartha PrakashSM50.pdf,2026-09-18T16:14:45.010499+00:00
Theurbantimes,https://www.theurbantimes.top/2026/09/dr-satyartha-prakash-and-new-era-of.html/,no,,/treatments/aesthetic-dermatology,review source,unavailable,Aesthetic Dermatology,,,Dr. Satyartha PrakashSM50.pdf,2026-09-18T16:14:45.010499+00:00
Timesnewsexpress,https://www.timesnewsexpress.co.in/2026/09/dr-satyartha-prakash-and-new-era-of.html/,no,,/treatments/aesthetic-dermatology,review source,unavailable,Aesthetic Dermatology,,,Dr. Satyartha PrakashSM50.pdf,2026-09-18T16:14:45.010499+00:00
Todaynewsstandard,https://www.todaynewsstandard.co.in/2026/09/dr-satyartha-prakash-and-new-era-of.html/,no,,/treatments/aesthetic-dermatology,review source,unavailable: URLError,Aesthetic Dermatology,,,Dr. Satyartha PrakashSM50.pdf,2026-09-18T16:14:45.010499+00:00
Weeklygossip,https://www.weeklygossip.co.in/2026/09/dr-satyartha-prakash-and-new-era-of.html/,no,,/treatments/aesthetic-dermatology,review source,unavailable,Aesthetic Dermatology,,,Dr. Satyartha PrakashSM50.pdf,2026-09-18T16:14:45.010499+00:00
Ahmedabad Bytes,https://ahmedabadbytes.com/dr-satyartha-prakash-and-the-evolution-of-hair-transplantation-in-odisha/,yes,http://www.radianceclinics.com/,/hair-transplant-bhubaneswar,medium,verified live article,Hair Transplant,2026-09-14 20:46:23,https://ahmedabadbytes.com/uploads/logo/logo_679d005b4c410.jpg,SM 3208 Google Sheets,2026-09-18T16:14:45.010499+00:00
Dailyhunt,https://dhunt.in/15x2sQ/,no,,/hair-transplant-bhubaneswar,high,live URL; title needs review,Hair Transplant,2026-09-14T15:17:53.555Z,https://m.dailyhunt.in/_assets/img/favicon-48.png,SM 3208 Google Sheets,2026-09-18T16:14:45.010499+00:00
Entrepreneur Hunt,https://entrepreneurhunt.com/dr-satyartha-prakash-and-the-evolution-of-hair-transplantation-in-odisha/,yes,http://www.radianceclinics.com/,/hair-transplant-bhubaneswar,medium,verified live article,Hair Transplant,2026-09-14 20:46:14,https://entrepreneurhunt.com/uploads/logo/logo_677ff553f23d23.png,SM 3208 Google Sheets,2026-09-18T16:14:45.010499+00:00
Hindustan Bytes,https://hindustanbytes.com/dr-satyartha-prakash-and-the-evolution-of-hair-transplantation-in-odisha/,yes,http://www.radianceclinics.com/,/hair-transplant-bhubaneswar,medium,verified live article,Hair Transplant,2026-09-14 20:46:12,https://hindustanbytes.com/uploads/logo/logo_685e399ef3d593.png,SM 3208 Google Sheets,2026-09-18T16:14:45.010499+00:00
Hindustan Metro,https://hindustanmetro.com/dr-satyartha-prakash-and-the-evolution-of-hair-transplantation-in-odisha/,yes,http://www.radianceclinics.com/,/hair-transplant-bhubaneswar,medium,verified live article,Hair Transplant,2026-09-14 20:46:15,https://hindustanmetro.com/uploads/logo/favicon_69e4bdc74db0a5-24556124.png,SM 3208 Google Sheets,2026-09-18T16:14:45.010499+00:00
IGBWire.com,https://igbwire.com/dr-satyartha-prakash-and-the-evolution-of-hair-transplantation-in-odisha/,yes,http://www.radianceclinics.com/,/hair-transplant-bhubaneswar,medium,verified live article,Hair Transplant,2026-09-14 20:46:22,https://igbwire.com/uploads/logo/logo_69ef846e1913c.jpg,SM 3208 Google Sheets,2026-09-18T16:14:45.010499+00:00
Influencive India,https://influenciveindia.in/dr-satyartha-prakash-and-the-evolution-of-hair-transplantation-in-odisha/,yes,http://www.radianceclinics.com/,/hair-transplant-bhubaneswar,medium,verified live article,Hair Transplant,2026-09-14 20:46:16,https://influenciveindia.in/uploads/logo/logo_68136cd2bd7fb3.png,SM 3208 Google Sheets,2026-09-18T16:14:45.010499+00:00
Punjab Bytes,https://english.punjabbytes.com/dr-satyartha-prakash-and-the-evolution-of-hair-transplantation-in-odisha/,yes,http://www.radianceclinics.com/,/hair-transplant-bhubaneswar,medium,verified live article,Hair Transplant,2026-09-14 20:46:19,https://english.punjabbytes.com/uploads/logo/favicon_672f86e9a5ad75-96067626.jpeg,SM 3208 Google Sheets,2026-09-18T16:14:45.010499+00:00
The Daily Beat,https://thedailybeat.in/dr-satyartha-prakash-and-the-evolution-of-hair-transplantation-in-odisha/,yes,http://www.radianceclinics.com/,/hair-transplant-bhubaneswar,medium,verified live article,Hair Transplant,2026-09-14 20:46:18,https://thedailybeat.in/uploads/logo/logo_677fefe989b063.png,SM 3208 Google Sheets,2026-09-18T16:14:45.010499+00:00
The VIRAL Bytes,https://theviralbytes.in/dr-satyartha-prakash-and-the-evolution-of-hair-transplantation-in-odisha/,yes,http://www.radianceclinics.com/,/hair-transplant-bhubaneswar,medium,verified live article,Hair Transplant,2026-09-14 20:46:20,https://theviralbytes.in/uploads/logo/favicon_665a0c0f7413e1-55515561.jpg,SM 3208 Google Sheets,2026-09-18T16:14:45.010499+00:00
Andhra News Digest,https://andhranewsdigest.in/dr-satyartha-prakash-and-the-rise-of-laser-hair-reduction-in-bhubaneswar/,yes,http://www.radianceclinics.com/,/laser-hair-removal-bhubaneswar,medium,verified live article,Laser Hair Reduction,2026-09-15,https://andhranewsdigest.in/favicon.ico,PR-0926-1007 publisher workbook,2026-09-18T16:14:45.010499+00:00
Bihar News Watch,https://biharnewswatch.in/dr-satyartha-prakash-and-the-rise-of-laser-hair-reduction-in-bhubaneswar/,yes,http://www.radianceclinics.com/,/laser-hair-removal-bhubaneswar,medium,verified live article,Laser Hair Reduction,2026-09-15,https://biharnewswatch.in/favicon.ico,PR-0926-1007 publisher workbook,2026-09-18T16:14:45.010499+00:00
Brief Buzz,https://briefbuzz.in/dr-satyartha-prakash-and-the-rise-of-laser-hair-reduction-in-bhubaneswar/,no,,/laser-hair-removal-bhubaneswar,review source,unavailable: URLError,Laser Hair Reduction,,,PR-0926-1007 publisher workbook,2026-09-18T16:14:45.010499+00:00
Business Line Print,https://businesslineprint.in/dr-satyartha-prakash-and-the-rise-of-laser-hair-reduction-in-bhubaneswar/,no,,/laser-hair-removal-bhubaneswar,review source,unavailable: URLError,Laser Hair Reduction,,,PR-0926-1007 publisher workbook,2026-09-18T16:14:45.010499+00:00
Buzz Center,https://buzzcenter.co/dr-satyartha-prakash-and-the-rise-of-laser-hair-reduction-in-bhubaneswar/,yes,http://www.radianceclinics.com/,/laser-hair-removal-bhubaneswar,medium,verified live article,Laser Hair Reduction,2026-09-15T06:41:51+00:00,https://buzzcenter.co/wp-content/uploads/2022/02/03.png,PR-0926-1007 publisher workbook,2026-09-18T16:14:45.010499+00:00
Buzzing info,https://buzzinginfo.com/dr-satyartha-prakash-and-the-rise-of-laser-hair-reduction-in-bhubaneswar/,yes,http://www.radianceclinics.com/,/laser-hair-removal-bhubaneswar,medium,verified live article,Laser Hair Reduction,2026-09-15T06:41:51+00:00,https://buzzinginfo.com/wp-content/uploads/2022/02/04.png,PR-0926-1007 publisher workbook,2026-09-18T16:14:45.010499+00:00
Chhattisgarh NewsLine,https://chhattisgarhnewsline.in/dr-satyartha-prakash-and-the-rise-of-laser-hair-reduction-in-bhubaneswar/,no,,/laser-hair-removal-bhubaneswar,review source,unavailable,Laser Hair Reduction,,,PR-0926-1007 publisher workbook,2026-09-18T16:14:45.010499+00:00
Chronicle Today News,https://chronicletodaynews.in/dr-satyartha-prakash-and-the-rise-of-laser-hair-reduction-in-bhubaneswar/,no,,/laser-hair-removal-bhubaneswar,review source,unavailable: URLError,Laser Hair Reduction,,,PR-0926-1007 publisher workbook,2026-09-18T16:14:45.010499+00:00
Daily gossip online,https://dailygossiponline.com/agency-news/dr-satyartha-prakash-and-the-rise-of-laser-hair-reduction-in-bhubaneswar/,yes,http://www.radianceclinics.com/,/laser-hair-removal-bhubaneswar,medium,verified live article,Laser Hair Reduction,2026-09-15T06:41:52+00:00,https://dailygossiponline.com/wp-content/uploads/2021/05/fav-icon.png,PR-0926-1007 publisher workbook,2026-09-18T16:14:45.010499+00:00
Daily India Updates,https://dailyindiaupdates.in/dr-satyartha-prakash-and-the-rise-of-laser-hair-reduction-in-bhubaneswar/,no,,/laser-hair-removal-bhubaneswar,review source,unavailable: URLError,Laser Hair Reduction,,,PR-0926-1007 publisher workbook,2026-09-18T16:14:45.010499+00:00
Daily Indiane,https://dailyindiane.co.in/dr-satyartha-prakash-and-the-rise-of-laser-hair-reduction-in-bhubaneswar/,no,,/laser-hair-removal-bhubaneswar,review source,unavailable: URLError,Laser Hair Reduction,,,PR-0926-1007 publisher workbook,2026-09-18T16:14:45.010499+00:00
Daily News India Online,https://dailynewsindiaonline.co.in/dr-satyartha-prakash-and-the-rise-of-laser-hair-reduction-in-bhubaneswar/,no,,/laser-hair-removal-bhubaneswar,review source,unavailable: URLError,Laser Hair Reduction,,,PR-0926-1007 publisher workbook,2026-09-18T16:14:45.010499+00:00
daily Street Journal,https://dailystreetjournal.com/agency-news/dr-satyartha-prakash-and-the-rise-of-laser-hair-reduction-in-bhubaneswar/,yes,http://www.radianceclinics.com/,/laser-hair-removal-bhubaneswar,medium,verified live article,Laser Hair Reduction,2026-09-15T06:41:52+00:00,https://dailystreetjournal.com/wp-content/uploads/2022/03/DailyStreetJournal_Favicon.png,PR-0926-1007 publisher workbook,2026-09-18T16:14:45.010499+00:00
Delhi News Daily,https://delhinewsdaily.in/dr-satyartha-prakash-and-the-rise-of-laser-hair-reduction-in-bhubaneswar/,yes,http://www.radianceclinics.com/,/laser-hair-removal-bhubaneswar,medium,verified live article,Laser Hair Reduction,2026-09-15,https://delhinewsdaily.in/favicon.ico,PR-0926-1007 publisher workbook,2026-09-18T16:14:45.010499+00:00
Discover Weekly,https://discoverweekly.co/agency-news/dr-satyartha-prakash-and-the-rise-of-laser-hair-reduction-in-bhubaneswar/,yes,http://www.radianceclinics.com/,/laser-hair-removal-bhubaneswar,medium,verified live article,Laser Hair Reduction,2026-09-15T06:41:51+00:00,https://discoverweekly.co/wp-content/uploads/2022/03/DicoverWeekly_Favicon-60x60.png,PR-0926-1007 publisher workbook,2026-09-18T16:14:45.010499+00:00
District Daily News,https://districtdailynews.in/dr-satyartha-prakash-and-the-rise-of-laser-hair-reduction-in-bhubaneswar/,yes,http://www.radianceclinics.com/,/laser-hair-removal-bhubaneswar,medium,verified live article,Laser Hair Reduction,2026-09-15,https://districtdailynews.in/favicon.ico,PR-0926-1007 publisher workbook,2026-09-18T16:14:45.010499+00:00
Express Times News,https://expresstimesnews.in/dr-satyartha-prakash-and-the-rise-of-laser-hair-reduction-in-bhubaneswar/,no,,/laser-hair-removal-bhubaneswar,review source,unavailable: URLError,Laser Hair Reduction,,,PR-0926-1007 publisher workbook,2026-09-18T16:14:45.010499+00:00
Goa New Time,https://goanewstime.in/dr-satyartha-prakash-and-the-rise-of-laser-hair-reduction-in-bhubaneswar/,no,,/laser-hair-removal-bhubaneswar,review source,unavailable: URLError,Laser Hair Reduction,,,PR-0926-1007 publisher workbook,2026-09-18T16:14:45.010499+00:00
Goa News Online,https://goanewsonline.in/dr-satyartha-prakash-and-the-rise-of-laser-hair-reduction-in-bhubaneswar/,yes,http://www.radianceclinics.com/,/laser-hair-removal-bhubaneswar,medium,verified live article,Laser Hair Reduction,2026-09-15,https://goanewsonline.in/favicon.ico,PR-0926-1007 publisher workbook,2026-09-18T16:14:45.010499+00:00
Gossip Today,https://gossiptoday24.in/dr-satyartha-prakash-and-the-rise-of-laser-hair-reduction-in-bhubaneswar/,no,,/laser-hair-removal-bhubaneswar,review source,unavailable: URLError,Laser Hair Reduction,,,PR-0926-1007 publisher workbook,2026-09-18T16:14:45.010499+00:00
Gujarat Watch,https://gujaratwatch.co.in/dr-satyartha-prakash-and-the-rise-of-laser-hair-reduction-in-bhubaneswar/,yes,http://www.radianceclinics.com/,/laser-hair-removal-bhubaneswar,medium,verified live article,Laser Hair Reduction,2026-09-15,https://gujaratwatch.co.in/favicon.ico,PR-0926-1007 publisher workbook,2026-09-18T16:14:45.010499+00:00
Haryana News Line,https://haryananewsline.co.in/dr-satyartha-prakash-and-the-rise-of-laser-hair-reduction-in-bhubaneswar/,yes,http://www.radianceclinics.com/,/laser-hair-removal-bhubaneswar,medium,verified live article,Laser Hair Reduction,2026-09-15,https://haryananewsline.co.in/favicon.ico,PR-0926-1007 publisher workbook,2026-09-18T16:14:45.010499+00:00
Haryana News Time,https://haryananewstime.in/dr-satyartha-prakash-and-the-rise-of-laser-hair-reduction-in-bhubaneswar/,yes,http://www.radianceclinics.com/,/laser-hair-removal-bhubaneswar,medium,verified live article,Laser Hair Reduction,2026-09-15,https://haryananewstime.in/favicon.ico,PR-0926-1007 publisher workbook,2026-09-18T16:14:45.010499+00:00
Himachal News Report,https://himachalnewsreport.in/dr-satyartha-prakash-and-the-rise-of-laser-hair-reduction-in-bhubaneswar/,yes,http://www.radianceclinics.com/,/laser-hair-removal-bhubaneswar,medium,verified live article,Laser Hair Reduction,2026-09-15,https://himachalnewsreport.in/favicon.ico,PR-0926-1007 publisher workbook,2026-09-18T16:14:45.010499+00:00
Himachal Pradesh News Flash,https://himachalpradeshnewsflash.in/dr-satyartha-prakash-and-the-rise-of-laser-hair-reduction-in-bhubaneswar/,yes,http://www.radianceclinics.com/,/laser-hair-removal-bhubaneswar,medium,verified live article,Laser Hair Reduction,2026-09-15,https://himachalpradeshnewsflash.in/favicon.ico,PR-0926-1007 publisher workbook,2026-09-18T16:14:45.010499+00:00
India 24x7 News,https://india24x7news.co.in/dr-satyartha-prakash-and-the-rise-of-laser-hair-reduction-in-bhubaneswar/,no,,/laser-hair-removal-bhubaneswar,review source,unavailable: URLError,Laser Hair Reduction,,,PR-0926-1007 publisher workbook,2026-09-18T16:14:45.010499+00:00
India Breaking Buzz,https://indiabreakingbuzz.co.in/dr-satyartha-prakash-and-the-rise-of-laser-hair-reduction-in-bhubaneswar/,no,,/laser-hair-removal-bhubaneswar,review source,unavailable: URLError,Laser Hair Reduction,,,PR-0926-1007 publisher workbook,2026-09-18T16:14:45.010499+00:00
India Breaking News Line,https://indiabreakingnewsline.co.in/dr-satyartha-prakash-and-the-rise-of-laser-hair-reduction-in-bhubaneswar/,yes,http://www.radianceclinics.com/,/laser-hair-removal-bhubaneswar,medium,verified live article,Laser Hair Reduction,2026-09-15,https://indiabreakingnewsline.co.in/favicon.ico,PR-0926-1007 publisher workbook,2026-09-18T16:14:45.010499+00:00
India Brief Update,https://indiabriefupdate.co.in/dr-satyartha-prakash-and-the-rise-of-laser-hair-reduction-in-bhubaneswar/,yes,http://www.radianceclinics.com/,/laser-hair-removal-bhubaneswar,medium,verified live article,Laser Hair Reduction,2026-09-15,https://indiabriefupdate.co.in/favicon.ico,PR-0926-1007 publisher workbook,2026-09-18T16:14:45.010499+00:00
India Briefings,https://indiabriefings.co.in/dr-satyartha-prakash-and-the-rise-of-laser-hair-reduction-in-bhubaneswar/,no,,/laser-hair-removal-bhubaneswar,review source,unavailable: URLError,Laser Hair Reduction,,,PR-0926-1007 publisher workbook,2026-09-18T16:14:45.010499+00:00
India Bulletin Live,https://indiabulletinlive.co.in/dr-satyartha-prakash-and-the-rise-of-laser-hair-reduction-in-bhubaneswar/,yes,http://www.radianceclinics.com/,/laser-hair-removal-bhubaneswar,medium,verified live article,Laser Hair Reduction,2026-09-15,https://indiabulletinlive.co.in/favicon.ico,PR-0926-1007 publisher workbook,2026-09-18T16:14:45.010499+00:00
India Bulletin News,https://indiabulletinnews.co.in/dr-satyartha-prakash-and-the-rise-of-laser-hair-reduction-in-bhubaneswar/,yes,http://www.radianceclinics.com/,/laser-hair-removal-bhubaneswar,medium,verified live article,Laser Hair Reduction,2026-09-15,https://indiabulletinnews.co.in/favicon.ico,PR-0926-1007 publisher workbook,2026-09-18T16:14:45.010499+00:00
India Buzz Channel,https://indiabuzzchannel.co.in/dr-satyartha-prakash-and-the-rise-of-laser-hair-reduction-in-bhubaneswar/,yes,http://www.radianceclinics.com/,/laser-hair-removal-bhubaneswar,medium,verified live article,Laser Hair Reduction,2026-09-15,https://indiabuzzchannel.co.in/favicon.ico,PR-0926-1007 publisher workbook,2026-09-18T16:14:45.010499+00:00
India Buzz Feednews,https://indiabuzzfeednews.co.in/dr-satyartha-prakash-and-the-rise-of-laser-hair-reduction-in-bhubaneswar/,yes,http://www.radianceclinics.com/,/laser-hair-removal-bhubaneswar,medium,verified live article,Laser Hair Reduction,2026-09-15,https://indiabuzzfeednews.co.in/favicon.ico,PR-0926-1007 publisher workbook,2026-09-18T16:14:45.010499+00:00
India Buzz News,https://indiabuzznews.co.in/dr-satyartha-prakash-and-the-rise-of-laser-hair-reduction-in-bhubaneswar/,no,,/laser-hair-removal-bhubaneswar,review source,unavailable: URLError,Laser Hair Reduction,,,PR-0926-1007 publisher workbook,2026-09-18T16:14:45.010499+00:00
India Buzz Times,https://indiabuzztimes.com/dr-satyartha-prakash-and-the-rise-of-laser-hair-reduction-in-bhubaneswar/,yes,http://www.radianceclinics.com/,/laser-hair-removal-bhubaneswar,medium,verified live article,Laser Hair Reduction,2026-09-15,https://indiabuzztimes.com/favicon.ico,PR-0926-1007 publisher workbook,2026-09-18T16:14:45.010499+00:00
India Career Week,https://indiacareerweek.in/dr-satyartha-prakash-and-the-rise-of-laser-hair-reduction-in-bhubaneswar/,no,,/laser-hair-removal-bhubaneswar,review source,unavailable: URLError,Laser Hair Reduction,,,PR-0926-1007 publisher workbook,2026-09-18T16:14:45.010499+00:00
India Current Affairs,https://indiacurrentaffairs.co.in/dr-satyartha-prakash-and-the-rise-of-laser-hair-reduction-in-bhubaneswar/,yes,http://www.radianceclinics.com/,/laser-hair-removal-bhubaneswar,medium,verified live article,Laser Hair Reduction,2026-09-15,https://indiacurrentaffairs.co.in/favicon.ico,PR-0926-1007 publisher workbook,2026-09-18T16:14:45.010499+00:00
India Current Update,https://indiacurrentupdate.co.in/dr-satyartha-prakash-and-the-rise-of-laser-hair-reduction-in-bhubaneswar/,no,,/laser-hair-removal-bhubaneswar,review source,unavailable: URLError,Laser Hair Reduction,,,PR-0926-1007 publisher workbook,2026-09-18T16:14:45.010499+00:00
India Flash Bulletin,https://indiaflashbulletin.co.in/dr-satyartha-prakash-and-the-rise-of-laser-hair-reduction-in-bhubaneswar/,yes,http://www.radianceclinics.com/,/laser-hair-removal-bhubaneswar,medium,verified live article,Laser Hair Reduction,2026-09-15,https://indiaflashbulletin.co.in/favicon.ico,PR-0926-1007 publisher workbook,2026-09-18T16:14:45.010499+00:00
India Flash News,https://indiaflashnews.co.in/dr-satyartha-prakash-and-the-rise-of-laser-hair-reduction-in-bhubaneswar/,no,,/laser-hair-removal-bhubaneswar,review source,unavailable: URLError,Laser Hair Reduction,,,PR-0926-1007 publisher workbook,2026-09-18T16:14:45.010499+00:00
India Flashnewsfeed,https://indiaflashnewsfeed.co.in/dr-satyartha-prakash-and-the-rise-of-laser-hair-reduction-in-bhubaneswar/,yes,http://www.radianceclinics.com/,/laser-hair-removal-bhubaneswar,medium,verified live article,Laser Hair Reduction,2026-09-15,https://indiaflashnewsfeed.co.in/favicon.ico,PR-0926-1007 publisher workbook,2026-09-18T16:14:45.010499+00:00
India Forbes News,https://indiaforbesnews.in/dr-satyartha-prakash-and-the-rise-of-laser-hair-reduction-in-bhubaneswar/,no,,/laser-hair-removal-bhubaneswar,review source,unavailable: URLError,Laser Hair Reduction,,,PR-0926-1007 publisher workbook,2026-09-18T16:14:45.010499+00:00
India Global Live,https://indiagloballive.co.in/dr-satyartha-prakash-and-the-rise-of-laser-hair-reduction-in-bhubaneswar/,yes,http://www.radianceclinics.com/,/laser-hair-removal-bhubaneswar,medium,verified live article,Laser Hair Reduction,2026-09-15,https://indiagloballive.co.in/favicon.ico,PR-0926-1007 publisher workbook,2026-09-18T16:14:45.010499+00:00
India Global News,https://indiaglobalnews.co.in/dr-satyartha-prakash-and-the-rise-of-laser-hair-reduction-in-bhubaneswar/,no,,/laser-hair-removal-bhubaneswar,review source,unavailable: URLError,Laser Hair Reduction,,,PR-0926-1007 publisher workbook,2026-09-18T16:14:45.010499+00:00
India Globalnews,https://indiaglobalnews.in/dr-satyartha-prakash-and-the-rise-of-laser-hair-reduction-in-bhubaneswar/,no,,/laser-hair-removal-bhubaneswar,review source,unavailable: URLError,Laser Hair Reduction,,,PR-0926-1007 publisher workbook,2026-09-18T16:14:45.010499+00:00
India Globe Today,https://indiaglobetoday.co.in/dr-satyartha-prakash-and-the-rise-of-laser-hair-reduction-in-bhubaneswar/,yes,http://www.radianceclinics.com/,/laser-hair-removal-bhubaneswar,medium,verified live article,Laser Hair Reduction,2026-09-15,https://indiaglobetoday.co.in/favicon.ico,PR-0926-1007 publisher workbook,2026-09-18T16:14:45.010499+00:00
India Latest News,https://indialatestnews.co.in/dr-satyartha-prakash-and-the-rise-of-laser-hair-reduction-in-bhubaneswar/,yes,http://www.radianceclinics.com/,/laser-hair-removal-bhubaneswar,medium,verified live article,Laser Hair Reduction,2026-09-15,https://indialatestnews.co.in/favicon.ico,PR-0926-1007 publisher workbook,2026-09-18T16:14:45.010499+00:00
India Latest News Feed,https://indialatestnewsfeed.co.in/dr-satyartha-prakash-and-the-rise-of-laser-hair-reduction-in-bhubaneswar/,yes,http://www.radianceclinics.com/,/laser-hair-removal-bhubaneswar,medium,verified live article,Laser Hair Reduction,2026-09-15,https://indialatestnewsfeed.co.in/favicon.ico,PR-0926-1007 publisher workbook,2026-09-18T16:14:45.010499+00:00
India latest News Update,https://indialatestnewsupdate.co.in/dr-satyartha-prakash-and-the-rise-of-laser-hair-reduction-in-bhubaneswar/,yes,http://www.radianceclinics.com/,/laser-hair-removal-bhubaneswar,medium,verified live article,Laser Hair Reduction,2026-09-15,https://indialatestnewsupdate.co.in/favicon.ico,PR-0926-1007 publisher workbook,2026-09-18T16:14:45.010499+00:00
India Live New Update,https://indialivenewsupdate.co.in/dr-satyartha-prakash-and-the-rise-of-laser-hair-reduction-in-bhubaneswar/,yes,http://www.radianceclinics.com/,/laser-hair-removal-bhubaneswar,medium,verified live article,Laser Hair Reduction,2026-09-15,https://indialivenewsupdate.co.in/favicon.ico,PR-0926-1007 publisher workbook,2026-09-18T16:14:45.010499+00:00
India Live News,https://indialivenews.co.in/dr-satyartha-prakash-and-the-rise-of-laser-hair-reduction-in-bhubaneswar/,yes,http://www.radianceclinics.com/,/laser-hair-removal-bhubaneswar,medium,verified live article,Laser Hair Reduction,2026-09-15,https://indialivenews.co.in/favicon.ico,PR-0926-1007 publisher workbook,2026-09-18T16:14:45.010499+00:00
India Live News Feed,https://indialivenewsfeed.co.in/dr-satyartha-prakash-and-the-rise-of-laser-hair-reduction-in-bhubaneswar/,no,,/laser-hair-removal-bhubaneswar,review source,unavailable: URLError,Laser Hair Reduction,,,PR-0926-1007 publisher workbook,2026-09-18T16:14:45.010499+00:00
India Live News Today,https://indialivenewstoday.co.in/dr-satyartha-prakash-and-the-rise-of-laser-hair-reduction-in-bhubaneswar/,yes,http://www.radianceclinics.com/,/laser-hair-removal-bhubaneswar,medium,verified live article,Laser Hair Reduction,2026-09-15,https://indialivenewstoday.co.in/favicon.ico,PR-0926-1007 publisher workbook,2026-09-18T16:14:45.010499+00:00
India Mirror News,https://indiamirrornews.co.in/dr-satyartha-prakash-and-the-rise-of-laser-hair-reduction-in-bhubaneswar/,yes,http://www.radianceclinics.com/,/laser-hair-removal-bhubaneswar,medium,verified live article,Laser Hair Reduction,2026-09-15,https://indiamirrornews.co.in/favicon.ico,PR-0926-1007 publisher workbook,2026-09-18T16:14:45.010499+00:00
India News Break,https://indianewsbreak.co.in/dr-satyartha-prakash-and-the-rise-of-laser-hair-reduction-in-bhubaneswar/,yes,http://www.radianceclinics.com/,/laser-hair-removal-bhubaneswar,medium,verified live article,Laser Hair Reduction,2026-09-15,https://indianewsbreak.co.in/favicon.ico,PR-0926-1007 publisher workbook,2026-09-18T16:14:45.010499+00:00
India News Connect,https://indianewsconnect.co.in/dr-satyartha-prakash-and-the-rise-of-laser-hair-reduction-in-bhubaneswar/,yes,http://www.radianceclinics.com/,/laser-hair-removal-bhubaneswar,medium,verified live article,Laser Hair Reduction,2026-09-15,https://indianewsconnect.co.in/favicon.ico,PR-0926-1007 publisher workbook,2026-09-18T16:14:45.010499+00:00
India News Junction,https://indianewsjunction.co.in/dr-satyartha-prakash-and-the-rise-of-laser-hair-reduction-in-bhubaneswar/,yes,http://www.radianceclinics.com/,/laser-hair-removal-bhubaneswar,medium,verified live article,Laser Hair Reduction,2026-09-15,https://indianewsjunction.co.in/favicon.ico,PR-0926-1007 publisher workbook,2026-09-18T16:14:45.010499+00:00
India News Nation,https://indianewsnation.in/dr-satyartha-prakash-and-the-rise-of-laser-hair-reduction-in-bhubaneswar/,yes,http://www.radianceclinics.com/,/laser-hair-removal-bhubaneswar,medium,verified live article,Laser Hair Reduction,2026-09-15,https://indianewsnation.in/favicon.ico,PR-0926-1007 publisher workbook,2026-09-18T16:14:45.010499+00:00
India News Portal,https://indianewsportal.co.in/dr-satyartha-prakash-and-the-rise-of-laser-hair-reduction-in-bhubaneswar/,yes,http://www.radianceclinics.com/,/laser-hair-removal-bhubaneswar,medium,verified live article,Laser Hair Reduction,2026-09-15,https://indianewsportal.co.in/favicon.ico,PR-0926-1007 publisher workbook,2026-09-18T16:14:45.010499+00:00
India News Wire,https://indianewswire.co.in/dr-satyartha-prakash-and-the-rise-of-laser-hair-reduction-in-bhubaneswar/,yes,http://www.radianceclinics.com/,/laser-hair-removal-bhubaneswar,medium,verified live article,Laser Hair Reduction,2026-09-15,https://indianewswire.co.in/favicon.ico,PR-0926-1007 publisher workbook,2026-09-18T16:14:45.010499+00:00
India Post Daily,https://indiapostdaily.co.in/dr-satyartha-prakash-and-the-rise-of-laser-hair-reduction-in-bhubaneswar/,no,,/laser-hair-removal-bhubaneswar,review source,unavailable: URLError,Laser Hair Reduction,,,PR-0926-1007 publisher workbook,2026-09-18T16:14:45.010499+00:00
India Press Buzz,https://indiapressbuzz.co.in/dr-satyartha-prakash-and-the-rise-of-laser-hair-reduction-in-bhubaneswar/,yes,http://www.radianceclinics.com/,/laser-hair-removal-bhubaneswar,medium,verified live article,Laser Hair Reduction,2026-09-15,https://indiapressbuzz.co.in/favicon.ico,PR-0926-1007 publisher workbook,2026-09-18T16:14:45.010499+00:00
India press Coverage,https://indiapresscoverage.co.in/dr-satyartha-prakash-and-the-rise-of-laser-hair-reduction-in-bhubaneswar/,yes,http://www.radianceclinics.com/,/laser-hair-removal-bhubaneswar,medium,verified live article,Laser Hair Reduction,2026-09-15,https://indiapresscoverage.co.in/favicon.ico,PR-0926-1007 publisher workbook,2026-09-18T16:14:45.010499+00:00
India Press Dispatch,https://indiapressdispatch.co.in/dr-satyartha-prakash-and-the-rise-of-laser-hair-reduction-in-bhubaneswar/,yes,http://www.radianceclinics.com/,/laser-hair-removal-bhubaneswar,medium,verified live article,Laser Hair Reduction,2026-09-15,https://indiapressdispatch.co.in/favicon.ico,PR-0926-1007 publisher workbook,2026-09-18T16:14:45.010499+00:00
India Press Journal,https://indiapressjournal.co.in/dr-satyartha-prakash-and-the-rise-of-laser-hair-reduction-in-bhubaneswar/,no,,/laser-hair-removal-bhubaneswar,review source,unavailable: URLError,Laser Hair Reduction,,,PR-0926-1007 publisher workbook,2026-09-18T16:14:45.010499+00:00
India Pulse Update,https://indiapulseupdate.co.in/dr-satyartha-prakash-and-the-rise-of-laser-hair-reduction-in-bhubaneswar/,yes,http://www.radianceclinics.com/,/laser-hair-removal-bhubaneswar,medium,verified live article,Laser Hair Reduction,2026-09-15,https://indiapulseupdate.co.in/favicon.ico,PR-0926-1007 publisher workbook,2026-09-18T16:14:45.010499+00:00
India Reporter Live,https://indiareporterlive.co.in/dr-satyartha-prakash-and-the-rise-of-laser-hair-reduction-in-bhubaneswar/,no,,/laser-hair-removal-bhubaneswar,review source,unavailable: URLError,Laser Hair Reduction,,,PR-0926-1007 publisher workbook,2026-09-18T16:14:45.010499+00:00
India state News,https://indiastatenews.co.in/dr-satyartha-prakash-and-the-rise-of-laser-hair-reduction-in-bhubaneswar/,yes,http://www.radianceclinics.com/,/laser-hair-removal-bhubaneswar,medium,verified live article,Laser Hair Reduction,2026-09-15,https://indiastatenews.co.in/favicon.ico,PR-0926-1007 publisher workbook,2026-09-18T16:14:45.010499+00:00
India Story Line,https://indiastoryline.co.in/dr-satyartha-prakash-and-the-rise-of-laser-hair-reduction-in-bhubaneswar/,yes,http://www.radianceclinics.com/,/laser-hair-removal-bhubaneswar,medium,verified live article,Laser Hair Reduction,2026-09-15,https://indiastoryline.co.in/favicon.ico,PR-0926-1007 publisher workbook,2026-09-18T16:14:45.010499+00:00
India Times News,https://indiatimesnews.co.in/dr-satyartha-prakash-and-the-rise-of-laser-hair-reduction-in-bhubaneswar/,no,,/laser-hair-removal-bhubaneswar,review source,unavailable: URLError,Laser Hair Reduction,,,PR-0926-1007 publisher workbook,2026-09-18T16:14:45.010499+00:00
India Times Online,https://indiatimesonline.co.in/dr-satyartha-prakash-and-the-rise-of-laser-hair-reduction-in-bhubaneswar/,yes,http://www.radianceclinics.com/,/laser-hair-removal-bhubaneswar,medium,verified live article,Laser Hair Reduction,2026-09-15,https://indiatimesonline.co.in/favicon.ico,PR-0926-1007 publisher workbook,2026-09-18T16:14:45.010499+00:00
India Today Daily,https://indiatodaydaily.co.in/dr-satyartha-prakash-and-the-rise-of-laser-hair-reduction-in-bhubaneswar/,yes,http://www.radianceclinics.com/,/laser-hair-removal-bhubaneswar,medium,verified live article,Laser Hair Reduction,2026-09-15,https://indiatodaydaily.co.in/favicon.ico,PR-0926-1007 publisher workbook,2026-09-18T16:14:45.010499+00:00
India Today Headline,https://indiatodayheadlines.co.in/dr-satyartha-prakash-and-the-rise-of-laser-hair-reduction-in-bhubaneswar/,yes,http://www.radianceclinics.com/,/laser-hair-removal-bhubaneswar,medium,verified live article,Laser Hair Reduction,2026-09-15,https://indiatodayheadlines.co.in/favicon.ico,PR-0926-1007 publisher workbook,2026-09-18T16:14:45.010499+00:00
India Today Live Update,https://indiatodayliveupdate.co.in/dr-satyartha-prakash-and-the-rise-of-laser-hair-reduction-in-bhubaneswar/,yes,http://www.radianceclinics.com/,/laser-hair-removal-bhubaneswar,medium,verified live article,Laser Hair Reduction,2026-09-15,https://indiatodayliveupdate.co.in/favicon.ico,PR-0926-1007 publisher workbook,2026-09-18T16:14:45.010499+00:00
India Today Newsflash,https://indiatodaynewsflash.co.in/dr-satyartha-prakash-and-the-rise-of-laser-hair-reduction-in-bhubaneswar/,yes,http://www.radianceclinics.com/,/laser-hair-removal-bhubaneswar,medium,verified live article,Laser Hair Reduction,2026-09-15,https://indiatodaynewsflash.co.in/favicon.ico,PR-0926-1007 publisher workbook,2026-09-18T16:14:45.010499+00:00
India Today Times,https://indiatodaytimes.co.in/dr-satyartha-prakash-and-the-rise-of-laser-hair-reduction-in-bhubaneswar/,yes,http://www.radianceclinics.com/,/laser-hair-removal-bhubaneswar,medium,verified live article,Laser Hair Reduction,2026-09-15,https://indiatodaytimes.co.in/favicon.ico,PR-0926-1007 publisher workbook,2026-09-18T16:14:45.010499+00:00
India Today Updates,https://indiatodayupdates.co.in/dr-satyartha-prakash-and-the-rise-of-laser-hair-reduction-in-bhubaneswar/,yes,http://www.radianceclinics.com/,/laser-hair-removal-bhubaneswar,medium,verified live article,Laser Hair Reduction,2026-09-15,https://indiatodayupdates.co.in/favicon.ico,PR-0926-1007 publisher workbook,2026-09-18T16:14:45.010499+00:00
India Tribune Times,https://indiatribunetimes.co.in/dr-satyartha-prakash-and-the-rise-of-laser-hair-reduction-in-bhubaneswar/,yes,http://www.radianceclinics.com/,/laser-hair-removal-bhubaneswar,medium,verified live article,Laser Hair Reduction,2026-09-15,https://indiatribunetimes.co.in/favicon.ico,PR-0926-1007 publisher workbook,2026-09-18T16:14:45.010499+00:00
India Vibes Media,https://indiavibesmedia.co.in/dr-satyartha-prakash-and-the-rise-of-laser-hair-reduction-in-bhubaneswar/,yes,http://www.radianceclinics.com/,/laser-hair-removal-bhubaneswar,medium,verified live article,Laser Hair Reduction,2026-09-15,https://indiavibesmedia.co.in/favicon.ico,PR-0926-1007 publisher workbook,2026-09-18T16:14:45.010499+00:00
India Viral Newsnow,https://indiaviralnewsnow.co.in/dr-satyartha-prakash-and-the-rise-of-laser-hair-reduction-in-bhubaneswar/,yes,http://www.radianceclinics.com/,/laser-hair-removal-bhubaneswar,medium,verified live article,Laser Hair Reduction,2026-09-15,https://indiaviralnewsnow.co.in/favicon.ico,PR-0926-1007 publisher workbook,2026-09-18T16:14:45.010499+00:00
India Watch Daily,https://indiawatchdaily.co.in/dr-satyartha-prakash-and-the-rise-of-laser-hair-reduction-in-bhubaneswar/,yes,http://www.radianceclinics.com/,/laser-hair-removal-bhubaneswar,medium,verified live article,Laser Hair Reduction,2026-09-15,https://indiawatchdaily.co.in/favicon.ico,PR-0926-1007 publisher workbook,2026-09-18T16:14:45.010499+00:00
India Watch Live,https://indiawatchlive.co.in/dr-satyartha-prakash-and-the-rise-of-laser-hair-reduction-in-bhubaneswar/,yes,http://www.radianceclinics.com/,/laser-hair-removal-bhubaneswar,medium,verified live article,Laser Hair Reduction,2026-09-15,https://indiawatchlive.co.in/favicon.ico,PR-0926-1007 publisher workbook,2026-09-18T16:14:45.010499+00:00
India Wire Channel,https://indiawirechannel.co.in/dr-satyartha-prakash-and-the-rise-of-laser-hair-reduction-in-bhubaneswar/,yes,http://www.radianceclinics.com/,/laser-hair-removal-bhubaneswar,medium,verified live article,Laser Hair Reduction,2026-09-15,https://indiawirechannel.co.in/favicon.ico,PR-0926-1007 publisher workbook,2026-09-18T16:14:45.010499+00:00
India Wire Media,https://indiawiremedia.com/dr-satyartha-prakash-and-the-rise-of-laser-hair-reduction-in-bhubaneswar/,yes,http://www.radianceclinics.com/,/laser-hair-removal-bhubaneswar,medium,verified live article,Laser Hair Reduction,2026-09-15,https://indiawiremedia.com/favicon.ico,PR-0926-1007 publisher workbook,2026-09-18T16:14:45.010499+00:00
India Wire News,https://indiawirenews.co.in/dr-satyartha-prakash-and-the-rise-of-laser-hair-reduction-in-bhubaneswar/,no,,/laser-hair-removal-bhubaneswar,review source,unavailable: URLError,Laser Hair Reduction,,,PR-0926-1007 publisher workbook,2026-09-18T16:14:45.010499+00:00
India World News,https://indiaworldnews.in/dr-satyartha-prakash-and-the-rise-of-laser-hair-reduction-in-bhubaneswar/,no,,/laser-hair-removal-bhubaneswar,review source,unavailable: URLError,Laser Hair Reduction,,,PR-0926-1007 publisher workbook,2026-09-18T16:14:45.010499+00:00
Indian Daily Press,https://indiandailypress.co.in/dr-satyartha-prakash-and-the-rise-of-laser-hair-reduction-in-bhubaneswar/,no,,/laser-hair-removal-bhubaneswar,review source,unavailable: URLError,Laser Hair Reduction,,,PR-0926-1007 publisher workbook,2026-09-18T16:14:45.010499+00:00
Indian Express Daily,https://indianexpressdaily.com/dr-satyartha-prakash-and-the-rise-of-laser-hair-reduction-in-bhubaneswar/,yes,http://www.radianceclinics.com/,/laser-hair-removal-bhubaneswar,medium,verified live article,Laser Hair Reduction,2026-09-15,https://indianexpressdaily.com/favicon.ico,PR-0926-1007 publisher workbook,2026-09-18T16:14:45.010499+00:00
Indian Express News,https://indianexpressnews.co.in/dr-satyartha-prakash-and-the-rise-of-laser-hair-reduction-in-bhubaneswar/,no,,/laser-hair-removal-bhubaneswar,review source,unavailable: URLError,Laser Hair Reduction,,,PR-0926-1007 publisher workbook,2026-09-18T16:14:45.010499+00:00
Indian Express Newsfeed,https://indianexpressnewsfeed.co.in/dr-satyartha-prakash-and-the-rise-of-laser-hair-reduction-in-bhubaneswar/,yes,http://www.radianceclinics.com/,/laser-hair-removal-bhubaneswar,medium,verified live article,Laser Hair Reduction,2026-09-15,https://indianexpressnewsfeed.co.in/favicon.ico,PR-0926-1007 publisher workbook,2026-09-18T16:14:45.010499+00:00
Indian Express Update,https://indianexpressupdate.co.in/dr-satyartha-prakash-and-the-rise-of-laser-hair-reduction-in-bhubaneswar/,yes,http://www.radianceclinics.com/,/laser-hair-removal-bhubaneswar,medium,verified live article,Laser Hair Reduction,2026-09-15,https://indianexpressupdate.co.in/favicon.ico,PR-0926-1007 publisher workbook,2026-09-18T16:14:45.010499+00:00
Indian Focus News,https://indianfocusnews.co.in/dr-satyartha-prakash-and-the-rise-of-laser-hair-reduction-in-bhubaneswar/,yes,http://www.radianceclinics.com/,/laser-hair-removal-bhubaneswar,medium,verified live article,Laser Hair Reduction,2026-09-15,https://indianfocusnews.co.in/favicon.ico,PR-0926-1007 publisher workbook,2026-09-18T16:14:45.010499+00:00
Indian For Media,https://indiainformedia.co.in/dr-satyartha-prakash-and-the-rise-of-laser-hair-reduction-in-bhubaneswar/,yes,http://www.radianceclinics.com/,/laser-hair-removal-bhubaneswar,medium,verified live article,Laser Hair Reduction,2026-09-15,https://indiainformedia.co.in/favicon.ico,PR-0926-1007 publisher workbook,2026-09-18T16:14:45.010499+00:00
Indian Former,https://indiainformer.co.in/dr-satyartha-prakash-and-the-rise-of-laser-hair-reduction-in-bhubaneswar/,yes,http://www.radianceclinics.com/,/laser-hair-removal-bhubaneswar,medium,verified live article,Laser Hair Reduction,2026-09-15,https://indiainformer.co.in/favicon.ico,PR-0926-1007 publisher workbook,2026-09-18T16:14:45.010499+00:00
Indian Headline Buzz,https://indianheadlinebuzz.co.in/dr-satyartha-prakash-and-the-rise-of-laser-hair-reduction-in-bhubaneswar/,yes,http://www.radianceclinics.com/,/laser-hair-removal-bhubaneswar,medium,verified live article,Laser Hair Reduction,2026-09-15,https://indianheadlinebuzz.co.in/favicon.ico,PR-0926-1007 publisher workbook,2026-09-18T16:14:45.010499+00:00
Indian Headline News,https://indianheadlinenews.co.in/dr-satyartha-prakash-and-the-rise-of-laser-hair-reduction-in-bhubaneswar/,no,,/laser-hair-removal-bhubaneswar,review source,unavailable: URLError,Laser Hair Reduction,,,PR-0926-1007 publisher workbook,2026-09-18T16:14:45.010499+00:00
Indian News Beat,https://indiannewsbeat.com/dr-satyartha-prakash-and-the-rise-of-laser-hair-reduction-in-bhubaneswar/,no,,/laser-hair-removal-bhubaneswar,review source,unavailable: URLError,Laser Hair Reduction,,,PR-0926-1007 publisher workbook,2026-09-18T16:14:45.010499+00:00
Indian News Channel,https://indiannewschannel.co.in/dr-satyartha-prakash-and-the-rise-of-laser-hair-reduction-in-bhubaneswar/,no,,/laser-hair-removal-bhubaneswar,review source,unavailable: URLError,Laser Hair Reduction,,,PR-0926-1007 publisher workbook,2026-09-18T16:14:45.010499+00:00
Indian News Daily Update,https://indiannewsdailyupdate.co.in/dr-satyartha-prakash-and-the-rise-of-laser-hair-reduction-in-bhubaneswar/,yes,http://www.radianceclinics.com/,/laser-hair-removal-bhubaneswar,medium,verified live article,Laser Hair Reduction,2026-09-15,https://indiannewsdailyupdate.co.in/favicon.ico,PR-0926-1007 publisher workbook,2026-09-18T16:14:45.010499+00:00
Indian News Update,https://indiannewsupdate.co.in/dr-satyartha-prakash-and-the-rise-of-laser-hair-reduction-in-bhubaneswar/,yes,http://www.radianceclinics.com/,/laser-hair-removal-bhubaneswar,medium,verified live article,Laser Hair Reduction,2026-09-15,https://indiannewsupdate.co.in/favicon.ico,PR-0926-1007 publisher workbook,2026-09-18T16:14:45.010499+00:00
Indian News Views,https://indiannewsviews.co.in/dr-satyartha-prakash-and-the-rise-of-laser-hair-reduction-in-bhubaneswar/,yes,http://www.radianceclinics.com/,/laser-hair-removal-bhubaneswar,medium,verified live article,Laser Hair Reduction,2026-09-15,https://indiannewsviews.co.in/favicon.ico,PR-0926-1007 publisher workbook,2026-09-18T16:14:45.010499+00:00
Indian press Connect,https://indianpressconnect.co.in/dr-satyartha-prakash-and-the-rise-of-laser-hair-reduction-in-bhubaneswar/,no,,/laser-hair-removal-bhubaneswar,review source,unavailable: URLError,Laser Hair Reduction,,,PR-0926-1007 publisher workbook,2026-09-18T16:14:45.010499+00:00
Indian Press Coverage,https://indianpresscoverage.co.in/dr-satyartha-prakash-and-the-rise-of-laser-hair-reduction-in-bhubaneswar/,yes,http://www.radianceclinics.com/,/laser-hair-removal-bhubaneswar,medium,verified live article,Laser Hair Reduction,2026-09-15,https://indianpresscoverage.co.in/favicon.ico,PR-0926-1007 publisher workbook,2026-09-18T16:14:45.010499+00:00
Indian Press Wire,https://indianpresswire.co.in/dr-satyartha-prakash-and-the-rise-of-laser-hair-reduction-in-bhubaneswar/,yes,http://www.radianceclinics.com/,/laser-hair-removal-bhubaneswar,medium,verified live article,Laser Hair Reduction,2026-09-15,https://indianpresswire.co.in/favicon.ico,PR-0926-1007 publisher workbook,2026-09-18T16:14:45.010499+00:00
Indian Pulse Media,https://indianpulsemedia.co.in/dr-satyartha-prakash-and-the-rise-of-laser-hair-reduction-in-bhubaneswar/,no,,/laser-hair-removal-bhubaneswar,review source,unavailable: URLError,Laser Hair Reduction,,,PR-0926-1007 publisher workbook,2026-09-18T16:14:45.010499+00:00
Indian World News,https://indianworldnews.in/dr-satyartha-prakash-and-the-rise-of-laser-hair-reduction-in-bhubaneswar/,no,,/laser-hair-removal-bhubaneswar,review source,unavailable: URLError,Laser Hair Reduction,,,PR-0926-1007 publisher workbook,2026-09-18T16:14:45.010499+00:00
Indsider India Times,https://insiderindiatimes.in/dr-satyartha-prakash-and-the-rise-of-laser-hair-reduction-in-bhubaneswar/,no,,/laser-hair-removal-bhubaneswar,review source,unavailable: URLError,Laser Hair Reduction,,,PR-0926-1007 publisher workbook,2026-09-18T16:14:45.010499+00:00
Insightful News,https://insightfulnews.in/dr-satyartha-prakash-and-the-rise-of-laser-hair-reduction-in-bhubaneswar/,no,,/laser-hair-removal-bhubaneswar,review source,unavailable: URLError,Laser Hair Reduction,,,PR-0926-1007 publisher workbook,2026-09-18T16:14:45.010499+00:00
Jammu and Kashmir News Report,https://jammuandkashmirnewsreport.in/dr-satyartha-prakash-and-the-rise-of-laser-hair-reduction-in-bhubaneswar/,yes,http://www.radianceclinics.com/,/laser-hair-removal-bhubaneswar,medium,verified live article,Laser Hair Reduction,2026-09-15,https://jammuandkashmirnewsreport.in/favicon.ico,PR-0926-1007 publisher workbook,2026-09-18T16:14:45.010499+00:00
Jharkhand India News Agency,https://jharkhandindianewsagency.in/dr-satyartha-prakash-and-the-rise-of-laser-hair-reduction-in-bhubaneswar/,yes,http://www.radianceclinics.com/,/laser-hair-removal-bhubaneswar,medium,verified live article,Laser Hair Reduction,2026-09-15,https://jharkhandindianewsagency.in/favicon.ico,PR-0926-1007 publisher workbook,2026-09-18T16:14:45.010499+00:00
Jharkhand News Hub,https://jharkhandnewshub.in/dr-satyartha-prakash-and-the-rise-of-laser-hair-reduction-in-bhubaneswar/,yes,http://www.radianceclinics.com/,/laser-hair-removal-bhubaneswar,medium,verified live article,Laser Hair Reduction,2026-09-15,https://jharkhandnewshub.in/favicon.ico,PR-0926-1007 publisher workbook,2026-09-18T16:14:45.010499+00:00
Karnataka News Network,https://karnatakanewsnetwork.in/dr-satyartha-prakash-and-the-rise-of-laser-hair-reduction-in-bhubaneswar/,yes,http://www.radianceclinics.com/,/laser-hair-removal-bhubaneswar,medium,verified live article,Laser Hair Reduction,2026-09-15,https://karnatakanewsnetwork.in/favicon.ico,PR-0926-1007 publisher workbook,2026-09-18T16:14:45.010499+00:00
Karnataka News Room,https://karnatakanewsroom.in/dr-satyartha-prakash-and-the-rise-of-laser-hair-reduction-in-bhubaneswar/,yes,http://www.radianceclinics.com/,/laser-hair-removal-bhubaneswar,medium,verified live article,Laser Hair Reduction,2026-09-15,https://karnatakanewsroom.in/favicon.ico,PR-0926-1007 publisher workbook,2026-09-18T16:14:45.010499+00:00
Kerala News Journal,https://keralanewsjournal.in/dr-satyartha-prakash-and-the-rise-of-laser-hair-reduction-in-bhubaneswar/,yes,http://www.radianceclinics.com/,/laser-hair-removal-bhubaneswar,medium,verified live article,Laser Hair Reduction,2026-09-15,https://keralanewsjournal.in/favicon.ico,PR-0926-1007 publisher workbook,2026-09-18T16:14:45.010499+00:00
Latest News Himachal,https://latestnewshimachal.in/dr-satyartha-prakash-and-the-rise-of-laser-hair-reduction-in-bhubaneswar/,yes,http://www.radianceclinics.com/,/laser-hair-removal-bhubaneswar,medium,verified live article,Laser Hair Reduction,2026-09-15,https://latestnewshimachal.in/favicon.ico,PR-0926-1007 publisher workbook,2026-09-18T16:14:45.010499+00:00
Latest News Karnataka,https://latestnewskarnataka.in/dr-satyartha-prakash-and-the-rise-of-laser-hair-reduction-in-bhubaneswar/,yes,http://www.radianceclinics.com/,/laser-hair-removal-bhubaneswar,medium,verified live article,Laser Hair Reduction,2026-09-15,https://latestnewskarnataka.in/favicon.ico,PR-0926-1007 publisher workbook,2026-09-18T16:14:45.010499+00:00
Latest News Today,https://latestnewstoday.in/dr-satyartha-prakash-and-the-rise-of-laser-hair-reduction-in-bhubaneswar/,no,,/laser-hair-removal-bhubaneswar,review source,unavailable: URLError,Laser Hair Reduction,,,PR-0926-1007 publisher workbook,2026-09-18T16:14:45.010499+00:00
Madhya Pradesh News Tribune,https://madhyapradeshnewstribune.in/dr-satyartha-prakash-and-the-rise-of-laser-hair-reduction-in-bhubaneswar/,yes,http://www.radianceclinics.com/,/laser-hair-removal-bhubaneswar,medium,verified live article,Laser Hair Reduction,2026-09-15,https://madhyapradeshnewstribune.in/favicon.ico,PR-0926-1007 publisher workbook,2026-09-18T16:14:45.010499+00:00
Maharashtra NewsFlash,https://maharashtranewsflash.in/dr-satyartha-prakash-and-the-rise-of-laser-hair-reduction-in-bhubaneswar/,yes,http://www.radianceclinics.com/,/laser-hair-removal-bhubaneswar,medium,verified live article,Laser Hair Reduction,2026-09-15,https://maharashtranewsflash.in/favicon.ico,PR-0926-1007 publisher workbook,2026-09-18T16:14:45.010499+00:00
Maharashtra Portal,https://maharastraportal.in/dr-satyartha-prakash-and-the-rise-of-laser-hair-reduction-in-bhubaneswar/,yes,http://www.radianceclinics.com/,/laser-hair-removal-bhubaneswar,medium,verified live article,Laser Hair Reduction,2026-09-15,https://maharastraportal.in/favicon.ico,PR-0926-1007 publisher workbook,2026-09-18T16:14:45.010499+00:00
Manipur News World,https://manipurnewsworld.in/dr-satyartha-prakash-and-the-rise-of-laser-hair-reduction-in-bhubaneswar/,yes,http://www.radianceclinics.com/,/laser-hair-removal-bhubaneswar,medium,verified live article,Laser Hair Reduction,2026-09-15,https://manipurnewsworld.in/favicon.ico,PR-0926-1007 publisher workbook,2026-09-18T16:14:45.010499+00:00
Media Minds,https://mediasminds.in/dr-satyartha-prakash-and-the-rise-of-laser-hair-reduction-in-bhubaneswar/,no,,/laser-hair-removal-bhubaneswar,review source,unavailable: URLError,Laser Hair Reduction,,,PR-0926-1007 publisher workbook,2026-09-18T16:14:45.010499+00:00
Meghalaya News Daily,https://meghalayanewsdaily.in/dr-satyartha-prakash-and-the-rise-of-laser-hair-reduction-in-bhubaneswar/,yes,http://www.radianceclinics.com/,/laser-hair-removal-bhubaneswar,medium,verified live article,Laser Hair Reduction,2026-09-15,https://meghalayanewsdaily.in/favicon.ico,PR-0926-1007 publisher workbook,2026-09-18T16:14:45.010499+00:00
Mizoram News Buzz,https://mizoramnewsbuzz.in/dr-satyartha-prakash-and-the-rise-of-laser-hair-reduction-in-bhubaneswar/,yes,http://www.radianceclinics.com/,/laser-hair-removal-bhubaneswar,medium,verified live article,Laser Hair Reduction,2026-09-15,https://mizoramnewsbuzz.in/favicon.ico,PR-0926-1007 publisher workbook,2026-09-18T16:14:45.010499+00:00
Mizoram News Pulse,https://mizoramnewspulse.in/dr-satyartha-prakash-and-the-rise-of-laser-hair-reduction-in-bhubaneswar/,yes,http://www.radianceclinics.com/,/laser-hair-removal-bhubaneswar,medium,verified live article,Laser Hair Reduction,2026-09-15,https://mizoramnewspulse.in/favicon.ico,PR-0926-1007 publisher workbook,2026-09-18T16:14:45.010499+00:00
Mizoram News Voice,https://mizoramnewsvoice.in/dr-satyartha-prakash-and-the-rise-of-laser-hair-reduction-in-bhubaneswar/,yes,http://www.radianceclinics.com/,/laser-hair-removal-bhubaneswar,medium,verified live article,Laser Hair Reduction,2026-09-15,https://mizoramnewsvoice.in/favicon.ico,PR-0926-1007 publisher workbook,2026-09-18T16:14:45.010499+00:00
My News Today,https://mynewstoday24.in/dr-satyartha-prakash-and-the-rise-of-laser-hair-reduction-in-bhubaneswar/,no,,/laser-hair-removal-bhubaneswar,review source,unavailable: URLError,Laser Hair Reduction,,,PR-0926-1007 publisher workbook,2026-09-18T16:14:45.010499+00:00
Nagaland News 24x7,https://nagalandnews24x7.in/dr-satyartha-prakash-and-the-rise-of-laser-hair-reduction-in-bhubaneswar/,yes,http://www.radianceclinics.com/,/laser-hair-removal-bhubaneswar,medium,verified live article,Laser Hair Reduction,2026-09-15,https://nagalandnews24x7.in/favicon.ico,PR-0926-1007 publisher workbook,2026-09-18T16:14:45.010499+00:00
Nagaland News Watch,https://nagalandnewswatch.in/dr-satyartha-prakash-and-the-rise-of-laser-hair-reduction-in-bhubaneswar/,no,,/laser-hair-removal-bhubaneswar,review source,unavailable: URLError,Laser Hair Reduction,,,PR-0926-1007 publisher workbook,2026-09-18T16:14:45.010499+00:00
Nagpur Project News,https://nagpurprojectnews.in/dr-satyartha-prakash-and-the-rise-of-laser-hair-reduction-in-bhubaneswar/,no,,/laser-hair-removal-bhubaneswar,review source,unavailable: URLError,Laser Hair Reduction,,,PR-0926-1007 publisher workbook,2026-09-18T16:14:45.010499+00:00
New India 24x7,https://newsindia24x7.co.in/dr-satyartha-prakash-and-the-rise-of-laser-hair-reduction-in-bhubaneswar/,yes,http://www.radianceclinics.com/,/laser-hair-removal-bhubaneswar,medium,verified live article,Laser Hair Reduction,2026-09-15,https://newsindia24x7.co.in/favicon.ico,PR-0926-1007 publisher workbook,2026-09-18T16:14:45.010499+00:00
News Eagle India,https://newseagleindia.in/dr-satyartha-prakash-and-the-rise-of-laser-hair-reduction-in-bhubaneswar/,no,,/laser-hair-removal-bhubaneswar,review source,unavailable: URLError,Laser Hair Reduction,,,PR-0926-1007 publisher workbook,2026-09-18T16:14:45.010499+00:00
News Economic India,https://newseconomicindia.in/dr-satyartha-prakash-and-the-rise-of-laser-hair-reduction-in-bhubaneswar/,no,,/laser-hair-removal-bhubaneswar,review source,unavailable: URLError,Laser Hair Reduction,,,PR-0926-1007 publisher workbook,2026-09-18T16:14:45.010499+00:00
News India,https://newsindias.in/dr-satyartha-prakash-and-the-rise-of-laser-hair-reduction-in-bhubaneswar/,no,,/laser-hair-removal-bhubaneswar,review source,unavailable: URLError,Laser Hair Reduction,,,PR-0926-1007 publisher workbook,2026-09-18T16:14:45.010499+00:00
News India Connect,https://newsindiaconnect.co.in/dr-satyartha-prakash-and-the-rise-of-laser-hair-reduction-in-bhubaneswar/,yes,http://www.radianceclinics.com/,/laser-hair-removal-bhubaneswar,medium,verified live article,Laser Hair Reduction,2026-09-15,https://newsindiaconnect.co.in/favicon.ico,PR-0926-1007 publisher workbook,2026-09-18T16:14:45.010499+00:00
News India Connectivity,https://newsindiaconnectivity.co.in/dr-satyartha-prakash-and-the-rise-of-laser-hair-reduction-in-bhubaneswar/,yes,http://www.radianceclinics.com/,/laser-hair-removal-bhubaneswar,medium,verified live article,Laser Hair Reduction,2026-09-15,https://newsindiaconnectivity.co.in/favicon.ico,PR-0926-1007 publisher workbook,2026-09-18T16:14:45.010499+00:00
News India Headline,https://newsindiaheadline.in/dr-satyartha-prakash-and-the-rise-of-laser-hair-reduction-in-bhubaneswar/,yes,http://www.radianceclinics.com/,/laser-hair-removal-bhubaneswar,medium,verified live article,Laser Hair Reduction,2026-09-15,https://newsindiaheadline.in/favicon.ico,PR-0926-1007 publisher workbook,2026-09-18T16:14:45.010499+00:00
News India Live,https://newsindialive.co.in/dr-satyartha-prakash-and-the-rise-of-laser-hair-reduction-in-bhubaneswar/,yes,http://www.radianceclinics.com/,/laser-hair-removal-bhubaneswar,medium,verified live article,Laser Hair Reduction,2026-09-15,https://newsindialive.co.in/favicon.ico,PR-0926-1007 publisher workbook,2026-09-18T16:14:45.010499+00:00
News India Network,https://newsindianetwork.co.in/dr-satyartha-prakash-and-the-rise-of-laser-hair-reduction-in-bhubaneswar/,no,,/laser-hair-removal-bhubaneswar,review source,unavailable: URLError,Laser Hair Reduction,,,PR-0926-1007 publisher workbook,2026-09-18T16:14:45.010499+00:00
News India Point,https://newsindiapoint.co.in/dr-satyartha-prakash-and-the-rise-of-laser-hair-reduction-in-bhubaneswar/,no,,/laser-hair-removal-bhubaneswar,review source,unavailable: URLError,Laser Hair Reduction,,,PR-0926-1007 publisher workbook,2026-09-18T16:14:45.010499+00:00
News India Talks,https://newsindiatalks.co.in/dr-satyartha-prakash-and-the-rise-of-laser-hair-reduction-in-bhubaneswar/,no,,/laser-hair-removal-bhubaneswar,review source,unavailable: URLError,Laser Hair Reduction,,,PR-0926-1007 publisher workbook,2026-09-18T16:14:45.010499+00:00
News India Times,https://newsindiatimes.co.in/dr-satyartha-prakash-and-the-rise-of-laser-hair-reduction-in-bhubaneswar/,no,,/laser-hair-removal-bhubaneswar,review source,unavailable: URLError,Laser Hair Reduction,,,PR-0926-1007 publisher workbook,2026-09-18T16:14:45.010499+00:00
News India Web,https://newsindiaweb.co.in/dr-satyartha-prakash-and-the-rise-of-laser-hair-reduction-in-bhubaneswar/,no,,/laser-hair-removal-bhubaneswar,review source,unavailable: URLError,Laser Hair Reduction,,,PR-0926-1007 publisher workbook,2026-09-18T16:14:45.010499+00:00
News Indian Bulletin,https://newsindianbulletin.co.in/dr-satyartha-prakash-and-the-rise-of-laser-hair-reduction-in-bhubaneswar/,no,,/laser-hair-removal-bhubaneswar,review source,unavailable: URLError,Laser Hair Reduction,,,PR-0926-1007 publisher workbook,2026-09-18T16:14:45.010499+00:00
News Indian Line,https://newsindianline.co.in/dr-satyartha-prakash-and-the-rise-of-laser-hair-reduction-in-bhubaneswar/,yes,http://www.radianceclinics.com/,/laser-hair-removal-bhubaneswar,medium,verified live article,Laser Hair Reduction,2026-09-15,https://newsindianline.co.in/favicon.ico,PR-0926-1007 publisher workbook,2026-09-18T16:14:45.010499+00:00
News Indian Link,https://newsindianlink.co.in/dr-satyartha-prakash-and-the-rise-of-laser-hair-reduction-in-bhubaneswar/,yes,http://www.radianceclinics.com/,/laser-hair-removal-bhubaneswar,medium,verified live article,Laser Hair Reduction,2026-09-15,https://newsindianlink.co.in/favicon.ico,PR-0926-1007 publisher workbook,2026-09-18T16:14:45.010499+00:00
News Indian Pulse,https://newsindianpulse.co.in/dr-satyartha-prakash-and-the-rise-of-laser-hair-reduction-in-bhubaneswar/,yes,http://www.radianceclinics.com/,/laser-hair-removal-bhubaneswar,medium,verified live article,Laser Hair Reduction,2026-09-15,https://newsindianpulse.co.in/favicon.ico,PR-0926-1007 publisher workbook,2026-09-18T16:14:45.010499+00:00
News Indian Update,https://newsindianupdate.co.in/dr-satyartha-prakash-and-the-rise-of-laser-hair-reduction-in-bhubaneswar/,yes,http://www.radianceclinics.com/,/laser-hair-removal-bhubaneswar,medium,verified live article,Laser Hair Reduction,2026-09-15,https://newsindianupdate.co.in/favicon.ico,PR-0926-1007 publisher workbook,2026-09-18T16:14:45.010499+00:00
News Mirror,https://newsmirror.in/dr-satyartha-prakash-and-the-rise-of-laser-hair-reduction-in-bhubaneswar/,no,,/laser-hair-removal-bhubaneswar,review source,unavailable: URLError,Laser Hair Reduction,,,PR-0926-1007 publisher workbook,2026-09-18T16:14:45.010499+00:00
News Pulse India,https://newspulseindia.co.in/dr-satyartha-prakash-and-the-rise-of-laser-hair-reduction-in-bhubaneswar/,yes,http://www.radianceclinics.com/,/laser-hair-removal-bhubaneswar,medium,verified live article,Laser Hair Reduction,2026-09-15,https://newspulseindia.co.in/favicon.ico,PR-0926-1007 publisher workbook,2026-09-18T16:14:45.010499+00:00
News Today Pro,https://newstodaypro.in/dr-satyartha-prakash-and-the-rise-of-laser-hair-reduction-in-bhubaneswar/,no,,/laser-hair-removal-bhubaneswar,review source,unavailable: URLError,Laser Hair Reduction,,,PR-0926-1007 publisher workbook,2026-09-18T16:14:45.010499+00:00
News Today99,https://newstoday99.in/dr-satyartha-prakash-and-the-rise-of-laser-hair-reduction-in-bhubaneswar/,no,,/laser-hair-removal-bhubaneswar,review source,unavailable: URLError,Laser Hair Reduction,,,PR-0926-1007 publisher workbook,2026-09-18T16:14:45.010499+00:00
News Wave India,https://newswaveindia.co.in/dr-satyartha-prakash-and-the-rise-of-laser-hair-reduction-in-bhubaneswar/,yes,http://www.radianceclinics.com/,/laser-hair-removal-bhubaneswar,medium,verified live article,Laser Hair Reduction,2026-09-15,https://newswaveindia.co.in/favicon.ico,PR-0926-1007 publisher workbook,2026-09-18T16:14:45.010499+00:00
News Wires,https://newswires.in/dr-satyartha-prakash-and-the-rise-of-laser-hair-reduction-in-bhubaneswar/,no,,/laser-hair-removal-bhubaneswar,review source,unavailable: URLError,Laser Hair Reduction,,,PR-0926-1007 publisher workbook,2026-09-18T16:14:45.010499+00:00
Newz Today 24,https://newztoday24.in/dr-satyartha-prakash-and-the-rise-of-laser-hair-reduction-in-bhubaneswar/,no,,/laser-hair-removal-bhubaneswar,review source,unavailable: URLError,Laser Hair Reduction,,,PR-0926-1007 publisher workbook,2026-09-18T16:14:45.010499+00:00
Now Report,https://nowreport.in/dr-satyartha-prakash-and-the-rise-of-laser-hair-reduction-in-bhubaneswar/,no,,/laser-hair-removal-bhubaneswar,review source,unavailable: URLError,Laser Hair Reduction,,,PR-0926-1007 publisher workbook,2026-09-18T16:14:45.010499+00:00
Odisha News Hour,https://odishanewshour.in/dr-satyartha-prakash-and-the-rise-of-laser-hair-reduction-in-bhubaneswar/,no,,/laser-hair-removal-bhubaneswar,review source,unavailable: URLError,Laser Hair Reduction,,,PR-0926-1007 publisher workbook,2026-09-18T16:14:45.010499+00:00
Odisha News Voice,https://odishanewsvoice.in/dr-satyartha-prakash-and-the-rise-of-laser-hair-reduction-in-bhubaneswar/,yes,http://www.radianceclinics.com/,/laser-hair-removal-bhubaneswar,medium,verified live article,Laser Hair Reduction,2026-09-15,https://odishanewsvoice.in/favicon.ico,PR-0926-1007 publisher workbook,2026-09-18T16:14:45.010499+00:00
Patrolling Wire News,https://patrollingwirenews.in/dr-satyartha-prakash-and-the-rise-of-laser-hair-reduction-in-bhubaneswar/,no,,/laser-hair-removal-bhubaneswar,review source,unavailable: URLError,Laser Hair Reduction,,,PR-0926-1007 publisher workbook,2026-09-18T16:14:45.010499+00:00
Post Times News,https://posttimenews.in/dr-satyartha-prakash-and-the-rise-of-laser-hair-reduction-in-bhubaneswar/,no,,/laser-hair-removal-bhubaneswar,review source,unavailable: URLError,Laser Hair Reduction,,,PR-0926-1007 publisher workbook,2026-09-18T16:14:45.010499+00:00
Punjab News Network,https://punjabnewsnetwork.in/dr-satyartha-prakash-and-the-rise-of-laser-hair-reduction-in-bhubaneswar/,yes,http://www.radianceclinics.com/,/laser-hair-removal-bhubaneswar,medium,verified live article,Laser Hair Reduction,2026-09-15,https://punjabnewsnetwork.in/favicon.ico,PR-0926-1007 publisher workbook,2026-09-18T16:14:45.010499+00:00
Punjab News Update,https://panjabnewsupdate.in/dr-satyartha-prakash-and-the-rise-of-laser-hair-reduction-in-bhubaneswar/,yes,http://www.radianceclinics.com/,/laser-hair-removal-bhubaneswar,medium,verified live article,Laser Hair Reduction,2026-09-15,https://panjabnewsupdate.in/favicon.ico,PR-0926-1007 publisher workbook,2026-09-18T16:14:45.010499+00:00
Quick News Now,https://quicknewsnow.in/dr-satyartha-prakash-and-the-rise-of-laser-hair-reduction-in-bhubaneswar/,no,,/laser-hair-removal-bhubaneswar,review source,unavailable: URLError,Laser Hair Reduction,,,PR-0926-1007 publisher workbook,2026-09-18T16:14:45.010499+00:00
Rabale,https://rabale.com/dr-satyartha-prakash-and-the-rise-of-laser-hair-reduction-in-bhubaneswar/,no,,/laser-hair-removal-bhubaneswar,review source,unavailable: URLError,Laser Hair Reduction,,,PR-0926-1007 publisher workbook,2026-09-18T16:14:45.010499+00:00
Rajasthan Headlines,https://rajasthanheadlines.in/dr-satyartha-prakash-and-the-rise-of-laser-hair-reduction-in-bhubaneswar/,yes,http://www.radianceclinics.com/,/laser-hair-removal-bhubaneswar,medium,verified live article,Laser Hair Reduction,2026-09-15,https://rajasthanheadlines.in/favicon.ico,PR-0926-1007 publisher workbook,2026-09-18T16:14:45.010499+00:00
Rajasthan News Time,https://rajasthannewstime.in/dr-satyartha-prakash-and-the-rise-of-laser-hair-reduction-in-bhubaneswar/,yes,http://www.radianceclinics.com/,/laser-hair-removal-bhubaneswar,medium,verified live article,Laser Hair Reduction,2026-09-15,https://rajasthannewstime.in/favicon.ico,PR-0926-1007 publisher workbook,2026-09-18T16:14:45.010499+00:00
Rapid Report,https://rapidreport.in/dr-satyartha-prakash-and-the-rise-of-laser-hair-reduction-in-bhubaneswar/,no,,/laser-hair-removal-bhubaneswar,review source,unavailable: URLError,Laser Hair Reduction,,,PR-0926-1007 publisher workbook,2026-09-18T16:14:45.010499+00:00
Reach News,https://reachnews.in/dr-satyartha-prakash-and-the-rise-of-laser-hair-reduction-in-bhubaneswar/,no,,/laser-hair-removal-bhubaneswar,review source,unavailable: URLError,Laser Hair Reduction,,,PR-0926-1007 publisher workbook,2026-09-18T16:14:45.010499+00:00
Report India,https://reportindia.in/dr-satyartha-prakash-and-the-rise-of-laser-hair-reduction-in-bhubaneswar/,no,,/laser-hair-removal-bhubaneswar,review source,unavailable: URLError,Laser Hair Reduction,,,PR-0926-1007 publisher workbook,2026-09-18T16:14:45.010499+00:00
Report News,https://reportnews.in/dr-satyartha-prakash-and-the-rise-of-laser-hair-reduction-in-bhubaneswar/,no,,/laser-hair-removal-bhubaneswar,review source,unavailable: URLError,Laser Hair Reduction,,,PR-0926-1007 publisher workbook,2026-09-18T16:14:45.010499+00:00
Report Today,https://reporttoday.in/dr-satyartha-prakash-and-the-rise-of-laser-hair-reduction-in-bhubaneswar/,no,,/laser-hair-removal-bhubaneswar,review source,unavailable: URLError,Laser Hair Reduction,,,PR-0926-1007 publisher workbook,2026-09-18T16:14:45.010499+00:00
Report World,https://reportworld.in/dr-satyartha-prakash-and-the-rise-of-laser-hair-reduction-in-bhubaneswar/,no,,/laser-hair-removal-bhubaneswar,review source,unavailable: URLError,Laser Hair Reduction,,,PR-0926-1007 publisher workbook,2026-09-18T16:14:45.010499+00:00
Sandwich,https://sandwich.co.in/dr-satyartha-prakash-and-the-rise-of-laser-hair-reduction-in-bhubaneswar/,no,,/laser-hair-removal-bhubaneswar,review source,unavailable: URLError,Laser Hair Reduction,,,PR-0926-1007 publisher workbook,2026-09-18T16:14:45.010499+00:00
Scroll India News,https://scrollindianews.in/dr-satyartha-prakash-and-the-rise-of-laser-hair-reduction-in-bhubaneswar/,no,,/laser-hair-removal-bhubaneswar,review source,unavailable: URLError,Laser Hair Reduction,,,PR-0926-1007 publisher workbook,2026-09-18T16:14:45.010499+00:00
Sikkim News Update,https://sikkimnewsupdate.in/dr-satyartha-prakash-and-the-rise-of-laser-hair-reduction-in-bhubaneswar/,yes,http://www.radianceclinics.com/,/laser-hair-removal-bhubaneswar,medium,verified live article,Laser Hair Reduction,2026-09-15,https://sikkimnewsupdate.in/favicon.ico,PR-0926-1007 publisher workbook,2026-09-18T16:14:45.010499+00:00
Standard News Wire,https://standardnewswire.in/dr-satyartha-prakash-and-the-rise-of-laser-hair-reduction-in-bhubaneswar/,no,,/laser-hair-removal-bhubaneswar,review source,unavailable: URLError,Laser Hair Reduction,,,PR-0926-1007 publisher workbook,2026-09-18T16:14:45.010499+00:00
Standard Today News,https://standardtodaynews.in/dr-satyartha-prakash-and-the-rise-of-laser-hair-reduction-in-bhubaneswar/,no,,/laser-hair-removal-bhubaneswar,review source,unavailable: URLError,Laser Hair Reduction,,,PR-0926-1007 publisher workbook,2026-09-18T16:14:45.010499+00:00
State News Today,https://statenewstoday.in/dr-satyartha-prakash-and-the-rise-of-laser-hair-reduction-in-bhubaneswar/,no,,/laser-hair-removal-bhubaneswar,review source,unavailable: URLError,Laser Hair Reduction,,,PR-0926-1007 publisher workbook,2026-09-18T16:14:45.010499+00:00
State Newz,https://statenewz.in/dr-satyartha-prakash-and-the-rise-of-laser-hair-reduction-in-bhubaneswar/,no,,/laser-hair-removal-bhubaneswar,review source,unavailable: URLError,Laser Hair Reduction,,,PR-0926-1007 publisher workbook,2026-09-18T16:14:45.010499+00:00
Story India,https://stroyindia.in/dr-satyartha-prakash-and-the-rise-of-laser-hair-reduction-in-bhubaneswar/,no,,/laser-hair-removal-bhubaneswar,review source,unavailable: URLError,Laser Hair Reduction,,,PR-0926-1007 publisher workbook,2026-09-18T16:14:45.010499+00:00
Tamilnadu News Update,https://tamilnadunewsupdate.in/dr-satyartha-prakash-and-the-rise-of-laser-hair-reduction-in-bhubaneswar/,yes,http://www.radianceclinics.com/,/laser-hair-removal-bhubaneswar,medium,verified live article,Laser Hair Reduction,2026-09-15,https://tamilnadunewsupdate.in/favicon.ico,PR-0926-1007 publisher workbook,2026-09-18T16:14:45.010499+00:00
Tech Times News,https://techtimesnews.in/dr-satyartha-prakash-and-the-rise-of-laser-hair-reduction-in-bhubaneswar/,no,,/laser-hair-removal-bhubaneswar,review source,unavailable: URLError,Laser Hair Reduction,,,PR-0926-1007 publisher workbook,2026-09-18T16:14:45.010499+00:00
Telangana News Spot,https://telangananewsspot.in/dr-satyartha-prakash-and-the-rise-of-laser-hair-reduction-in-bhubaneswar/,yes,http://www.radianceclinics.com/,/laser-hair-removal-bhubaneswar,medium,verified live article,Laser Hair Reduction,2026-09-15,https://telangananewsspot.in/favicon.ico,PR-0926-1007 publisher workbook,2026-09-18T16:14:45.010499+00:00
The Daily Glimpse,https://thedailyglimpse.in/dr-satyartha-prakash-and-the-rise-of-laser-hair-reduction-in-bhubaneswar/,no,,/laser-hair-removal-bhubaneswar,review source,unavailable: URLError,Laser Hair Reduction,,,PR-0926-1007 publisher workbook,2026-09-18T16:14:45.010499+00:00
The Hindustan Express,https://thehindustanexpress.co.in/dr-satyartha-prakash-and-the-rise-of-laser-hair-reduction-in-bhubaneswar/,no,,/laser-hair-removal-bhubaneswar,review source,unavailable: URLError,Laser Hair Reduction,,,PR-0926-1007 publisher workbook,2026-09-18T16:14:45.010499+00:00
The India Brief,https://theindiabrief.co.in/dr-satyartha-prakash-and-the-rise-of-laser-hair-reduction-in-bhubaneswar/,yes,http://www.radianceclinics.com/,/laser-hair-removal-bhubaneswar,medium,verified live article,Laser Hair Reduction,2026-09-15,https://theindiabrief.co.in/favicon.ico,PR-0926-1007 publisher workbook,2026-09-18T16:14:45.010499+00:00
The India Talks,https://theindiatalks.co.in/dr-satyartha-prakash-and-the-rise-of-laser-hair-reduction-in-bhubaneswar/,yes,http://www.radianceclinics.com/,/laser-hair-removal-bhubaneswar,medium,verified live article,Laser Hair Reduction,2026-09-15,https://theindiatalks.co.in/favicon.ico,PR-0926-1007 publisher workbook,2026-09-18T16:14:45.010499+00:00
The India Times Online,https://theindiatimesonline.co.in/dr-satyartha-prakash-and-the-rise-of-laser-hair-reduction-in-bhubaneswar/,no,,/laser-hair-removal-bhubaneswar,review source,unavailable: URLError,Laser Hair Reduction,,,PR-0926-1007 publisher workbook,2026-09-18T16:14:45.010499+00:00
The India Watch,https://theindiawatch.co.in/dr-satyartha-prakash-and-the-rise-of-laser-hair-reduction-in-bhubaneswar/,no,,/laser-hair-removal-bhubaneswar,review source,unavailable: URLError,Laser Hair Reduction,,,PR-0926-1007 publisher workbook,2026-09-18T16:14:45.010499+00:00
The Indian Post,https://theindianpost.co.in/dr-satyartha-prakash-and-the-rise-of-laser-hair-reduction-in-bhubaneswar/,yes,http://www.radianceclinics.com/,/laser-hair-removal-bhubaneswar,medium,verified live article,Laser Hair Reduction,2026-09-15,https://theindianpost.co.in/favicon.ico,PR-0926-1007 publisher workbook,2026-09-18T16:14:45.010499+00:00
The Indian Post Online,https://theindianpostonline.co.in/dr-satyartha-prakash-and-the-rise-of-laser-hair-reduction-in-bhubaneswar/,yes,http://www.radianceclinics.com/,/laser-hair-removal-bhubaneswar,medium,verified live article,Laser Hair Reduction,2026-09-15,https://theindianpostonline.co.in/favicon.ico,PR-0926-1007 publisher workbook,2026-09-18T16:14:45.010499+00:00
The News India Now,https://thenewsindianow.co.in/dr-satyartha-prakash-and-the-rise-of-laser-hair-reduction-in-bhubaneswar/,no,,/laser-hair-removal-bhubaneswar,review source,unavailable: URLError,Laser Hair Reduction,,,PR-0926-1007 publisher workbook,2026-09-18T16:14:45.010499+00:00
The News Net,https://thenewsnet.in/dr-satyartha-prakash-and-the-rise-of-laser-hair-reduction-in-bhubaneswar/,no,,/laser-hair-removal-bhubaneswar,review source,unavailable: URLError,Laser Hair Reduction,,,PR-0926-1007 publisher workbook,2026-09-18T16:14:45.010499+00:00
The Quick Update,https://thequickupdate.in/dr-satyartha-prakash-and-the-rise-of-laser-hair-reduction-in-bhubaneswar/,no,,/laser-hair-removal-bhubaneswar,review source,unavailable: URLError,Laser Hair Reduction,,,PR-0926-1007 publisher workbook,2026-09-18T16:14:45.010499+00:00
The Report Net,https://thereportnet.in/dr-satyartha-prakash-and-the-rise-of-laser-hair-reduction-in-bhubaneswar/,no,,/laser-hair-removal-bhubaneswar,review source,unavailable: URLError,Laser Hair Reduction,,,PR-0926-1007 publisher workbook,2026-09-18T16:14:45.010499+00:00
The Report World,https://thereportworld.in/dr-satyartha-prakash-and-the-rise-of-laser-hair-reduction-in-bhubaneswar/,no,,/laser-hair-removal-bhubaneswar,review source,unavailable: URLError,Laser Hair Reduction,,,PR-0926-1007 publisher workbook,2026-09-18T16:14:45.010499+00:00
Times Of India Daily,https://timesofindiadaily.in/dr-satyartha-prakash-and-the-rise-of-laser-hair-reduction-in-bhubaneswar/,no,,/laser-hair-removal-bhubaneswar,review source,unavailable: URLError,Laser Hair Reduction,,,PR-0926-1007 publisher workbook,2026-09-18T16:14:45.010499+00:00
Top Icsarena,https://topicsarena.com/dr-satyartha-prakash-and-the-rise-of-laser-hair-reduction-in-bhubaneswar/,yes,http://www.radianceclinics.com/,/laser-hair-removal-bhubaneswar,medium,verified live article,Laser Hair Reduction,2026-09-15T06:41:51+00:00,https://topicsarena.com/wp-content/uploads/2022/03/TopicsArena_Favicon_Design-100x100-1.png,PR-0926-1007 publisher workbook,2026-09-18T16:14:45.010499+00:00
Traveller News India,https://travllernewsindia.in/dr-satyartha-prakash-and-the-rise-of-laser-hair-reduction-in-bhubaneswar/,no,,/laser-hair-removal-bhubaneswar,review source,unavailable: URLError,Laser Hair Reduction,,,PR-0926-1007 publisher workbook,2026-09-18T16:14:45.010499+00:00
Trend stellers,https://trendstellers.in/dr-satyartha-prakash-and-the-rise-of-laser-hair-reduction-in-bhubaneswar/,no,,/laser-hair-removal-bhubaneswar,review source,unavailable: URLError,Laser Hair Reduction,,,PR-0926-1007 publisher workbook,2026-09-18T16:14:45.010499+00:00
Tripura News Central,https://tripuranewscentral.in/dr-satyartha-prakash-and-the-rise-of-laser-hair-reduction-in-bhubaneswar/,yes,http://www.radianceclinics.com/,/laser-hair-removal-bhubaneswar,medium,verified live article,Laser Hair Reduction,2026-09-15,https://tripuranewscentral.in/favicon.ico,PR-0926-1007 publisher workbook,2026-09-18T16:14:45.010499+00:00
Tripura News Point,https://tripuranewspoint.in/dr-satyartha-prakash-and-the-rise-of-laser-hair-reduction-in-bhubaneswar/,yes,http://www.radianceclinics.com/,/laser-hair-removal-bhubaneswar,medium,verified live article,Laser Hair Reduction,2026-09-15,https://tripuranewspoint.in/favicon.ico,PR-0926-1007 publisher workbook,2026-09-18T16:14:45.010499+00:00
Uttarakhand News Wire,https://uttarakhandnewswire.in/dr-satyartha-prakash-and-the-rise-of-laser-hair-reduction-in-bhubaneswar/,yes,http://www.radianceclinics.com/,/laser-hair-removal-bhubaneswar,medium,verified live article,Laser Hair Reduction,2026-09-15,https://uttarakhandnewswire.in/favicon.ico,PR-0926-1007 publisher workbook,2026-09-18T16:14:45.010499+00:00
Village Voice News,https://villagevoicenews.in/dr-satyartha-prakash-and-the-rise-of-laser-hair-reduction-in-bhubaneswar/,no,,/laser-hair-removal-bhubaneswar,review source,unavailable: URLError,Laser Hair Reduction,,,PR-0926-1007 publisher workbook,2026-09-18T16:14:45.010499+00:00
Weekly News Report,https://weeklynewsreport.in/dr-satyartha-prakash-and-the-rise-of-laser-hair-reduction-in-bhubaneswar/,no,,/laser-hair-removal-bhubaneswar,review source,unavailable: URLError,Laser Hair Reduction,,,PR-0926-1007 publisher workbook,2026-09-18T16:14:45.010499+00:00
Agrasamachar,https://agrasamachar.in/dr-satyartha-prakash-on-the-changing-science-of-pigmentation-and-skin-care/,no,,/pigmentation-treatment-bhubaneswar,review source,unavailable,Pigmentation & Skin Care,,,Report_NWplus_170926 (1).pdf,2026-09-18T16:14:45.010499+00:00
Allahabad Post,https://allahabadpost.in/press-release/dr-satyartha-prakash-on-the-changing-science-of-pigmentation-and-skin-care/,yes,http://www.radianceclinics.com/,/pigmentation-treatment-bhubaneswar,medium,verified live article,Pigmentation & Skin Care,2026-09-15,https://allahabadpost.in/wp-content/uploads/2023/06/cropped-cropped-allahabadpost-32x32.png,Report_NWplus_170926 (1).pdf,2026-09-18T16:14:45.010499+00:00
Arthavarta,https://arthavarta.com/dr-satyartha-prakash-on-the-changing-science-of-pigmentation-and-skin-care/,no,,/pigmentation-treatment-bhubaneswar,review source,unavailable,Pigmentation & Skin Care,,,Report_NWplus_170926 (1).pdf,2026-09-18T16:14:45.010499+00:00
Awadhexpress,https://awadhexpress.com/dr-satyartha-prakash-on-the-changing-science-of-pigmentation-and-skin-care/,no,,/pigmentation-treatment-bhubaneswar,review source,unavailable,Pigmentation & Skin Care,,,Report_NWplus_170926 (1).pdf,2026-09-18T16:14:45.010499+00:00
Banrasinews,https://banrasinews.com/dr-satyartha-prakash-on-the-changing-science-of-pigmentation-and-skin-care/,no,,/pigmentation-treatment-bhubaneswar,review source,unavailable,Pigmentation & Skin Care,,,Report_NWplus_170926 (1).pdf,2026-09-18T16:14:45.010499+00:00
Bengalorebuzz,https://bengalorebuzz.com/dr-satyartha-prakash-on-the-changing-science-of-pigmentation-and-skin-care/,no,,/pigmentation-treatment-bhubaneswar,review source,unavailable,Pigmentation & Skin Care,,,Report_NWplus_170926 (1).pdf,2026-09-18T16:14:45.010499+00:00
Bhiwandipost,https://bhiwandipost.com/dr-satyartha-prakash-on-the-changing-science-of-pigmentation-and-skin-care/,no,,/pigmentation-treatment-bhubaneswar,review source,unavailable,Pigmentation & Skin Care,,,Report_NWplus_170926 (1).pdf,2026-09-18T16:14:45.010499+00:00
Bhopalsuntimes,https://bhopalsuntimes.com/lifestyle/dr-satyartha-prakash-on-the-changing-science-of-pigmentation-and-skin-care/,no,,/pigmentation-treatment-bhubaneswar,review source,unavailable,Pigmentation & Skin Care,,,Report_NWplus_170926 (1).pdf,2026-09-18T16:14:45.010499+00:00
Bhubaneswarjournal,https://bhubaneswarjournal.com/dr-satyartha-prakash-on-the-changing-science-of-pigmentation-and-skin-care/,no,,/pigmentation-treatment-bhubaneswar,review source,unavailable,Pigmentation & Skin Care,,,Report_NWplus_170926 (1).pdf,2026-09-18T16:14:45.010499+00:00
Bizzsight,https://bizzsight.com/index.php/2026/09/15/dr-satyartha-prakash-on-the-changing-science-of-pigmentation-and-skin-care/,no,,/pigmentation-treatment-bhubaneswar,review source,unavailable,Pigmentation & Skin Care,,,Report_NWplus_170926 (1).pdf,2026-09-18T16:14:45.010499+00:00
Businesspoint,https://businesspoint.co.in/index.php/2026/09/15/dr-satyartha-prakash-on-the-changing-science-of-pigmentation-and-skin-care/,no,,/pigmentation-treatment-bhubaneswar,review source,unavailable,Pigmentation & Skin Care,,,Report_NWplus_170926 (1).pdf,2026-09-18T16:14:45.010499+00:00
Calcuttacurrent,https://calcuttacurrent.com/dr-satyartha-prakash-on-the-changing-science-of-pigmentation-and-skin-care/,no,,/pigmentation-treatment-bhubaneswar,review source,unavailable,Pigmentation & Skin Care,,,Report_NWplus_170926 (1).pdf,2026-09-18T16:14:45.010499+00:00
Centralherald,https://centralherald.in/press-release/dr-satyartha-prakash-on-the-changing-science-of-pigmentation-and-skin-care/,no,,/pigmentation-treatment-bhubaneswar,review source,unavailable,Pigmentation & Skin Care,,,Report_NWplus_170926 (1).pdf,2026-09-18T16:14:45.010499+00:00
Dailyhunt,https://m.dailyhunt.in/news/india/english/loktej+english-epaper-loktejen/dr+satyartha+prakash+on+the+changing+science+of+pigmentation+and+skin+care-newsid-n727103583/?sm=Y,no,,/pigmentation-treatment-bhubaneswar,high,verified live article,Pigmentation & Skin Care,2026-09-16T12:30:46.000Z,https://m.dailyhunt.in/_assets/img/favicon-48.png,Report_NWplus_170926 (1).pdf,2026-09-18T16:14:45.010499+00:00
Deccanexpress,https://deccanexpress.co.in/index.php/2026/09/15/dr-satyartha-prakash-on-the-changing-science-of-pigmentation-and-skin-care/,no,,/pigmentation-treatment-bhubaneswar,review source,unavailable,Pigmentation & Skin Care,,,Report_NWplus_170926 (1).pdf,2026-09-18T16:14:45.010499+00:00
Delhimorningtribune,https://delhimorningtribune.com/lifestyle/dr-satyartha-prakash-on-the-changing-science-of-pigmentation-and-skin-care/,no,,/pigmentation-treatment-bhubaneswar,review source,unavailable,Pigmentation & Skin Care,,,Report_NWplus_170926 (1).pdf,2026-09-18T16:14:45.010499+00:00
Delhinewsnow,https://delhinewsnow.com/press-release/dr-satyartha-prakash-on-the-changing-science-of-pigmentation-and-skin-care/,no,,/pigmentation-treatment-bhubaneswar,review source,unavailable,Pigmentation & Skin Care,,,Report_NWplus_170926 (1).pdf,2026-09-18T16:14:45.010499+00:00
Delhinewswatch,https://delhinewswatch.com/index.php/2026/09/15/dr-satyartha-prakash-on-the-changing-science-of-pigmentation-and-skin-care/,no,,/pigmentation-treatment-bhubaneswar,review source,unavailable,Pigmentation & Skin Care,,,Report_NWplus_170926 (1).pdf,2026-09-18T16:14:45.010499+00:00
Deshdecoded,https://deshdecoded.com/dr-satyartha-prakash-on-the-changing-science-of-pigmentation-and-skin-care/,no,,/pigmentation-treatment-bhubaneswar,review source,unavailable,Pigmentation & Skin Care,,,Report_NWplus_170926 (1).pdf,2026-09-18T16:14:45.010499+00:00
Dhanbadexpress,https://dhanbadexpress.com/dr-satyartha-prakash-on-the-changing-science-of-pigmentation-and-skin-care/,no,,/pigmentation-treatment-bhubaneswar,review source,unavailable: URLError,Pigmentation & Skin Care,,,Report_NWplus_170926 (1).pdf,2026-09-18T16:14:45.010499+00:00
Dharmadhwani,https://dharmadhwani.com/dr-satyartha-prakash-on-the-changing-science-of-pigmentation-and-skin-care/,no,,/pigmentation-treatment-bhubaneswar,review source,unavailable,Pigmentation & Skin Care,,,Report_NWplus_170926 (1).pdf,2026-09-18T16:14:45.010499+00:00
Eratimes,https://eratimes.in/dr-satyartha-prakash-on-the-changing-science-of-pigmentation-and-skin-care/,no,,/pigmentation-treatment-bhubaneswar,review source,unavailable,Pigmentation & Skin Care,,,Report_NWplus_170926 (1).pdf,2026-09-18T16:14:45.010499+00:00
Fastreport,https://fastreport.in/dr-satyartha-prakash-on-the-changing-science-of-pigmentation-and-skin-care/,no,,/pigmentation-treatment-bhubaneswar,review source,unavailable,Pigmentation & Skin Care,,,Report_NWplus_170926 (1).pdf,2026-09-18T16:14:45.010499+00:00
Ghaziabadtimes,https://ghaziabadtimes.com/dr-satyartha-prakash-on-the-changing-science-of-pigmentation-and-skin-care/,no,,/pigmentation-treatment-bhubaneswar,review source,unavailable,Pigmentation & Skin Care,,,Report_NWplus_170926 (1).pdf,2026-09-18T16:14:45.010499+00:00
Globalnewsindex,https://globalnewsindex.in/dr-satyartha-prakash-on-the-changing-science-of-pigmentation-and-skin-care/,no,,/pigmentation-treatment-bhubaneswar,review source,unavailable,Pigmentation & Skin Care,,,Report_NWplus_170926 (1).pdf,2026-09-18T16:14:45.010499+00:00
Goakhabar,https://goakhabar.in/dr-satyartha-prakash-on-the-changing-science-of-pigmentation-and-skin-care/,no,,/pigmentation-treatment-bhubaneswar,review source,unavailable,Pigmentation & Skin Care,,,Report_NWplus_170926 (1).pdf,2026-09-18T16:14:45.010499+00:00
Guwahatijournal,https://guwahatijournal.com/dr-satyartha-prakash-on-the-changing-science-of-pigmentation-and-skin-care/,no,,/pigmentation-treatment-bhubaneswar,review source,unavailable,Pigmentation & Skin Care,,,Report_NWplus_170926 (1).pdf,2026-09-18T16:14:45.010499+00:00
Gwaliorbuzz,https://gwaliorbuzz.com/index.php/2026/09/15/dr-satyartha-prakash-on-the-changing-science-of-pigmentation-and-skin-care/,no,,/pigmentation-treatment-bhubaneswar,review source,unavailable,Pigmentation & Skin Care,,,Report_NWplus_170926 (1).pdf,2026-09-18T16:14:45.010499+00:00
Haryanaherald,https://haryanaherald.com/dr-satyartha-prakash-on-the-changing-science-of-pigmentation-and-skin-care/,no,,/pigmentation-treatment-bhubaneswar,review source,unavailable,Pigmentation & Skin Care,,,Report_NWplus_170926 (1).pdf,2026-09-18T16:14:45.010499+00:00
Hindustan Metro,https://hindustanmetro.com/dr-satyartha-prakash-on-the-changing-science-of-pigmentation-and-skin-care/,yes,https://www.radianceclinics.com,/pigmentation-treatment-bhubaneswar,medium,verified live article,Pigmentation & Skin Care,2026-09-16 10:12:42,https://hindustanmetro.com/uploads/logo/favicon_69e4bdc74db0a5-24556124.png,Report_NWplus_170926 (1).pdf,2026-09-18T16:14:45.010499+00:00
Holamumbai,https://holamumbai.com/lifestyle/dr-satyartha-prakash-on-the-changing-science-of-pigmentation-and-skin-care/,no,,/pigmentation-treatment-bhubaneswar,review source,unavailable,Pigmentation & Skin Care,,,Report_NWplus_170926 (1).pdf,2026-09-18T16:14:45.010499+00:00
Hyderabadinews,https://hyderabadinews.com/dr-satyartha-prakash-on-the-changing-science-of-pigmentation-and-skin-care/,no,,/pigmentation-treatment-bhubaneswar,review source,unavailable: URLError,Pigmentation & Skin Care,,,Report_NWplus_170926 (1).pdf,2026-09-18T16:14:45.010499+00:00
Hyderabadsocial,https://hyderabadsocial.in/dr-satyartha-prakash-on-the-changing-science-of-pigmentation-and-skin-care/,no,,/pigmentation-treatment-bhubaneswar,review source,unavailable: URLError,Pigmentation & Skin Care,,,Report_NWplus_170926 (1).pdf,2026-09-18T16:14:45.010499+00:00
Indorepioneer,https://indorepioneer.com/2026/09/15/dr-satyartha-prakash-on-the-changing-science-of-pigmentation-and-skin-care/,no,,/pigmentation-treatment-bhubaneswar,review source,unavailable,Pigmentation & Skin Care,,,Report_NWplus_170926 (1).pdf,2026-09-18T16:14:45.010499+00:00
Jodhpurreporter,https://jodhpurreporter.com/index.php/2026/09/15/dr-satyartha-prakash-on-the-changing-science-of-pigmentation-and-skin-care/,no,,/pigmentation-treatment-bhubaneswar,review source,unavailable,Pigmentation & Skin Care,,,Report_NWplus_170926 (1).pdf,2026-09-18T16:14:45.010499+00:00
Kannadachronicle,https://kannadachronicle.com/blog/dr-satyartha-prakash-on-the-changing-science-of-pigmentation-and-skin-care/,no,,/pigmentation-treatment-bhubaneswar,review source,unavailable,Pigmentation & Skin Care,,,Report_NWplus_170926 (1).pdf,2026-09-18T16:14:45.010499+00:00
Kanpur Live,https://kanpurlive.in/dr-satyartha-prakash-on-the-changing-science-of-pigmentation-and-skin-care/,yes,http://www.radianceclinics.com/,/pigmentation-treatment-bhubaneswar,medium,verified live article,Pigmentation & Skin Care,2026-09-15,https://kanpurlive.in/wp-content/uploads/2023/06/cropped-kanuprlive-32x32.png,Report_NWplus_170926 (1).pdf,2026-09-18T16:14:45.010499+00:00
Kashichronicle,https://kashichronicle.com/dr-satyartha-prakash-on-the-changing-science-of-pigmentation-and-skin-care/,no,,/pigmentation-treatment-bhubaneswar,review source,unavailable,Pigmentation & Skin Care,,,Report_NWplus_170926 (1).pdf,2026-09-18T16:14:45.010499+00:00
KBK Times,https://kbktimes.com/dr-satyartha-prakash-on-the-changing-science-of-pigmentation-and-skin-care/,yes,http://www.radianceclinics.com/,/pigmentation-treatment-bhubaneswar,medium,verified live article,Pigmentation & Skin Care,2026-09-15T15:18:22+00:00,,Report_NWplus_170926 (1).pdf,2026-09-18T16:14:45.010499+00:00
Khabareludhiana,https://khabareludhiana.com/dr-satyartha-prakash-on-the-changing-science-of-pigmentation-and-skin-care/,no,,/pigmentation-treatment-bhubaneswar,review source,unavailable,Pigmentation & Skin Care,,,Report_NWplus_170926 (1).pdf,2026-09-18T16:14:45.010499+00:00
Khabarerajasthan,https://khabarerajasthan.com/index.php/2026/09/15/dr-satyartha-prakash-on-the-changing-science-of-pigmentation-and-skin-care/,no,,/pigmentation-treatment-bhubaneswar,review source,unavailable,Pigmentation & Skin Care,,,Report_NWplus_170926 (1).pdf,2026-09-18T16:14:45.010499+00:00
Khammaghanirajasthan,https://khammaghanirajasthan.com/lifestyle/dr-satyartha-prakash-on-the-changing-science-of-pigmentation-and-skin-care/,no,,/pigmentation-treatment-bhubaneswar,review source,unavailable,Pigmentation & Skin Care,,,Report_NWplus_170926 (1).pdf,2026-09-18T16:14:45.010499+00:00
Kochikhabar,https://kochikhabar.com/dr-satyartha-prakash-on-the-changing-science-of-pigmentation-and-skin-care/,no,,/pigmentation-treatment-bhubaneswar,review source,unavailable,Pigmentation & Skin Care,,,Report_NWplus_170926 (1).pdf,2026-09-18T16:14:45.010499+00:00
Konkanjournal,https://konkanjournal.com/dr-satyartha-prakash-on-the-changing-science-of-pigmentation-and-skin-care/,no,,/pigmentation-treatment-bhubaneswar,review source,unavailable,Pigmentation & Skin Care,,,Report_NWplus_170926 (1).pdf,2026-09-18T16:14:45.010499+00:00
Lankaexpress,https://lankaexpress.in/dr-satyartha-prakash-on-the-changing-science-of-pigmentation-and-skin-care/,no,,/pigmentation-treatment-bhubaneswar,review source,unavailable: URLError,Pigmentation & Skin Care,,,Report_NWplus_170926 (1).pdf,2026-09-18T16:14:45.010499+00:00
Livejabalpur,https://livejabalpur.com/lifestyle/dr-satyartha-prakash-on-the-changing-science-of-pigmentation-and-skin-care/,no,,/pigmentation-treatment-bhubaneswar,review source,unavailable,Pigmentation & Skin Care,,,Report_NWplus_170926 (1).pdf,2026-09-18T16:14:45.010499+00:00
Livemumbai,https://livemumbai.in/index.php/2026/09/15/dr-satyartha-prakash-on-the-changing-science-of-pigmentation-and-skin-care/,no,,/pigmentation-treatment-bhubaneswar,review source,unavailable,Pigmentation & Skin Care,,,Report_NWplus_170926 (1).pdf,2026-09-18T16:14:45.010499+00:00
Loktej Business News,https://english.loktej.com/article/32498/dr--satyartha-prakash-on-the-changing-science-of-pigmentation-and-skin-care/,no,,/pigmentation-treatment-bhubaneswar,high,verified live article,Pigmentation & Skin Care,2026-09-16T18:00:46+05:30,https://english.loktej.com/media/2023-02/loktej-english-new-square-logo.jpg,Report_NWplus_170926 (1).pdf,2026-09-18T16:14:45.010499+00:00
Lucnkowdigital,https://lucnkowdigital.com/lifestyle/dr-satyartha-prakash-on-the-changing-science-of-pigmentation-and-skin-care/,no,,/pigmentation-treatment-bhubaneswar,review source,unavailable,Pigmentation & Skin Care,,,Report_NWplus_170926 (1).pdf,2026-09-18T16:14:45.010499+00:00
Madhyapradeshherald,https://madhyapradeshherald.com/lifestyle/dr-satyartha-prakash-on-the-changing-science-of-pigmentation-and-skin-care/,no,,/pigmentation-treatment-bhubaneswar,review source,unavailable,Pigmentation & Skin Care,,,Report_NWplus_170926 (1).pdf,2026-09-18T16:14:45.010499+00:00
Madhyapradeshmirror,https://madhyapradeshmirror.com/lifestyle/dr-satyartha-prakash-on-the-changing-science-of-pigmentation-and-skin-care/,no,,/pigmentation-treatment-bhubaneswar,review source,unavailable,Pigmentation & Skin Care,,,Report_NWplus_170926 (1).pdf,2026-09-18T16:14:45.010499+00:00
Madrasjournal,https://madrasjournal.com/dr-satyartha-prakash-on-the-changing-science-of-pigmentation-and-skin-care/,no,,/pigmentation-treatment-bhubaneswar,review source,unavailable,Pigmentation & Skin Care,,,Report_NWplus_170926 (1).pdf,2026-09-18T16:14:45.010499+00:00
Maharashtra24X7,https://maharashtra24x7.com/press-release/dr-satyartha-prakash-on-the-changing-science-of-pigmentation-and-skin-care/,yes,http://www.radianceclinics.com/,/pigmentation-treatment-bhubaneswar,medium,verified live article,Pigmentation & Skin Care,2026-09-15,https://maharashtra24x7.com/wp-content/uploads/2025/10/cropped-maharashtra24x7-32x32.png,Report_NWplus_170926 (1).pdf,2026-09-18T16:14:45.010499+00:00
Marudharchronicle,https://marudharchronicle.com/index.php/2026/09/15/dr-satyartha-prakash-on-the-changing-science-of-pigmentation-and-skin-care/,no,,/pigmentation-treatment-bhubaneswar,review source,unavailable,Pigmentation & Skin Care,,,Report_NWplus_170926 (1).pdf,2026-09-18T16:14:45.010499+00:00
Mint Money,https://mint-money.in/index.php/2026/09/15/dr-satyartha-prakash-on-the-changing-science-of-pigmentation-and-skin-care/,no,,/pigmentation-treatment-bhubaneswar,review source,unavailable,Pigmentation & Skin Care,,,Report_NWplus_170926 (1).pdf,2026-09-18T16:14:45.010499+00:00
Mpguardian,https://mpguardian.com/press-release/dr-satyartha-prakash-on-the-changing-science-of-pigmentation-and-skin-care/,no,,/pigmentation-treatment-bhubaneswar,review source,unavailable,Pigmentation & Skin Care,,,Report_NWplus_170926 (1).pdf,2026-09-18T16:14:45.010499+00:00
Mpnewsline,https://mpnewsline.com/lifestyle/dr-satyartha-prakash-on-the-changing-science-of-pigmentation-and-skin-care/,no,,/pigmentation-treatment-bhubaneswar,review source,unavailable,Pigmentation & Skin Care,,,Report_NWplus_170926 (1).pdf,2026-09-18T16:14:45.010499+00:00
Nagpurnewstoday,https://nagpurnewstoday.com/2026/09/15/dr-satyartha-prakash-on-the-changing-science-of-pigmentation-and-skin-care/,no,,/pigmentation-treatment-bhubaneswar,review source,unavailable,Pigmentation & Skin Care,,,Report_NWplus_170926 (1).pdf,2026-09-18T16:14:45.010499+00:00
Nagpurnote,https://nagpurnote.com/dr-satyartha-prakash-on-the-changing-science-of-pigmentation-and-skin-care/,no,,/pigmentation-treatment-bhubaneswar,review source,unavailable,Pigmentation & Skin Care,,,Report_NWplus_170926 (1).pdf,2026-09-18T16:14:45.010499+00:00
Nashik24,https://nashik24.com/index.php/2026/09/15/dr-satyartha-prakash-on-the-changing-science-of-pigmentation-and-skin-care/,no,,/pigmentation-treatment-bhubaneswar,review source,unavailable,Pigmentation & Skin Care,,,Report_NWplus_170926 (1).pdf,2026-09-18T16:14:45.010499+00:00
Nationalinsight,https://nationalinsight.in/index.php/2026/09/15/dr-satyartha-prakash-on-the-changing-science-of-pigmentation-and-skin-care/,no,,/pigmentation-treatment-bhubaneswar,review source,unavailable,Pigmentation & Skin Care,,,Report_NWplus_170926 (1).pdf,2026-09-18T16:14:45.010499+00:00
Navdhwani,https://navdhwani.com/dr-satyartha-prakash-on-the-changing-science-of-pigmentation-and-skin-care/,no,,/pigmentation-treatment-bhubaneswar,review source,unavailable,Pigmentation & Skin Care,,,Report_NWplus_170926 (1).pdf,2026-09-18T16:14:45.010499+00:00
Ncr Chronicle,https://ncr-chronicle.com/press-release/dr-satyartha-prakash-on-the-changing-science-of-pigmentation-and-skin-care/,no,,/pigmentation-treatment-bhubaneswar,review source,unavailable,Pigmentation & Skin Care,,,Report_NWplus_170926 (1).pdf,2026-09-18T16:14:45.010499+00:00
Newsdaddy,https://newsdaddy.co.in/index.php/2026/09/15/dr-satyartha-prakash-on-the-changing-science-of-pigmentation-and-skin-care/,no,,/pigmentation-treatment-bhubaneswar,review source,unavailable,Pigmentation & Skin Care,,,Report_NWplus_170926 (1).pdf,2026-09-18T16:14:45.010499+00:00
Newstrackbhopal,https://newstrackbhopal.com/index.php/2026/09/15/dr-satyartha-prakash-on-the-changing-science-of-pigmentation-and-skin-care/,no,,/pigmentation-treatment-bhubaneswar,review source,unavailable,Pigmentation & Skin Care,,,Report_NWplus_170926 (1).pdf,2026-09-18T16:14:45.010499+00:00
Nextnews,https://nextnews.in/dr-satyartha-prakash-on-the-changing-science-of-pigmentation-and-skin-care/,no,,/pigmentation-treatment-bhubaneswar,review source,unavailable,Pigmentation & Skin Care,,,Report_NWplus_170926 (1).pdf,2026-09-18T16:14:45.010499+00:00
Noidaexpress,https://noidaexpress.com/dr-satyartha-prakash-on-the-changing-science-of-pigmentation-and-skin-care/,no,,/pigmentation-treatment-bhubaneswar,review source,unavailable,Pigmentation & Skin Care,,,Report_NWplus_170926 (1).pdf,2026-09-18T16:14:45.010499+00:00
Northwestnewstimes,https://northwestnewstimes.com/index.php/2026/09/15/dr-satyartha-prakash-on-the-changing-science-of-pigmentation-and-skin-care/,no,,/pigmentation-treatment-bhubaneswar,review source,unavailable,Pigmentation & Skin Care,,,Report_NWplus_170926 (1).pdf,2026-09-18T16:14:45.010499+00:00
Patnapatrika,https://patnapatrika.com/dr-satyartha-prakash-on-the-changing-science-of-pigmentation-and-skin-care/,no,,/pigmentation-treatment-bhubaneswar,review source,unavailable,Pigmentation & Skin Care,,,Report_NWplus_170926 (1).pdf,2026-09-18T16:14:45.010499+00:00
Pinkcitynow,https://pinkcitynow.com/index.php/2026/09/15/dr-satyartha-prakash-on-the-changing-science-of-pigmentation-and-skin-care/,no,,/pigmentation-treatment-bhubaneswar,review source,unavailable,Pigmentation & Skin Care,,,Report_NWplus_170926 (1).pdf,2026-09-18T16:14:45.010499+00:00
Prakharjagaran,https://prakharjagaran.com/dr-satyartha-prakash-on-the-changing-science-of-pigmentation-and-skin-care/,no,,/pigmentation-treatment-bhubaneswar,review source,unavailable,Pigmentation & Skin Care,,,Report_NWplus_170926 (1).pdf,2026-09-18T16:14:45.010499+00:00
Prevalentindia,https://prevalentindia.in/index.php/2026/09/15/dr-satyartha-prakash-on-the-changing-science-of-pigmentation-and-skin-care/,no,,/pigmentation-treatment-bhubaneswar,review source,unavailable,Pigmentation & Skin Care,,,Report_NWplus_170926 (1).pdf,2026-09-18T16:14:45.010499+00:00
Rajasthanexpress,https://rajasthanexpress.in/index.php/2026/09/15/dr-satyartha-prakash-on-the-changing-science-of-pigmentation-and-skin-care/,no,,/pigmentation-treatment-bhubaneswar,review source,unavailable,Pigmentation & Skin Care,,,Report_NWplus_170926 (1).pdf,2026-09-18T16:14:45.010499+00:00
Rajasthanjournal,https://rajasthanjournal.com/press-release/dr-satyartha-prakash-on-the-changing-science-of-pigmentation-and-skin-care/,no,,/pigmentation-treatment-bhubaneswar,review source,unavailable,Pigmentation & Skin Care,,,Report_NWplus_170926 (1).pdf,2026-09-18T16:14:45.010499+00:00
Rajasthanmirror,https://rajasthanmirror.com/lifestyle/dr-satyartha-prakash-on-the-changing-science-of-pigmentation-and-skin-care/,no,,/pigmentation-treatment-bhubaneswar,review source,unavailable,Pigmentation & Skin Care,,,Report_NWplus_170926 (1).pdf,2026-09-18T16:14:45.010499+00:00
Ranchichronicle,https://ranchichronicle.com/dr-satyartha-prakash-on-the-changing-science-of-pigmentation-and-skin-care/,no,,/pigmentation-treatment-bhubaneswar,review source,unavailable,Pigmentation & Skin Care,,,Report_NWplus_170926 (1).pdf,2026-09-18T16:14:45.010499+00:00
Rashtradeep,https://rashtradeep.in/dr-satyartha-prakash-on-the-changing-science-of-pigmentation-and-skin-care/,no,,/pigmentation-treatment-bhubaneswar,review source,unavailable,Pigmentation & Skin Care,,,Report_NWplus_170926 (1).pdf,2026-09-18T16:14:45.010499+00:00
Rashtraved,https://rashtraved.com/dr-satyartha-prakash-on-the-changing-science-of-pigmentation-and-skin-care/,no,,/pigmentation-treatment-bhubaneswar,review source,unavailable,Pigmentation & Skin Care,,,Report_NWplus_170926 (1).pdf,2026-09-18T16:14:45.010499+00:00
Realecho,https://realecho.in/dr-satyartha-prakash-on-the-changing-science-of-pigmentation-and-skin-care/,no,,/pigmentation-treatment-bhubaneswar,review source,unavailable,Pigmentation & Skin Care,,,Report_NWplus_170926 (1).pdf,2026-09-18T16:14:45.010499+00:00
Republicgoa,https://republicgoa.com/dr-satyartha-prakash-on-the-changing-science-of-pigmentation-and-skin-care/,no,,/pigmentation-treatment-bhubaneswar,review source,unavailable,Pigmentation & Skin Care,,,Report_NWplus_170926 (1).pdf,2026-09-18T16:14:45.010499+00:00
Risingentrepreneurs,https://risingentrepreneurs.in/index.php/2026/09/15/dr-satyartha-prakash-on-the-changing-science-of-pigmentation-and-skin-care/,no,,/pigmentation-treatment-bhubaneswar,review source,unavailable,Pigmentation & Skin Care,,,Report_NWplus_170926 (1).pdf,2026-09-18T16:14:45.010499+00:00
Sattaexpress,https://sattaexpress.co.in/index.php/2026/09/15/dr-satyartha-prakash-on-the-changing-science-of-pigmentation-and-skin-care/,no,,/pigmentation-treatment-bhubaneswar,review source,unavailable,Pigmentation & Skin Care,,,Report_NWplus_170926 (1).pdf,2026-09-18T16:14:45.010499+00:00
Satyabuzz,https://satyabuzz.com/dr-satyartha-prakash-on-the-changing-science-of-pigmentation-and-skin-care/,no,,/pigmentation-treatment-bhubaneswar,review source,unavailable,Pigmentation & Skin Care,,,Report_NWplus_170926 (1).pdf,2026-09-18T16:14:45.010499+00:00
Shekhawatisamachar,https://shekhawatisamachar.com/dr-satyartha-prakash-on-the-changing-science-of-pigmentation-and-skin-care/,no,,/pigmentation-treatment-bhubaneswar,review source,unavailable,Pigmentation & Skin Care,,,Report_NWplus_170926 (1).pdf,2026-09-18T16:14:45.010499+00:00
Sikkimsamachar,https://sikkimsamachar.in/dr-satyartha-prakash-on-the-changing-science-of-pigmentation-and-skin-care/,no,,/pigmentation-treatment-bhubaneswar,review source,unavailable,Pigmentation & Skin Care,,,Report_NWplus_170926 (1).pdf,2026-09-18T16:14:45.010499+00:00
Srinagarbulletin,https://srinagarbulletin.com/dr-satyartha-prakash-on-the-changing-science-of-pigmentation-and-skin-care/,no,,/pigmentation-treatment-bhubaneswar,review source,unavailable,Pigmentation & Skin Care,,,Report_NWplus_170926 (1).pdf,2026-09-18T16:14:45.010499+00:00
Swatantravaani,https://swatantravaani.in/dr-satyartha-prakash-on-the-changing-science-of-pigmentation-and-skin-care/,no,,/pigmentation-treatment-bhubaneswar,review source,unavailable,Pigmentation & Skin Care,,,Report_NWplus_170926 (1).pdf,2026-09-18T16:14:45.010499+00:00
Telaganatalks,https://telaganatalks.com/dr-satyartha-prakash-on-the-changing-science-of-pigmentation-and-skin-care/,no,,/pigmentation-treatment-bhubaneswar,review source,unavailable,Pigmentation & Skin Care,,,Report_NWplus_170926 (1).pdf,2026-09-18T16:14:45.010499+00:00
Thebuzzbharat,https://thebuzzbharat.com/dr-satyartha-prakash-on-the-changing-science-of-pigmentation-and-skin-care/,no,,/pigmentation-treatment-bhubaneswar,review source,unavailable,Pigmentation & Skin Care,,,Report_NWplus_170926 (1).pdf,2026-09-18T16:14:45.010499+00:00
Thecapitalnews,https://thecapitalnews.in/index.php/2026/09/15/dr-satyartha-prakash-on-the-changing-science-of-pigmentation-and-skin-care/,no,,/pigmentation-treatment-bhubaneswar,review source,unavailable,Pigmentation & Skin Care,,,Report_NWplus_170926 (1).pdf,2026-09-18T16:14:45.010499+00:00
Thedailymetro,https://thedailymetro.in/index.php/2026/09/15/dr-satyartha-prakash-on-the-changing-science-of-pigmentation-and-skin-care/,no,,/pigmentation-treatment-bhubaneswar,review source,unavailable,Pigmentation & Skin Care,,,Report_NWplus_170926 (1).pdf,2026-09-18T16:14:45.010499+00:00
Thedeccanmessenger,https://thedeccanmessenger.com/index.php/2026/09/15/dr-satyartha-prakash-on-the-changing-science-of-pigmentation-and-skin-care/,no,,/pigmentation-treatment-bhubaneswar,review source,unavailable,Pigmentation & Skin Care,,,Report_NWplus_170926 (1).pdf,2026-09-18T16:14:45.010499+00:00
Theeveningpost,https://theeveningpost.in/index.php/2026/09/15/dr-satyartha-prakash-on-the-changing-science-of-pigmentation-and-skin-care/,no,,/pigmentation-treatment-bhubaneswar,review source,unavailable,Pigmentation & Skin Care,,,Report_NWplus_170926 (1).pdf,2026-09-18T16:14:45.010499+00:00
Theiconicnews,https://theiconicnews.com/dr-satyartha-prakash-on-the-changing-science-of-pigmentation-and-skin-care/,no,,/pigmentation-treatment-bhubaneswar,review source,unavailable,Pigmentation & Skin Care,,,Report_NWplus_170926 (1).pdf,2026-09-18T16:14:45.010499+00:00
Theindianinfluencer,https://theindianinfluencer.com/index.php/2026/09/15/dr-satyartha-prakash-on-the-changing-science-of-pigmentation-and-skin-care/,no,,/pigmentation-treatment-bhubaneswar,review source,unavailable,Pigmentation & Skin Care,,,Report_NWplus_170926 (1).pdf,2026-09-18T16:14:45.010499+00:00
Truetimes,https://truetimes.in/dr-satyartha-prakash-on-the-changing-science-of-pigmentation-and-skin-care/,no,,/pigmentation-treatment-bhubaneswar,review source,unavailable,Pigmentation & Skin Care,,,Report_NWplus_170926 (1).pdf,2026-09-18T16:14:45.010499+00:00
Typicalnews,https://typicalnews.in/dr-satyartha-prakash-on-the-changing-science-of-pigmentation-and-skin-care/,no,,/pigmentation-treatment-bhubaneswar,review source,unavailable,Pigmentation & Skin Care,,,Report_NWplus_170926 (1).pdf,2026-09-18T16:14:45.010499+00:00
Udaipurdispatch,https://udaipurdispatch.com/2026/09/15/dr-satyartha-prakash-on-the-changing-science-of-pigmentation-and-skin-care/,no,,/pigmentation-treatment-bhubaneswar,review source,unavailable,Pigmentation & Skin Care,,,Report_NWplus_170926 (1).pdf,2026-09-18T16:14:45.010499+00:00
Up Patrika,https://up-patrika.com/lifestyle/dr-satyartha-prakash-on-the-changing-science-of-pigmentation-and-skin-care/,no,,/pigmentation-treatment-bhubaneswar,review source,unavailable,Pigmentation & Skin Care,,,Report_NWplus_170926 (1).pdf,2026-09-18T16:14:45.010499+00:00
Up18 News,https://up18news.com/dr-satyartha-prakash-on-the-changing-science-of-pigmentation-and-skin-care/,yes,http://www.radianceclinics.com/,/pigmentation-treatment-bhubaneswar,medium,verified live article,Pigmentation & Skin Care,2026-09-15T16:52:08+00:00,,Report_NWplus_170926 (1).pdf,2026-09-18T16:14:45.010499+00:00
Vaanilive24,https://vaanilive24.com/dr-satyartha-prakash-on-the-changing-science-of-pigmentation-and-skin-care/,no,,/pigmentation-treatment-bhubaneswar,review source,unavailable,Pigmentation & Skin Care,,,Report_NWplus_170926 (1).pdf,2026-09-18T16:14:45.010499+00:00
Vartaone,https://vartaone.com/dr-satyartha-prakash-on-the-changing-science-of-pigmentation-and-skin-care/,no,,/pigmentation-treatment-bhubaneswar,review source,unavailable,Pigmentation & Skin Care,,,Report_NWplus_170926 (1).pdf,2026-09-18T16:14:45.010499+00:00
Visakhapatnamtoday,https://visakhapatnamtoday.in/dr-satyartha-prakash-on-the-changing-science-of-pigmentation-and-skin-care/,no,,/pigmentation-treatment-bhubaneswar,review source,unavailable,Pigmentation & Skin Care,,,Report_NWplus_170926 (1).pdf,2026-09-18T16:14:45.010499+00:00
Vishvasamvaad,https://vishvasamvaad.com/dr-satyartha-prakash-on-the-changing-science-of-pigmentation-and-skin-care/,no,,/pigmentation-treatment-bhubaneswar,review source,unavailable,Pigmentation & Skin Care,,,Report_NWplus_170926 (1).pdf,2026-09-18T16:14:45.010499+00:00
Vizagmirror,https://vizagmirror.com/dr-satyartha-prakash-on-the-changing-science-of-pigmentation-and-skin-care/,no,,/pigmentation-treatment-bhubaneswar,review source,unavailable: URLError,Pigmentation & Skin Care,,,Report_NWplus_170926 (1).pdf,2026-09-18T16:14:45.010499+00:00
Yourbangalore,https://yourbangalore.com/lifestyle/dr-satyartha-prakash-on-the-changing-science-of-pigmentation-and-skin-care/,no,,/pigmentation-treatment-bhubaneswar,review source,unavailable,Pigmentation & Skin Care,,,Report_NWplus_170926 (1).pdf,2026-09-18T16:14:45.010499+00:00
