legacy_url,path,content_type,status,title,slug,published_at,word_count,media_url,medical_or_claim_flags,privacy_note
https://www.radianceclinics.com/woocommerce-placeholder/,/woocommerce-placeholder/,attachment,inherit,woocommerce-placeholder,woocommerce-placeholder,2022-07-03 06:51:03,0,https://www.radianceclinics.com/wp-content/uploads/woocommerce-placeholder.png,,WordPress form and Flamingo records intentionally excluded
https://www.radianceclinics.com/blog-3/,/blog-3/,attachment,inherit,blog-3,blog-3,2017-03-03 07:26:53,0,https://www.radianceclinics.com/wp-content/uploads/2017/03/blog-3.jpg,,WordPress form and Flamingo records intentionally excluded
https://www.radianceclinics.com/blog-thumb-1/,/blog-thumb-1/,attachment,inherit,blog-thumb-1,blog-thumb-1,2017-03-03 07:26:58,0,https://www.radianceclinics.com/wp-content/uploads/2017/03/blog-thumb-1.jpg,,WordPress form and Flamingo records intentionally excluded
https://www.radianceclinics.com/blog-thumb-2/,/blog-thumb-2/,attachment,inherit,blog-thumb-2,blog-thumb-2,2017-03-03 07:27:01,0,https://www.radianceclinics.com/wp-content/uploads/2017/03/blog-thumb-2.jpg,,WordPress form and Flamingo records intentionally excluded
https://www.radianceclinics.com/blog-thumb-3/,/blog-thumb-3/,attachment,inherit,blog-thumb-3,blog-thumb-3,2017-03-03 07:27:05,0,https://www.radianceclinics.com/wp-content/uploads/2017/03/blog-thumb-3.jpg,,WordPress form and Flamingo records intentionally excluded
https://www.radianceclinics.com/blog-1/,/blog-1/,attachment,inherit,blog-1,blog-1,2017-03-03 07:27:08,0,https://www.radianceclinics.com/wp-content/uploads/2017/03/blog-1.jpg,,WordPress form and Flamingo records intentionally excluded
https://www.radianceclinics.com/blog-2/,/blog-2/,attachment,inherit,blog-2,blog-2,2017-03-03 07:27:12,0,https://www.radianceclinics.com/wp-content/uploads/2017/03/blog-2.jpg,,WordPress form and Flamingo records intentionally excluded
https://www.radianceclinics.com/custom-icon-9/,/custom-icon-9/,attachment,inherit,custom-icon-9,custom-icon-9,2017-03-03 07:27:36,0,https://www.radianceclinics.com/wp-content/uploads/2017/03/custom-icon-9.png,,WordPress form and Flamingo records intentionally excluded
https://www.radianceclinics.com/custom-icon-1/,/custom-icon-1/,attachment,inherit,custom-icon-1,custom-icon-1,2017-03-03 07:27:44,0,https://www.radianceclinics.com/wp-content/uploads/2017/03/custom-icon-1.png,,WordPress form and Flamingo records intentionally excluded
https://www.radianceclinics.com/d850-front-high-slider-png/,/d850-front-high-slider-png/,attachment,inherit,D850_front.high-slider.png,d850-front-high-slider-png,2022-07-11 03:18:47,0,https://www.radianceclinics.com/wp-content/uploads/revslider/home-classic-color/D850_front.high-slider.png,,WordPress form and Flamingo records intentionally excluded
https://www.radianceclinics.com/banner-bg/,/banner-bg/,attachment,inherit,banner-bg,banner-bg,2022-07-11 03:26:16,0,https://www.radianceclinics.com/wp-content/uploads/2022/07/banner-bg.png,,WordPress form and Flamingo records intentionally excluded
https://www.radianceclinics.com/footerpattern/,/footerpattern/,attachment,inherit,footerPattern,footerpattern,2022-07-13 01:58:28,0,https://www.radianceclinics.com/wp-content/uploads/2022/07/footerPattern.jpg,,WordPress form and Flamingo records intentionally excluded
https://www.radianceclinics.com/about-us/tm_about/,/about-us/tm_about/,attachment,inherit,tm_about,tm_about,2022-07-15 11:32:38,0,https://www.radianceclinics.com/wp-content/uploads/2022/07/tm_about.png,,WordPress form and Flamingo records intentionally excluded
https://www.radianceclinics.com/about-us/about-us-map/,/about-us/about-us-map/,attachment,inherit,About-Us-Map,about-us-map,2022-07-15 11:35:55,0,https://www.radianceclinics.com/wp-content/uploads/2022/07/About-Us-Map.png,,WordPress form and Flamingo records intentionally excluded
https://www.radianceclinics.com/radiance-logo/,/radiance-logo/,attachment,inherit,Radiance Clinics Logo,radiance-logo,2022-07-17 16:03:32,0,https://www.radianceclinics.com/wp-content/uploads/2022/07/radiance-logo.png,,WordPress form and Flamingo records intentionally excluded
https://www.radianceclinics.com/fav/,/fav/,attachment,inherit,fav,fav,2022-07-17 16:14:55,0,https://www.radianceclinics.com/wp-content/uploads/2022/07/fav.png,,WordPress form and Flamingo records intentionally excluded
https://www.radianceclinics.com/home2/hair-6/,/home2/hair-6/,attachment,inherit,Hair 6,hair-6,2022-07-18 01:44:26,4,https://www.radianceclinics.com/wp-content/uploads/2022/07/Hair-6.png,,WordPress form and Flamingo records intentionally excluded
https://www.radianceclinics.com/home2/hair-1/,/home2/hair-1/,attachment,inherit,Hair Transplant Success Story,hair-1,2022-07-18 02:08:34,0,https://www.radianceclinics.com/wp-content/uploads/2022/07/Hair-1.png,,WordPress form and Flamingo records intentionally excluded
https://www.radianceclinics.com/about-us/about-us-2/,/about-us/about-us-2/,attachment,inherit,about-us,about-us-2,2022-07-21 02:59:51,0,https://www.radianceclinics.com/wp-content/uploads/2022/07/about-us.jpg,,WordPress form and Flamingo records intentionally excluded
https://www.radianceclinics.com/ironpatern-6522082f/,/ironpatern-6522082f/,attachment,inherit,ironpatern.6522082f,ironpatern-6522082f,2022-07-24 15:36:21,0,https://www.radianceclinics.com/wp-content/uploads/2022/07/ironpatern.6522082f.png,,WordPress form and Flamingo records intentionally excluded
https://www.radianceclinics.com/hair-loss-treatment-1/,/hair-loss-treatment-1/,attachment,inherit,hair loss treatment (1),hair-loss-treatment-1,2022-07-29 11:53:40,0,https://www.radianceclinics.com/wp-content/uploads/2022/07/hair-loss-treatment-1.png,medical-review,WordPress form and Flamingo records intentionally excluded
https://www.radianceclinics.com/hair-loss-treatment/,/hair-loss-treatment/,attachment,inherit,hair loss treatment,hair-loss-treatment,2022-07-29 11:54:09,0,https://www.radianceclinics.com/wp-content/uploads/2022/07/hair-loss-treatment.png,medical-review,WordPress form and Flamingo records intentionally excluded
https://www.radianceclinics.com/hair-transplant-result-1/,/hair-transplant-result-1/,attachment,inherit,Hair Transplant,hair-transplant-result-1,2022-07-29 11:54:27,0,https://www.radianceclinics.com/wp-content/uploads/2022/07/hair-transplant-result-1.png,,WordPress form and Flamingo records intentionally excluded
https://www.radianceclinics.com/hair-transplant-result-2/,/hair-transplant-result-2/,attachment,inherit,hair transplant result (2),hair-transplant-result-2,2022-07-29 11:54:46,0,https://www.radianceclinics.com/wp-content/uploads/2022/07/hair-transplant-result-2.png,,WordPress form and Flamingo records intentionally excluded
https://www.radianceclinics.com/happy-hair-man-radiance/,/happy-hair-man-radiance/,attachment,inherit,Happy Man After Hair Transplant,happy-hair-man-radiance,2022-07-29 11:55:03,0,https://www.radianceclinics.com/wp-content/uploads/2022/07/Happy-Hair-Man-Radiance.jpg,,WordPress form and Flamingo records intentionally excluded
https://www.radianceclinics.com/meso-1/,/meso-1/,attachment,inherit,meso (1),meso-1,2022-07-29 11:55:13,0,https://www.radianceclinics.com/wp-content/uploads/2022/07/meso-1.png,,WordPress form and Flamingo records intentionally excluded
https://www.radianceclinics.com/meso-2/,/meso-2/,attachment,inherit,meso (2),meso-2,2022-07-29 11:55:40,0,https://www.radianceclinics.com/wp-content/uploads/2022/07/meso-2.png,,WordPress form and Flamingo records intentionally excluded
https://www.radianceclinics.com/meso/,/meso/,attachment,inherit,meso,meso,2022-07-29 11:56:01,0,https://www.radianceclinics.com/wp-content/uploads/2022/07/meso.png,,WordPress form and Flamingo records intentionally excluded
https://www.radianceclinics.com/microdermabrasion-result/,/microdermabrasion-result/,attachment,inherit,MICRODERMABRASION RESULT,microdermabrasion-result,2022-07-29 11:56:23,0,https://www.radianceclinics.com/wp-content/uploads/2022/07/MICRODERMABRASION-RESULT.png,,WordPress form and Flamingo records intentionally excluded
https://www.radianceclinics.com/prp/,/prp/,attachment,inherit,prp,prp,2022-07-29 11:56:42,0,https://www.radianceclinics.com/wp-content/uploads/2022/07/prp.png,,WordPress form and Flamingo records intentionally excluded
https://www.radianceclinics.com/scalp/,/scalp/,attachment,inherit,scalp,scalp,2022-07-29 11:57:07,0,https://www.radianceclinics.com/wp-content/uploads/2022/07/scalp.png,,WordPress form and Flamingo records intentionally excluded
https://www.radianceclinics.com/botox-1/,/botox-1/,attachment,inherit,botox (1),botox-1,2022-07-29 12:10:38,0,https://www.radianceclinics.com/wp-content/uploads/2022/07/botox-1.png,,WordPress form and Flamingo records intentionally excluded
https://www.radianceclinics.com/botox-2/,/botox-2/,attachment,inherit,botox (2),botox-2,2022-07-29 12:11:03,0,https://www.radianceclinics.com/wp-content/uploads/2022/07/botox-2.png,,WordPress form and Flamingo records intentionally excluded
https://www.radianceclinics.com/botox-3/,/botox-3/,attachment,inherit,botox (3),botox-3,2022-07-29 12:11:37,0,https://www.radianceclinics.com/wp-content/uploads/2022/07/botox-3.png,,WordPress form and Flamingo records intentionally excluded
https://www.radianceclinics.com/botox-4/,/botox-4/,attachment,inherit,botox (4),botox-4,2022-07-29 12:12:03,0,https://www.radianceclinics.com/wp-content/uploads/2022/07/botox-4.png,,WordPress form and Flamingo records intentionally excluded
https://www.radianceclinics.com/botox-5/,/botox-5/,attachment,inherit,botox (5),botox-5,2022-07-29 12:12:30,0,https://www.radianceclinics.com/wp-content/uploads/2022/07/botox-5.png,,WordPress form and Flamingo records intentionally excluded
https://www.radianceclinics.com/botox-6/,/botox-6/,attachment,inherit,botox (6),botox-6,2022-07-29 12:12:52,0,https://www.radianceclinics.com/wp-content/uploads/2022/07/botox-6.png,,WordPress form and Flamingo records intentionally excluded
https://www.radianceclinics.com/botox-7/,/botox-7/,attachment,inherit,botox (7),botox-7,2022-07-29 12:13:21,0,https://www.radianceclinics.com/wp-content/uploads/2022/07/botox-7.png,,WordPress form and Flamingo records intentionally excluded
https://www.radianceclinics.com/botox/,/botox/,attachment,inherit,botox,botox,2022-07-29 12:13:44,0,https://www.radianceclinics.com/wp-content/uploads/2022/07/botox.png,,WordPress form and Flamingo records intentionally excluded
https://www.radianceclinics.com/4885c2/,/4885c2/,attachment,inherit,4885c2,4885c2,2022-08-02 02:38:34,0,https://www.radianceclinics.com/wp-content/uploads/2022/08/4885c2.jpg,,WordPress form and Flamingo records intentionally excluded
https://www.radianceclinics.com/hairloss-cause/,/hairloss-cause/,attachment,inherit,hairloss-cause,hairloss-cause,2022-08-02 11:36:52,0,https://www.radianceclinics.com/wp-content/uploads/2022/08/hairloss-cause.jpg,,WordPress form and Flamingo records intentionally excluded
https://www.radianceclinics.com/hairloss/,/hairloss/,attachment,inherit,hairloss,hairloss,2022-08-02 12:45:02,0,https://www.radianceclinics.com/wp-content/uploads/2022/08/hairloss-e1659445041795.jpg,,WordPress form and Flamingo records intentionally excluded
https://www.radianceclinics.com/hair-loss/,/hair-loss/,attachment,inherit,hair-loss,hair-loss,2022-08-02 14:26:58,0,https://www.radianceclinics.com/wp-content/uploads/2022/08/hair-loss.jpg,,WordPress form and Flamingo records intentionally excluded
https://www.radianceclinics.com/hair/hairloss1/,/hair/hairloss1/,attachment,inherit,hairloss1,hairloss1,2022-08-03 13:07:30,0,https://www.radianceclinics.com/wp-content/uploads/2022/08/hairloss1.jpg,,WordPress form and Flamingo records intentionally excluded
https://www.radianceclinics.com/facial-hair-transplant/,/facial-hair-transplant/,attachment,inherit,Facial-Hair-Transplant,facial-hair-transplant,2022-08-03 15:41:33,0,https://www.radianceclinics.com/wp-content/uploads/2022/08/Facial-Hair-Transplant.jpg,,WordPress form and Flamingo records intentionally excluded
https://www.radianceclinics.com/hair-loss-causes-2/,/hair-loss-causes-2/,attachment,inherit,Hair-Loss-Causes,hair-loss-causes-2,2022-08-03 15:41:53,0,https://www.radianceclinics.com/wp-content/uploads/2022/08/Hair-Loss-Causes.jpg,,WordPress form and Flamingo records intentionally excluded
https://www.radianceclinics.com/hair-loss-treatment-2/,/hair-loss-treatment-2/,attachment,inherit,hair loss treatment,hair-loss-treatment-2,2022-08-03 15:42:01,0,https://www.radianceclinics.com/wp-content/uploads/2022/08/hair-loss-treatment.jpg,medical-review,WordPress form and Flamingo records intentionally excluded
https://www.radianceclinics.com/hair-transplant/,/hair-transplant/,attachment,inherit,Hair-Transplant,hair-transplant,2022-08-03 15:42:08,0,https://www.radianceclinics.com/wp-content/uploads/2022/08/Hair-Transplant.jpg,,WordPress form and Flamingo records intentionally excluded
https://www.radianceclinics.com/prp-treatments/,/prp-treatments/,attachment,inherit,PRP-Treatments,prp-treatments,2022-08-03 15:42:23,0,https://www.radianceclinics.com/wp-content/uploads/2022/08/PRP-Treatments.jpg,medical-review,WordPress form and Flamingo records intentionally excluded
https://www.radianceclinics.com/skin-care-treatments/skin-care-treatments-2/,/skin-care-treatments/skin-care-treatments-2/,attachment,inherit,skin-care-treatments,skin-care-treatments-2,2022-08-04 12:34:18,0,https://www.radianceclinics.com/wp-content/uploads/2022/08/skin-care-treatments.jpg,medical-review,WordPress form and Flamingo records intentionally excluded
https://www.radianceclinics.com/skin-care-treatments/laser-hair-removal-12/,/skin-care-treatments/laser-hair-removal-12/,attachment,inherit,LASER HAIR REMOVAL,laser-hair-removal-12,2022-08-04 14:17:18,3,https://www.radianceclinics.com/wp-content/uploads/2022/08/LASER-HAIR-REMOVAL.jpg,,WordPress form and Flamingo records intentionally excluded
https://www.radianceclinics.com/skin-care-treatments/laser-resurfacing/,/skin-care-treatments/laser-resurfacing/,attachment,inherit,LASER RESURFACING,laser-resurfacing,2022-08-04 15:14:35,2,https://www.radianceclinics.com/wp-content/uploads/2022/08/LASER-RESURFACING.jpg,,WordPress form and Flamingo records intentionally excluded
https://www.radianceclinics.com/skin-care-treatments/skin-brightening-solutions/,/skin-care-treatments/skin-brightening-solutions/,attachment,inherit,Skin Brightening Solutions,skin-brightening-solutions,2022-08-04 15:14:41,5,https://www.radianceclinics.com/wp-content/uploads/2022/08/Skin-Brightening-Solutions.jpg,,WordPress form and Flamingo records intentionally excluded
https://www.radianceclinics.com/skin-care-treatments/tattoo-removal/,/skin-care-treatments/tattoo-removal/,attachment,inherit,Tattoo,tattoo-removal,2022-08-04 15:14:47,2,https://www.radianceclinics.com/wp-content/uploads/2022/08/Tattoo-removal-.jpg,,WordPress form and Flamingo records intentionally excluded
https://www.radianceclinics.com/slider-thumb1/,/slider-thumb1/,attachment,inherit,Radiance Clinics,slider-thumb1,2022-08-07 05:06:23,0,https://www.radianceclinics.com/wp-content/uploads/2022/08/slider-thumb1.jpg,,WordPress form and Flamingo records intentionally excluded
https://www.radianceclinics.com/slider-thumb2/,/slider-thumb2/,attachment,inherit,Radiance Clinics,slider-thumb2,2022-08-07 05:08:12,0,https://www.radianceclinics.com/wp-content/uploads/2022/08/slider-thumb2.jpg,,WordPress form and Flamingo records intentionally excluded
https://www.radianceclinics.com/slider-thumb5/,/slider-thumb5/,attachment,inherit,Dr Satyarth Prakash,slider-thumb5,2022-08-07 05:10:01,0,https://www.radianceclinics.com/wp-content/uploads/2022/08/slider-thumb5.jpg,,WordPress form and Flamingo records intentionally excluded
https://www.radianceclinics.com/slider-thumb4/,/slider-thumb4/,attachment,inherit,Dr Satyarth Prakash & Staff,slider-thumb4,2022-08-07 05:10:28,0,https://www.radianceclinics.com/wp-content/uploads/2022/08/slider-thumb4.jpg,,WordPress form and Flamingo records intentionally excluded
https://www.radianceclinics.com/slider-thumb3/,/slider-thumb3/,attachment,inherit,Radiance Laboratory,slider-thumb3,2022-08-07 05:11:17,0,https://www.radianceclinics.com/wp-content/uploads/2022/08/slider-thumb3.jpg,,WordPress form and Flamingo records intentionally excluded
https://www.radianceclinics.com/radiance-logo-white-achievement/,/radiance-logo-white-achievement/,attachment,inherit,RADIANCE LOGO WHITE ACHIEVEMENT,radiance-logo-white-achievement,2022-08-07 06:43:58,0,https://www.radianceclinics.com/wp-content/uploads/2022/08/RADIANCE-LOGO-WHITE-ACHIEVEMENT.png,,WordPress form and Flamingo records intentionally excluded
https://www.radianceclinics.com/home2/file7/,/home2/file7/,attachment,inherit,file7,file7,2022-08-07 07:05:52,0,https://www.radianceclinics.com/wp-content/uploads/2022/08/file7.mp4,,WordPress form and Flamingo records intentionally excluded
https://www.radianceclinics.com/home2/file/,/home2/file/,attachment,inherit,file,file,2022-08-07 07:06:01,0,https://www.radianceclinics.com/wp-content/uploads/2022/08/file.mp4,,WordPress form and Flamingo records intentionally excluded
https://www.radianceclinics.com/home2/file2/,/home2/file2/,attachment,inherit,file2,file2,2022-08-07 07:06:07,0,https://www.radianceclinics.com/wp-content/uploads/2022/08/file2.mp4,,WordPress form and Flamingo records intentionally excluded
https://www.radianceclinics.com/home2/file3/,/home2/file3/,attachment,inherit,file3,file3,2022-08-07 07:06:13,0,https://www.radianceclinics.com/wp-content/uploads/2022/08/file3.mp4,,WordPress form and Flamingo records intentionally excluded
https://www.radianceclinics.com/home2/file4/,/home2/file4/,attachment,inherit,file4,file4,2022-08-07 07:06:19,0,https://www.radianceclinics.com/wp-content/uploads/2022/08/file4.mp4,,WordPress form and Flamingo records intentionally excluded
https://www.radianceclinics.com/home2/file5/,/home2/file5/,attachment,inherit,file5,file5,2022-08-07 07:06:32,0,https://www.radianceclinics.com/wp-content/uploads/2022/08/file5.mp4,,WordPress form and Flamingo records intentionally excluded
https://www.radianceclinics.com/home2/file6/,/home2/file6/,attachment,inherit,file6,file6,2022-08-07 07:06:40,0,https://www.radianceclinics.com/wp-content/uploads/2022/08/file6.mp4,,WordPress form and Flamingo records intentionally excluded
https://www.radianceclinics.com/file-9-layer-jpeg/,/file-9-layer-jpeg/,attachment,inherit,file_9_layer.jpeg,file-9-layer-jpeg,2022-08-07 07:13:23,0,https://www.radianceclinics.com/wp-content/uploads/revslider/video-media/file_9_layer.jpeg,,WordPress form and Flamingo records intentionally excluded
https://www.radianceclinics.com/file2-10-layer-jpeg/,/file2-10-layer-jpeg/,attachment,inherit,file2_10_layer.jpeg,file2-10-layer-jpeg,2022-08-07 07:18:59,0,https://www.radianceclinics.com/wp-content/uploads/revslider/video-media/file2_10_layer.jpeg,,WordPress form and Flamingo records intentionally excluded
https://www.radianceclinics.com/file2-10-layer-jpeg-2/,/file2-10-layer-jpeg-2/,attachment,inherit,file2_10_layer.jpeg,file2-10-layer-jpeg-2,2022-08-07 07:18:59,0,https://www.radianceclinics.com/wp-content/uploads/revslider/video-media/file2_10_layer.jpeg,,WordPress form and Flamingo records intentionally excluded
https://www.radianceclinics.com/file3-11-layer-jpeg/,/file3-11-layer-jpeg/,attachment,inherit,file3_11_layer.jpeg,file3-11-layer-jpeg,2022-08-07 07:27:44,0,https://www.radianceclinics.com/wp-content/uploads/revslider/video-media/file3_11_layer.jpeg,,WordPress form and Flamingo records intentionally excluded
https://www.radianceclinics.com/file4-12-layer-jpeg/,/file4-12-layer-jpeg/,attachment,inherit,file4_12_layer.jpeg,file4-12-layer-jpeg,2022-08-07 07:28:33,4,https://www.radianceclinics.com/wp-content/uploads/revslider/video-media/file4_12_layer.jpeg,,WordPress form and Flamingo records intentionally excluded
https://www.radianceclinics.com/file5-13-layer-jpeg/,/file5-13-layer-jpeg/,attachment,inherit,file5_13_layer.jpeg,file5-13-layer-jpeg,2022-08-07 07:30:33,4,https://www.radianceclinics.com/wp-content/uploads/revslider/video-media/file5_13_layer.jpeg,,WordPress form and Flamingo records intentionally excluded
https://www.radianceclinics.com/file6-14-layer-jpeg/,/file6-14-layer-jpeg/,attachment,inherit,file6_14_layer.jpeg,file6-14-layer-jpeg,2022-08-07 07:32:37,0,https://www.radianceclinics.com/wp-content/uploads/revslider/video-media/file6_14_layer.jpeg,,WordPress form and Flamingo records intentionally excluded
https://www.radianceclinics.com/file7-15-layer-jpeg/,/file7-15-layer-jpeg/,attachment,inherit,file7_15_layer.jpeg,file7-15-layer-jpeg,2022-08-07 07:33:16,4,https://www.radianceclinics.com/wp-content/uploads/revslider/video-media/file7_15_layer.jpeg,,WordPress form and Flamingo records intentionally excluded
https://www.radianceclinics.com/post/advantages-of-online-dermatologist-consultations/slider1-2/,/post/advantages-of-online-dermatologist-consultations/slider1-2/,attachment,inherit,slider1,slider1-2,2022-08-07 08:41:40,0,https://www.radianceclinics.com/wp-content/uploads/2022/08/slider1.jpg,,WordPress form and Flamingo records intentionally excluded
https://www.radianceclinics.com/slider3/,/slider3/,attachment,inherit,slider3,slider3,2022-08-07 09:44:21,0,https://www.radianceclinics.com/wp-content/uploads/2022/08/slider3.jpg,,WordPress form and Flamingo records intentionally excluded
https://www.radianceclinics.com/locations/location-bg/,/locations/location-bg/,attachment,inherit,location-bg,location-bg,2022-08-08 07:49:29,0,https://www.radianceclinics.com/wp-content/uploads/2022/08/location-bg.png,,WordPress form and Flamingo records intentionally excluded
https://www.radianceclinics.com/locations/radiance-clinic2/,/locations/radiance-clinic2/,attachment,inherit,Hair Transplant in ODISHA,radiance-clinic2,2022-08-08 09:06:15,0,https://www.radianceclinics.com/wp-content/uploads/2022/08/radiance-clinic2.png,,WordPress form and Flamingo records intentionally excluded
https://www.radianceclinics.com/hair-transplant-in-puri/hair-transpalant-puri/,/hair-transplant-in-puri/hair-transpalant-puri/,attachment,inherit,Hair Transplant,hair-transpalant-puri,2022-08-08 14:29:03,0,https://www.radianceclinics.com/wp-content/uploads/2022/08/hair-transpalant-puri.jpg,,WordPress form and Flamingo records intentionally excluded
https://www.radianceclinics.com/4885c2_46f3bfad4ed1444c96863f584d2c4ba5_mv2/,/4885c2_46f3bfad4ed1444c96863f584d2c4ba5_mv2/,attachment,inherit,4885c2_46f3bfad4ed1444c96863f584d2c4ba5_mv2,4885c2_46f3bfad4ed1444c96863f584d2c4ba5_mv2,2022-08-13 09:23:26,0,https://www.radianceclinics.com/wp-content/uploads/2022/08/4885c2_46f3bfad4ed1444c96863f584d2c4ba5_mv2.jpg,,WordPress form and Flamingo records intentionally excluded
https://www.radianceclinics.com/book-online-radiance-clinics-bhuabaneswar/book-online-radiance-clinics-bhuabaneswar-2/,/book-online-radiance-clinics-bhuabaneswar/book-online-radiance-clinics-bhuabaneswar-2/,attachment,inherit,book-online-radiance-clinics-bhuabaneswar,book-online-radiance-clinics-bhuabaneswar-2,2022-08-15 07:41:07,0,https://www.radianceclinics.com/wp-content/uploads/2022/08/book-online-radiance-clinics-bhuabaneswar.jpg,,WordPress form and Flamingo records intentionally excluded
https://www.radianceclinics.com/book-online-radiance-clinics-bhuabaneswar/dr-satyartha/,/book-online-radiance-clinics-bhuabaneswar/dr-satyartha/,attachment,inherit,dr-satyartha,dr-satyartha,2022-08-15 07:41:14,0,https://www.radianceclinics.com/wp-content/uploads/2022/08/dr-satyartha.png,,WordPress form and Flamingo records intentionally excluded
https://www.radianceclinics.com/media-1/,/media-1/,attachment,inherit,media-1,media-1,2022-08-15 15:58:40,0,https://www.radianceclinics.com/wp-content/uploads/2022/08/media-1.jpg,,WordPress form and Flamingo records intentionally excluded
https://www.radianceclinics.com/media-2-2/,/media-2-2/,attachment,inherit,media-2,media-2-2,2022-08-15 15:58:46,0,https://www.radianceclinics.com/wp-content/uploads/2022/08/media-2.jpg,,WordPress form and Flamingo records intentionally excluded
https://www.radianceclinics.com/media-3/,/media-3/,attachment,inherit,media-3,media-3,2022-08-15 15:58:52,0,https://www.radianceclinics.com/wp-content/uploads/2022/08/media-3.jpg,,WordPress form and Flamingo records intentionally excluded
https://www.radianceclinics.com/media-4/,/media-4/,attachment,inherit,media-4,media-4,2022-08-15 15:58:57,0,https://www.radianceclinics.com/wp-content/uploads/2022/08/media-4.jpg,,WordPress form and Flamingo records intentionally excluded
https://www.radianceclinics.com/media-5/,/media-5/,attachment,inherit,media-5,media-5,2022-08-15 15:59:03,0,https://www.radianceclinics.com/wp-content/uploads/2022/08/media-5.jpg,,WordPress form and Flamingo records intentionally excluded
https://www.radianceclinics.com/media-6/,/media-6/,attachment,inherit,media-6,media-6,2022-08-15 15:59:08,0,https://www.radianceclinics.com/wp-content/uploads/2022/08/media-6.jpg,,WordPress form and Flamingo records intentionally excluded
https://www.radianceclinics.com/media-7/,/media-7/,attachment,inherit,media-7,media-7,2022-08-15 15:59:15,0,https://www.radianceclinics.com/wp-content/uploads/2022/08/media-7.jpg,,WordPress form and Flamingo records intentionally excluded
https://www.radianceclinics.com/media-8/,/media-8/,attachment,inherit,media-8,media-8,2022-08-15 15:59:21,0,https://www.radianceclinics.com/wp-content/uploads/2022/08/media-8.jpg,,WordPress form and Flamingo records intentionally excluded
https://www.radianceclinics.com/media-9/,/media-9/,attachment,inherit,media-9,media-9,2022-08-15 15:59:26,0,https://www.radianceclinics.com/wp-content/uploads/2022/08/media-9.jpg,,WordPress form and Flamingo records intentionally excluded
https://www.radianceclinics.com/media-10/,/media-10/,attachment,inherit,media-10,media-10,2022-08-15 15:59:33,0,https://www.radianceclinics.com/wp-content/uploads/2022/08/media-10.jpg,,WordPress form and Flamingo records intentionally excluded
https://www.radianceclinics.com/media-11/,/media-11/,attachment,inherit,media-11,media-11,2022-08-15 15:59:39,0,https://www.radianceclinics.com/wp-content/uploads/2022/08/media-11.jpg,,WordPress form and Flamingo records intentionally excluded
https://www.radianceclinics.com/media-12/,/media-12/,attachment,inherit,media-12,media-12,2022-08-15 15:59:44,0,https://www.radianceclinics.com/wp-content/uploads/2022/08/media-12.jpg,,WordPress form and Flamingo records intentionally excluded
https://www.radianceclinics.com/media-14/,/media-14/,attachment,inherit,media-14,media-14,2022-08-15 15:59:50,0,https://www.radianceclinics.com/wp-content/uploads/2022/08/media-14.jpg,,WordPress form and Flamingo records intentionally excluded
https://www.radianceclinics.com/say-hello/,/say-hello/,attachment,inherit,say-hello,say-hello,2022-08-15 15:59:57,0,https://www.radianceclinics.com/wp-content/uploads/2022/08/say-hello.jpg,,WordPress form and Flamingo records intentionally excluded
https://www.radianceclinics.com/hair-loss-treatment-3/,/hair-loss-treatment-3/,attachment,inherit,hair-loss-treatment,hair-loss-treatment-3,2022-08-16 09:58:39,0,https://www.radianceclinics.com/wp-content/uploads/2022/08/hair-loss-treatment.png,medical-review,WordPress form and Flamingo records intentionally excluded
https://www.radianceclinics.com/radiance-clinics/,/radiance-clinics/,attachment,inherit,radiance-clinics,radiance-clinics,2022-08-16 10:06:02,0,https://www.radianceclinics.com/wp-content/uploads/2022/08/radiance-clinics.png,,WordPress form and Flamingo records intentionally excluded
https://www.radianceclinics.com/fue-hair-transplant/,/fue-hair-transplant/,attachment,inherit,fue-hair-transplant,fue-hair-transplant,2022-08-16 14:49:10,0,https://www.radianceclinics.com/wp-content/uploads/2022/08/fue-hair-transplant.jpg,,WordPress form and Flamingo records intentionally excluded
https://www.radianceclinics.com/fue-hair-transpalnt/,/fue-hair-transpalnt/,attachment,inherit,fue-hair-transpalnt,fue-hair-transpalnt,2022-08-16 15:15:12,0,https://www.radianceclinics.com/wp-content/uploads/2022/08/fue-hair-transpalnt.jpg,,WordPress form and Flamingo records intentionally excluded
https://www.radianceclinics.com/2/,/2/,attachment,inherit,2,2,2022-08-16 15:30:13,0,https://www.radianceclinics.com/wp-content/uploads/2022/08/2.jpg,,WordPress form and Flamingo records intentionally excluded
https://www.radianceclinics.com/beard-mustachae-transplant/,/beard-mustachae-transplant/,attachment,inherit,beard-mustachae-transplant,beard-mustachae-transplant,2022-08-17 09:08:40,0,https://www.radianceclinics.com/wp-content/uploads/2022/08/beard-mustachae-transplant.jpg,,WordPress form and Flamingo records intentionally excluded
https://www.radianceclinics.com/body-hair-transplant-3/,/body-hair-transplant-3/,attachment,inherit,body-hair-transplant,body-hair-transplant-3,2022-08-17 09:08:48,0,https://www.radianceclinics.com/wp-content/uploads/2022/08/body-hair-transplant.png,,WordPress form and Flamingo records intentionally excluded
https://www.radianceclinics.com/bio-hair-transplat/,/bio-hair-transplat/,attachment,inherit,bio hair transplat,bio-hair-transplat,2022-08-17 09:27:11,0,https://www.radianceclinics.com/wp-content/uploads/2022/08/bio-hair-transplat.png,,WordPress form and Flamingo records intentionally excluded
https://www.radianceclinics.com/bio-therapy/,/bio-therapy/,attachment,inherit,Bio Therapy,bio-therapy,2022-08-17 09:37:00,0,https://www.radianceclinics.com/wp-content/uploads/2022/08/bio-therapy.jpg,medical-review,WordPress form and Flamingo records intentionally excluded
https://www.radianceclinics.com/female-hair-transplant-3/,/female-hair-transplant-3/,attachment,inherit,female-hair-transplant,female-hair-transplant-3,2022-08-17 09:44:09,3,https://www.radianceclinics.com/wp-content/uploads/2022/08/female-hair-transplant-1.jpg,,WordPress form and Flamingo records intentionally excluded
https://www.radianceclinics.com/high-density-hair-transplant-3/,/high-density-hair-transplant-3/,attachment,inherit,high-density-hair-transplant,high-density-hair-transplant-3,2022-08-17 09:44:16,4,https://www.radianceclinics.com/wp-content/uploads/2022/08/high-density-hair-transplant-1.jpg,,WordPress form and Flamingo records intentionally excluded
https://www.radianceclinics.com/laser-hair-removal-radiance-2/,/laser-hair-removal-radiance-2/,attachment,inherit,skin care treatments,laser-hair-removal-radiance-2,2022-08-18 02:41:54,0,https://www.radianceclinics.com/wp-content/uploads/2022/08/laser-hair-removal-radiance.jpg,medical-review,WordPress form and Flamingo records intentionally excluded
https://www.radianceclinics.com/hair-removal/,/hair-removal/,attachment,inherit,hair-removal,hair-removal,2022-08-18 03:07:55,0,https://www.radianceclinics.com/wp-content/uploads/2022/08/hair-removal.jpg,,WordPress form and Flamingo records intentionally excluded
https://www.radianceclinics.com/laser-hair-removal-2/,/laser-hair-removal-2/,attachment,inherit,laser-hair-removal,laser-hair-removal-2,2022-08-18 03:08:03,4,https://www.radianceclinics.com/wp-content/uploads/2022/08/laser-hair-removal-1.jpg,,WordPress form and Flamingo records intentionally excluded
https://www.radianceclinics.com/laser-hair-remove/,/laser-hair-remove/,attachment,inherit,laser-hair-remove,laser-hair-remove,2022-08-18 03:09:12,0,https://www.radianceclinics.com/wp-content/uploads/2022/08/laser-hair-remove.jpg,,WordPress form and Flamingo records intentionally excluded
https://www.radianceclinics.com/laser-re-surfacing-2/,/laser-re-surfacing-2/,attachment,inherit,laser-re-surfacing,laser-re-surfacing-2,2022-08-18 12:23:52,0,https://www.radianceclinics.com/wp-content/uploads/2022/08/laser-re-surfacing.jpg,,WordPress form and Flamingo records intentionally excluded
https://www.radianceclinics.com/laser-re-surfacing2/,/laser-re-surfacing2/,attachment,inherit,Laser Resurfacing Treatment - Radiance Clinics,laser-re-surfacing2,2022-08-18 12:24:00,0,https://www.radianceclinics.com/wp-content/uploads/2022/08/laser-re-surfacing2.jpg,medical-review,WordPress form and Flamingo records intentionally excluded
https://www.radianceclinics.com/laser-re-surfacing3/,/laser-re-surfacing3/,attachment,inherit,laser-re-surfacing3,laser-re-surfacing3,2022-08-18 12:24:08,0,https://www.radianceclinics.com/wp-content/uploads/2022/08/laser-re-surfacing3.jpg,,WordPress form and Flamingo records intentionally excluded
https://www.radianceclinics.com/laser-re-surfacing-skin/,/laser-re-surfacing-skin/,attachment,inherit,laser-re-surfacing-skin,laser-re-surfacing-skin,2022-08-18 12:24:16,2,https://www.radianceclinics.com/wp-content/uploads/2022/08/laser-re-surfacing-skin.jpg,,WordPress form and Flamingo records intentionally excluded
https://www.radianceclinics.com/laser-photo-rejuvenation/,/laser-photo-rejuvenation/,attachment,inherit,laser-photo-rejuvenation,laser-photo-rejuvenation,2022-08-18 14:34:59,0,https://www.radianceclinics.com/wp-content/uploads/2022/08/laser-photo-rejuvenation.jpg,,WordPress form and Flamingo records intentionally excluded
https://www.radianceclinics.com/laser-photo-rejuvenation-radiance-2/,/laser-photo-rejuvenation-radiance-2/,attachment,inherit,laser-photo-rejuvenation-radiance,laser-photo-rejuvenation-radiance-2,2022-08-18 14:41:40,0,https://www.radianceclinics.com/wp-content/uploads/2022/08/laser-photo-rejuvenation-radiance.jpg,,WordPress form and Flamingo records intentionally excluded
https://www.radianceclinics.com/laser-photo-rejuvenation2/,/laser-photo-rejuvenation2/,attachment,inherit,laser-photo-rejuvenation2,laser-photo-rejuvenation2,2022-08-18 15:21:18,0,https://www.radianceclinics.com/wp-content/uploads/2022/08/laser-photo-rejuvenation2.jpg,,WordPress form and Flamingo records intentionally excluded
https://www.radianceclinics.com/microdermabrasion-copy/,/microdermabrasion-copy/,attachment,inherit,microdermabrasion - Copy,microdermabrasion-copy,2022-08-19 02:57:16,5,https://www.radianceclinics.com/wp-content/uploads/2022/08/microdermabrasion-Copy.jpg,,WordPress form and Flamingo records intentionally excluded
https://www.radianceclinics.com/microdermabrasion-2-copy/,/microdermabrasion-2-copy/,attachment,inherit,microdermabrasion-2 - Copy,microdermabrasion-2-copy,2022-08-19 02:57:26,0,https://www.radianceclinics.com/wp-content/uploads/2022/08/microdermabrasion-2-Copy.jpg,,WordPress form and Flamingo records intentionally excluded
https://www.radianceclinics.com/microdermabrasion-radiance-copy/,/microdermabrasion-radiance-copy/,attachment,inherit,microdermabrasion-radiance - Copy,microdermabrasion-radiance-copy,2022-08-19 02:57:34,0,https://www.radianceclinics.com/wp-content/uploads/2022/08/microdermabrasion-radiance-Copy.jpg,,WordPress form and Flamingo records intentionally excluded
https://www.radianceclinics.com/microdermabrasion-radiance-clinic/,/microdermabrasion-radiance-clinic/,attachment,inherit,microdermabrasion-radiance-clinic,microdermabrasion-radiance-clinic,2022-08-19 02:57:43,0,https://www.radianceclinics.com/wp-content/uploads/2022/08/microdermabrasion-radiance-clinic.jpg,,WordPress form and Flamingo records intentionally excluded
https://www.radianceclinics.com/chemical-peel-2/,/chemical-peel-2/,attachment,inherit,chemical-peel,chemical-peel-2,2022-08-19 03:20:18,0,https://www.radianceclinics.com/wp-content/uploads/2022/08/chemical-peel.jpg,,WordPress form and Flamingo records intentionally excluded
https://www.radianceclinics.com/tattoo-removal-2/,/tattoo-removal-2/,attachment,inherit,Tattoo Removal,tattoo-removal-2,2022-08-19 08:07:09,0,https://www.radianceclinics.com/wp-content/uploads/2022/08/Tattoo-REMOVAL.png,,WordPress form and Flamingo records intentionally excluded
https://www.radianceclinics.com/tattoo-removal-2-2/,/tattoo-removal-2-2/,attachment,inherit,Tattoo Removal,tattoo-removal-2-2,2022-08-19 08:08:37,0,https://www.radianceclinics.com/wp-content/uploads/2022/08/Tattoo-REMOVAL-2.png,,WordPress form and Flamingo records intentionally excluded
https://www.radianceclinics.com/tattoo-removal-3/,/tattoo-removal-3/,attachment,inherit,Tattoo,tattoo-removal-3,2022-08-19 08:08:52,0,https://www.radianceclinics.com/wp-content/uploads/2022/08/Tattoo-REMOVAL-3.png,,WordPress form and Flamingo records intentionally excluded
https://www.radianceclinics.com/mole-removal/,/mole-removal/,attachment,inherit,Mole Removal,mole-removal,2022-08-19 08:20:42,0,https://www.radianceclinics.com/wp-content/uploads/2022/08/mole-REMOVAL-.png,,WordPress form and Flamingo records intentionally excluded
https://www.radianceclinics.com/mole-removal-treatment/,/mole-removal-treatment/,attachment,inherit,MOLE REMOVAL TREATMENT,mole-removal-treatment,2022-08-19 08:22:01,0,https://www.radianceclinics.com/wp-content/uploads/2022/08/MOLE-REMOVAL-TREATMENT.png,medical-review,WordPress form and Flamingo records intentionally excluded
https://www.radianceclinics.com/mole-removal-1/,/mole-removal-1/,attachment,inherit,Mole-Removal-1,mole-removal-1,2022-08-19 08:22:17,0,https://www.radianceclinics.com/wp-content/uploads/2022/08/Mole-Removal-1.jpg,,WordPress form and Flamingo records intentionally excluded
https://www.radianceclinics.com/wart-removal/,/wart-removal/,attachment,inherit,WART REMOVAL,wart-removal,2022-08-19 08:31:11,0,https://www.radianceclinics.com/wp-content/uploads/2022/08/WART-REMOVAL-.png,,WordPress form and Flamingo records intentionally excluded
https://www.radianceclinics.com/vitiligo/,/vitiligo/,attachment,inherit,Vitiligo,vitiligo,2022-08-19 09:12:18,0,https://www.radianceclinics.com/wp-content/uploads/2022/08/Vitiligo.png,,WordPress form and Flamingo records intentionally excluded
https://www.radianceclinics.com/vitiligo-1/,/vitiligo-1/,attachment,inherit,vitiligo 1,vitiligo-1,2022-08-19 09:18:03,0,https://www.radianceclinics.com/wp-content/uploads/2022/08/vitiligo-1.png,,WordPress form and Flamingo records intentionally excluded
https://www.radianceclinics.com/vitiligo-cream/,/vitiligo-cream/,attachment,inherit,vitiligo cream,vitiligo-cream,2022-08-19 09:18:18,0,https://www.radianceclinics.com/wp-content/uploads/2022/08/vitiligo-cream.png,,WordPress form and Flamingo records intentionally excluded
https://www.radianceclinics.com/beauty-portrait1/,/beauty-portrait1/,attachment,inherit,Beauty Portrait1,beauty-portrait1,2022-08-19 09:36:07,0,https://www.radianceclinics.com/wp-content/uploads/2022/08/Beauty-Portrait1.jpg,,WordPress form and Flamingo records intentionally excluded
https://www.radianceclinics.com/vitiligo-2/,/vitiligo-2/,attachment,inherit,vitiligo 2,vitiligo-2,2022-08-19 09:39:33,0,https://www.radianceclinics.com/wp-content/uploads/2022/08/vitiligo-2.png,,WordPress form and Flamingo records intentionally excluded
https://www.radianceclinics.com/fillers-1/,/fillers-1/,attachment,inherit,FILLERS,fillers-1,2022-08-19 10:36:17,0,https://www.radianceclinics.com/wp-content/uploads/2022/08/FILLERS-1.png,,WordPress form and Flamingo records intentionally excluded
https://www.radianceclinics.com/fillers-1-2/,/fillers-1-2/,attachment,inherit,The Most Modern Alopecia Treatment,fillers-1-2,2022-08-19 10:56:42,0,https://www.radianceclinics.com/wp-content/uploads/2022/08/FILLERS-1-1.png,medical-review,WordPress form and Flamingo records intentionally excluded
https://www.radianceclinics.com/fillers-2/,/fillers-2/,attachment,inherit,Proven Technology,fillers-2,2022-08-19 10:58:10,0,https://www.radianceclinics.com/wp-content/uploads/2022/08/FILLERS-2.png,,WordPress form and Flamingo records intentionally excluded
https://www.radianceclinics.com/fillers-3/,/fillers-3/,attachment,inherit,Dermal Filler,fillers-3,2022-08-19 10:58:23,0,https://www.radianceclinics.com/wp-content/uploads/2022/08/FILLERS.png,,WordPress form and Flamingo records intentionally excluded
https://www.radianceclinics.com/anti-wrinkle/,/anti-wrinkle/,attachment,inherit,ANTI WRINKLE,anti-wrinkle,2022-08-19 11:46:55,0,https://www.radianceclinics.com/wp-content/uploads/2022/08/ANTI-WRINKLE.jpg,,WordPress form and Flamingo records intentionally excluded
https://www.radianceclinics.com/anti-wrinkle-2/,/anti-wrinkle-2/,attachment,inherit,ANTI WRINKLE 2,anti-wrinkle-2,2022-08-19 11:47:20,0,https://www.radianceclinics.com/wp-content/uploads/2022/08/ANTI-WRINKLE-2.png,,WordPress form and Flamingo records intentionally excluded
https://www.radianceclinics.com/anti-wrinkle-3/,/anti-wrinkle-3/,attachment,inherit,ANTI WRINKLE,anti-wrinkle-3,2022-08-19 11:47:40,0,https://www.radianceclinics.com/wp-content/uploads/2022/08/ANTI-WRINKLE.png,,WordPress form and Flamingo records intentionally excluded
https://www.radianceclinics.com/antiwrinkle/,/antiwrinkle/,attachment,inherit,antiwrinkle,antiwrinkle,2022-08-19 11:47:55,0,https://www.radianceclinics.com/wp-content/uploads/2022/08/antiwrinkle.jpg,,WordPress form and Flamingo records intentionally excluded
https://www.radianceclinics.com/beauty-portrait/,/beauty-portrait/,attachment,inherit,Beauty Portrait,beauty-portrait,2022-08-19 12:32:59,0,https://www.radianceclinics.com/wp-content/uploads/2022/08/Beauty-Portrait.jpg,,WordPress form and Flamingo records intentionally excluded
https://www.radianceclinics.com/beauty-portrait2/,/beauty-portrait2/,attachment,inherit,Beauty Portrait2,beauty-portrait2,2022-08-19 12:45:13,0,https://www.radianceclinics.com/wp-content/uploads/2022/08/Beauty-Portrait2.jpg,,WordPress form and Flamingo records intentionally excluded
https://www.radianceclinics.com/weight-loss-clinic-bhubaneswar/,/weight-loss-clinic-bhubaneswar/,attachment,inherit,Weight Loss Clinic Bhubaneswar,weight-loss-clinic-bhubaneswar,2022-08-19 13:00:29,0,https://www.radianceclinics.com/wp-content/uploads/2022/08/Weight-Loss-Clinic-Bhubaneswar.png,,WordPress form and Flamingo records intentionally excluded
https://www.radianceclinics.com/weight-loss-treatment-bhubaneswar/,/weight-loss-treatment-bhubaneswar/,attachment,inherit,Weight Loss Treatment Bhubaneswar,weight-loss-treatment-bhubaneswar,2022-08-19 13:02:24,0,https://www.radianceclinics.com/wp-content/uploads/2022/08/Weight-Loss-Treatment-Bhubaneswar.png,medical-review,WordPress form and Flamingo records intentionally excluded
https://www.radianceclinics.com/weight-loss-treatment/,/weight-loss-treatment/,attachment,inherit,WEIGHT LOSS TREATMENT,weight-loss-treatment,2022-08-19 13:07:57,0,https://www.radianceclinics.com/wp-content/uploads/2022/08/WEIGHT-LOSS-TREATMENT.png,medical-review,WordPress form and Flamingo records intentionally excluded
https://www.radianceclinics.com/weight-loss-treatment-2/,/weight-loss-treatment-2/,attachment,inherit,WEIGHT LOSS TREATMENT 2,weight-loss-treatment-2,2022-08-19 13:50:33,0,https://www.radianceclinics.com/wp-content/uploads/2022/08/WEIGHT-LOSS-TREATMENT-2.png,medical-review,WordPress form and Flamingo records intentionally excluded
https://www.radianceclinics.com/body-shaping/,/body-shaping/,attachment,inherit,BODY SHAPING,body-shaping,2022-08-19 15:09:15,0,https://www.radianceclinics.com/wp-content/uploads/2022/08/BODY-SHAPING.png,,WordPress form and Flamingo records intentionally excluded
https://www.radianceclinics.com/body-shaping-treatment-2/,/body-shaping-treatment-2/,attachment,inherit,BODY SHAPING TREATMENT 2,body-shaping-treatment-2,2022-08-19 15:23:18,0,https://www.radianceclinics.com/wp-content/uploads/2022/08/BODY-SHAPING-TREATMENT-2.png,medical-review,WordPress form and Flamingo records intentionally excluded
https://www.radianceclinics.com/body-shaping-2/,/body-shaping-2/,attachment,inherit,BODY SHAPING 2,body-shaping-2,2022-08-19 15:24:22,0,https://www.radianceclinics.com/wp-content/uploads/2022/08/BODY-SHAPING-2.png,,WordPress form and Flamingo records intentionally excluded
https://www.radianceclinics.com/invisible-facelift-1/,/invisible-facelift-1/,attachment,inherit,INVISIBLE FACELIFT (1),invisible-facelift-1,2022-08-19 15:51:14,0,https://www.radianceclinics.com/wp-content/uploads/2022/08/INVISIBLE-FACELIFT-1.png,,WordPress form and Flamingo records intentionally excluded
https://www.radianceclinics.com/invisible-facelift-3/,/invisible-facelift-3/,attachment,inherit,INVISIBLE FACELIFT 3,invisible-facelift-3,2022-08-19 15:51:31,0,https://www.radianceclinics.com/wp-content/uploads/2022/08/INVISIBLE-FACELIFT-3.png,,WordPress form and Flamingo records intentionally excluded
https://www.radianceclinics.com/invisible-facelift/,/invisible-facelift/,attachment,inherit,INVISIBLE FACELIFT,invisible-facelift,2022-08-19 15:51:46,0,https://www.radianceclinics.com/wp-content/uploads/2022/08/INVISIBLE-FACELIFT.png,,WordPress form and Flamingo records intentionally excluded
https://www.radianceclinics.com/acne-natural-facial-masks-diy-problem-skin/,/acne-natural-facial-masks-diy-problem-skin/,attachment,inherit,acne-natural-facial-masks-diy-problem-skin,acne-natural-facial-masks-diy-problem-skin,2022-08-20 11:18:33,0,https://www.radianceclinics.com/wp-content/uploads/2022/08/acne-natural-facial-masks-diy-problem-skin.jpg,,WordPress form and Flamingo records intentionally excluded
https://www.radianceclinics.com/location-of-acne-on-your-body-1/,/location-of-acne-on-your-body-1/,attachment,inherit,Location of Acne on Your Body,location-of-acne-on-your-body-1,2022-08-20 11:18:39,0,https://www.radianceclinics.com/wp-content/uploads/2022/08/Location-of-Acne-On-Your-Body-1.jpg,,WordPress form and Flamingo records intentionally excluded
https://www.radianceclinics.com/acne/,/acne/,attachment,inherit,acne,acne,2022-08-20 11:38:09,0,https://www.radianceclinics.com/wp-content/uploads/2022/08/acne.jpg,,WordPress form and Flamingo records intentionally excluded
https://www.radianceclinics.com/aa/,/aa/,attachment,inherit,aa,aa,2022-08-24 11:26:50,0,https://www.radianceclinics.com/wp-content/uploads/2022/08/aa-scaled.jpeg,,WordPress form and Flamingo records intentionally excluded
https://www.radianceclinics.com/aesthetic2014-prp/,/aesthetic2014-prp/,attachment,inherit,aesthetic2014-PRP,aesthetic2014-prp,2022-08-24 11:27:39,0,https://www.radianceclinics.com/wp-content/uploads/2022/08/aesthetic2014-PRP-scaled.jpeg,,WordPress form and Flamingo records intentionally excluded
https://www.radianceclinics.com/aesthetics-2013/,/aesthetics-2013/,attachment,inherit,aesthetics 2013,aesthetics-2013,2022-08-24 11:28:30,0,https://www.radianceclinics.com/wp-content/uploads/2022/08/aesthetics-2013-scaled.jpeg,,WordPress form and Flamingo records intentionally excluded
https://www.radianceclinics.com/aesthetics-2014-cellulite/,/aesthetics-2014-cellulite/,attachment,inherit,aesthetics 2014- cellulite,aesthetics-2014-cellulite,2022-08-24 11:29:06,0,https://www.radianceclinics.com/wp-content/uploads/2022/08/aesthetics-2014-cellulite-scaled.jpeg,,WordPress form and Flamingo records intentionally excluded
https://www.radianceclinics.com/aesthetics-2015/,/aesthetics-2015/,attachment,inherit,aesthetics 2015,aesthetics-2015,2022-08-24 11:29:51,0,https://www.radianceclinics.com/wp-content/uploads/2022/08/aesthetics-2015-scaled.jpeg,,WordPress form and Flamingo records intentionally excluded
https://www.radianceclinics.com/aesthetics2014-lip/,/aesthetics2014-lip/,attachment,inherit,aesthetics2014-lip,aesthetics2014-lip,2022-08-24 11:30:28,0,https://www.radianceclinics.com/wp-content/uploads/2022/08/aesthetics2014-lip-scaled.jpeg,,WordPress form and Flamingo records intentionally excluded
https://www.radianceclinics.com/aesthetics2015/,/aesthetics2015/,attachment,inherit,aesthetics2015,aesthetics2015,2022-08-24 11:30:49,0,https://www.radianceclinics.com/wp-content/uploads/2022/08/aesthetics2015-scaled.jpeg,,WordPress form and Flamingo records intentionally excluded
https://www.radianceclinics.com/convocation/,/convocation/,attachment,inherit,convocation,convocation,2022-08-24 11:31:30,0,https://www.radianceclinics.com/wp-content/uploads/2022/08/convocation-scaled.jpeg,,WordPress form and Flamingo records intentionally excluded
https://www.radianceclinics.com/cosmolase/,/cosmolase/,attachment,inherit,cosmolase,cosmolase,2022-08-24 11:32:08,0,https://www.radianceclinics.com/wp-content/uploads/2022/08/cosmolase-scaled.jpeg,,WordPress form and Flamingo records intentionally excluded
https://www.radianceclinics.com/haircon2013/,/haircon2013/,attachment,inherit,haircon2013,haircon2013,2022-08-24 11:32:49,2,https://www.radianceclinics.com/wp-content/uploads/2022/08/haircon2013-scaled.jpeg,,WordPress form and Flamingo records intentionally excluded
https://www.radianceclinics.com/haircon2014/,/haircon2014/,attachment,inherit,haircon2014,haircon2014,2022-08-24 11:33:25,0,https://www.radianceclinics.com/wp-content/uploads/2022/08/haircon2014-scaled.jpeg,,WordPress form and Flamingo records intentionally excluded
https://www.radianceclinics.com/haircon2018/,/haircon2018/,attachment,inherit,Haircon2018,haircon2018,2022-08-24 11:33:50,3,https://www.radianceclinics.com/wp-content/uploads/2022/08/Haircon2018-scaled.jpeg,,WordPress form and Flamingo records intentionally excluded
https://www.radianceclinics.com/haircon2020/,/haircon2020/,attachment,inherit,haircon2020,haircon2020,2022-08-24 11:34:25,3,https://www.radianceclinics.com/wp-content/uploads/2022/08/haircon2020-scaled.jpeg,,WordPress form and Flamingo records intentionally excluded
https://www.radianceclinics.com/plastic-surg/,/plastic-surg/,attachment,inherit,Plastic Surg,plastic-surg,2022-08-24 11:34:50,3,https://www.radianceclinics.com/wp-content/uploads/2022/08/Plastic-Surg-scaled.jpeg,medical-review,WordPress form and Flamingo records intentionally excluded
https://www.radianceclinics.com/tmc/,/tmc/,attachment,inherit,TMC,tmc,2022-08-24 11:35:27,1,https://www.radianceclinics.com/wp-content/uploads/2022/08/TMC-scaled.jpeg,,WordPress form and Flamingo records intentionally excluded
https://www.radianceclinics.com/contact-us/contactform-bg/,/contact-us/contactform-bg/,attachment,inherit,contactform-bg,contactform-bg,2022-08-25 03:06:17,0,https://www.radianceclinics.com/wp-content/uploads/2022/08/contactform-bg.jpg,,WordPress form and Flamingo records intentionally excluded
https://www.radianceclinics.com/about-us/radiance-logo-white-achievement-2/,/about-us/radiance-logo-white-achievement-2/,attachment,inherit,ACHIEVEMENT logo,radiance-logo-white-achievement-2,2022-08-27 02:10:01,0,https://www.radianceclinics.com/wp-content/uploads/2022/08/RADIANCE-LOGO-WHITE-ACHIEVEMENT-1.png,,WordPress form and Flamingo records intentionally excluded
https://www.radianceclinics.com/about-us/radiance-15-years-2/,/about-us/radiance-15-years-2/,attachment,inherit,RADIANCE 15 YEARS,radiance-15-years-2,2022-08-27 02:34:35,0,https://www.radianceclinics.com/wp-content/uploads/2022/08/RADIANCE-15-YEARS-2.png,,WordPress form and Flamingo records intentionally excluded
https://www.radianceclinics.com/about-us/aaam/,/about-us/aaam/,attachment,inherit,American Academy of Aesthetic Logo,aaam,2022-08-27 02:35:12,0,https://www.radianceclinics.com/wp-content/uploads/2022/08/AAAM.png,,WordPress form and Flamingo records intentionally excluded
https://www.radianceclinics.com/about-us/radiance-25000/,/about-us/radiance-25000/,attachment,inherit,Radiance 25000,radiance-25000,2022-08-27 02:35:43,0,https://www.radianceclinics.com/wp-content/uploads/2022/08/radiance-25000.png,,WordPress form and Flamingo records intentionally excluded
https://www.radianceclinics.com/beard-hair-transplant-at-radiance/,/beard-hair-transplant-at-radiance/,attachment,inherit,Beard Hair Transplant -at radiance,beard-hair-transplant-at-radiance,2022-10-12 15:16:18,0,https://www.radianceclinics.com/wp-content/uploads/2022/10/Beard-Hair-Transplant-at-radiance.jpg,,WordPress form and Flamingo records intentionally excluded
https://www.radianceclinics.com/beard-hair-transplant-bhubaneswar/,/beard-hair-transplant-bhubaneswar/,attachment,inherit,Beard Hair Transplant bhubaneswar,beard-hair-transplant-bhubaneswar,2022-10-12 15:16:19,0,https://www.radianceclinics.com/wp-content/uploads/2022/10/Beard-Hair-Transplant-bhubaneswar.jpg,,WordPress form and Flamingo records intentionally excluded
https://www.radianceclinics.com/beard-hair-transplant/,/beard-hair-transplant/,attachment,inherit,Beard Hair Transplant,beard-hair-transplant,2022-10-12 15:16:20,0,https://www.radianceclinics.com/wp-content/uploads/2022/10/Beard-Hair-Transplant.jpg,,WordPress form and Flamingo records intentionally excluded
https://www.radianceclinics.com/best-beard-hair-transplant/,/best-beard-hair-transplant/,attachment,inherit,Best Beard Hair Transplant,best-beard-hair-transplant,2022-10-12 15:16:22,0,https://www.radianceclinics.com/wp-content/uploads/2022/10/Best-Beard-Hair-Transplant.jpg,best-superlative,WordPress form and Flamingo records intentionally excluded
https://www.radianceclinics.com/abarrow/,/abarrow/,attachment,inherit,abarrow,abarrow,2022-10-17 03:04:38,0,https://www.radianceclinics.com/wp-content/uploads/2022/10/abarrow.jpg,,WordPress form and Flamingo records intentionally excluded
https://www.radianceclinics.com/abboxheader/,/abboxheader/,attachment,inherit,abboxheader,abboxheader,2022-10-17 03:14:12,0,https://www.radianceclinics.com/wp-content/uploads/2022/10/abboxheader.jpg,,WordPress form and Flamingo records intentionally excluded
https://www.radianceclinics.com/beforetext/,/beforetext/,attachment,inherit,beforetext,beforetext,2022-10-17 03:24:45,0,https://www.radianceclinics.com/wp-content/uploads/2022/10/beforetext.jpg,,WordPress form and Flamingo records intentionally excluded
https://www.radianceclinics.com/ableftcorner/,/ableftcorner/,attachment,inherit,ableftcorner,ableftcorner,2022-10-17 03:24:46,0,https://www.radianceclinics.com/wp-content/uploads/2022/10/ableftcorner.jpg,,WordPress form and Flamingo records intentionally excluded
https://www.radianceclinics.com/ablogo/,/ablogo/,attachment,inherit,ablogo,ablogo,2022-10-17 03:24:46,0,https://www.radianceclinics.com/wp-content/uploads/2022/10/ablogo.jpg,,WordPress form and Flamingo records intentionally excluded
https://www.radianceclinics.com/abrightcorner/,/abrightcorner/,attachment,inherit,abrightcorner,abrightcorner,2022-10-17 03:24:47,0,https://www.radianceclinics.com/wp-content/uploads/2022/10/abrightcorner.jpg,,WordPress form and Flamingo records intentionally excluded
https://www.radianceclinics.com/aftertext/,/aftertext/,attachment,inherit,aftertext,aftertext,2022-10-17 03:24:47,0,https://www.radianceclinics.com/wp-content/uploads/2022/10/aftertext.jpg,,WordPress form and Flamingo records intentionally excluded
https://www.radianceclinics.com/home2/hair-1-2/,/home2/hair-1-2/,attachment,inherit,Before Hair Transplant,hair-1-2,2022-10-17 05:22:48,0,https://www.radianceclinics.com/wp-content/uploads/2022/10/Hair-1.png,,WordPress form and Flamingo records intentionally excluded
https://www.radianceclinics.com/home2/hair-1a/,/home2/hair-1a/,attachment,inherit,After Hair Transplant,hair-1a,2022-10-17 05:22:48,0,https://www.radianceclinics.com/wp-content/uploads/2022/10/Hair-1a.png,,WordPress form and Flamingo records intentionally excluded
https://www.radianceclinics.com/home2/hair-2/,/home2/hair-2/,attachment,inherit,Before Hair Transplant,hair-2,2022-10-17 05:29:44,0,https://www.radianceclinics.com/wp-content/uploads/2022/10/Hair-2.png,,WordPress form and Flamingo records intentionally excluded
https://www.radianceclinics.com/home2/hair-2a/,/home2/hair-2a/,attachment,inherit,Female Hair Transplant,hair-2a,2022-10-17 05:29:45,0,https://www.radianceclinics.com/wp-content/uploads/2022/10/Hair-2a.png,,WordPress form and Flamingo records intentionally excluded
https://www.radianceclinics.com/hair-loss-treatments-2/,/hair-loss-treatments-2/,attachment,inherit,Hair-Loss-Treatments,hair-loss-treatments-2,2022-10-17 12:23:28,0,https://www.radianceclinics.com/wp-content/uploads/2022/10/Hair-Loss-Treatments.png,medical-review,WordPress form and Flamingo records intentionally excluded
https://www.radianceclinics.com/beard-moustache-transplant/,/beard-moustache-transplant/,attachment,inherit,beard-moustache-transplant,beard-moustache-transplant,2022-10-17 12:36:19,0,https://www.radianceclinics.com/wp-content/uploads/2022/10/beard-moustache-transplant.png,,WordPress form and Flamingo records intentionally excluded
https://www.radianceclinics.com/bio-hair-transplant-3/,/bio-hair-transplant-3/,attachment,inherit,bio-hair-transplant,bio-hair-transplant-3,2022-10-17 14:23:24,0,https://www.radianceclinics.com/wp-content/uploads/2022/10/bio-hair-transplant.png,,WordPress form and Flamingo records intentionally excluded
https://www.radianceclinics.com/bio-hair-transplant2/,/bio-hair-transplant2/,attachment,inherit,bio-hair-transplant2,bio-hair-transplant2,2022-10-17 14:24:50,0,https://www.radianceclinics.com/wp-content/uploads/2022/10/bio-hair-transplant2.png,,WordPress form and Flamingo records intentionally excluded
https://www.radianceclinics.com/high-density-hair-transplant-4/,/high-density-hair-transplant-4/,attachment,inherit,high-density-hair-transplant,high-density-hair-transplant-4,2022-10-17 14:32:49,0,https://www.radianceclinics.com/wp-content/uploads/2022/10/high-density-hair-transplant.png,,WordPress form and Flamingo records intentionally excluded
https://www.radianceclinics.com/high-density-hair-transplant2/,/high-density-hair-transplant2/,attachment,inherit,high-density-hair-transplant2,high-density-hair-transplant2,2022-10-17 14:37:25,0,https://www.radianceclinics.com/wp-content/uploads/2022/10/high-density-hair-transplant2.png,,WordPress form and Flamingo records intentionally excluded
https://www.radianceclinics.com/female-hair-transplant-4/,/female-hair-transplant-4/,attachment,inherit,female-hair-transplant,female-hair-transplant-4,2022-10-17 15:10:04,0,https://www.radianceclinics.com/wp-content/uploads/2022/10/female-hair-transplant.png,,WordPress form and Flamingo records intentionally excluded
https://www.radianceclinics.com/female-hair-transplant1/,/female-hair-transplant1/,attachment,inherit,female-hair-transplant1,female-hair-transplant1,2022-10-17 15:10:10,0,https://www.radianceclinics.com/wp-content/uploads/2022/10/female-hair-transplant1.png,,WordPress form and Flamingo records intentionally excluded
https://www.radianceclinics.com/female-hair-transplant11/,/female-hair-transplant11/,attachment,inherit,female-hair-transplant11,female-hair-transplant11,2022-10-17 15:10:15,0,https://www.radianceclinics.com/wp-content/uploads/2022/10/female-hair-transplant11.png,,WordPress form and Flamingo records intentionally excluded
https://www.radianceclinics.com/bio-hair-transplant2-2/,/bio-hair-transplant2-2/,attachment,inherit,bio-hair-transplant2,bio-hair-transplant2-2,2022-10-17 15:32:24,0,https://www.radianceclinics.com/wp-content/uploads/2022/10/bio-hair-transplant2-1.png,,WordPress form and Flamingo records intentionally excluded
https://www.radianceclinics.com/bio-therapy-2/,/bio-therapy-2/,attachment,inherit,bio-therapy,bio-therapy-2,2022-10-17 15:32:32,0,https://www.radianceclinics.com/wp-content/uploads/2022/10/bio-therapy.png,medical-review,WordPress form and Flamingo records intentionally excluded
https://www.radianceclinics.com/bio-therapy1/,/bio-therapy1/,attachment,inherit,bio-therapy1,bio-therapy1,2022-10-17 15:32:40,0,https://www.radianceclinics.com/wp-content/uploads/2022/10/bio-therapy1.png,medical-review,WordPress form and Flamingo records intentionally excluded
https://www.radianceclinics.com/biotherapy2/,/biotherapy2/,attachment,inherit,biotherapy2,biotherapy2,2022-10-17 15:32:44,0,https://www.radianceclinics.com/wp-content/uploads/2022/10/biotherapy2.png,medical-review,WordPress form and Flamingo records intentionally excluded
https://www.radianceclinics.com/body-hairtransplant/,/body-hairtransplant/,attachment,inherit,body-hairtransplant,body-hairtransplant,2022-10-17 15:32:48,0,https://www.radianceclinics.com/wp-content/uploads/2022/10/body-hairtransplant.png,,WordPress form and Flamingo records intentionally excluded
https://www.radianceclinics.com/biotherapy4/,/biotherapy4/,attachment,inherit,biotherapy4,biotherapy4,2022-10-17 15:38:18,0,https://www.radianceclinics.com/wp-content/uploads/2022/10/biotherapy4.png,medical-review,WordPress form and Flamingo records intentionally excluded
https://www.radianceclinics.com/body-hair-transpalnt/,/body-hair-transpalnt/,attachment,inherit,body-hair-transpalnt,body-hair-transpalnt,2022-10-18 02:19:03,0,https://www.radianceclinics.com/wp-content/uploads/2022/10/body-hair-transpalnt.jpg,,WordPress form and Flamingo records intentionally excluded
https://www.radianceclinics.com/quck-contact/,/quck-contact/,attachment,inherit,quck-contact,quck-contact,2022-10-18 03:19:40,0,https://www.radianceclinics.com/wp-content/uploads/2022/10/quck-contact.jpg,,WordPress form and Flamingo records intentionally excluded
https://www.radianceclinics.com/fue-hair-transplant-2/,/fue-hair-transplant-2/,attachment,inherit,fue-hair-transplant,fue-hair-transplant-2,2022-10-18 08:40:19,0,https://www.radianceclinics.com/wp-content/uploads/2022/10/fue-hair-transplant.jpg,,WordPress form and Flamingo records intentionally excluded
https://www.radianceclinics.com/wig-transplant/,/wig-transplant/,attachment,inherit,wig--transplant,wig-transplant,2022-10-18 09:46:34,0,https://www.radianceclinics.com/wp-content/uploads/2022/10/wig-transplant.jpg,,WordPress form and Flamingo records intentionally excluded
https://www.radianceclinics.com/body-shaping-3/,/body-shaping-3/,attachment,inherit,body-shaping,body-shaping-3,2022-10-18 14:35:53,0,https://www.radianceclinics.com/wp-content/uploads/2022/10/body-shaping.png,,WordPress form and Flamingo records intentionally excluded
https://www.radianceclinics.com/cemical-peel1/,/cemical-peel1/,attachment,inherit,cemical-peel1,cemical-peel1,2022-10-18 15:51:51,0,https://www.radianceclinics.com/wp-content/uploads/2022/10/cemical-peel1.png,,WordPress form and Flamingo records intentionally excluded
https://www.radianceclinics.com/chemical-peel-3/,/chemical-peel-3/,attachment,inherit,chemical peel,chemical-peel-3,2022-10-18 15:52:01,0,https://www.radianceclinics.com/wp-content/uploads/2022/10/chemical-peel.png,,WordPress form and Flamingo records intentionally excluded
https://www.radianceclinics.com/chemical-peel-bhubaneswar/,/chemical-peel-bhubaneswar/,attachment,inherit,chemical-peel-bhubaneswar,chemical-peel-bhubaneswar,2022-10-18 15:55:39,0,https://www.radianceclinics.com/wp-content/uploads/2022/10/chemical-peel-bhubaneswar.png,,WordPress form and Flamingo records intentionally excluded
https://www.radianceclinics.com/contact-us/contact-us-bg/,/contact-us/contact-us-bg/,attachment,inherit,contact-us-bg,contact-us-bg,2022-10-19 02:26:32,0,https://www.radianceclinics.com/wp-content/uploads/2022/10/contact-us-bg.jpg,,WordPress form and Flamingo records intentionally excluded
https://www.radianceclinics.com/recent-result/nervous-cute-asian-brunette-girl-eager-win-worry-important-results-cross-fingers-good-luck-praying-fortune-receive-promotion-clench-teeth-close-eyes-supplicating-stand-green-background/,/recent-result/nervous-cute-asian-brunette-girl-eager-win-worry-important-results-cross-fingers-good-luck-praying-fortune-receive-promotion-clench-teeth-close-eyes-supplicating-stand-green-background/,attachment,inherit,"Nervous cute asian brunette girl eager win, worry important results, cross fingers good luck, praying fortune receive promotion, clench teeth close eyes supplicating, stand green background",nervous-cute-asian-brunette-girl-eager-win-worry-important-results-cross-fingers-good-luck-praying-fortune-receive-promotion-clench-teeth-close-eyes-supplicating-stand-green-background,2022-10-19 15:06:59,0,https://www.radianceclinics.com/wp-content/uploads/2022/10/recent-results.jpg,,WordPress form and Flamingo records intentionally excluded
https://www.radianceclinics.com/recent-result/recent-results/,/recent-result/recent-results/,attachment,inherit,recent-results,recent-results,2022-10-19 15:09:07,0,https://www.radianceclinics.com/wp-content/uploads/2022/10/recent-results-1.jpg,,WordPress form and Flamingo records intentionally excluded
https://www.radianceclinics.com/virtual-tour/radiance-clinics-2/,/virtual-tour/radiance-clinics-2/,attachment,inherit,radiance-clinics,radiance-clinics-2,2022-10-20 15:02:56,0,https://www.radianceclinics.com/wp-content/uploads/2022/10/radiance-clinics.jpg,,WordPress form and Flamingo records intentionally excluded
https://www.radianceclinics.com/virtual-tour/reception/,/virtual-tour/reception/,attachment,inherit,reception,reception,2022-10-20 15:14:26,0,https://www.radianceclinics.com/wp-content/uploads/2022/10/reception.jpg,,WordPress form and Flamingo records intentionally excluded
https://www.radianceclinics.com/virtual-tour/waiting-hall/,/virtual-tour/waiting-hall/,attachment,inherit,Waiting-Hall,waiting-hall,2022-10-20 15:23:12,0,https://www.radianceclinics.com/wp-content/uploads/2022/10/Waiting-Hall.jpg,,WordPress form and Flamingo records intentionally excluded
https://www.radianceclinics.com/virtual-tour/consultation/,/virtual-tour/consultation/,attachment,inherit,Consultation,consultation,2022-10-20 15:28:01,0,https://www.radianceclinics.com/wp-content/uploads/2022/10/Consultation.jpg,,WordPress form and Flamingo records intentionally excluded
https://www.radianceclinics.com/virtual-tour/procedure/,/virtual-tour/procedure/,attachment,inherit,Procedure,procedure,2022-10-20 15:33:19,0,https://www.radianceclinics.com/wp-content/uploads/2022/10/Procedure.jpg,medical-review,WordPress form and Flamingo records intentionally excluded
https://www.radianceclinics.com/virtual-tour-radiance-clinics/,/virtual-tour-radiance-clinics/,attachment,inherit,virtual-tour-radiance-clinics,virtual-tour-radiance-clinics,2022-10-22 05:41:45,0,https://www.radianceclinics.com/wp-content/uploads/2022/10/virtual-tour-radiance-clinics.mp4,,WordPress form and Flamingo records intentionally excluded
https://www.radianceclinics.com/hair-transplant-in-rourkela/hair-transplant-rourkela/,/hair-transplant-in-rourkela/hair-transplant-rourkela/,attachment,inherit,hair-transplant-rourkela,hair-transplant-rourkela,2022-10-28 10:47:09,0,https://www.radianceclinics.com/wp-content/uploads/2022/10/hair-transplant-rourkela.jpg,,WordPress form and Flamingo records intentionally excluded
https://www.radianceclinics.com/hair-transplant-in-puri/follicular-unit-extraction-process/,/hair-transplant-in-puri/follicular-unit-extraction-process/,attachment,inherit,Follicular Unit Extraction Process - Hair Transplant Procedure,follicular-unit-extraction-process,2022-10-28 11:22:09,0,https://www.radianceclinics.com/wp-content/uploads/2022/10/follicular-unit-extraction-process.jpg,medical-review,WordPress form and Flamingo records intentionally excluded
https://www.radianceclinics.com/hair-transplant-in-berhampur/hair-transplant-berhampur/,/hair-transplant-in-berhampur/hair-transplant-berhampur/,attachment,inherit,hair-transplant-berhampur,hair-transplant-berhampur,2022-10-28 12:07:52,0,https://www.radianceclinics.com/wp-content/uploads/2022/10/hair-transplant-berhampur.jpg,,WordPress form and Flamingo records intentionally excluded
https://www.radianceclinics.com/hair-transplant-in-sambalpur/hair-transplant-in-sambalpur-2/,/hair-transplant-in-sambalpur/hair-transplant-in-sambalpur-2/,attachment,inherit,Radiance Clinics in Sambalpur,hair-transplant-in-sambalpur-2,2022-10-28 12:26:21,0,https://www.radianceclinics.com/wp-content/uploads/2022/10/hair-transplant-in-sambalpur.jpg,,WordPress form and Flamingo records intentionally excluded
https://www.radianceclinics.com/post/top-5-ways-the-millennial-use-for-better-hair-and-skin/skin-care/,/post/top-5-ways-the-millennial-use-for-better-hair-and-skin/skin-care/,attachment,inherit,Skin Care,skin-care,2022-10-29 08:26:52,0,https://www.radianceclinics.com/wp-content/uploads/2022/10/skin-care.jpg,,WordPress form and Flamingo records intentionally excluded
https://www.radianceclinics.com/post/top-5-ways-the-millennial-use-for-better-hair-and-skin/radiance-skin-care/,/post/top-5-ways-the-millennial-use-for-better-hair-and-skin/radiance-skin-care/,attachment,inherit,radiance-skin-care,radiance-skin-care,2022-10-29 08:31:15,0,https://www.radianceclinics.com/wp-content/uploads/2022/10/radiance-skin-care.png,,WordPress form and Flamingo records intentionally excluded
https://www.radianceclinics.com/botox-treatment/botox-treatment-radiance/,/botox-treatment/botox-treatment-radiance/,attachment,inherit,botox-treatment-radiance,botox-treatment-radiance,2022-10-29 12:18:20,4,https://www.radianceclinics.com/wp-content/uploads/2022/10/botox-treatment-radiance.jpg,medical-review,WordPress form and Flamingo records intentionally excluded
https://www.radianceclinics.com/botox-treatment/cosmetic-botox-injection-female-forehead/,/botox-treatment/cosmetic-botox-injection-female-forehead/,attachment,inherit,Cosmetic Botox Injection for Female Forehead,cosmetic-botox-injection-female-forehead,2022-10-29 12:25:01,0,https://www.radianceclinics.com/wp-content/uploads/2022/10/cosmetic-botox-injection-female-forehead.jpg,,WordPress form and Flamingo records intentionally excluded
https://www.radianceclinics.com/home2/after-1/,/home2/after-1/,attachment,inherit,After Hair Transplant,after-1,2022-10-29 14:21:47,0,https://www.radianceclinics.com/wp-content/uploads/2022/10/after-1.jpg,,WordPress form and Flamingo records intentionally excluded
https://www.radianceclinics.com/home2/after2/,/home2/after2/,attachment,inherit,Hair Transplant Success Story,after2,2022-10-29 14:21:49,0,https://www.radianceclinics.com/wp-content/uploads/2022/10/after2.jpg,,WordPress form and Flamingo records intentionally excluded
https://www.radianceclinics.com/home2/before-1/,/home2/before-1/,attachment,inherit,Before Hair Transplant,before-1,2022-10-29 14:21:49,0,https://www.radianceclinics.com/wp-content/uploads/2022/10/before-1.jpg,,WordPress form and Flamingo records intentionally excluded
https://www.radianceclinics.com/home2/before2/,/home2/before2/,attachment,inherit,Before Hair Transplant,before2,2022-10-29 14:21:52,0,https://www.radianceclinics.com/wp-content/uploads/2022/10/before2.jpg,,WordPress form and Flamingo records intentionally excluded
https://www.radianceclinics.com/home2/skin-66/,/home2/skin-66/,attachment,inherit,Skin care at Radiance,skin-66,2022-11-01 14:37:49,0,https://www.radianceclinics.com/wp-content/uploads/2022/11/skin-66.jpg,,WordPress form and Flamingo records intentionally excluded
https://www.radianceclinics.com/home2/skin-77/,/home2/skin-77/,attachment,inherit,Skin Care Treatment Success,skin-77,2022-11-01 14:37:53,0,https://www.radianceclinics.com/wp-content/uploads/2022/11/skin-77.jpg,medical-review,WordPress form and Flamingo records intentionally excluded
https://www.radianceclinics.com/slider9-1/,/slider9-1/,attachment,inherit,Transplant in Odisha,slider9-1,2022-11-02 02:44:12,0,https://www.radianceclinics.com/wp-content/uploads/2022/11/slider9-1.jpg,,WordPress form and Flamingo records intentionally excluded
https://www.radianceclinics.com/happy-excited-man-after-hairtransplanr-computer/,/happy-excited-man-after-hairtransplanr-computer/,attachment,inherit,Excited man after hairtransplant,happy-excited-man-after-hairtransplanr-computer,2022-11-02 02:45:06,0,https://www.radianceclinics.com/wp-content/uploads/2022/11/happy-excited-man-after-hairtransplanr-computer.jpg,,WordPress form and Flamingo records intentionally excluded
https://www.radianceclinics.com/post/radiance-skin-clinics-your-solution-for-skin-issues/slider1/,/post/radiance-skin-clinics-your-solution-for-skin-issues/slider1/,attachment,inherit,Dr Satyarth Prakash,slider1,2022-11-02 02:46:20,2,https://www.radianceclinics.com/wp-content/uploads/2022/11/slider1.jpg,,WordPress form and Flamingo records intentionally excluded
https://www.radianceclinics.com/premature-baldness/,/premature-baldness/,attachment,inherit,premature baldness,premature-baldness,2022-11-03 14:37:31,0,https://www.radianceclinics.com/wp-content/uploads/2022/11/premature-baldness-1.jpg,,WordPress form and Flamingo records intentionally excluded
https://www.radianceclinics.com/slider6/,/slider6/,attachment,inherit,Skin Care Treatment,slider6,2022-11-03 14:40:04,0,https://www.radianceclinics.com/wp-content/uploads/2022/11/slider6.jpg,medical-review,WordPress form and Flamingo records intentionally excluded
https://www.radianceclinics.com/slider4/,/slider4/,attachment,inherit,Skin Brightening,slider4,2022-11-03 14:41:58,0,https://www.radianceclinics.com/wp-content/uploads/2022/11/slider4.jpg,,WordPress form and Flamingo records intentionally excluded
https://www.radianceclinics.com/slider5/,/slider5/,attachment,inherit,Skin Care Tips,slider5,2022-11-03 14:45:09,0,https://www.radianceclinics.com/wp-content/uploads/2022/11/slider5.jpg,,WordPress form and Flamingo records intentionally excluded
https://www.radianceclinics.com/artificial-hair-systems/,/artificial-hair-systems/,attachment,inherit,Artificial Hair Systems,artificial-hair-systems,2022-11-03 15:16:42,0,https://www.radianceclinics.com/wp-content/uploads/2022/11/Artificial-Hair-Systems.jpg,,WordPress form and Flamingo records intentionally excluded
https://www.radianceclinics.com/weight-loss/,/weight-loss/,attachment,inherit,Weight Loss,weight-loss,2022-11-03 15:21:14,0,https://www.radianceclinics.com/wp-content/uploads/2022/11/Weight-Loss.jpg,,WordPress form and Flamingo records intentionally excluded
https://www.radianceclinics.com/vampire-facelift/,/vampire-facelift/,attachment,inherit,Vampire FaceLift,vampire-facelift,2022-11-03 15:22:08,0,https://www.radianceclinics.com/wp-content/uploads/2022/11/Vampire-FaceLift.jpg,,WordPress form and Flamingo records intentionally excluded
https://www.radianceclinics.com/bio-hair-transplant-2/,/bio-hair-transplant-2/,attachment,inherit,Bio Hair Transplant,bio-hair-transplant-2,2022-11-03 15:22:48,0,https://www.radianceclinics.com/wp-content/uploads/2022/11/Bio-Hair-Transplant.jpg,obsolete-technology-claim,WordPress form and Flamingo records intentionally excluded
https://www.radianceclinics.com/bio-therapy-3/,/bio-therapy-3/,attachment,inherit,Bio Therapy,bio-therapy-3,2022-11-03 15:23:19,0,https://www.radianceclinics.com/wp-content/uploads/2022/11/Bio-Therapy.jpg,medical-review,WordPress form and Flamingo records intentionally excluded
https://www.radianceclinics.com/post/certain-myths-about-hair-transplants-for-young-men/body-hair-transplant-2/,/post/certain-myths-about-hair-transplants-for-young-men/body-hair-transplant-2/,attachment,inherit,Body Hair Transplant,body-hair-transplant-2,2022-11-03 15:23:52,0,https://www.radianceclinics.com/wp-content/uploads/2022/11/Body-Hair-Transplant.jpg,,WordPress form and Flamingo records intentionally excluded
https://www.radianceclinics.com/body-sculpting/,/body-sculpting/,attachment,inherit,Body Sculpting,body-sculpting,2022-11-03 15:24:18,0,https://www.radianceclinics.com/wp-content/uploads/2022/11/Body-Sculpting.jpg,,WordPress form and Flamingo records intentionally excluded
https://www.radianceclinics.com/cosmetic-fillers/,/cosmetic-fillers/,attachment,inherit,Cosmetic Fillers,cosmetic-fillers,2022-11-03 15:24:56,0,https://www.radianceclinics.com/wp-content/uploads/2022/11/Cosmetic-Fillers.jpg,,WordPress form and Flamingo records intentionally excluded
https://www.radianceclinics.com/hair-loss-treatment-4/,/hair-loss-treatment-4/,attachment,inherit,Hair Loss Treatment,hair-loss-treatment-4,2022-11-03 15:25:51,0,https://www.radianceclinics.com/wp-content/uploads/2022/11/Hair-Loss-Treatment.jpg,medical-review,WordPress form and Flamingo records intentionally excluded
https://www.radianceclinics.com/happy-hair-man-radiance-2/,/happy-hair-man-radiance-2/,attachment,inherit,Hair Transplant,happy-hair-man-radiance-2,2022-11-03 15:26:26,0,https://www.radianceclinics.com/wp-content/uploads/2022/11/Happy-Hair-Man-Radiance.jpg,,WordPress form and Flamingo records intentionally excluded
https://www.radianceclinics.com/laser-hair-removal-3/,/laser-hair-removal-3/,attachment,inherit,Laser Hair Removal,laser-hair-removal-3,2022-11-03 15:27:45,0,https://www.radianceclinics.com/wp-content/uploads/2022/11/Laser-Hair-Removal.jpg,,WordPress form and Flamingo records intentionally excluded
https://www.radianceclinics.com/mesotherapy/,/mesotherapy/,attachment,inherit,Mesotherapy,mesotherapy,2022-11-03 15:28:16,0,https://www.radianceclinics.com/wp-content/uploads/2022/11/Mesotherapy.jpg,medical-review,WordPress form and Flamingo records intentionally excluded
https://www.radianceclinics.com/scalp-micro-pigmentation/,/scalp-micro-pigmentation/,attachment,inherit,Scalp Micro Pigmentation,scalp-micro-pigmentation,2022-11-03 15:28:59,0,https://www.radianceclinics.com/wp-content/uploads/2022/11/Scalp-Micro-Pigmentation.jpg,,WordPress form and Flamingo records intentionally excluded
https://www.radianceclinics.com/skin-brighteing/,/skin-brighteing/,attachment,inherit,Skin Brightening,skin-brighteing,2022-11-03 15:30:19,0,https://www.radianceclinics.com/wp-content/uploads/2022/11/Skin-Brighteing.jpg,,WordPress form and Flamingo records intentionally excluded
https://www.radianceclinics.com/tatto-removal/,/tatto-removal/,attachment,inherit,Tattoo Removal,tatto-removal,2022-11-03 15:32:32,0,https://www.radianceclinics.com/wp-content/uploads/2022/11/Tatto-Removal.jpg,,WordPress form and Flamingo records intentionally excluded
https://www.radianceclinics.com/under-eye-dark-circle/,/under-eye-dark-circle/,attachment,inherit,Under Eye Dark Circle,under-eye-dark-circle,2022-11-03 15:33:01,0,https://www.radianceclinics.com/wp-content/uploads/2022/11/Under-Eye-Dark-Circle.jpg,,WordPress form and Flamingo records intentionally excluded
https://www.radianceclinics.com/home2/radiance-clinic-video/,/home2/radiance-clinic-video/,attachment,inherit,Most trusted skin & hair care,radiance-clinic-video,2022-11-04 06:44:26,0,https://www.radianceclinics.com/wp-content/uploads/2022/11/radiance-clinic-video.jpg,,WordPress form and Flamingo records intentionally excluded
https://www.radianceclinics.com/home2/skin-care-at-radiance/,/home2/skin-care-at-radiance/,attachment,inherit,skin care- at radiance,skin-care-at-radiance,2022-11-04 06:44:31,0,https://www.radianceclinics.com/wp-content/uploads/2022/11/skin-care-at-radiance.jpg,,WordPress form and Flamingo records intentionally excluded
https://www.radianceclinics.com/post/is-it-safe-to-have-a-hair-transplant-in-bhubaneswar-at-radiance-skin-and-hair-clinic/maxresdefault/,/post/is-it-safe-to-have-a-hair-transplant-in-bhubaneswar-at-radiance-skin-and-hair-clinic/maxresdefault/,attachment,inherit,maxresdefault,maxresdefault,2022-12-15 07:48:28,0,https://www.radianceclinics.com/wp-content/uploads/2022/12/maxresdefault.jpg,,WordPress form and Flamingo records intentionally excluded
https://www.radianceclinics.com/post/where-to-have-a-high-density-hair-transplant-in-bhubaneswar/maxresdefault-2/,/post/where-to-have-a-high-density-hair-transplant-in-bhubaneswar/maxresdefault-2/,attachment,inherit,maxresdefault,maxresdefault-2,2022-12-15 08:04:54,4,https://www.radianceclinics.com/wp-content/uploads/2022/12/maxresdefault-1.jpg,,WordPress form and Flamingo records intentionally excluded
https://www.radianceclinics.com/radiance-lab/,/radiance-lab/,attachment,inherit,Radiance Lab,radiance-lab,2022-12-15 11:27:23,0,https://www.radianceclinics.com/wp-content/uploads/2022/12/radiance-lab-scaled.jpg,,WordPress form and Flamingo records intentionally excluded
https://www.radianceclinics.com/post/spending-on-weight-loss-is-an-ideal-investment/weight-loss-2/,/post/spending-on-weight-loss-is-an-ideal-investment/weight-loss-2/,attachment,inherit,Weight Loss,weight-loss-2,2022-12-15 11:35:34,0,https://www.radianceclinics.com/wp-content/uploads/2022/12/weight-loss.png,,WordPress form and Flamingo records intentionally excluded
https://www.radianceclinics.com/post/spending-on-weight-loss-is-an-ideal-investment/weightloss/,/post/spending-on-weight-loss-is-an-ideal-investment/weightloss/,attachment,inherit,weightloss,weightloss,2022-12-15 11:38:21,0,https://www.radianceclinics.com/wp-content/uploads/2022/12/weightloss.png,,WordPress form and Flamingo records intentionally excluded
https://www.radianceclinics.com/post/the-ideal-clinic-to-have-acne-treatment-in-bhubaneswar-is-radiance-skin-and-hair-clinics/the-ideal-clinic/,/post/the-ideal-clinic-to-have-acne-treatment-in-bhubaneswar-is-radiance-skin-and-hair-clinics/the-ideal-clinic/,attachment,inherit,the-ideal-clinic,the-ideal-clinic,2022-12-15 11:42:11,0,https://www.radianceclinics.com/wp-content/uploads/2022/12/the-ideal-clinic.jpg,,WordPress form and Flamingo records intentionally excluded
https://www.radianceclinics.com/post/the-ideal-clinic-to-have-acne-treatment-in-bhubaneswar-is-radiance-skin-and-hair-clinics/the-ideal-clinic2/,/post/the-ideal-clinic-to-have-acne-treatment-in-bhubaneswar-is-radiance-skin-and-hair-clinics/the-ideal-clinic2/,attachment,inherit,Dermatologist for an Acne Treatment,the-ideal-clinic2,2022-12-15 11:42:58,0,https://www.radianceclinics.com/wp-content/uploads/2022/12/the-ideal-clinic2.png,medical-review,WordPress form and Flamingo records intentionally excluded
https://www.radianceclinics.com/post/four-misconceptions-people-have-about-laser-tattoo-removal-in-bhubaneswar/tatto/,/post/four-misconceptions-people-have-about-laser-tattoo-removal-in-bhubaneswar/tatto/,attachment,inherit,Tatto,tatto,2022-12-15 11:48:54,0,https://www.radianceclinics.com/wp-content/uploads/2022/12/tatto.png,,WordPress form and Flamingo records intentionally excluded
https://www.radianceclinics.com/post/four-misconceptions-people-have-about-laser-tattoo-removal-in-bhubaneswar/tatto1/,/post/four-misconceptions-people-have-about-laser-tattoo-removal-in-bhubaneswar/tatto1/,attachment,inherit,tatto1,tatto1,2022-12-15 11:50:27,0,https://www.radianceclinics.com/wp-content/uploads/2022/12/tatto1.png,,WordPress form and Flamingo records intentionally excluded
https://www.radianceclinics.com/post/how-to-ensure-the-success-of-hair-transplant-having-it-at-a-hair-transplant/before-after-hair-transpalant/,/post/how-to-ensure-the-success-of-hair-transplant-having-it-at-a-hair-transplant/before-after-hair-transpalant/,attachment,inherit,Before-After Hair Transplant,before-after-hair-transpalant,2022-12-15 12:02:13,0,https://www.radianceclinics.com/wp-content/uploads/2022/12/before-after-hair-transpalant.png,,WordPress form and Flamingo records intentionally excluded
https://www.radianceclinics.com/post/the-myths-and-reasons-for-hair-loss-radiance-skin-and-hair-clinics/03b2b9_dc2b950a489f47f69e9bd78dcce72400mv21/,/post/the-myths-and-reasons-for-hair-loss-radiance-skin-and-hair-clinics/03b2b9_dc2b950a489f47f69e9bd78dcce72400mv21/,attachment,inherit,Hair Loss Treatment,03b2b9_dc2b950a489f47f69e9bd78dcce72400mv21,2022-12-15 12:05:32,0,https://www.radianceclinics.com/wp-content/uploads/2022/12/03b2b9_dc2b950a489f47f69e9bd78dcce72400mv21.jpg,medical-review,WordPress form and Flamingo records intentionally excluded
https://www.radianceclinics.com/post/the-quality-of-hair-transplant-service-offered-by-radiance-skin-and-hair-clinics/quality-of-hair-transplant-service/,/post/the-quality-of-hair-transplant-service-offered-by-radiance-skin-and-hair-clinics/quality-of-hair-transplant-service/,attachment,inherit,quality of hair transplant service,quality-of-hair-transplant-service,2022-12-15 13:22:39,4,https://www.radianceclinics.com/wp-content/uploads/2022/12/quality-of-hair-transplant-service.png,,WordPress form and Flamingo records intentionally excluded
https://www.radianceclinics.com/post/why-radiance-skin-and-hair-clinics-is-the-best-hair-loss-clinic-in-bhubaneswar/hqdefault/,/post/why-radiance-skin-and-hair-clinics-is-the-best-hair-loss-clinic-in-bhubaneswar/hqdefault/,attachment,inherit,Hair Loss Treatment,hqdefault,2022-12-15 13:36:18,0,https://www.radianceclinics.com/wp-content/uploads/2022/05/hqdefault.jpg,medical-review,WordPress form and Flamingo records intentionally excluded
https://www.radianceclinics.com/post/when-you-need-to-be-at-the-best-skin-clinic/skin-care2/,/post/when-you-need-to-be-at-the-best-skin-clinic/skin-care2/,attachment,inherit,Skin Care,skin-care2,2022-12-15 13:56:32,0,https://www.radianceclinics.com/wp-content/uploads/2022/12/skin-care2.png,,WordPress form and Flamingo records intentionally excluded
https://www.radianceclinics.com/post/hair-loss-and-hair-thinning/hair-loss-training/,/post/hair-loss-and-hair-thinning/hair-loss-training/,attachment,inherit,Hair Wig Clinic Bhubaneswar,hair-loss-training,2022-12-15 14:04:23,0,https://www.radianceclinics.com/wp-content/uploads/2022/12/hair-loss-training.jpg,,WordPress form and Flamingo records intentionally excluded
https://www.radianceclinics.com/post/hair-treatment-doctor-near-me/map/,/post/hair-treatment-doctor-near-me/map/,attachment,inherit,Map,map,2022-12-15 14:08:27,0,https://www.radianceclinics.com/wp-content/uploads/2022/02/map.png,,WordPress form and Flamingo records intentionally excluded
https://www.radianceclinics.com/post/hair-treatment-doctor-near-me/map2/,/post/hair-treatment-doctor-near-me/map2/,attachment,inherit,map2,map2,2022-12-15 14:08:35,0,https://www.radianceclinics.com/wp-content/uploads/2022/02/map2.png,,WordPress form and Flamingo records intentionally excluded
https://www.radianceclinics.com/post/skin-and-hair-specialist-near-me/skin-map/,/post/skin-and-hair-specialist-near-me/skin-map/,attachment,inherit,Skin Care,skin-map,2022-12-15 14:14:34,0,https://www.radianceclinics.com/wp-content/uploads/2022/12/skin-map.png,,WordPress form and Flamingo records intentionally excluded
https://www.radianceclinics.com/post/skin-and-hair-specialist-near-me/radiance-2/,/post/skin-and-hair-specialist-near-me/radiance-2/,attachment,inherit,radiance,radiance-2,2022-12-15 14:15:08,0,https://www.radianceclinics.com/wp-content/uploads/2022/12/radiance.png,,WordPress form and Flamingo records intentionally excluded
https://www.radianceclinics.com/post/best-treatment-for-a-healthy-hair-and-skin/attachment/111/,/post/best-treatment-for-a-healthy-hair-and-skin/attachment/111/,attachment,inherit,Treatment for a Healthy Hair and Skin,111,2022-12-15 14:18:10,0,https://www.radianceclinics.com/wp-content/uploads/2021/12/111.png,medical-review,WordPress form and Flamingo records intentionally excluded
https://www.radianceclinics.com/post/best-treatment-for-a-healthy-hair-and-skin/attachment/222/,/post/best-treatment-for-a-healthy-hair-and-skin/attachment/222/,attachment,inherit,Treatment For Healthy Hair and Skin,222,2022-12-15 14:18:12,0,https://www.radianceclinics.com/wp-content/uploads/2021/12/222.png,medical-review,WordPress form and Flamingo records intentionally excluded
https://www.radianceclinics.com/post/top-5-ways-the-millennial-use-for-better-hair-and-skin/skin-care-3/,/post/top-5-ways-the-millennial-use-for-better-hair-and-skin/skin-care-3/,attachment,inherit,skin-care,skin-care-3,2022-12-15 14:24:04,0,https://www.radianceclinics.com/wp-content/uploads/2021/12/skin-care.png,,WordPress form and Flamingo records intentionally excluded
https://www.radianceclinics.com/post/%e0%ac%b2%e0%ad%87%e0%ac%9c%e0%ac%b0-%e0%ac%b9%e0%ad%87%e0%ad%9f%e0%ac%be%e0%ac%b0-%e0%ac%b0%e0%ac%bf%e0%ac%ae%e0%ad%81%e0%ac%ad%e0%ac%be%e0%ac%b2%e0%ad%8d-%e0%ac%b0-%e0%ac%89%e0%ac%aa%e0%ac%95/laser-hair-removal-4/,/post/%e0%ac%b2%e0%ad%87%e0%ac%9c%e0%ac%b0-%e0%ac%b9%e0%ad%87%e0%ad%9f%e0%ac%be%e0%ac%b0-%e0%ac%b0%e0%ac%bf%e0%ac%ae%e0%ad%81%e0%ac%ad%e0%ac%be%e0%ac%b2%e0%ad%8d-%e0%ac%b0-%e0%ac%89%e0%ac%aa%e0%ac%95/laser-hair-removal-4/,attachment,inherit,Laser Hair Removal,laser-hair-removal-4,2022-12-15 14:42:18,0,https://www.radianceclinics.com/wp-content/uploads/2022/12/laser-hair-removal.png,,WordPress form and Flamingo records intentionally excluded
https://www.radianceclinics.com/post/%e0%ac%85%e0%ac%a8%e0%ac%b2%e0%ac%be%e0%ac%87%e0%ac%a8%e0%ad%8d-%e0%ac%9a%e0%ac%b0%e0%ad%8d%e0%ac%ae%e0%ac%b0%e0%ad%8b%e0%ac%97-%e0%ac%ac%e0%ac%bf%e0%ac%b6%e0%ad%87%e0%ac%b7%e0%ac%9c%e0%ad%8d%e0%ac%9e/radiance-clinics-3/,/post/%e0%ac%85%e0%ac%a8%e0%ac%b2%e0%ac%be%e0%ac%87%e0%ac%a8%e0%ad%8d-%e0%ac%9a%e0%ac%b0%e0%ad%8d%e0%ac%ae%e0%ac%b0%e0%ad%8b%e0%ac%97-%e0%ac%ac%e0%ac%bf%e0%ac%b6%e0%ad%87%e0%ac%b7%e0%ac%9c%e0%ad%8d%e0%ac%9e/radiance-clinics-3/,attachment,inherit,Radiance Clinics Logo,radiance-clinics-3,2022-12-15 14:46:07,0,https://www.radianceclinics.com/wp-content/uploads/2022/12/radiance-clinics.png,,WordPress form and Flamingo records intentionally excluded
https://www.radianceclinics.com/post/using-botox-and-fillers-for-anti-aging-treatments/botox-8/,/post/using-botox-and-fillers-for-anti-aging-treatments/botox-8/,attachment,inherit,Skin Treatment,botox-8,2022-12-15 14:52:12,0,https://www.radianceclinics.com/wp-content/uploads/2022/02/botox.jpg,medical-review,WordPress form and Flamingo records intentionally excluded
https://www.radianceclinics.com/post/radiance-skin-hair-clinic/radiance-clinics-doctor/,/post/radiance-skin-hair-clinic/radiance-clinics-doctor/,attachment,inherit,radiance-clinics-doctor,radiance-clinics-doctor,2022-12-15 15:00:16,6,https://www.radianceclinics.com/wp-content/uploads/2022/12/radiance-clinics-doctor.png,,WordPress form and Flamingo records intentionally excluded
https://www.radianceclinics.com/post/non-surgical-hair-replacement/11mv2/,/post/non-surgical-hair-replacement/11mv2/,attachment,inherit,Non-surgical Hair Replacement,11mv2,2022-12-15 15:10:05,0,https://www.radianceclinics.com/wp-content/uploads/2021/12/11mv2.jpg,,WordPress form and Flamingo records intentionally excluded
https://www.radianceclinics.com/post/hair-loss-treatment/hair-loss-treatment-5/,/post/hair-loss-treatment/hair-loss-treatment-5/,attachment,inherit,Hair Loss Treatment,hair-loss-treatment-5,2022-12-15 15:15:42,0,https://www.radianceclinics.com/wp-content/uploads/2021/12/hair-loss-Treatment.jpg,medical-review,WordPress form and Flamingo records intentionally excluded
https://www.radianceclinics.com/post/laser-hair-removal/laser-hair-removal-5/,/post/laser-hair-removal/laser-hair-removal-5/,attachment,inherit,Laser Hair Removal,laser-hair-removal-5,2022-12-15 15:20:18,0,https://www.radianceclinics.com/wp-content/uploads/2021/12/laser-hair-removal.png,,WordPress form and Flamingo records intentionally excluded
https://www.radianceclinics.com/post/laser-hair-removal/03b2b9_5614be51f9194d4ab7e757308a94c02dmv2/,/post/laser-hair-removal/03b2b9_5614be51f9194d4ab7e757308a94c02dmv2/,attachment,inherit,03b2b9_5614be51f9194d4ab7e757308a94c02d~mv2,03b2b9_5614be51f9194d4ab7e757308a94c02dmv2,2022-12-15 15:21:42,0,https://www.radianceclinics.com/wp-content/uploads/2021/12/03b2b9_5614be51f9194d4ab7e757308a94c02dmv2.png,,WordPress form and Flamingo records intentionally excluded
https://www.radianceclinics.com/post/botox-treatment/botox-treatment-2/,/post/botox-treatment/botox-treatment-2/,attachment,inherit,botox-treatment,botox-treatment-2,2022-12-15 15:28:44,0,https://www.radianceclinics.com/wp-content/uploads/2022/12/botox-treatment.jpg,medical-review,WordPress form and Flamingo records intentionally excluded
https://www.radianceclinics.com/post/botox-treatment/botox-treatmnet2/,/post/botox-treatment/botox-treatmnet2/,attachment,inherit,Woman Receiving Botox Treatment at Radiance Clinics,botox-treatmnet2,2022-12-15 15:28:52,0,https://www.radianceclinics.com/wp-content/uploads/2022/12/botox-treatmnet2.jpg,medical-review,WordPress form and Flamingo records intentionally excluded
https://www.radianceclinics.com/post/botox-treatment/botox-treatment-3/,/post/botox-treatment/botox-treatment-3/,attachment,inherit,botox-treatment,botox-treatment-3,2022-12-15 15:32:18,0,https://www.radianceclinics.com/wp-content/uploads/2022/12/botox-treatment-1.jpg,medical-review,WordPress form and Flamingo records intentionally excluded
https://www.radianceclinics.com/post/botox-treatment/botox-treatmnet2-2/,/post/botox-treatment/botox-treatmnet2-2/,attachment,inherit,Woman Receiving Botox Treatment at Radiance Clinics,botox-treatmnet2-2,2022-12-15 15:32:32,0,https://www.radianceclinics.com/wp-content/uploads/2022/12/botox-treatmnet2-1.jpg,medical-review,WordPress form and Flamingo records intentionally excluded
https://www.radianceclinics.com/post/botox-treatment/botox-treatment-4/,/post/botox-treatment/botox-treatment-4/,attachment,inherit,botox-treatment,botox-treatment-4,2022-12-15 15:33:36,0,https://www.radianceclinics.com/wp-content/uploads/2022/12/botox-treatment.png,medical-review,WordPress form and Flamingo records intentionally excluded
https://www.radianceclinics.com/post/botox-treatment/botox-treatmnet2-3/,/post/botox-treatment/botox-treatmnet2-3/,attachment,inherit,Woman Receiving Botox Treatment at Radiance Clinics,botox-treatmnet2-3,2022-12-15 15:33:45,0,https://www.radianceclinics.com/wp-content/uploads/2022/12/botox-treatmnet2.png,medical-review,WordPress form and Flamingo records intentionally excluded
https://www.radianceclinics.com/post/are-fillers-treatments-safe/filler/,/post/are-fillers-treatments-safe/filler/,attachment,inherit,filler,filler,2022-12-15 15:38:41,0,https://www.radianceclinics.com/wp-content/uploads/2022/12/filler.png,,WordPress form and Flamingo records intentionally excluded
https://www.radianceclinics.com/post/are-fillers-treatments-safe/filler2/,/post/are-fillers-treatments-safe/filler2/,attachment,inherit,Fillers Treatment,filler2,2022-12-15 15:38:59,0,https://www.radianceclinics.com/wp-content/uploads/2022/12/filler2.jpg,medical-review,WordPress form and Flamingo records intentionally excluded
https://www.radianceclinics.com/post/are-fillers-treatments-safe/filler2-2/,/post/are-fillers-treatments-safe/filler2-2/,attachment,inherit,Fillers Treatment,filler2-2,2022-12-15 15:40:15,0,https://www.radianceclinics.com/wp-content/uploads/2022/12/filler2.png,medical-review,WordPress form and Flamingo records intentionally excluded
https://www.radianceclinics.com/post/body-hair-removal/body-hair/,/post/body-hair-removal/body-hair/,attachment,inherit,body-hair,body-hair,2022-12-15 15:44:05,0,https://www.radianceclinics.com/wp-content/uploads/2022/12/body-hair.png,,WordPress form and Flamingo records intentionally excluded
https://www.radianceclinics.com/post/body-hair-removal/body-hair2/,/post/body-hair-removal/body-hair2/,attachment,inherit,Body Hair Removal,body-hair2,2022-12-15 15:44:07,0,https://www.radianceclinics.com/wp-content/uploads/2022/12/body-hair2.png,,WordPress form and Flamingo records intentionally excluded
https://www.radianceclinics.com/post/why-radiance-skin-and-hair-clinic-is-the-best-hair-loss-clinic-in-bhubaneswar/hqdefault-2/,/post/why-radiance-skin-and-hair-clinic-is-the-best-hair-loss-clinic-in-bhubaneswar/hqdefault-2/,attachment,inherit,Advanced PRP Treatment,hqdefault-2,2022-12-16 09:17:42,0,https://www.radianceclinics.com/wp-content/uploads/2022/12/hqdefault.jpg,medical-review,WordPress form and Flamingo records intentionally excluded
https://www.radianceclinics.com/post/a-complete-guide-to-know-about-botox-treatment/botox-treatment-5/,/post/a-complete-guide-to-know-about-botox-treatment/botox-treatment-5/,attachment,inherit,botox-treatment,botox-treatment-5,2022-12-16 09:40:27,4,https://www.radianceclinics.com/wp-content/uploads/2022/12/botox-treatment-1.png,medical-review,WordPress form and Flamingo records intentionally excluded
https://www.radianceclinics.com/post/a-complete-guide-to-know-about-botox-treatment/03b2b9_329d2955caa64dc79529f4e85ebc64f0mv2/,/post/a-complete-guide-to-know-about-botox-treatment/03b2b9_329d2955caa64dc79529f4e85ebc64f0mv2/,attachment,inherit,03b2b9_329d2955caa64dc79529f4e85ebc64f0~mv2,03b2b9_329d2955caa64dc79529f4e85ebc64f0mv2,2022-12-16 09:42:52,0,https://www.radianceclinics.com/wp-content/uploads/2022/12/03b2b9_329d2955caa64dc79529f4e85ebc64f0mv2.png,,WordPress form and Flamingo records intentionally excluded
https://www.radianceclinics.com/post/a-complete-guide-to-know-about-botox-treatment/03b2b9_7095eef408a04f1cbd91681d3c512a06mv2/,/post/a-complete-guide-to-know-about-botox-treatment/03b2b9_7095eef408a04f1cbd91681d3c512a06mv2/,attachment,inherit,03b2b9_7095eef408a04f1cbd91681d3c512a06~mv2,03b2b9_7095eef408a04f1cbd91681d3c512a06mv2,2022-12-16 09:46:15,0,https://www.radianceclinics.com/wp-content/uploads/2022/12/03b2b9_7095eef408a04f1cbd91681d3c512a06mv2.png,,WordPress form and Flamingo records intentionally excluded
https://www.radianceclinics.com/thank-you/thank-you/,/thank-you/thank-you/,attachment,inherit,Thank-You,thank-you,2023-01-09 13:52:09,1,https://www.radianceclinics.com/wp-content/uploads/2023/01/Thank-You.png,,WordPress form and Flamingo records intentionally excluded
https://www.radianceclinics.com/female-hair-transplant-2/,/female-hair-transplant-2/,attachment,inherit,Female-Hair-Transplant,female-hair-transplant-2,2023-01-12 12:35:54,0,https://www.radianceclinics.com/wp-content/uploads/2023/01/Female-Hair-Transplant.jpg,,WordPress form and Flamingo records intentionally excluded
https://www.radianceclinics.com/bio-hair-transplant-4/,/bio-hair-transplant-4/,attachment,inherit,Bio-Hair-Transplant,bio-hair-transplant-4,2023-01-12 12:37:47,0,https://www.radianceclinics.com/wp-content/uploads/2023/01/Bio-Hair-Transplant.jpg,,WordPress form and Flamingo records intentionally excluded
https://www.radianceclinics.com/body-hair-transplant-4/,/body-hair-transplant-4/,attachment,inherit,Body-Hair-Transplant,body-hair-transplant-4,2023-01-12 12:37:48,0,https://www.radianceclinics.com/wp-content/uploads/2023/01/Body-Hair-Transplant.jpg,,WordPress form and Flamingo records intentionally excluded
https://www.radianceclinics.com/high-density-hair-transplant-2/,/high-density-hair-transplant-2/,attachment,inherit,High-Density-Hair-Transplant,high-density-hair-transplant-2,2023-01-12 12:37:50,0,https://www.radianceclinics.com/wp-content/uploads/2023/01/High-Density-Hair-Transplant.jpg,,WordPress form and Flamingo records intentionally excluded
https://www.radianceclinics.com/post/how-effective-is-having-laser-hair-removal-in-bhubaneswar/laser-hair-removal-in-bhubaneswar/,/post/how-effective-is-having-laser-hair-removal-in-bhubaneswar/laser-hair-removal-in-bhubaneswar/,attachment,inherit,LASER HAIR REMOVAL IN BHUBANESWAR,laser-hair-removal-in-bhubaneswar,2023-01-16 14:27:11,5,https://www.radianceclinics.com/wp-content/uploads/2023/01/LASER-HAIR-REMOVAL-IN-BHUBANESWAR.jpg,,WordPress form and Flamingo records intentionally excluded
https://www.radianceclinics.com/post/certain-myths-about-hair-transplants-for-young-men/hair-transplant-in-puri-2/,/post/certain-myths-about-hair-transplants-for-young-men/hair-transplant-in-puri-2/,attachment,inherit,Hair Transplant in Puri,hair-transplant-in-puri-2,2023-01-21 13:50:56,4,https://www.radianceclinics.com/wp-content/uploads/2023/01/Hair-Transplant-in-Puri.jpg,,WordPress form and Flamingo records intentionally excluded
https://www.radianceclinics.com/best-hair-wig-bhubaneswar/,/best-hair-wig-bhubaneswar/,attachment,inherit,Best Hair Wig Bhubaneswar,best-hair-wig-bhubaneswar,2023-02-03 06:58:20,4,https://www.radianceclinics.com/wp-content/uploads/2023/02/Best-Hair-Wig-Bhubaneswar.jpg,best-superlative,WordPress form and Flamingo records intentionally excluded
https://www.radianceclinics.com/hair-wig-clinic-bhubaneswar/,/hair-wig-clinic-bhubaneswar/,attachment,inherit,Hair Wig Clinic Bhubaneswar,hair-wig-clinic-bhubaneswar,2023-02-03 07:00:52,4,https://www.radianceclinics.com/wp-content/uploads/2023/02/Hair-Wig-Clinic-Bhubaneswar.jpg,,WordPress form and Flamingo records intentionally excluded
https://www.radianceclinics.com/hair-wig-bhubaneswar/,/hair-wig-bhubaneswar/,attachment,inherit,Hair Wig Bhubaneswar,hair-wig-bhubaneswar,2023-02-03 07:19:27,3,https://www.radianceclinics.com/wp-content/uploads/2023/02/Hair-Wig-Bhubaneswar.jpg,,WordPress form and Flamingo records intentionally excluded
https://www.radianceclinics.com/hair-wig-doctor-bhubaneswar/,/hair-wig-doctor-bhubaneswar/,attachment,inherit,Hair Wig Doctor Bhubaneswar,hair-wig-doctor-bhubaneswar,2023-02-03 07:20:01,4,https://www.radianceclinics.com/wp-content/uploads/2023/02/Hair-Wig-Doctor-Bhubaneswar.jpg,,WordPress form and Flamingo records intentionally excluded
https://www.radianceclinics.com/sunspot-removal-bhubaneswar/,/sunspot-removal-bhubaneswar/,attachment,inherit,Sunspot Removal Bhubaneswar,sunspot-removal-bhubaneswar,2023-02-11 15:36:29,0,https://www.radianceclinics.com/wp-content/uploads/2023/02/Sunspot-Removal-Bhubaneswar.jpg,,WordPress form and Flamingo records intentionally excluded
https://www.radianceclinics.com/sunspot-treatment-bhubaneswar/,/sunspot-treatment-bhubaneswar/,attachment,inherit,sunspot treatment bhubaneswar,sunspot-treatment-bhubaneswar,2023-02-13 09:32:48,3,https://www.radianceclinics.com/wp-content/uploads/2023/02/sunspot-treatment-bhubaneswar.jpg,medical-review,WordPress form and Flamingo records intentionally excluded
https://www.radianceclinics.com/hair-patch-bhubaneswar/,/hair-patch-bhubaneswar/,attachment,inherit,Hair Patch Bhubaneswar,hair-patch-bhubaneswar,2023-02-16 03:32:22,4,https://www.radianceclinics.com/wp-content/uploads/2023/02/Hair-Patch-Bhubaneswar.png,,WordPress form and Flamingo records intentionally excluded
https://www.radianceclinics.com/hair-patch-in-bhubaneswar-1/,/hair-patch-in-bhubaneswar-1/,attachment,inherit,Hair Patch in Bhubaneswar (1),hair-patch-in-bhubaneswar-1,2023-02-16 03:35:54,4,https://www.radianceclinics.com/wp-content/uploads/2023/02/Hair-Patch-in-Bhubaneswar-1.png,,WordPress form and Flamingo records intentionally excluded
https://www.radianceclinics.com/post/is-it-possible-to-stop-saving-unwanted-hair/laser-hair-removal-in-bhubaneswar-2/,/post/is-it-possible-to-stop-saving-unwanted-hair/laser-hair-removal-in-bhubaneswar-2/,attachment,inherit,LASER HAIR REMOVAL IN BHUBANESWAR,laser-hair-removal-in-bhubaneswar-2,2023-02-28 10:52:43,0,https://www.radianceclinics.com/wp-content/uploads/2023/02/LASER-HAIR-REMOVAL-IN-BHUBANESWAR.jpg,,WordPress form and Flamingo records intentionally excluded
https://www.radianceclinics.com/post/is-it-possible-to-stop-saving-unwanted-hair/laser-hair-removal-in-bhubaneswar-3/,/post/is-it-possible-to-stop-saving-unwanted-hair/laser-hair-removal-in-bhubaneswar-3/,attachment,inherit,LASER HAIR REMOVAL IN BHUBANESWAR,laser-hair-removal-in-bhubaneswar-3,2023-02-28 10:53:55,5,https://www.radianceclinics.com/wp-content/uploads/2023/02/LASER-HAIR-REMOVAL-IN-BHUBANESWAR-1.jpg,,WordPress form and Flamingo records intentionally excluded
https://www.radianceclinics.com/post/do-not-get-frustrated-having-skin-issues/untitled-design-9/,/post/do-not-get-frustrated-having-skin-issues/untitled-design-9/,attachment,inherit,Skin and Cosmetic Treatment Services,untitled-design-9,2023-03-16 08:25:34,0,https://www.radianceclinics.com/wp-content/uploads/2023/03/Untitled-design-9.jpg,medical-review,WordPress form and Flamingo records intentionally excluded
https://www.radianceclinics.com/post/do-not-get-frustrated-having-skin-issues/untitled-design-11/,/post/do-not-get-frustrated-having-skin-issues/untitled-design-11/,attachment,inherit,Untitled design (11),untitled-design-11,2023-03-16 08:31:54,0,https://www.radianceclinics.com/wp-content/uploads/2023/03/Untitled-design-11.jpg,,WordPress form and Flamingo records intentionally excluded
https://www.radianceclinics.com/post/do-not-get-frustrated-having-skin-issues/untitled-design-10/,/post/do-not-get-frustrated-having-skin-issues/untitled-design-10/,attachment,inherit,Untitled design (10),untitled-design-10,2023-03-16 08:32:08,0,https://www.radianceclinics.com/wp-content/uploads/2023/03/Untitled-design-10.jpg,,WordPress form and Flamingo records intentionally excluded
https://www.radianceclinics.com/radianceclinics_popup/,/radianceclinics_popup/,attachment,inherit,radianceclinics_popup,radianceclinics_popup,2023-03-29 13:39:09,0,https://www.radianceclinics.com/wp-content/uploads/2023/03/radianceclinics_popup.jpg,,WordPress form and Flamingo records intentionally excluded
https://www.radianceclinics.com/hair-patch-in-bhubaneswar/,/hair-patch-in-bhubaneswar/,attachment,inherit,Hair Patch in Bhubaneswar,hair-patch-in-bhubaneswar,2023-05-16 13:50:35,0,https://www.radianceclinics.com/wp-content/uploads/2023/05/Hair-Patch-in-Bhubaneswar.jpg,,WordPress form and Flamingo records intentionally excluded
https://www.radianceclinics.com/best-hair-patch-in-bhubaneswar/,/best-hair-patch-in-bhubaneswar/,attachment,inherit,Best Hair Patch in Bhubaneswar,best-hair-patch-in-bhubaneswar,2023-05-16 13:51:51,5,https://www.radianceclinics.com/wp-content/uploads/2023/05/Best-Hair-Patch-in-Bhubaneswar.jpg,best-superlative,WordPress form and Flamingo records intentionally excluded
https://www.radianceclinics.com/hair-transplant-in-balasore/hair-transplant-balasore/,/hair-transplant-in-balasore/hair-transplant-balasore/,attachment,inherit,Hair Transplant Balasore,hair-transplant-balasore,2023-05-16 14:10:34,3,https://www.radianceclinics.com/wp-content/uploads/2023/05/Hair-Transplant-Balasore.jpg,,WordPress form and Flamingo records intentionally excluded
https://www.radianceclinics.com/hair-transplant-in-balasore/hair-transplant-in-balasore-2/,/hair-transplant-in-balasore/hair-transplant-in-balasore-2/,attachment,inherit,Hair Transplant in Balasore,hair-transplant-in-balasore-2,2023-05-16 14:11:02,4,https://www.radianceclinics.com/wp-content/uploads/2023/05/Hair-Transplant-in-Balasore.jpg,,WordPress form and Flamingo records intentionally excluded
https://www.radianceclinics.com/hair-transplant-in-berhampur/hair-transplant-berhampur-2/,/hair-transplant-in-berhampur/hair-transplant-berhampur-2/,attachment,inherit,Hair transplant Berhampur,hair-transplant-berhampur-2,2023-05-16 14:16:04,3,https://www.radianceclinics.com/wp-content/uploads/2023/05/Hair-transplant-Berhampur.jpg,,WordPress form and Flamingo records intentionally excluded
https://www.radianceclinics.com/hair-transplant-in-koraput/hair-transplant-in-koraput-2/,/hair-transplant-in-koraput/hair-transplant-in-koraput-2/,attachment,inherit,Hair Transplant in Koraput,hair-transplant-in-koraput-2,2023-05-16 14:18:50,4,https://www.radianceclinics.com/wp-content/uploads/2023/05/Hair-Transplant-in-Koraput.jpg,,WordPress form and Flamingo records intentionally excluded
https://www.radianceclinics.com/hair-transplant-in-angul/hair-transplant-in-angul-2/,/hair-transplant-in-angul/hair-transplant-in-angul-2/,attachment,inherit,Hair Transplant in Angul,hair-transplant-in-angul-2,2023-05-16 14:20:21,0,https://www.radianceclinics.com/wp-content/uploads/2023/05/Hair-Transplant-in-Angul.jpg,,WordPress form and Flamingo records intentionally excluded
https://www.radianceclinics.com/hair-transplant-in-jajpur/hair-transplant-jajpur/,/hair-transplant-in-jajpur/hair-transplant-jajpur/,attachment,inherit,Hair Transplant Jajpur,hair-transplant-jajpur,2023-05-16 14:23:18,3,https://www.radianceclinics.com/wp-content/uploads/2023/05/Hair-Transplant-Jajpur.jpg,,WordPress form and Flamingo records intentionally excluded
https://www.radianceclinics.com/hair-transplant-in-jajpur/hair-transplant-in-jajpur-2/,/hair-transplant-in-jajpur/hair-transplant-in-jajpur-2/,attachment,inherit,Hair Transplant in Jajpur,hair-transplant-in-jajpur-2,2023-05-16 14:23:47,4,https://www.radianceclinics.com/wp-content/uploads/2023/05/Hair-Transplant-in-Jajpur.jpg,,WordPress form and Flamingo records intentionally excluded
https://www.radianceclinics.com/hair-transplant-in-kolkata/hair-transplant-kolkata/,/hair-transplant-in-kolkata/hair-transplant-kolkata/,attachment,inherit,Hair Transplant Kolkata,hair-transplant-kolkata,2023-05-16 14:26:11,3,https://www.radianceclinics.com/wp-content/uploads/2023/05/Hair-Transplant-Kolkata.jpg,,WordPress form and Flamingo records intentionally excluded
https://www.radianceclinics.com/hair-transplant-in-kolkata/hair-transplant-in-kolkata-2/,/hair-transplant-in-kolkata/hair-transplant-in-kolkata-2/,attachment,inherit,Hair Transplant in Kolkata,hair-transplant-in-kolkata-2,2023-05-16 14:27:21,4,https://www.radianceclinics.com/wp-content/uploads/2023/05/Hair-Transplant-in-Kolkata.jpg,,WordPress form and Flamingo records intentionally excluded
https://www.radianceclinics.com/post/the-best-acne-scar-treatments-to-boost-your-confidence/acne-natural-facial-masks-diy-problem-skin-2/,/post/the-best-acne-scar-treatments-to-boost-your-confidence/acne-natural-facial-masks-diy-problem-skin-2/,attachment,inherit,acne-natural-facial-masks-diy-problem-skin,acne-natural-facial-masks-diy-problem-skin-2,2023-05-24 12:49:00,9,https://www.radianceclinics.com/wp-content/uploads/2023/05/acne-natural-facial-masks-diy-problem-skin.jpg,best-superlative;medical-review,WordPress form and Flamingo records intentionally excluded
https://www.radianceclinics.com/recent-result/2500-grafts-hair-transplant/,/recent-result/2500-grafts-hair-transplant/,attachment,inherit,2500 Grafts Hair Transplant,2500-grafts-hair-transplant,2023-06-19 11:37:33,4,https://www.radianceclinics.com/wp-content/uploads/2023/06/2500-Grafts-Hair-Transplant.jpg,,WordPress form and Flamingo records intentionally excluded
https://www.radianceclinics.com/recent-result/3000-grafts-hair-transplant/,/recent-result/3000-grafts-hair-transplant/,attachment,inherit,3000 Grafts Hair Transplant,3000-grafts-hair-transplant,2023-06-19 11:38:55,4,https://www.radianceclinics.com/wp-content/uploads/2023/06/3000-Grafts-Hair-Transplant.jpg,,WordPress form and Flamingo records intentionally excluded
https://www.radianceclinics.com/recent-result/2000-grafts-hair-transplant/,/recent-result/2000-grafts-hair-transplant/,attachment,inherit,2000 Grafts Hair Transplant,2000-grafts-hair-transplant,2023-06-19 11:46:33,4,https://www.radianceclinics.com/wp-content/uploads/2023/06/2000-Grafts-Hair-Transplant.jpg,,WordPress form and Flamingo records intentionally excluded
https://www.radianceclinics.com/recent-result/2000-grafts-hair-transplant-by-radiance-clinic/,/recent-result/2000-grafts-hair-transplant-by-radiance-clinic/,attachment,inherit,2000 Grafts Hair Transplant by Radiance Clinic,2000-grafts-hair-transplant-by-radiance-clinic,2023-06-19 11:47:30,7,https://www.radianceclinics.com/wp-content/uploads/2023/06/2000-Grafts-Hair-Transplant-by-Radiance-Clinic.jpg,,WordPress form and Flamingo records intentionally excluded
https://www.radianceclinics.com/file-10-layer-jpeg/,/file-10-layer-jpeg/,attachment,inherit,file_10_layer.jpeg,file-10-layer-jpeg,2023-07-10 14:49:13,0,https://www.radianceclinics.com/wp-content/uploads/revslider/video-media/file_10_layer.jpeg,,WordPress form and Flamingo records intentionally excluded
https://www.radianceclinics.com/file2-11-layer-jpeg/,/file2-11-layer-jpeg/,attachment,inherit,file2_11_layer.jpeg,file2-11-layer-jpeg,2023-07-10 14:49:56,0,https://www.radianceclinics.com/wp-content/uploads/revslider/video-media/file2_11_layer.jpeg,,WordPress form and Flamingo records intentionally excluded
https://www.radianceclinics.com/scrollbarbackground/,/scrollbarbackground/,attachment,inherit,scrollbarBackground,scrollbarbackground,2023-07-10 15:19:59,0,https://www.radianceclinics.com/wp-content/uploads/2023/07/scrollbarBackground.jpg,,WordPress form and Flamingo records intentionally excluded
https://www.radianceclinics.com/thumbnailsbackground/,/thumbnailsbackground/,attachment,inherit,thumbnailsBackground,thumbnailsbackground,2023-07-10 15:24:25,0,https://www.radianceclinics.com/wp-content/uploads/2023/07/thumbnailsBackground.jpg,,WordPress form and Flamingo records intentionally excluded
https://www.radianceclinics.com/post/the-key-to-lasting-smoothness-unlock-laser-hair-removal/laser-hair-removal-in-bhubaneswar-4/,/post/the-key-to-lasting-smoothness-unlock-laser-hair-removal/laser-hair-removal-in-bhubaneswar-4/,attachment,inherit,LASER HAIR REMOVAL IN BHUBANESWAR,laser-hair-removal-in-bhubaneswar-4,2023-07-14 13:30:37,3,https://www.radianceclinics.com/wp-content/uploads/2023/07/LASER-HAIR-REMOVAL-IN-BHUBANESWAR.jpg,,WordPress form and Flamingo records intentionally excluded
https://www.radianceclinics.com/post/the-key-to-lasting-smoothness-unlock-laser-hair-removal/laser-hair-removal-6/,/post/the-key-to-lasting-smoothness-unlock-laser-hair-removal/laser-hair-removal-6/,attachment,inherit,Laser Hair Removal,laser-hair-removal-6,2023-07-14 13:38:42,4,https://www.radianceclinics.com/wp-content/uploads/2023/07/Laser-Hair-Removal.jpg,,WordPress form and Flamingo records intentionally excluded
https://www.radianceclinics.com/post/the-key-to-lasting-smoothness-unlock-laser-hair-removal/laser-hair-removal-in-bhubaneswar-5/,/post/the-key-to-lasting-smoothness-unlock-laser-hair-removal/laser-hair-removal-in-bhubaneswar-5/,attachment,inherit,LASER HAIR REMOVAL IN BHUBANESWAR,laser-hair-removal-in-bhubaneswar-5,2023-07-14 13:45:43,5,https://www.radianceclinics.com/wp-content/uploads/2023/07/LASER-HAIR-REMOVAL-IN-BHUBANESWAR-1.jpg,,WordPress form and Flamingo records intentionally excluded
https://www.radianceclinics.com/aaa-scaled/,/aaa-scaled/,attachment,inherit,aaa-scaled,aaa-scaled,2023-07-15 03:44:34,2,https://www.radianceclinics.com/wp-content/uploads/2023/07/aaa-scaled-1.jpeg,,WordPress form and Flamingo records intentionally excluded
https://www.radianceclinics.com/post/say-goodbye-to-monsoon-hair-loss-easy-ways-to-control-hairfall/monsoon-hair-loss/,/post/say-goodbye-to-monsoon-hair-loss-easy-ways-to-control-hairfall/monsoon-hair-loss/,attachment,inherit,Monsoon Hair Loss,monsoon-hair-loss,2023-07-19 12:50:08,0,https://www.radianceclinics.com/wp-content/uploads/2023/07/Monsoon-Hair-Loss.png,,WordPress form and Flamingo records intentionally excluded
https://www.radianceclinics.com/post/say-goodbye-to-monsoon-hair-loss-easy-ways-to-control-hairfall/hair-loss-treatment-in-bhubaneswar/,/post/say-goodbye-to-monsoon-hair-loss-easy-ways-to-control-hairfall/hair-loss-treatment-in-bhubaneswar/,attachment,inherit,Hair Loss Treatment in Bhubaneswar,hair-loss-treatment-in-bhubaneswar,2023-07-19 12:51:02,5,https://www.radianceclinics.com/wp-content/uploads/2023/07/Hair-Loss-Treatment-in-Bhubaneswar.jpg,medical-review,WordPress form and Flamingo records intentionally excluded
https://www.radianceclinics.com/post/specialized-wart-removal-services-for-flawless-skin/wart-removal-2/,/post/specialized-wart-removal-services-for-flawless-skin/wart-removal-2/,attachment,inherit,wart removal,wart-removal-2,2023-07-25 09:07:41,2,https://www.radianceclinics.com/wp-content/uploads/2023/07/wart-removal.png,,WordPress form and Flamingo records intentionally excluded
https://www.radianceclinics.com/post/specialized-wart-removal-services-for-flawless-skin/wart-removal-clinic/,/post/specialized-wart-removal-services-for-flawless-skin/wart-removal-clinic/,attachment,inherit,wart removal clinic,wart-removal-clinic,2023-07-25 09:08:52,0,https://www.radianceclinics.com/wp-content/uploads/2023/07/wart-removal-clinic.jpg,,WordPress form and Flamingo records intentionally excluded
https://www.radianceclinics.com/post/understanding-male-specific-skin-concerns-expert-insights-and-solutions/male-specific-skin-concerns/,/post/understanding-male-specific-skin-concerns-expert-insights-and-solutions/male-specific-skin-concerns/,attachment,inherit,Male-Specific Skin Concerns,male-specific-skin-concerns,2023-08-02 13:14:23,3,https://www.radianceclinics.com/wp-content/uploads/2023/08/Male-Specific-Skin-Concerns.jpg,,WordPress form and Flamingo records intentionally excluded
https://www.radianceclinics.com/post/understanding-male-specific-skin-concerns-expert-insights-and-solutions/facial-hair-and-shaving-woes/,/post/understanding-male-specific-skin-concerns-expert-insights-and-solutions/facial-hair-and-shaving-woes/,attachment,inherit,Facial Hair and Shaving Woes,facial-hair-and-shaving-woes,2023-08-02 13:17:35,0,https://www.radianceclinics.com/wp-content/uploads/2023/08/Facial-Hair-and-Shaving-Woes.jpg,,WordPress form and Flamingo records intentionally excluded
https://www.radianceclinics.com/post/understanding-male-specific-skin-concerns-expert-insights-and-solutions/ageing-and-wrinkles/,/post/understanding-male-specific-skin-concerns-expert-insights-and-solutions/ageing-and-wrinkles/,attachment,inherit,Ageing and Wrinkles,ageing-and-wrinkles,2023-08-02 13:19:28,0,https://www.radianceclinics.com/wp-content/uploads/2023/08/Ageing-and-Wrinkles.jpg,,WordPress form and Flamingo records intentionally excluded
https://www.radianceclinics.com/post/essential-skincare-tips-and-advice-from-dermatologists/skincare-tips-and-advice-from-dermatologists/,/post/essential-skincare-tips-and-advice-from-dermatologists/skincare-tips-and-advice-from-dermatologists/,attachment,inherit,Skincare Tips and Advice from Dermatologists,skincare-tips-and-advice-from-dermatologists,2023-08-14 05:00:11,0,https://www.radianceclinics.com/wp-content/uploads/2023/08/Skincare-Tips-and-Advice-from-Dermatologists.jpeg,,WordPress form and Flamingo records intentionally excluded
https://www.radianceclinics.com/post/essential-skincare-tips-and-advice-from-dermatologists/skincare-tips-and-advice-from-dermatologists-2/,/post/essential-skincare-tips-and-advice-from-dermatologists/skincare-tips-and-advice-from-dermatologists-2/,attachment,inherit,Skincare Tips and Advice from Dermatologists,skincare-tips-and-advice-from-dermatologists-2,2023-08-14 05:01:34,6,https://www.radianceclinics.com/wp-content/uploads/2023/08/Skincare-Tips-and-Advice-from-Dermatologists.jpg,,WordPress form and Flamingo records intentionally excluded
https://www.radianceclinics.com/post/essential-skincare-tips-and-advice-from-dermatologists/essential-skincare-tips-and-advice-from-dermatologists/,/post/essential-skincare-tips-and-advice-from-dermatologists/essential-skincare-tips-and-advice-from-dermatologists/,attachment,inherit,Essential Skincare Tips and Advice from Dermatologists,essential-skincare-tips-and-advice-from-dermatologists,2023-08-14 05:03:07,0,https://www.radianceclinics.com/wp-content/uploads/2023/08/Essential-Skincare-Tips-and-Advice-from-Dermatologists.jpg,,WordPress form and Flamingo records intentionally excluded
https://www.radianceclinics.com/hair-wig/hair-wig-2/,/hair-wig/hair-wig-2/,attachment,inherit,hair-wig,hair-wig-2,2023-08-19 06:44:28,0,https://www.radianceclinics.com/wp-content/uploads/2023/08/hair-wig.jpg,,WordPress form and Flamingo records intentionally excluded
https://www.radianceclinics.com/post/how-facial-fillers-can-enhance-your-natural-beauty/facial-fillers-can-enhance-your-natural-beauty/,/post/how-facial-fillers-can-enhance-your-natural-beauty/facial-fillers-can-enhance-your-natural-beauty/,attachment,inherit,Facial Fillers Can Enhance Your Natural Beauty,facial-fillers-can-enhance-your-natural-beauty,2023-09-07 14:54:29,7,https://www.radianceclinics.com/wp-content/uploads/2023/09/Facial-Fillers-Can-Enhance-Your-Natural-Beauty.png,,WordPress form and Flamingo records intentionally excluded
https://www.radianceclinics.com/post/how-facial-fillers-can-enhance-your-natural-beauty/facial-fillers/,/post/how-facial-fillers-can-enhance-your-natural-beauty/facial-fillers/,attachment,inherit,Facial Fillers,facial-fillers,2023-09-07 14:55:17,0,https://www.radianceclinics.com/wp-content/uploads/2023/09/Facial-Fillers.png,,WordPress form and Flamingo records intentionally excluded
https://www.radianceclinics.com/treatment/bridal-dermatology/lip-pigmentation/,/treatment/bridal-dermatology/lip-pigmentation/,attachment,inherit,Lip-Pigmentation,lip-pigmentation,2023-09-11 15:36:50,0,https://www.radianceclinics.com/wp-content/uploads/2023/09/Lip-Pigmentation.jpg,,WordPress form and Flamingo records intentionally excluded
https://www.radianceclinics.com/treatment/bridal-dermatology/permanent-makeup/,/treatment/bridal-dermatology/permanent-makeup/,attachment,inherit,Permanent-Makeup,permanent-makeup,2023-09-11 15:45:34,0,https://www.radianceclinics.com/wp-content/uploads/2023/09/Permanent-Makeup.jpg,,WordPress form and Flamingo records intentionally excluded
https://www.radianceclinics.com/treatment/bridal-dermatology/beard-shaping/,/treatment/bridal-dermatology/beard-shaping/,attachment,inherit,Beard-Shaping,beard-shaping,2023-09-11 15:48:34,0,https://www.radianceclinics.com/wp-content/uploads/2023/09/Beard-Shaping.jpg,,WordPress form and Flamingo records intentionally excluded
https://www.radianceclinics.com/treatment/bridal-dermatology/laser-facialst/,/treatment/bridal-dermatology/laser-facialst/,attachment,inherit,Laser-facialst,laser-facialst,2023-09-11 15:57:24,0,https://www.radianceclinics.com/wp-content/uploads/2023/09/Laser-facialst.jpg,,WordPress form and Flamingo records intentionally excluded
https://www.radianceclinics.com/treatment/bridal-dermatology/photo-facial/,/treatment/bridal-dermatology/photo-facial/,attachment,inherit,Photo-facial,photo-facial,2023-09-13 15:16:21,0,https://www.radianceclinics.com/wp-content/uploads/2023/09/Photo-facial.jpg,,WordPress form and Flamingo records intentionally excluded
https://www.radianceclinics.com/treatment/bridal-dermatology/laser-toning/,/treatment/bridal-dermatology/laser-toning/,attachment,inherit,Laser Toning,laser-toning,2023-09-13 15:16:59,0,https://www.radianceclinics.com/wp-content/uploads/2023/09/Laser-Toning.jpg,,WordPress form and Flamingo records intentionally excluded
https://www.radianceclinics.com/treatment/bridal-dermatology/carbon-peel/,/treatment/bridal-dermatology/carbon-peel/,attachment,inherit,Carbon-Peel,carbon-peel,2023-09-13 15:17:35,0,https://www.radianceclinics.com/wp-content/uploads/2023/09/Carbon-Peel.jpg,,WordPress form and Flamingo records intentionally excluded
https://www.radianceclinics.com/treatment/bridal-dermatology/acne-check-treatment/,/treatment/bridal-dermatology/acne-check-treatment/,attachment,inherit,Acne-Check-Treatment,acne-check-treatment,2023-09-13 15:18:33,0,https://www.radianceclinics.com/wp-content/uploads/2023/09/Acne-Check-Treatment.jpg,medical-review,WordPress form and Flamingo records intentionally excluded
https://www.radianceclinics.com/treatment/bridal-dermatology/mnrf-for-acne-scars/,/treatment/bridal-dermatology/mnrf-for-acne-scars/,attachment,inherit,MNRF-For-Acne-Scars,mnrf-for-acne-scars,2023-09-13 15:19:12,0,https://www.radianceclinics.com/wp-content/uploads/2023/09/MNRF-For-Acne-Scars.jpg,,WordPress form and Flamingo records intentionally excluded
https://www.radianceclinics.com/treatment/bridal-dermatology/mnrf-for-stretch-marks/,/treatment/bridal-dermatology/mnrf-for-stretch-marks/,attachment,inherit,MNRF-For-stretch-Marks,mnrf-for-stretch-marks,2023-09-13 15:19:51,0,https://www.radianceclinics.com/wp-content/uploads/2023/09/MNRF-For-stretch-Marks.jpg,,WordPress form and Flamingo records intentionally excluded
https://www.radianceclinics.com/treatment/bridal-dermatology/dermaroller/,/treatment/bridal-dermatology/dermaroller/,attachment,inherit,Dermaroller,dermaroller,2023-09-13 15:20:19,0,https://www.radianceclinics.com/wp-content/uploads/2023/09/Dermaroller.jpg,,WordPress form and Flamingo records intentionally excluded
https://www.radianceclinics.com/treatment/bridal-dermatology/vampire-facial/,/treatment/bridal-dermatology/vampire-facial/,attachment,inherit,Vampire-Facial,vampire-facial,2023-09-13 15:20:49,0,https://www.radianceclinics.com/wp-content/uploads/2023/09/Vampire-Facial.jpg,,WordPress form and Flamingo records intentionally excluded
https://www.radianceclinics.com/treatment/bridal-dermatology/under-eye-rejuventiont/,/treatment/bridal-dermatology/under-eye-rejuventiont/,attachment,inherit,Under-Eye-Rejuventiont,under-eye-rejuventiont,2023-09-13 15:21:21,0,https://www.radianceclinics.com/wp-content/uploads/2023/09/Under-Eye-Rejuventiont.jpg,,WordPress form and Flamingo records intentionally excluded
https://www.radianceclinics.com/dermal-fillers/,/dermal-fillers/,attachment,inherit,Dermal-Fillers,dermal-fillers,2023-09-14 06:15:26,0,https://www.radianceclinics.com/wp-content/uploads/2023/09/Dermal-Fillers.jpg,,WordPress form and Flamingo records intentionally excluded
https://www.radianceclinics.com/hgp-for-hair/,/hgp-for-hair/,attachment,inherit,HGP-for-Hair,hgp-for-hair,2023-09-14 06:15:29,0,https://www.radianceclinics.com/wp-content/uploads/2023/09/HGP-for-Hair.jpg,,WordPress form and Flamingo records intentionally excluded
https://www.radianceclinics.com/mesofacials/,/mesofacials/,attachment,inherit,Mesofacials,mesofacials,2023-09-14 06:15:33,0,https://www.radianceclinics.com/wp-content/uploads/2023/09/Mesofacials.jpg,,WordPress form and Flamingo records intentionally excluded
https://www.radianceclinics.com/mesotherapy-2/,/mesotherapy-2/,attachment,inherit,Mesotherapy,mesotherapy-2,2023-09-14 06:15:36,0,https://www.radianceclinics.com/wp-content/uploads/2023/09/Mesotherapy.jpg,medical-review,WordPress form and Flamingo records intentionally excluded
https://www.radianceclinics.com/chemical-peelt/,/chemical-peelt/,attachment,inherit,chemical-peelt,chemical-peelt,2023-09-14 11:07:38,0,https://www.radianceclinics.com/wp-content/uploads/2023/09/chemical-peelt.jpg,,WordPress form and Flamingo records intentionally excluded
https://www.radianceclinics.com/power-glow/,/power-glow/,attachment,inherit,POWER-GLOW,power-glow,2023-09-14 11:07:50,0,https://www.radianceclinics.com/wp-content/uploads/2023/09/POWER-GLOW.jpg,,WordPress form and Flamingo records intentionally excluded
https://www.radianceclinics.com/post/combat-hair-fall-natural-remedies-dermatologist-tips/combat-hair-fall/,/post/combat-hair-fall-natural-remedies-dermatologist-tips/combat-hair-fall/,attachment,inherit,Combat Hair Fall,combat-hair-fall,2023-09-14 15:05:44,8,https://www.radianceclinics.com/wp-content/uploads/2023/09/Combat-Hair-Fall.png,,WordPress form and Flamingo records intentionally excluded
https://www.radianceclinics.com/post/combat-hair-fall-natural-remedies-dermatologist-tips/combat-hair-fall-natural-remedies/,/post/combat-hair-fall-natural-remedies-dermatologist-tips/combat-hair-fall-natural-remedies/,attachment,inherit,Combat Hair Fall Natural Remedies,combat-hair-fall-natural-remedies,2023-09-14 15:10:28,0,https://www.radianceclinics.com/wp-content/uploads/2023/09/Combat-Hair-Fall-Natural-Remedies.png,,WordPress form and Flamingo records intentionally excluded
https://www.radianceclinics.com/treatment/pigmentation/cosmelan-peel-3/,/treatment/pigmentation/cosmelan-peel-3/,attachment,inherit,cosmelan-peel,cosmelan-peel-3,2023-09-20 10:30:14,0,https://www.radianceclinics.com/wp-content/uploads/2023/09/cosmelan-peel-1.jpg,,WordPress form and Flamingo records intentionally excluded
https://www.radianceclinics.com/treatment/acne-scars/erbium-fiber-laser-2/,/treatment/acne-scars/erbium-fiber-laser-2/,attachment,inherit,erbium-fiber-laser,erbium-fiber-laser-2,2023-09-23 14:37:27,0,https://www.radianceclinics.com/wp-content/uploads/2023/09/erbium-fiber-laser.jpg,,WordPress form and Flamingo records intentionally excluded
https://www.radianceclinics.com/treatment/acne-scars/fractional-co2-laser-2/,/treatment/acne-scars/fractional-co2-laser-2/,attachment,inherit,Fractional-Co2-Laser,fractional-co2-laser-2,2023-09-23 14:37:30,0,https://www.radianceclinics.com/wp-content/uploads/2023/09/Fractional-Co2-Laser.jpg,,WordPress form and Flamingo records intentionally excluded
https://www.radianceclinics.com/treatment/acne-scars/pixel-skin/,/treatment/acne-scars/pixel-skin/,attachment,inherit,pixel-skin,pixel-skin,2023-09-23 14:37:34,0,https://www.radianceclinics.com/wp-content/uploads/2023/09/pixel-skin.jpg,,WordPress form and Flamingo records intentionally excluded
https://www.radianceclinics.com/treatment/acne-scars/prp-subsicion-2/,/treatment/acne-scars/prp-subsicion-2/,attachment,inherit,PRP-Subsicion,prp-subsicion-2,2023-09-23 14:37:38,0,https://www.radianceclinics.com/wp-content/uploads/2023/09/PRP-Subsicion.jpg,,WordPress form and Flamingo records intentionally excluded
https://www.radianceclinics.com/treatment/acne-treatment/acne-zap-laser-2/,/treatment/acne-treatment/acne-zap-laser-2/,attachment,inherit,Acne-Zap-Laser,acne-zap-laser-2,2023-09-24 04:06:20,0,https://www.radianceclinics.com/wp-content/uploads/2023/09/Acne-Zap-Laser.jpg,,WordPress form and Flamingo records intentionally excluded
https://www.radianceclinics.com/treatment/acne-treatment/carbon-laser-peel-2/,/treatment/acne-treatment/carbon-laser-peel-2/,attachment,inherit,Carbon-Laser-Peel,carbon-laser-peel-2,2023-09-24 04:11:57,0,https://www.radianceclinics.com/wp-content/uploads/2023/09/Carbon-Laser-Peel.jpg,,WordPress form and Flamingo records intentionally excluded
https://www.radianceclinics.com/treatment/acne-treatment/acne-check-peel-2/,/treatment/acne-treatment/acne-check-peel-2/,attachment,inherit,acne-check-peel,acne-check-peel-2,2023-09-24 04:15:47,0,https://www.radianceclinics.com/wp-content/uploads/2023/09/acne-check-peel.jpg,,WordPress form and Flamingo records intentionally excluded
https://www.radianceclinics.com/treatment/anti-ageing-therapies/ultherapy1/,/treatment/anti-ageing-therapies/ultherapy1/,attachment,inherit,ultherapy1,ultherapy1,2023-09-24 04:56:17,0,https://www.radianceclinics.com/wp-content/uploads/2023/09/ultherapy1.jpg,medical-review,WordPress form and Flamingo records intentionally excluded
https://www.radianceclinics.com/treatment/anti-ageing-therapies/anti-ageing-laser/anti-ageing-laser-2/,/treatment/anti-ageing-therapies/anti-ageing-laser/anti-ageing-laser-2/,attachment,inherit,Anti-Ageing-Laser,anti-ageing-laser-2,2023-09-24 05:07:44,0,https://www.radianceclinics.com/wp-content/uploads/2023/09/Anti-Ageing-Laser.jpg,,WordPress form and Flamingo records intentionally excluded
https://www.radianceclinics.com/treatment/anti-ageing-therapies/collagen-induction-therapy-2/,/treatment/anti-ageing-therapies/collagen-induction-therapy-2/,attachment,inherit,Collagen-Induction-Therapy,collagen-induction-therapy-2,2023-09-24 05:43:46,0,https://www.radianceclinics.com/wp-content/uploads/2023/09/Collagen-Induction-Therapy.jpg,medical-review,WordPress form and Flamingo records intentionally excluded
https://www.radianceclinics.com/treatment/anti-ageing-therapies/vampire-facelift-2/,/treatment/anti-ageing-therapies/vampire-facelift-2/,attachment,inherit,Vampire-Facelift,vampire-facelift-2,2023-09-24 05:48:29,0,https://www.radianceclinics.com/wp-content/uploads/2023/09/Vampire-Facelift.jpg,,WordPress form and Flamingo records intentionally excluded
https://www.radianceclinics.com/treatment/anti-ageing-therapies/hyaluronic-acid-therapy-2/,/treatment/anti-ageing-therapies/hyaluronic-acid-therapy-2/,attachment,inherit,Hyaluronic-Acid-Therapy,hyaluronic-acid-therapy-2,2023-09-24 05:53:13,0,https://www.radianceclinics.com/wp-content/uploads/2023/09/Hyaluronic-Acid-Therapy.jpg,medical-review,WordPress form and Flamingo records intentionally excluded
https://www.radianceclinics.com/treatment/anti-ageing-therapies/thread-lift-2/,/treatment/anti-ageing-therapies/thread-lift-2/,attachment,inherit,Thread-Lift,thread-lift-2,2023-09-24 06:03:26,0,https://www.radianceclinics.com/wp-content/uploads/2023/09/Thread-Lift.jpg,,WordPress form and Flamingo records intentionally excluded
https://www.radianceclinics.com/treatment/anti-ageing-therapies/high-intensity-focused-ultrasound-2/,/treatment/anti-ageing-therapies/high-intensity-focused-ultrasound-2/,attachment,inherit,High-Intensity-Focused-Ultrasound,high-intensity-focused-ultrasound-2,2023-09-24 06:10:05,0,https://www.radianceclinics.com/wp-content/uploads/2023/09/High-Intensity-Focused-Ultrasound.jpg,,WordPress form and Flamingo records intentionally excluded
https://www.radianceclinics.com/treatment/hairfall/advance-stemcellow/,/treatment/hairfall/advance-stemcellow/,attachment,inherit,advance-stemcellow,advance-stemcellow,2023-09-24 07:44:07,0,https://www.radianceclinics.com/wp-content/uploads/2023/09/advance-stemcellow.jpg,,WordPress form and Flamingo records intentionally excluded
https://www.radianceclinics.com/treatment/hairfall/root-restore-therapy-2/,/treatment/hairfall/root-restore-therapy-2/,attachment,inherit,root-restore-therapy,root-restore-therapy-2,2023-09-24 07:54:45,0,https://www.radianceclinics.com/wp-content/uploads/2023/09/root-restore-therapy.jpg,medical-review,WordPress form and Flamingo records intentionally excluded
https://www.radianceclinics.com/treatment/hairfall/gfc-2/,/treatment/hairfall/gfc-2/,attachment,inherit,GFC,gfc-2,2023-09-24 08:07:59,0,https://www.radianceclinics.com/wp-content/uploads/2023/09/GFC.jpg,,WordPress form and Flamingo records intentionally excluded
https://www.radianceclinics.com/treatment/hairfall/advanced-hgp-2/,/treatment/hairfall/advanced-hgp-2/,attachment,inherit,Advanced-HGP,advanced-hgp-2,2023-09-24 08:11:32,0,https://www.radianceclinics.com/wp-content/uploads/2023/09/Advanced-HGP.jpg,,WordPress form and Flamingo records intentionally excluded
https://www.radianceclinics.com/treatment/non-surgical-facial-enhancements/nose-enhancement-2/,/treatment/non-surgical-facial-enhancements/nose-enhancement-2/,attachment,inherit,Nose-Enhancement,nose-enhancement-2,2023-09-24 08:56:00,0,https://www.radianceclinics.com/wp-content/uploads/2023/09/Nose-Enhancement.jpg,,WordPress form and Flamingo records intentionally excluded
https://www.radianceclinics.com/treatment/non-surgical-facial-enhancements/cheek-enhancement-2/,/treatment/non-surgical-facial-enhancements/cheek-enhancement-2/,attachment,inherit,Cheek-Enhancement,cheek-enhancement-2,2023-09-24 08:59:51,1,https://www.radianceclinics.com/wp-content/uploads/2023/09/Cheek-Enhancement.jpg,,WordPress form and Flamingo records intentionally excluded
https://www.radianceclinics.com/treatment/unwanted-hair/soprano-ice-2/,/treatment/unwanted-hair/soprano-ice-2/,attachment,inherit,Soprano-ICE,soprano-ice-2,2023-09-24 09:18:47,0,https://www.radianceclinics.com/wp-content/uploads/2023/09/Soprano-ICE.jpg,,WordPress form and Flamingo records intentionally excluded
https://www.radianceclinics.com/treatment/unwanted-hair/atf-laser/,/treatment/unwanted-hair/atf-laser/,attachment,inherit,atf-laser,atf-laser,2023-09-24 09:27:53,0,https://www.radianceclinics.com/wp-content/uploads/2023/09/atf-laser.jpg,,WordPress form and Flamingo records intentionally excluded
https://www.radianceclinics.com/treatment/unwanted-hair/diode-laser-2/,/treatment/unwanted-hair/diode-laser-2/,attachment,inherit,Diode-Laser,diode-laser-2,2023-09-24 09:27:57,0,https://www.radianceclinics.com/wp-content/uploads/2023/09/Diode-Laser.jpg,,WordPress form and Flamingo records intentionally excluded
https://www.radianceclinics.com/treatment/stretch-marks/tixel-2/,/treatment/stretch-marks/tixel-2/,attachment,inherit,Tixel,tixel-2,2023-09-24 10:39:39,0,https://www.radianceclinics.com/wp-content/uploads/2023/09/Tixel.jpg,,WordPress form and Flamingo records intentionally excluded
https://www.radianceclinics.com/treatment/stretch-marks/pixigenus-stretch-marks-2/,/treatment/stretch-marks/pixigenus-stretch-marks-2/,attachment,inherit,Pixigenus-Stretch-Marks,pixigenus-stretch-marks-2,2023-09-24 13:48:45,0,https://www.radianceclinics.com/wp-content/uploads/2023/09/Pixigenus-Stretch-Marks.jpg,,WordPress form and Flamingo records intentionally excluded
https://www.radianceclinics.com/treatment/premium-services/gluta-c-shots/gluta-c-shots-2/,/treatment/premium-services/gluta-c-shots/gluta-c-shots-2/,attachment,inherit,Gluta-C-Shots,gluta-c-shots-2,2023-09-24 15:10:40,0,https://www.radianceclinics.com/wp-content/uploads/2023/09/Gluta-C-Shots.jpg,,WordPress form and Flamingo records intentionally excluded
https://www.radianceclinics.com/treatment/premium-services/hydra/,/treatment/premium-services/hydra/,attachment,inherit,hydra,hydra,2023-09-24 16:15:05,0,https://www.radianceclinics.com/wp-content/uploads/2023/09/hydra.jpg,,WordPress form and Flamingo records intentionally excluded
https://www.radianceclinics.com/conditions/antiageing/age-spots/,/conditions/antiageing/age-spots/,attachment,inherit,Age-Spots,age-spots,2023-09-25 14:35:17,0,https://www.radianceclinics.com/wp-content/uploads/2023/09/Age-Spots.jpg,,WordPress form and Flamingo records intentionally excluded
https://www.radianceclinics.com/conditions/antiageing/antiagingt/,/conditions/antiageing/antiagingt/,attachment,inherit,antiagingt,antiagingt,2023-09-25 14:35:24,0,https://www.radianceclinics.com/wp-content/uploads/2023/09/antiagingt.jpg,,WordPress form and Flamingo records intentionally excluded
https://www.radianceclinics.com/conditions/antiageing/deep-folds/,/conditions/antiageing/deep-folds/,attachment,inherit,Deep-Folds,deep-folds,2023-09-25 14:35:30,0,https://www.radianceclinics.com/wp-content/uploads/2023/09/Deep-Folds.jpg,,WordPress form and Flamingo records intentionally excluded
https://www.radianceclinics.com/conditions/antiageing/forehead-lines/,/conditions/antiageing/forehead-lines/,attachment,inherit,Forehead-Lines,forehead-lines,2023-09-25 14:35:35,0,https://www.radianceclinics.com/wp-content/uploads/2023/09/Forehead-Lines.jpg,,WordPress form and Flamingo records intentionally excluded
https://www.radianceclinics.com/conditions/antiageing/wrinkles/,/conditions/antiageing/wrinkles/,attachment,inherit,Wrinkles,wrinkles,2023-09-25 14:35:49,0,https://www.radianceclinics.com/wp-content/uploads/2023/09/Wrinkles.jpg,,WordPress form and Flamingo records intentionally excluded
https://www.radianceclinics.com/conditions/antiageing/neck-lines/,/conditions/antiageing/neck-lines/,attachment,inherit,Neck-Lines,neck-lines,2023-09-25 14:52:18,0,https://www.radianceclinics.com/wp-content/uploads/2023/09/Neck-Lines.jpg,,WordPress form and Flamingo records intentionally excluded
https://www.radianceclinics.com/conditions/hairfall/hairfall-in-men-2/,/conditions/hairfall/hairfall-in-men-2/,attachment,inherit,hairfall-in-men,hairfall-in-men-2,2023-09-25 14:56:27,0,https://www.radianceclinics.com/wp-content/uploads/2023/09/hairfall-in-men.jpg,,WordPress form and Flamingo records intentionally excluded
https://www.radianceclinics.com/conditions/hairfall/dandruff/,/conditions/hairfall/dandruff/,attachment,inherit,dandruff,dandruff,2023-09-25 15:05:04,0,https://www.radianceclinics.com/wp-content/uploads/2023/09/dandruff.jpg,,WordPress form and Flamingo records intentionally excluded
https://www.radianceclinics.com/conditions/hairfall/premature-greying/,/conditions/hairfall/premature-greying/,attachment,inherit,Premature-Greying,premature-greying,2023-09-25 15:10:35,0,https://www.radianceclinics.com/wp-content/uploads/2023/09/Premature-Greying.jpg,,WordPress form and Flamingo records intentionally excluded
https://www.radianceclinics.com/conditions/hairfall/alopecia-areata/alopecia-areata-2/,/conditions/hairfall/alopecia-areata/alopecia-areata-2/,attachment,inherit,Alopecia-Areata,alopecia-areata-2,2023-09-26 02:16:22,0,https://www.radianceclinics.com/wp-content/uploads/2023/09/Alopecia-Areata-1.jpg,,WordPress form and Flamingo records intentionally excluded
https://www.radianceclinics.com/conditions/hairfall/scarring-alopecia/scarring-alopecia-2/,/conditions/hairfall/scarring-alopecia/scarring-alopecia-2/,attachment,inherit,Scarring-Alopecia,scarring-alopecia-2,2023-09-26 02:20:26,0,https://www.radianceclinics.com/wp-content/uploads/2023/09/Scarring-Alopecia-1.jpg,,WordPress form and Flamingo records intentionally excluded
https://www.radianceclinics.com/conditions/antiageing/sagging-skin/sagging-skin/,/conditions/antiageing/sagging-skin/sagging-skin/,attachment,inherit,Sagging-Skin,sagging-skin,2023-09-26 02:41:47,0,https://www.radianceclinics.com/wp-content/uploads/2023/09/Sagging-Skin-1.jpg,,WordPress form and Flamingo records intentionally excluded
https://www.radianceclinics.com/conditions/antiageing/crows-feet/crows-feet/,/conditions/antiageing/crows-feet/crows-feet/,attachment,inherit,Crows-Feet,crows-feet,2023-09-26 03:02:04,0,https://www.radianceclinics.com/wp-content/uploads/2023/09/Crows-Feet-1.jpg,,WordPress form and Flamingo records intentionally excluded
https://www.radianceclinics.com/conditions/atopic-dermatitis/atopic-dermatitis-2/,/conditions/atopic-dermatitis/atopic-dermatitis-2/,attachment,inherit,Atopic-Dermatitis,atopic-dermatitis-2,2023-09-27 14:11:29,0,https://www.radianceclinics.com/wp-content/uploads/2023/09/Atopic-Dermatitis.jpg,,WordPress form and Flamingo records intentionally excluded
https://www.radianceclinics.com/conditions/contact-dermatitis/contact-dermatitis-2/,/conditions/contact-dermatitis/contact-dermatitis-2/,attachment,inherit,Contact-Dermatitis,contact-dermatitis-2,2023-09-27 14:28:26,0,https://www.radianceclinics.com/wp-content/uploads/2023/09/Contact-Dermatitis.jpg,,WordPress form and Flamingo records intentionally excluded
https://www.radianceclinics.com/conditions/eczema/eczema-2/,/conditions/eczema/eczema-2/,attachment,inherit,Eczema,eczema-2,2023-09-27 14:36:39,0,https://www.radianceclinics.com/wp-content/uploads/2023/09/Eczema.jpg,,WordPress form and Flamingo records intentionally excluded
https://www.radianceclinics.com/conditions/freckles/freckles-2/,/conditions/freckles/freckles-2/,attachment,inherit,Freckles,freckles-2,2023-09-27 14:38:46,0,https://www.radianceclinics.com/wp-content/uploads/2023/09/Freckles.jpg,,WordPress form and Flamingo records intentionally excluded
https://www.radianceclinics.com/conditions/fungal-infection/fungal-infection-2/,/conditions/fungal-infection/fungal-infection-2/,attachment,inherit,Fungal-Infection),fungal-infection-2,2023-09-27 14:43:00,0,https://www.radianceclinics.com/wp-content/uploads/2023/09/Fungal-Infection.jpg,,WordPress form and Flamingo records intentionally excluded
https://www.radianceclinics.com/conditions/ingrowing-toe-nails/ingrowing-toe-nails-2/,/conditions/ingrowing-toe-nails/ingrowing-toe-nails-2/,attachment,inherit,Ingrowing-Toe-Nails,ingrowing-toe-nails-2,2023-09-27 14:51:36,0,https://www.radianceclinics.com/wp-content/uploads/2023/09/Ingrowing-Toe-Nails.jpg,,WordPress form and Flamingo records intentionally excluded
https://www.radianceclinics.com/conditions/keloid/keloid-2/,/conditions/keloid/keloid-2/,attachment,inherit,keloid,keloid-2,2023-09-27 14:56:02,0,https://www.radianceclinics.com/wp-content/uploads/2023/09/keloid.jpg,,WordPress form and Flamingo records intentionally excluded
https://www.radianceclinics.com/conditions/pseudo-acanthosis-nigricans/pseudo-acanthosis-nigricans-2/,/conditions/pseudo-acanthosis-nigricans/pseudo-acanthosis-nigricans-2/,attachment,inherit,Pseudo-Acanthosis-Nigricans,pseudo-acanthosis-nigricans-2,2023-09-27 15:27:24,0,https://www.radianceclinics.com/wp-content/uploads/2023/09/Pseudo-Acanthosis-Nigricans.jpg,,WordPress form and Flamingo records intentionally excluded
https://www.radianceclinics.com/conditions/rosacea/rosacea-2/,/conditions/rosacea/rosacea-2/,attachment,inherit,Rosacea,rosacea-2,2023-09-27 15:32:43,0,https://www.radianceclinics.com/wp-content/uploads/2023/09/Rosacea.jpg,,WordPress form and Flamingo records intentionally excluded
https://www.radianceclinics.com/conditions/seborrheic-dermatitis/sebottheic-dermatitis-2/,/conditions/seborrheic-dermatitis/sebottheic-dermatitis-2/,attachment,inherit,Sebottheic-Dermatitis,sebottheic-dermatitis-2,2023-09-28 05:24:07,0,https://www.radianceclinics.com/wp-content/uploads/2023/09/Sebottheic-Dermatitis.jpg,,WordPress form and Flamingo records intentionally excluded
https://www.radianceclinics.com/conditions/skin-growth/skin-growth-2/,/conditions/skin-growth/skin-growth-2/,attachment,inherit,Skin-Growth,skin-growth-2,2023-09-28 05:28:14,0,https://www.radianceclinics.com/wp-content/uploads/2023/09/Skin-Growth.jpg,,WordPress form and Flamingo records intentionally excluded
https://www.radianceclinics.com/conditions/spider-veins/spider-veins-thigh/,/conditions/spider-veins/spider-veins-thigh/,attachment,inherit,Spider-Veins-Thigh,spider-veins-thigh,2023-09-28 06:10:03,0,https://www.radianceclinics.com/wp-content/uploads/2023/09/Spider-Veins-Thigh.jpg,,WordPress form and Flamingo records intentionally excluded
https://www.radianceclinics.com/conditions/urticaria/urticaria-2/,/conditions/urticaria/urticaria-2/,attachment,inherit,Urticaria,urticaria-2,2023-09-28 06:15:51,0,https://www.radianceclinics.com/wp-content/uploads/2023/09/Urticaria.jpg,,WordPress form and Flamingo records intentionally excluded
https://www.radianceclinics.com/post/fillers-treatment-at-radiance-skin-and-hair-clinics-in-bhubaneswar/fillers-treatment-at-radiance-skin-and-hair-clinics-in-bhubaneswar/,/post/fillers-treatment-at-radiance-skin-and-hair-clinics-in-bhubaneswar/fillers-treatment-at-radiance-skin-and-hair-clinics-in-bhubaneswar/,attachment,inherit,Fillers Treatment at Radiance Skin and Hair Clinics in Bhubaneswar,fillers-treatment-at-radiance-skin-and-hair-clinics-in-bhubaneswar,2023-10-11 05:21:13,10,https://www.radianceclinics.com/wp-content/uploads/2023/10/Fillers-Treatment-at-Radiance-Skin-and-Hair-Clinics-in-Bhubaneswar.png,medical-review,WordPress form and Flamingo records intentionally excluded
https://www.radianceclinics.com/post/fillers-treatment-at-radiance-skin-and-hair-clinics-in-bhubaneswar/fillers-treatment-in-bhubaneswar/,/post/fillers-treatment-at-radiance-skin-and-hair-clinics-in-bhubaneswar/fillers-treatment-in-bhubaneswar/,attachment,inherit,Fillers Treatment in Bhubaneswar,fillers-treatment-in-bhubaneswar,2023-10-11 05:47:56,0,https://www.radianceclinics.com/wp-content/uploads/2023/10/Fillers-Treatment-in-Bhubaneswar.png,medical-review,WordPress form and Flamingo records intentionally excluded
https://www.radianceclinics.com/post/radiance-skin-and-hair-clinics-your-ideal-destination-for-hair-transplants/destination-for-hair-transplants/,/post/radiance-skin-and-hair-clinics-your-ideal-destination-for-hair-transplants/destination-for-hair-transplants/,attachment,inherit,Destination for Hair Transplants,destination-for-hair-transplants,2023-10-20 12:24:47,4,https://www.radianceclinics.com/wp-content/uploads/2023/10/Destination-for-Hair-Transplants.png,,WordPress form and Flamingo records intentionally excluded
https://www.radianceclinics.com/post/radiance-skin-and-hair-clinics-your-ideal-destination-for-hair-transplants/hair-transplant-clinic-in-cuttack/,/post/radiance-skin-and-hair-clinics-your-ideal-destination-for-hair-transplants/hair-transplant-clinic-in-cuttack/,attachment,inherit,hair transplant clinic in Cuttack,hair-transplant-clinic-in-cuttack,2023-10-20 12:29:12,0,https://www.radianceclinics.com/wp-content/uploads/2023/10/hair-transplant-clinic-in-Cuttack.png,,WordPress form and Flamingo records intentionally excluded
https://www.radianceclinics.com/conditions/acne/acne-2/,/conditions/acne/acne-2/,attachment,inherit,Acne,acne-2,2023-11-03 09:42:34,0,https://www.radianceclinics.com/wp-content/uploads/2023/11/Acne.jpg,,WordPress form and Flamingo records intentionally excluded
https://www.radianceclinics.com/conditions/freckles/freckles-1/,/conditions/freckles/freckles-1/,attachment,inherit,Freckles-1,freckles-1,2023-11-03 09:47:17,0,https://www.radianceclinics.com/wp-content/uploads/2023/11/Freckles-1.jpg,,WordPress form and Flamingo records intentionally excluded
https://www.radianceclinics.com/conditions/contact-dermatitis/contact-dermatitis-4/,/conditions/contact-dermatitis/contact-dermatitis-4/,attachment,inherit,contact-dermatitis,contact-dermatitis-4,2023-11-03 09:54:24,0,https://www.radianceclinics.com/wp-content/uploads/2023/11/contact-dermatitis-1.jpg,,WordPress form and Flamingo records intentionally excluded
https://www.radianceclinics.com/conditions/pseudo-acanthosis-nigricans/pseudo-acanthosis-nigricans-3/,/conditions/pseudo-acanthosis-nigricans/pseudo-acanthosis-nigricans-3/,attachment,inherit,Pseudo-Acanthosis-Nigricans,pseudo-acanthosis-nigricans-3,2023-11-03 10:03:26,0,https://www.radianceclinics.com/wp-content/uploads/2023/11/Pseudo-Acanthosis-Nigricans.jpg,,WordPress form and Flamingo records intentionally excluded
https://www.radianceclinics.com/conditions/spider-veins/spider-veins-2/,/conditions/spider-veins/spider-veins-2/,attachment,inherit,Spider-Veins,spider-veins-2,2023-11-03 10:07:34,0,https://www.radianceclinics.com/wp-content/uploads/2023/11/Spider-Veins.jpg,,WordPress form and Flamingo records intentionally excluded
https://www.radianceclinics.com/conditions/rosacea/rosacea-3/,/conditions/rosacea/rosacea-3/,attachment,inherit,rosacea,rosacea-3,2023-11-03 10:16:18,0,https://www.radianceclinics.com/wp-content/uploads/2023/11/rosacea.jpg,,WordPress form and Flamingo records intentionally excluded
https://www.radianceclinics.com/conditions/fungal-infection/fungal-infection-3/,/conditions/fungal-infection/fungal-infection-3/,attachment,inherit,Fungal Infection,fungal-infection-3,2023-11-03 10:20:10,0,https://www.radianceclinics.com/wp-content/uploads/2023/11/Fungal-Infection.jpg,,WordPress form and Flamingo records intentionally excluded
https://www.radianceclinics.com/conditions/eczema/eczema-3/,/conditions/eczema/eczema-3/,attachment,inherit,eczema,eczema-3,2023-11-03 10:24:17,0,https://www.radianceclinics.com/wp-content/uploads/2023/11/eczema.jpg,,WordPress form and Flamingo records intentionally excluded
https://www.radianceclinics.com/conditions/seborrheic-dermatitis/sebottheic-dermatitis-3/,/conditions/seborrheic-dermatitis/sebottheic-dermatitis-3/,attachment,inherit,Sebottheic-Dermatitis,sebottheic-dermatitis-3,2023-11-03 10:28:28,0,https://www.radianceclinics.com/wp-content/uploads/2023/11/Sebottheic-Dermatitis.jpg,,WordPress form and Flamingo records intentionally excluded
https://www.radianceclinics.com/conditions/dark-circles/dark-circles-2/,/conditions/dark-circles/dark-circles-2/,attachment,inherit,Dark-Circles,dark-circles-2,2023-11-03 10:31:27,0,https://www.radianceclinics.com/wp-content/uploads/2023/11/Dark-Circles.jpg,,WordPress form and Flamingo records intentionally excluded
https://www.radianceclinics.com/conditions/ingrowing-toe-nails/ingrown-toenails-radiance/,/conditions/ingrowing-toe-nails/ingrown-toenails-radiance/,attachment,inherit,ingrown-toenails-radiance,ingrown-toenails-radiance,2023-11-03 10:35:57,0,https://www.radianceclinics.com/wp-content/uploads/2023/11/ingrown-toenails-radiance.jpg,,WordPress form and Flamingo records intentionally excluded
https://www.radianceclinics.com/conditions/pcod/pcod-problem/,/conditions/pcod/pcod-problem/,attachment,inherit,PCOD-Problem,pcod-problem,2023-11-03 10:44:28,0,https://www.radianceclinics.com/wp-content/uploads/2023/11/PCOD-Problem.jpg,,WordPress form and Flamingo records intentionally excluded
https://www.radianceclinics.com/conditions/melasma/melasama/,/conditions/melasma/melasama/,attachment,inherit,Melasama,melasama,2023-11-03 10:50:25,0,https://www.radianceclinics.com/wp-content/uploads/2023/11/Melasama.jpg,,WordPress form and Flamingo records intentionally excluded
https://www.radianceclinics.com/conditions/urticaria/urticaria-3/,/conditions/urticaria/urticaria-3/,attachment,inherit,urticaria-,urticaria-3,2023-11-03 10:56:07,0,https://www.radianceclinics.com/wp-content/uploads/2023/11/urticaria-.jpg,,WordPress form and Flamingo records intentionally excluded
https://www.radianceclinics.com/conditions/open-pores/open-pores-2/,/conditions/open-pores/open-pores-2/,attachment,inherit,open-pores,open-pores-2,2023-11-03 11:00:36,0,https://www.radianceclinics.com/wp-content/uploads/2023/11/open-pores.jpg,,WordPress form and Flamingo records intentionally excluded
https://www.radianceclinics.com/conditions/psoriasis/psoriasis-2/,/conditions/psoriasis/psoriasis-2/,attachment,inherit,psoriasis,psoriasis-2,2023-11-03 11:06:54,0,https://www.radianceclinics.com/wp-content/uploads/2023/11/psoriasis.jpg,,WordPress form and Flamingo records intentionally excluded
https://www.radianceclinics.com/conditions/body-hair/body-hair-2/,/conditions/body-hair/body-hair-2/,attachment,inherit,Body-Hair,body-hair-2,2023-11-03 11:16:33,0,https://www.radianceclinics.com/wp-content/uploads/2023/11/Body-Hair.jpg,,WordPress form and Flamingo records intentionally excluded
https://www.radianceclinics.com/conditions/antiageing/sagging-skin/saggy-skin/,/conditions/antiageing/sagging-skin/saggy-skin/,attachment,inherit,saggy-skin,saggy-skin,2023-11-03 11:25:02,0,https://www.radianceclinics.com/wp-content/uploads/2023/11/saggy-skin.jpg,,WordPress form and Flamingo records intentionally excluded
https://www.radianceclinics.com/skin-care-treatments/skin-clinic-in-bhubaneswar/,/skin-care-treatments/skin-clinic-in-bhubaneswar/,attachment,inherit,Skin Clinic In Bhubaneswar,skin-clinic-in-bhubaneswar,2023-11-09 13:38:54,13,https://www.radianceclinics.com/wp-content/uploads/2023/11/Skin-Clinic-In-Bhubaneswar.jpg,best-superlative,WordPress form and Flamingo records intentionally excluded
https://www.radianceclinics.com/about-us/radiance-clinics-bhubaneswar/,/about-us/radiance-clinics-bhubaneswar/,attachment,inherit,radiance-clinics-bhubaneswar,radiance-clinics-bhubaneswar,2023-11-10 10:56:42,0,https://www.radianceclinics.com/wp-content/uploads/2023/11/radiance-clinics-bhubaneswar.jpg,,WordPress form and Flamingo records intentionally excluded
https://www.radianceclinics.com/post/why-radiance-skin-and-hair-clinic-is-the-ideal-choice-for-hair-loss-treatment/hair-loss-treatment-6/,/post/why-radiance-skin-and-hair-clinic-is-the-ideal-choice-for-hair-loss-treatment/hair-loss-treatment-6/,attachment,inherit,Hair Loss Treatment,hair-loss-treatment-6,2023-11-11 07:25:00,4,https://www.radianceclinics.com/wp-content/uploads/2023/11/Hair-Loss-Treatment.png,medical-review,WordPress form and Flamingo records intentionally excluded
https://www.radianceclinics.com/post/why-radiance-skin-and-hair-clinic-is-the-ideal-choice-for-hair-loss-treatment/hair-loss-clinic-in-bhubaneswar/,/post/why-radiance-skin-and-hair-clinic-is-the-ideal-choice-for-hair-loss-treatment/hair-loss-clinic-in-bhubaneswar/,attachment,inherit,hair loss clinic in Bhubaneswar,hair-loss-clinic-in-bhubaneswar,2023-11-11 07:27:35,5,https://www.radianceclinics.com/wp-content/uploads/2023/11/hair-loss-clinic-in-Bhubaneswar.png,,WordPress form and Flamingo records intentionally excluded
https://www.radianceclinics.com/post/the-ultimate-guide-to-body-hair-removal-in-odishas-aesthetic-hub/laser-hair-removal-7/,/post/the-ultimate-guide-to-body-hair-removal-in-odishas-aesthetic-hub/laser-hair-removal-7/,attachment,inherit,laser hair removal,laser-hair-removal-7,2023-11-16 10:07:46,5,https://www.radianceclinics.com/wp-content/uploads/2023/11/laser-hair-removal.png,,WordPress form and Flamingo records intentionally excluded
https://www.radianceclinics.com/post/the-ultimate-guide-to-body-hair-removal-in-odishas-aesthetic-hub/laser-hair-removal-8/,/post/the-ultimate-guide-to-body-hair-removal-in-odishas-aesthetic-hub/laser-hair-removal-8/,attachment,inherit,laser hair removal,laser-hair-removal-8,2023-11-16 10:10:02,0,https://www.radianceclinics.com/wp-content/uploads/2023/11/laser-hair-removal-1.png,,WordPress form and Flamingo records intentionally excluded
https://www.radianceclinics.com/post/acne-check-peel-your-comprehensive-guide-to-clearer-skin/acne-check-peel-treatment-in-bhubaneswar/,/post/acne-check-peel-your-comprehensive-guide-to-clearer-skin/acne-check-peel-treatment-in-bhubaneswar/,attachment,inherit,Acne check peel treatment in Bhubaneswar,acne-check-peel-treatment-in-bhubaneswar,2023-12-12 13:42:32,6,https://www.radianceclinics.com/wp-content/uploads/2023/12/Acne-check-peel-treatment-in-Bhubaneswar.png,medical-review,WordPress form and Flamingo records intentionally excluded
https://www.radianceclinics.com/post/acne-check-peel-your-comprehensive-guide-to-clearer-skin/acne-check-peel-treatment-consultation-and-customization/,/post/acne-check-peel-your-comprehensive-guide-to-clearer-skin/acne-check-peel-treatment-consultation-and-customization/,attachment,inherit,Acne Check Peel treatment Consultation and Customization,acne-check-peel-treatment-consultation-and-customization,2023-12-12 13:46:54,0,https://www.radianceclinics.com/wp-content/uploads/2023/12/Acne-Check-Peel-treatment-Consultation-and-Customization.png,medical-review,WordPress form and Flamingo records intentionally excluded
https://www.radianceclinics.com/media-press-release/weeklymail/,/media-press-release/weeklymail/,attachment,inherit,WeeklyMail,weeklymail,2023-12-16 09:41:03,1,https://www.radianceclinics.com/wp-content/uploads/2023/12/WeeklyMail.jpg,,WordPress form and Flamingo records intentionally excluded
https://www.radianceclinics.com/media-press-release/weeklymail-2/,/media-press-release/weeklymail-2/,attachment,inherit,WeeklyMail,weeklymail-2,2023-12-16 09:41:31,1,https://www.radianceclinics.com/wp-content/uploads/2023/12/WeeklyMail-1.jpg,,WordPress form and Flamingo records intentionally excluded
https://www.radianceclinics.com/media-press-release/weeklymail-3/,/media-press-release/weeklymail-3/,attachment,inherit,WeeklyMail,weeklymail-3,2023-12-16 09:52:15,0,https://www.radianceclinics.com/wp-content/uploads/2023/12/WeeklyMail-2.jpg,,WordPress form and Flamingo records intentionally excluded
https://www.radianceclinics.com/media-press-release/weeklymail-4/,/media-press-release/weeklymail-4/,attachment,inherit,WeeklyMail,weeklymail-4,2023-12-16 09:53:03,0,https://www.radianceclinics.com/wp-content/uploads/2023/12/WeeklyMail-3.jpg,,WordPress form and Flamingo records intentionally excluded
https://www.radianceclinics.com/media-press-release/weeklymail-5/,/media-press-release/weeklymail-5/,attachment,inherit,WeeklyMail,weeklymail-5,2023-12-16 10:01:32,0,https://www.radianceclinics.com/wp-content/uploads/2023/12/WeeklyMail-4.jpg,,WordPress form and Flamingo records intentionally excluded
https://www.radianceclinics.com/post/luminous-love-laser-facials-for-bridal-skincare-bliss/laser-facials-2/,/post/luminous-love-laser-facials-for-bridal-skincare-bliss/laser-facials-2/,attachment,inherit,laser facials,laser-facials-2,2023-12-19 06:24:06,5,https://www.radianceclinics.com/wp-content/uploads/2023/12/laser-facials.png,,WordPress form and Flamingo records intentionally excluded
https://www.radianceclinics.com/post/luminous-love-laser-facials-for-bridal-skincare-bliss/laser-facials-for-bridal-post-treatment-care-and-maintenance/,/post/luminous-love-laser-facials-for-bridal-skincare-bliss/laser-facials-for-bridal-post-treatment-care-and-maintenance/,attachment,inherit,laser facials for Bridal Post-Treatment Care and Maintenance,laser-facials-for-bridal-post-treatment-care-and-maintenance,2023-12-19 06:26:14,8,https://www.radianceclinics.com/wp-content/uploads/2023/12/laser-facials-for-Bridal-Post-Treatment-Care-and-Maintenance-.png,medical-review,WordPress form and Flamingo records intentionally excluded
https://www.radianceclinics.com/post/luminous-love-laser-facials-for-bridal-skincare-bliss/understanding-laser-facials/,/post/luminous-love-laser-facials-for-bridal-skincare-bliss/understanding-laser-facials/,attachment,inherit,Understanding Laser Facials,understanding-laser-facials,2023-12-19 06:29:49,0,https://www.radianceclinics.com/wp-content/uploads/2023/12/Understanding-Laser-Facials.png,,WordPress form and Flamingo records intentionally excluded
https://www.radianceclinics.com/media-press-release/logo-05/,/media-press-release/logo-05/,attachment,inherit,Borok Logo,logo-05,2023-12-20 13:59:35,0,https://www.radianceclinics.com/wp-content/uploads/2023/12/Logo-05.png,,WordPress form and Flamingo records intentionally excluded
https://www.radianceclinics.com/media-press-release/medium/,/media-press-release/medium/,attachment,inherit,Medium Logo,medium,2023-12-20 13:59:46,0,https://www.radianceclinics.com/wp-content/uploads/2023/12/medium.png,,WordPress form and Flamingo records intentionally excluded
https://www.radianceclinics.com/media-press-release/scoop/,/media-press-release/scoop/,attachment,inherit,SCOOP Logo,scoop,2023-12-20 13:59:55,0,https://www.radianceclinics.com/wp-content/uploads/2023/12/SCOOP.png,,WordPress form and Flamingo records intentionally excluded
https://www.radianceclinics.com/media-press-release/up18news-2/,/media-press-release/up18news-2/,attachment,inherit,Up 18news Logo,up18news-2,2023-12-20 13:59:56,0,https://www.radianceclinics.com/wp-content/uploads/2023/12/up18news.png,,WordPress form and Flamingo records intentionally excluded
https://www.radianceclinics.com/media-press-release/daily-hunt/,/media-press-release/daily-hunt/,attachment,inherit,Dailyhunt Logo,daily-hunt,2023-12-20 14:48:36,0,https://www.radianceclinics.com/wp-content/uploads/2023/12/daily-hunt.png,,WordPress form and Flamingo records intentionally excluded
https://www.radianceclinics.com/media-press-release/flip-board/,/media-press-release/flip-board/,attachment,inherit,Flipboard Logo,flip-board,2023-12-20 14:52:44,0,https://www.radianceclinics.com/wp-content/uploads/2023/12/flip-board.png,,WordPress form and Flamingo records intentionally excluded
https://www.radianceclinics.com/media-press-release/main_logo/,/media-press-release/main_logo/,attachment,inherit,The Samaja Logo,main_logo,2023-12-26 15:02:20,0,https://www.radianceclinics.com/wp-content/uploads/2023/12/main_logo.png,,WordPress form and Flamingo records intentionally excluded
https://www.radianceclinics.com/media-press-release/samaja/,/media-press-release/samaja/,attachment,inherit,The Samaja Logo,samaja,2023-12-26 15:02:21,0,https://www.radianceclinics.com/wp-content/uploads/2023/12/samaja.png,,WordPress form and Flamingo records intentionally excluded
https://www.radianceclinics.com/media-press-release/times-of-india-newspaper-logo/,/media-press-release/times-of-india-newspaper-logo/,attachment,inherit,Times of India Newspaper logo,times-of-india-newspaper-logo,2023-12-26 15:02:22,0,https://www.radianceclinics.com/wp-content/uploads/2023/12/times-of-india-newspaper-logo.png,,WordPress form and Flamingo records intentionally excluded
https://www.radianceclinics.com/media-press-release/tripura360news/,/media-press-release/tripura360news/,attachment,inherit,tripura360news,tripura360news,2023-12-27 05:32:57,1,https://www.radianceclinics.com/wp-content/uploads/2023/12/tripura360news.png,,WordPress form and Flamingo records intentionally excluded
https://www.radianceclinics.com/media-press-release/indiantimesexpress/,/media-press-release/indiantimesexpress/,attachment,inherit,indiantimesexpress,indiantimesexpress,2023-12-27 05:36:17,1,https://www.radianceclinics.com/wp-content/uploads/2023/12/indiantimesexpress.png,,WordPress form and Flamingo records intentionally excluded
https://www.radianceclinics.com/media-press-release/entreprenuerstory/,/media-press-release/entreprenuerstory/,attachment,inherit,entreprenuerstory,entreprenuerstory,2023-12-27 05:38:21,1,https://www.radianceclinics.com/wp-content/uploads/2023/12/entreprenuerstory.png,,WordPress form and Flamingo records intentionally excluded
https://www.radianceclinics.com/media-press-release/weeklymail-6/,/media-press-release/weeklymail-6/,attachment,inherit,weeklymail,weeklymail-6,2023-12-27 05:44:25,1,https://www.radianceclinics.com/wp-content/uploads/2023/12/weeklymail.png,,WordPress form and Flamingo records intentionally excluded
https://www.radianceclinics.com/media-press-release/hindustanpioneer/,/media-press-release/hindustanpioneer/,attachment,inherit,hindustanpioneer,hindustanpioneer,2023-12-27 05:45:27,1,https://www.radianceclinics.com/wp-content/uploads/2023/12/hindustanpioneer.png,,WordPress form and Flamingo records intentionally excluded
https://www.radianceclinics.com/media-press-release/dailymailexpress/,/media-press-release/dailymailexpress/,attachment,inherit,dailymailexpress,dailymailexpress,2023-12-27 05:47:08,1,https://www.radianceclinics.com/wp-content/uploads/2023/12/dailymailexpress.png,,WordPress form and Flamingo records intentionally excluded
https://www.radianceclinics.com/media-press-release/expresshunt/,/media-press-release/expresshunt/,attachment,inherit,expresshunt,expresshunt,2023-12-27 06:02:01,0,https://www.radianceclinics.com/wp-content/uploads/2023/12/expresshunt.png,,WordPress form and Flamingo records intentionally excluded
https://www.radianceclinics.com/media-press-release/timesticker/,/media-press-release/timesticker/,attachment,inherit,timesticker,timesticker,2023-12-27 06:03:55,1,https://www.radianceclinics.com/wp-content/uploads/2023/12/timesticker.png,,WordPress form and Flamingo records intentionally excluded
https://www.radianceclinics.com/post/locks-of-elegance-where-to-find-quality-hair-wigs/hair-wig-clinic-bhubaneswar-2/,/post/locks-of-elegance-where-to-find-quality-hair-wigs/hair-wig-clinic-bhubaneswar-2/,attachment,inherit,Hair Wig Clinic Bhubaneswar,hair-wig-clinic-bhubaneswar-2,2024-01-23 10:21:22,4,https://www.radianceclinics.com/wp-content/uploads/2024/01/Hair-Wig-Clinic-Bhubaneswar.jpg,,WordPress form and Flamingo records intentionally excluded
https://www.radianceclinics.com/post/tackling-hair-loss-a-guide-to-top-notch-hair-transplant-clinics/hair-transplant-clinics-in-bhubaneswar/,/post/tackling-hair-loss-a-guide-to-top-notch-hair-transplant-clinics/hair-transplant-clinics-in-bhubaneswar/,attachment,inherit,Hair transplant clinics in Bhubaneswar,hair-transplant-clinics-in-bhubaneswar,2024-02-10 06:04:16,5,https://www.radianceclinics.com/wp-content/uploads/2024/02/Hair-transplant-clinics-in-Bhubaneswar.png,,WordPress form and Flamingo records intentionally excluded
https://www.radianceclinics.com/post/tackling-hair-loss-a-guide-to-top-notch-hair-transplant-clinics/hair-transplant-in-bhubaneswar/,/post/tackling-hair-loss-a-guide-to-top-notch-hair-transplant-clinics/hair-transplant-in-bhubaneswar/,attachment,inherit,hair transplant in Bhubaneswar,hair-transplant-in-bhubaneswar,2024-02-10 06:06:09,2,https://www.radianceclinics.com/wp-content/uploads/2024/02/hair-transplant-in-Bhubaneswar.png,,WordPress form and Flamingo records intentionally excluded
https://www.radianceclinics.com/post/say-goodbye-to-warts-transform-your-skin-at-radiance-clinic/wart-removal-clinic-in-bhubaneswar/,/post/say-goodbye-to-warts-transform-your-skin-at-radiance-clinic/wart-removal-clinic-in-bhubaneswar/,attachment,inherit,Wart Removal Clinic in Bhubaneswar,wart-removal-clinic-in-bhubaneswar,2024-03-13 14:14:53,5,https://www.radianceclinics.com/wp-content/uploads/2024/03/Wart-Removal-Clinic-in-Bhubaneswar.png,,WordPress form and Flamingo records intentionally excluded
https://www.radianceclinics.com/post/pioneering-proficiency-satyartha-prakash-excels-in-advanced-dermatology-fellowship-at-dubai-derma/advanced-dermatology-fellowship/,/post/pioneering-proficiency-satyartha-prakash-excels-in-advanced-dermatology-fellowship-at-dubai-derma/advanced-dermatology-fellowship/,attachment,inherit,Advanced Dermatology Fellowship,advanced-dermatology-fellowship,2024-03-16 10:26:32,3,https://www.radianceclinics.com/wp-content/uploads/2024/03/Advanced-Dermatology-Fellowship.png,,WordPress form and Flamingo records intentionally excluded
https://www.radianceclinics.com/post/pioneering-proficiency-satyartha-prakash-excels-in-advanced-dermatology-fellowship-at-dubai-derma/advanced-dermatology-fellowship-certification/,/post/pioneering-proficiency-satyartha-prakash-excels-in-advanced-dermatology-fellowship-at-dubai-derma/advanced-dermatology-fellowship-certification/,attachment,inherit,Advanced Dermatology Fellowship Certification,advanced-dermatology-fellowship-certification,2024-03-16 10:27:01,0,https://www.radianceclinics.com/wp-content/uploads/2024/03/Advanced-Dermatology-Fellowship-Certification.png,,WordPress form and Flamingo records intentionally excluded
https://www.radianceclinics.com/dr-satyarth/,/dr-satyarth/,attachment,inherit,Dr-Satyarth,dr-satyarth,2024-04-10 04:48:35,0,https://www.radianceclinics.com/wp-content/uploads/2024/04/Dr-Satyarth.jpg,,WordPress form and Flamingo records intentionally excluded
https://www.radianceclinics.com/post/discovering-the-best-solutions-for-acne-scar-treatment/best-solutions-for-acne-scar-treatment/,/post/discovering-the-best-solutions-for-acne-scar-treatment/best-solutions-for-acne-scar-treatment/,attachment,inherit,Best Solutions for Acne Scar Treatment,best-solutions-for-acne-scar-treatment,2024-04-13 13:29:04,6,https://www.radianceclinics.com/wp-content/uploads/2024/04/Best-Solutions-for-Acne-Scar-Treatment.png,best-superlative;medical-review,WordPress form and Flamingo records intentionally excluded
https://www.radianceclinics.com/post/discovering-the-best-solutions-for-acne-scar-treatment/acne-scar-treatment/,/post/discovering-the-best-solutions-for-acne-scar-treatment/acne-scar-treatment/,attachment,inherit,Acne Scar Treatment,acne-scar-treatment,2024-04-13 13:36:12,3,https://www.radianceclinics.com/wp-content/uploads/2024/04/Acne-Scar-Treatment.png,medical-review,WordPress form and Flamingo records intentionally excluded
https://www.radianceclinics.com/post/decoding-the-cost-of-chemical-peels-in-odisha-understanding-the-factors-behind-pricing/cost-of-chemical-peel-in-odisha/,/post/decoding-the-cost-of-chemical-peels-in-odisha-understanding-the-factors-behind-pricing/cost-of-chemical-peel-in-odisha/,attachment,inherit,cost of chemical peel in Odisha,cost-of-chemical-peel-in-odisha,2024-05-10 03:18:32,6,https://www.radianceclinics.com/wp-content/uploads/2024/05/cost-of-chemical-peel-in-Odisha.png,,WordPress form and Flamingo records intentionally excluded
https://www.radianceclinics.com/post/decoding-the-cost-of-chemical-peels-in-odisha-understanding-the-factors-behind-pricing/chemical-peel-treatment-in-bhubaneswar/,/post/decoding-the-cost-of-chemical-peels-in-odisha-understanding-the-factors-behind-pricing/chemical-peel-treatment-in-bhubaneswar/,attachment,inherit,chemical peel treatment in bhubaneswar,chemical-peel-treatment-in-bhubaneswar,2024-05-10 03:25:03,5,https://www.radianceclinics.com/wp-content/uploads/2024/05/chemical-peel-treatment-in-bhubaneswar.png,medical-review,WordPress form and Flamingo records intentionally excluded
https://www.radianceclinics.com/post/why-radiance-skin-and-hair-clinics-leads-in-stem-cell-transplants-in-odisha/stem-cell-transplants/,/post/why-radiance-skin-and-hair-clinics-leads-in-stem-cell-transplants-in-odisha/stem-cell-transplants/,attachment,inherit,Stem Cell Transplants,stem-cell-transplants,2024-05-20 14:28:48,3,https://www.radianceclinics.com/wp-content/uploads/2024/05/Stem-Cell-Transplants.png,obsolete-technology-claim,WordPress form and Flamingo records intentionally excluded
https://www.radianceclinics.com/post/botox-vs-fillers-which-is-right-for-you/botox-vs-fillers/,/post/botox-vs-fillers-which-is-right-for-you/botox-vs-fillers/,attachment,inherit,Botox vs. Fillers,botox-vs-fillers,2024-06-11 13:56:04,3,https://www.radianceclinics.com/wp-content/uploads/2024/06/Botox-vs.-Fillers.png,,WordPress form and Flamingo records intentionally excluded
https://www.radianceclinics.com/post/what-makes-bio-hair-transplant-different-from-traditional-methods/bio-hair-transplant-5/,/post/what-makes-bio-hair-transplant-different-from-traditional-methods/bio-hair-transplant-5/,attachment,inherit,Bio Hair Transplant,bio-hair-transplant-5,2024-06-22 14:21:17,3,https://www.radianceclinics.com/wp-content/uploads/2024/06/Bio-Hair-Transplant.png,obsolete-technology-claim,WordPress form and Flamingo records intentionally excluded
https://www.radianceclinics.com/post/radiance-clinics-awarded-times-health-icon-for-exceptional-contributions-in-cosmetology-and-hair-transplant/health-icon-award/,/post/radiance-clinics-awarded-times-health-icon-for-exceptional-contributions-in-cosmetology-and-hair-transplant/health-icon-award/,attachment,inherit,Health Icon Award,health-icon-award,2024-06-29 15:28:38,0,https://www.radianceclinics.com/wp-content/uploads/2024/06/Health-Icon-Award.jpg,,WordPress form and Flamingo records intentionally excluded
https://www.radianceclinics.com/post/radiance-clinics-awarded-times-health-icon-for-exceptional-contributions-in-cosmetology-and-hair-transplant/health-icon-award-2/,/post/radiance-clinics-awarded-times-health-icon-for-exceptional-contributions-in-cosmetology-and-hair-transplant/health-icon-award-2/,attachment,inherit,Health Icon Award,health-icon-award-2,2024-06-29 15:31:55,0,https://www.radianceclinics.com/wp-content/uploads/2024/06/Health-Icon-Award-1.jpg,,WordPress form and Flamingo records intentionally excluded
https://www.radianceclinics.com/post/radiance-clinics-awarded-times-health-icon-for-exceptional-contributions-in-cosmetology-and-hair-transplant/health-icon-award-3/,/post/radiance-clinics-awarded-times-health-icon-for-exceptional-contributions-in-cosmetology-and-hair-transplant/health-icon-award-3/,attachment,inherit,Health Icon Award,health-icon-award-3,2024-06-29 15:34:04,0,https://www.radianceclinics.com/wp-content/uploads/2024/06/Health-Icon-Award-2.jpg,,WordPress form and Flamingo records intentionally excluded
https://www.radianceclinics.com/post/radiance-clinics-awarded-times-health-icon-for-exceptional-contributions-in-cosmetology-and-hair-transplant/health-icon-award-4/,/post/radiance-clinics-awarded-times-health-icon-for-exceptional-contributions-in-cosmetology-and-hair-transplant/health-icon-award-4/,attachment,inherit,Health Icon Award,health-icon-award-4,2024-06-29 15:35:24,3,https://www.radianceclinics.com/wp-content/uploads/2024/06/Health-Icon-Award-3.jpg,,WordPress form and Flamingo records intentionally excluded
https://www.radianceclinics.com/post/radiance-clinics-awarded-times-health-icon-for-exceptional-contributions-in-cosmetology-and-hair-transplant/award/,/post/radiance-clinics-awarded-times-health-icon-for-exceptional-contributions-in-cosmetology-and-hair-transplant/award/,attachment,inherit,Award,award,2024-06-29 15:39:27,0,https://www.radianceclinics.com/wp-content/uploads/2024/06/Award-scaled.jpg,,WordPress form and Flamingo records intentionally excluded
https://www.radianceclinics.com/post/radiance-clinics-awarded-times-health-icon-for-exceptional-contributions-in-cosmetology-and-hair-transplant/award-2/,/post/radiance-clinics-awarded-times-health-icon-for-exceptional-contributions-in-cosmetology-and-hair-transplant/award-2/,attachment,inherit,Award,award-2,2024-06-29 15:40:54,0,https://www.radianceclinics.com/wp-content/uploads/2024/06/Award-1.jpg,,WordPress form and Flamingo records intentionally excluded
https://www.radianceclinics.com/post/what-are-the-latest-trends-in-filler-treatment/fillers-treatment-in-bhubaneswar-2/,/post/what-are-the-latest-trends-in-filler-treatment/fillers-treatment-in-bhubaneswar-2/,attachment,inherit,FILLERS TREATMENT IN BHUBANESWAR,fillers-treatment-in-bhubaneswar-2,2024-07-17 13:53:54,4,https://www.radianceclinics.com/wp-content/uploads/2024/07/FILLERS-TREATMENT-IN-BHUBANESWAR.png,medical-review,WordPress form and Flamingo records intentionally excluded
https://www.radianceclinics.com/post/what-are-the-latest-trends-in-filler-treatment/fillers-treatment-in-bhubaneswar-3/,/post/what-are-the-latest-trends-in-filler-treatment/fillers-treatment-in-bhubaneswar-3/,attachment,inherit,FILLERS TREATMENT IN BHUBANESWAR,fillers-treatment-in-bhubaneswar-3,2024-07-17 13:58:41,4,https://www.radianceclinics.com/wp-content/uploads/2024/07/FILLERS-TREATMENT-IN-BHUBANESWAR-1.png,medical-review,WordPress form and Flamingo records intentionally excluded
https://www.radianceclinics.com/times-health-icon-2024-2/,/times-health-icon-2024-2/,attachment,inherit,Times-Health-Icon-2024-2,times-health-icon-2024-2,2024-07-29 17:05:28,0,https://www.radianceclinics.com/wp-content/uploads/2024/07/Times-Health-Icon-2024-2.jpg,,WordPress form and Flamingo records intentionally excluded
https://www.radianceclinics.com/times-health-icon-2024-2-2/,/times-health-icon-2024-2-2/,attachment,inherit,Times-Health-Icon-2024-2,times-health-icon-2024-2-2,2024-07-29 17:07:52,0,https://www.radianceclinics.com/wp-content/uploads/2024/07/Times-Health-Icon-2024-2-1.jpg,,WordPress form and Flamingo records intentionally excluded
https://www.radianceclinics.com/post/what-is-the-best-permanent-treatment-for-hair-loss/permanent-treatment-for-hair-loss/,/post/what-is-the-best-permanent-treatment-for-hair-loss/permanent-treatment-for-hair-loss/,attachment,inherit,permanent treatment for hair loss,permanent-treatment-for-hair-loss,2024-08-14 14:56:25,5,https://www.radianceclinics.com/wp-content/uploads/2024/08/permanent-treatment-for-hair-loss.png,medical-review,WordPress form and Flamingo records intentionally excluded
https://www.radianceclinics.com/post/what-is-the-best-hair-transplant-for-density/best-hair-transplant-for-density/,/post/what-is-the-best-hair-transplant-for-density/best-hair-transplant-for-density/,attachment,inherit,best hair transplant for density,best-hair-transplant-for-density,2024-08-21 09:07:01,5,https://www.radianceclinics.com/wp-content/uploads/2024/08/best-hair-transplant-for-density.png,best-superlative,WordPress form and Flamingo records intentionally excluded
https://www.radianceclinics.com/post/what-is-the-best-hair-transplant-for-density/hair-transplant-for-density/,/post/what-is-the-best-hair-transplant-for-density/hair-transplant-for-density/,attachment,inherit,hair transplant for density,hair-transplant-for-density,2024-08-21 09:44:28,4,https://www.radianceclinics.com/wp-content/uploads/2024/08/hair-transplant-for-density.png,,WordPress form and Flamingo records intentionally excluded
https://www.radianceclinics.com/post/who-is-the-ideal-candidate-for-a-hair-transplant/hair-transplant-2/,/post/who-is-the-ideal-candidate-for-a-hair-transplant/hair-transplant-2/,attachment,inherit,Hair Transplant,hair-transplant-2,2024-10-17 15:05:32,2,https://www.radianceclinics.com/wp-content/uploads/2024/10/Hair-Transplant.png,,WordPress form and Flamingo records intentionally excluded
https://www.radianceclinics.com/post/what-to-expect-during-your-first-visit-to-a-skin-care-doctor/skin-care-doctor/,/post/what-to-expect-during-your-first-visit-to-a-skin-care-doctor/skin-care-doctor/,attachment,inherit,Skin Care Doctor,skin-care-doctor,2024-10-24 13:08:38,3,https://www.radianceclinics.com/wp-content/uploads/2024/10/Skin-Care-Doctor.png,,WordPress form and Flamingo records intentionally excluded
https://www.radianceclinics.com/post/what-to-expect-during-your-first-visit-to-a-skin-care-doctor/skin-specialist-in-bhubaneswar/,/post/what-to-expect-during-your-first-visit-to-a-skin-care-doctor/skin-specialist-in-bhubaneswar/,attachment,inherit,Skin Specialist in Bhubaneswar,skin-specialist-in-bhubaneswar,2024-10-24 13:12:37,4,https://www.radianceclinics.com/wp-content/uploads/2024/10/Skin-Specialist-in-Bhubaneswar.png,,WordPress form and Flamingo records intentionally excluded
https://www.radianceclinics.com/post/can-laser-hair-removal-permanently-remove-hair/laser-hair-removal-9/,/post/can-laser-hair-removal-permanently-remove-hair/laser-hair-removal-9/,attachment,inherit,Laser Hair Removal,laser-hair-removal-9,2024-11-20 14:39:57,3,https://www.radianceclinics.com/wp-content/uploads/2024/11/Laser-Hair-Removal.jpg,,WordPress form and Flamingo records intentionally excluded
https://www.radianceclinics.com/post/can-laser-hair-removal-permanently-remove-hair/laser-hair-removal-10/,/post/can-laser-hair-removal-permanently-remove-hair/laser-hair-removal-10/,attachment,inherit,Laser Hair Removal,laser-hair-removal-10,2024-11-20 14:41:03,0,https://www.radianceclinics.com/wp-content/uploads/2024/11/Laser-Hair-Removal-1.jpg,,WordPress form and Flamingo records intentionally excluded
https://www.radianceclinics.com/post/can-laser-hair-removal-permanently-remove-hair/laser-hair-removals/,/post/can-laser-hair-removal-permanently-remove-hair/laser-hair-removals/,attachment,inherit,Laser Hair Removals,laser-hair-removals,2024-11-20 14:42:46,3,https://www.radianceclinics.com/wp-content/uploads/2024/11/Laser-Hair-Removals.png,,WordPress form and Flamingo records intentionally excluded
https://www.radianceclinics.com/post/top-hair-transplant-methods-achieve-natural-long-lasting-results/hair-transplant-procedures/,/post/top-hair-transplant-methods-achieve-natural-long-lasting-results/hair-transplant-procedures/,attachment,inherit,Hair Transplant Procedures,hair-transplant-procedures,2024-11-25 06:01:36,3,https://www.radianceclinics.com/wp-content/uploads/2024/11/Hair-Transplant-Procedures.png,medical-review,WordPress form and Flamingo records intentionally excluded
https://www.radianceclinics.com/post/winter-skincare-and-hair-care-top-tips-for-radiance-and-health/winter-skincare-and-hair-care/,/post/winter-skincare-and-hair-care-top-tips-for-radiance-and-health/winter-skincare-and-hair-care/,attachment,inherit,Winter Skincare and Hair Care,winter-skincare-and-hair-care,2024-12-24 13:02:39,5,https://www.radianceclinics.com/wp-content/uploads/2024/12/Winter-Skincare-and-Hair-Care.png,,WordPress form and Flamingo records intentionally excluded
https://www.radianceclinics.com/post/winter-skincare-and-hair-care-top-tips-for-radiance-and-health/oil-your-hair-regularly/,/post/winter-skincare-and-hair-care-top-tips-for-radiance-and-health/oil-your-hair-regularly/,attachment,inherit,Oil Your Hair Regularly,oil-your-hair-regularly,2024-12-24 13:08:15,4,https://www.radianceclinics.com/wp-content/uploads/2024/12/Oil-Your-Hair-Regularly.png,,WordPress form and Flamingo records intentionally excluded
https://www.radianceclinics.com/post/winter-skincare-and-hair-care-top-tips-for-radiance-and-health/moisturize-regularly/,/post/winter-skincare-and-hair-care-top-tips-for-radiance-and-health/moisturize-regularly/,attachment,inherit,Moisturize Regularly,moisturize-regularly,2024-12-24 13:13:16,0,https://www.radianceclinics.com/wp-content/uploads/2024/12/Moisturize-Regularly.png,,WordPress form and Flamingo records intentionally excluded
https://www.radianceclinics.com/post/can-skin-clinics-help-with-dark-circles-and-under-eye-concerns/skin-clinics/,/post/can-skin-clinics-help-with-dark-circles-and-under-eye-concerns/skin-clinics/,attachment,inherit,Skin Clinics,skin-clinics,2025-01-24 12:42:29,2,https://www.radianceclinics.com/wp-content/uploads/2025/01/Skin-Clinics.jpg,,WordPress form and Flamingo records intentionally excluded
https://www.radianceclinics.com/post/can-skin-clinics-help-with-dark-circles-and-under-eye-concerns/dark-circles-and-under-eye-fix/,/post/can-skin-clinics-help-with-dark-circles-and-under-eye-concerns/dark-circles-and-under-eye-fix/,attachment,inherit,Dark Circles and Under-Eye Fix,dark-circles-and-under-eye-fix,2025-01-24 12:49:21,5,https://www.radianceclinics.com/wp-content/uploads/2025/01/Dark-Circles-and-Under-Eye-Fix.jpg,,WordPress form and Flamingo records intentionally excluded
https://www.radianceclinics.com/post/how-to-care-for-your-scalp-after-a-hair-transplant/care-for-your-scalp-after-a-hair-transplant/,/post/how-to-care-for-your-scalp-after-a-hair-transplant/care-for-your-scalp-after-a-hair-transplant/,attachment,inherit,Care for Your Scalp After a Hair Transplant,care-for-your-scalp-after-a-hair-transplant,2025-02-15 06:17:12,8,https://www.radianceclinics.com/wp-content/uploads/2025/02/Care-for-Your-Scalp-After-a-Hair-Transplant.png,,WordPress form and Flamingo records intentionally excluded
https://www.radianceclinics.com/post/when-should-you-visit-a-skin-clinic-signs-and-symptoms-to-watch/visit-a-skin-clinic/,/post/when-should-you-visit-a-skin-clinic-signs-and-symptoms-to-watch/visit-a-skin-clinic/,attachment,inherit,Visit a Skin Clinic,visit-a-skin-clinic,2025-02-25 13:38:06,4,https://www.radianceclinics.com/wp-content/uploads/2025/02/Visit-a-Skin-Clinic.png,,WordPress form and Flamingo records intentionally excluded
https://www.radianceclinics.com/post/laser-vs-waxing-which-hair-removal-method-is-right-for-you/laser-hair-removal-11/,/post/laser-vs-waxing-which-hair-removal-method-is-right-for-you/laser-hair-removal-11/,attachment,inherit,laser-hair-removal,laser-hair-removal-11,2025-03-14 07:33:32,1,https://www.radianceclinics.com/wp-content/uploads/2025/03/laser-hair-removal.jpg,,WordPress form and Flamingo records intentionally excluded
https://www.radianceclinics.com/recent-result/3000-grafts-hair-transplant-by-radiance-skin-hair-clinics/,/recent-result/3000-grafts-hair-transplant-by-radiance-skin-hair-clinics/,attachment,inherit,3000-Grafts-Hair-Transplant by Radiance Skin & Hair Clinics,3000-grafts-hair-transplant-by-radiance-skin-hair-clinics,2025-03-25 10:06:36,7,https://www.radianceclinics.com/wp-content/uploads/2025/03/3000-Grafts-Hair-Transplant-by-Radiance-Skin-Hair-Clinics.png,,WordPress form and Flamingo records intentionally excluded
https://www.radianceclinics.com/recent-result/1500-grafts-hair-transplant-by-radiance-skin-hair-clinics/,/recent-result/1500-grafts-hair-transplant-by-radiance-skin-hair-clinics/,attachment,inherit,1500-Grafts-Hair-Transplant by Radiance Skin & Hair Clinics,1500-grafts-hair-transplant-by-radiance-skin-hair-clinics,2025-03-25 10:07:36,7,https://www.radianceclinics.com/wp-content/uploads/2025/03/1500-Grafts-Hair-Transplant-by-Radiance-Skin-Hair-Clinics.png,,WordPress form and Flamingo records intentionally excluded
https://www.radianceclinics.com/post/which-filler-is-right-for-you-expert-advice/facial-fillers-treatment/,/post/which-filler-is-right-for-you-expert-advice/facial-fillers-treatment/,attachment,inherit,FACIAL FILLERS TREATMENT,facial-fillers-treatment,2025-03-25 10:35:10,3,https://www.radianceclinics.com/wp-content/uploads/2025/03/FACIAL-FILLERS-TREATMENT.png,medical-review,WordPress form and Flamingo records intentionally excluded
https://www.radianceclinics.com/post/which-filler-is-right-for-you-expert-advice/filler-2/,/post/which-filler-is-right-for-you-expert-advice/filler-2/,attachment,inherit,filler,filler-2,2025-03-25 10:40:39,1,https://www.radianceclinics.com/wp-content/uploads/2025/03/filler.jpg,,WordPress form and Flamingo records intentionally excluded
https://www.radianceclinics.com/post-hair-transplant-recovery-guide/post-hair-transplant-recovery-guide-2/,/post-hair-transplant-recovery-guide/post-hair-transplant-recovery-guide-2/,attachment,inherit,Post-Hair-Transplant-Recovery-Guide,post-hair-transplant-recovery-guide-2,2025-04-19 12:23:38,0,https://www.radianceclinics.com/wp-content/uploads/2025/04/Post-Hair-Transplant-Recovery-Guide.jpg,,WordPress form and Flamingo records intentionally excluded
https://www.radianceclinics.com/post/what-causes-hair-loss-and-how-it-can-be-treated/hair-loss-treatment-7/,/post/what-causes-hair-loss-and-how-it-can-be-treated/hair-loss-treatment-7/,attachment,inherit,Hair Loss treatment,hair-loss-treatment-7,2025-04-19 13:37:31,3,https://www.radianceclinics.com/wp-content/uploads/2025/04/Hair-Loss-treatment.jpg,medical-review,WordPress form and Flamingo records intentionally excluded
https://www.radianceclinics.com/post/what-causes-hair-loss-and-how-it-can-be-treated/hair-loss-2/,/post/what-causes-hair-loss-and-how-it-can-be-treated/hair-loss-2/,attachment,inherit,Hair Loss,hair-loss-2,2025-04-19 13:40:43,3,https://www.radianceclinics.com/wp-content/uploads/2025/04/Hair-Loss.jpg,,WordPress form and Flamingo records intentionally excluded
https://www.radianceclinics.com/drsatyarthaprakashmd-radianceskinandhairclinic-bhubaneswar/,/drsatyarthaprakashmd-radianceskinandhairclinic-bhubaneswar/,attachment,inherit,drsatyarthaprakashmd-radianceskinandhairclinic-bhubaneswar,drsatyarthaprakashmd-radianceskinandhairclinic-bhubaneswar,2025-04-19 14:12:13,3,https://www.radianceclinics.com/wp-content/uploads/2025/04/drsatyarthaprakashmd-radianceskinandhairclinic-bhubaneswar.jpg,,WordPress form and Flamingo records intentionally excluded
https://www.radianceclinics.com/post/how-effective-are-weight-loss-clinics-for-belly-fat-reduction/weight-loss-3/,/post/how-effective-are-weight-loss-clinics-for-belly-fat-reduction/weight-loss-3/,attachment,inherit,Weight loss,weight-loss-3,2025-04-28 10:49:58,2,https://www.radianceclinics.com/wp-content/uploads/2025/04/Weight-loss.png,,WordPress form and Flamingo records intentionally excluded
https://www.radianceclinics.com/treatment/non-surgical-facial-enhancements/ombrepowder-eyebrows/ombrepowder-eyebrows-2/,/treatment/non-surgical-facial-enhancements/ombrepowder-eyebrows/ombrepowder-eyebrows-2/,attachment,inherit,Ombrepowder-Eyebrows,ombrepowder-eyebrows-2,2025-05-13 06:39:31,0,https://www.radianceclinics.com/wp-content/uploads/2025/05/Ombrepowder-Eyebrows.jpg,,WordPress form and Flamingo records intentionally excluded
https://www.radianceclinics.com/treatment/non-surgical-facial-enhancements/micro-blading/micro-blading-2/,/treatment/non-surgical-facial-enhancements/micro-blading/micro-blading-2/,attachment,inherit,Micro-Blading,micro-blading-2,2025-05-13 07:02:08,0,https://www.radianceclinics.com/wp-content/uploads/2025/05/Micro-Blading.jpg,,WordPress form and Flamingo records intentionally excluded
https://www.radianceclinics.com/treatment/non-surgical-facial-enhancements/lip-vitiligo-correction/lip-vitiligo-correction-2/,/treatment/non-surgical-facial-enhancements/lip-vitiligo-correction/lip-vitiligo-correction-2/,attachment,inherit,Lip-Vitiligo-Correction,lip-vitiligo-correction-2,2025-05-13 12:47:01,0,https://www.radianceclinics.com/wp-content/uploads/2025/05/Lip-Vitiligo-Correction.jpg,,WordPress form and Flamingo records intentionally excluded
https://www.radianceclinics.com/treatment/non-surgical-facial-enhancements/lip-blushing/lip-blushing-2/,/treatment/non-surgical-facial-enhancements/lip-blushing/lip-blushing-2/,attachment,inherit,Lip-Blushing,lip-blushing-2,2025-05-13 13:00:51,0,https://www.radianceclinics.com/wp-content/uploads/2025/05/Lip-Blushing.jpg,,WordPress form and Flamingo records intentionally excluded
https://www.radianceclinics.com/post/can-you-reverse-signs-of-ageing-with-anti-ageing-treatment/anti-ageing/,/post/can-you-reverse-signs-of-ageing-with-anti-ageing-treatment/anti-ageing/,attachment,inherit,anti-ageing,anti-ageing,2025-05-31 10:08:24,1,https://www.radianceclinics.com/wp-content/uploads/2025/05/anti-ageing.jpg,,WordPress form and Flamingo records intentionally excluded
https://www.radianceclinics.com/post/what-is-lip-blushing-and-how-does-it-work/lip-blushing-3/,/post/what-is-lip-blushing-and-how-does-it-work/lip-blushing-3/,attachment,inherit,Lip Blushing,lip-blushing-3,2025-06-16 05:46:55,0,https://www.radianceclinics.com/wp-content/uploads/2025/06/Lip-Blushing.jpg,,WordPress form and Flamingo records intentionally excluded
https://www.radianceclinics.com/post/what-is-lip-blushing-and-how-does-it-work/lip-blushing-treatment/,/post/what-is-lip-blushing-and-how-does-it-work/lip-blushing-treatment/,attachment,inherit,lip blushing treatment,lip-blushing-treatment,2025-06-16 05:49:48,0,https://www.radianceclinics.com/wp-content/uploads/2025/06/lip-blushing-treatment.jpg,medical-review,WordPress form and Flamingo records intentionally excluded
https://www.radianceclinics.com/2149296515/,/2149296515/,attachment,inherit,2149296515,2149296515,2025-06-24 04:09:35,0,https://www.radianceclinics.com/wp-content/uploads/2022/10/2149296515.jpg,,WordPress form and Flamingo records intentionally excluded
https://www.radianceclinics.com/post/how-long-do-ombre-powder-eyebrows-last/ombre-powder-eyebrows/,/post/how-long-do-ombre-powder-eyebrows-last/ombre-powder-eyebrows/,attachment,inherit,Ombre Powder Eyebrows,ombre-powder-eyebrows,2025-06-28 09:36:13,3,https://www.radianceclinics.com/wp-content/uploads/2025/06/Ombre-Powder-Eyebrows.jpg,,WordPress form and Flamingo records intentionally excluded
https://www.radianceclinics.com/post/how-long-do-ombre-powder-eyebrows-last/ombrepowder-eyebrows-3/,/post/how-long-do-ombre-powder-eyebrows-last/ombrepowder-eyebrows-3/,attachment,inherit,Ombrepowder Eyebrows,ombrepowder-eyebrows-3,2025-06-28 09:37:45,2,https://www.radianceclinics.com/wp-content/uploads/2025/06/Ombrepowder-Eyebrows.jpg,,WordPress form and Flamingo records intentionally excluded
https://www.radianceclinics.com/post/where-can-i-get-painless-wart-removal-treatment/wart-removal-treatment/,/post/where-can-i-get-painless-wart-removal-treatment/wart-removal-treatment/,attachment,inherit,Wart Removal Treatment,wart-removal-treatment,2025-07-17 11:03:18,3,https://www.radianceclinics.com/wp-content/uploads/2025/07/Wart-Removal-Treatment.jpg,medical-review,WordPress form and Flamingo records intentionally excluded
https://www.radianceclinics.com/post/whats-the-cause-of-under-eye-dark-circles-and-what-treatments-can-help/under-eye-dark-circles/,/post/whats-the-cause-of-under-eye-dark-circles-and-what-treatments-can-help/under-eye-dark-circles/,attachment,inherit,Under-Eye Dark Circles,under-eye-dark-circles,2025-09-04 10:19:17,1,https://www.radianceclinics.com/wp-content/uploads/2025/08/Under-Eye-Dark-Circles.jpg,,WordPress form and Flamingo records intentionally excluded
https://www.radianceclinics.com/post/whats-the-cause-of-under-eye-dark-circles-and-what-treatments-can-help/without-visible-dark-circles/,/post/whats-the-cause-of-under-eye-dark-circles-and-what-treatments-can-help/without-visible-dark-circles/,attachment,inherit,without visible dark circles,without-visible-dark-circles,2025-09-04 10:23:04,4,https://www.radianceclinics.com/wp-content/uploads/2025/08/without-visible-dark-circles.jpeg,,WordPress form and Flamingo records intentionally excluded
https://www.radianceclinics.com/post/modern-treatments-for-effective-fat-reduction/modern-treatments-for-effective-fat-reduction-2/,/post/modern-treatments-for-effective-fat-reduction/modern-treatments-for-effective-fat-reduction-2/,attachment,inherit,Modern Treatments for Effective Fat Reduction,modern-treatments-for-effective-fat-reduction-2,2025-09-04 10:24:46,6,https://www.radianceclinics.com/wp-content/uploads/2025/08/Modern-Treatments-for-Effective-Fat-Reduction.jpg,medical-review,WordPress form and Flamingo records intentionally excluded
https://www.radianceclinics.com/post/modern-treatments-for-effective-fat-reduction/non-surgical-fat-reduction/,/post/modern-treatments-for-effective-fat-reduction/non-surgical-fat-reduction/,attachment,inherit,non-surgical fat reduction,non-surgical-fat-reduction,2025-09-04 10:26:58,0,https://www.radianceclinics.com/wp-content/uploads/2025/08/non-surgical-fat-reduction.jpeg,,WordPress form and Flamingo records intentionally excluded
https://www.radianceclinics.com/post/stubborn-acne-care-with-proven-medical-options/treatments-for-stubborn-acne/,/post/stubborn-acne-care-with-proven-medical-options/treatments-for-stubborn-acne/,attachment,inherit,Treatments for Stubborn Acne,treatments-for-stubborn-acne,2025-09-12 09:18:40,4,https://www.radianceclinics.com/wp-content/uploads/2025/09/Treatments-for-Stubborn-Acne.avif,medical-review,WordPress form and Flamingo records intentionally excluded
https://www.radianceclinics.com/post/advanced-acne-scar-removal-treatments-you-should-know/acne-scars-2/,/post/advanced-acne-scar-removal-treatments-you-should-know/acne-scars-2/,attachment,inherit,Acne scars,acne-scars-2,2025-09-30 04:53:59,2,https://www.radianceclinics.com/wp-content/uploads/2025/09/Acne-scars.jpg,,WordPress form and Flamingo records intentionally excluded
https://www.radianceclinics.com/dermatology-clinic-in-bhubaneswar/dermatology-clinic-in-bhubaneswar-2/,/dermatology-clinic-in-bhubaneswar/dermatology-clinic-in-bhubaneswar-2/,attachment,inherit,Dermatology Clinic in Bhubaneswar,dermatology-clinic-in-bhubaneswar-2,2025-10-06 05:02:49,0,https://www.radianceclinics.com/wp-content/uploads/2025/10/Dermatology-Clinic-in-Bhubaneswar.jpg,,WordPress form and Flamingo records intentionally excluded
https://www.radianceclinics.com/dermatology-clinic-in-bhubaneswar/top_banner/,/dermatology-clinic-in-bhubaneswar/top_banner/,attachment,inherit,top_banner,top_banner,2025-10-06 06:37:30,0,https://www.radianceclinics.com/wp-content/uploads/2025/10/top_banner.jpg,,WordPress form and Flamingo records intentionally excluded
https://www.radianceclinics.com/dermatology-clinic-in-bhubaneswar/bg_11/,/dermatology-clinic-in-bhubaneswar/bg_11/,attachment,inherit,bg_11,bg_11,2025-10-07 11:04:33,4,https://www.radianceclinics.com/wp-content/uploads/2025/10/bg_11.jpg,,WordPress form and Flamingo records intentionally excluded
https://www.radianceclinics.com/post/how-prp-treatment-helps-in-hair-fall-control-and-regrowth-naturally/prp-treatment-helps-in-hair-fall-control/,/post/how-prp-treatment-helps-in-hair-fall-control-and-regrowth-naturally/prp-treatment-helps-in-hair-fall-control/,attachment,inherit,PRP Treatment Helps In Hair Fall Control,prp-treatment-helps-in-hair-fall-control,2025-10-13 11:32:20,7,https://www.radianceclinics.com/wp-content/uploads/2025/10/PRP-Treatment-Helps-In-Hair-Fall-Control.avif,medical-review,WordPress form and Flamingo records intentionally excluded
https://www.radianceclinics.com/post/what-is-gfc-treatment-and-how-does-it-help-in-hair-regrowth/gfc-treatment-in-hair-regrowth/,/post/what-is-gfc-treatment-and-how-does-it-help-in-hair-regrowth/gfc-treatment-in-hair-regrowth/,attachment,inherit,GFC Treatment In Hair Regrowth,gfc-treatment-in-hair-regrowth,2025-10-31 11:54:50,5,https://www.radianceclinics.com/wp-content/uploads/2025/10/GFC-Treatment-In-Hair-Regrowth.jpg,medical-review,WordPress form and Flamingo records intentionally excluded
https://www.radianceclinics.com/post/how-hair-shapes-self-image-and-personal-confidence/influence-of-hair-on-individual-identity/,/post/how-hair-shapes-self-image-and-personal-confidence/influence-of-hair-on-individual-identity/,attachment,inherit,Influence of Hair on Individual Identity,influence-of-hair-on-individual-identity,2025-11-18 09:06:17,6,https://www.radianceclinics.com/wp-content/uploads/2025/11/Influence-of-Hair-on-Individual-Identity.jpg,,WordPress form and Flamingo records intentionally excluded
https://www.radianceclinics.com/post/how-hair-shapes-self-image-and-personal-confidence/influence-of-hair-on-individual-identity-2/,/post/how-hair-shapes-self-image-and-personal-confidence/influence-of-hair-on-individual-identity-2/,attachment,inherit,Influence of Hair on Individual Identity,influence-of-hair-on-individual-identity-2,2025-11-18 09:06:56,6,https://www.radianceclinics.com/wp-content/uploads/2025/11/Influence-of-Hair-on-Individual-Identity.jpeg,,WordPress form and Flamingo records intentionally excluded
https://www.radianceclinics.com/prp-treatment/,/prp-treatment/,attachment,inherit,PRP Treatment,prp-treatment,2025-11-27 13:12:47,2,https://www.radianceclinics.com/wp-content/uploads/2025/11/PRP-Treatment.jpg,medical-review,WordPress form and Flamingo records intentionally excluded
https://www.radianceclinics.com/post/when-is-the-perfect-time-to-restore-your-hair/when-is-the-perfect-time-to-restore-your-hair/,/post/when-is-the-perfect-time-to-restore-your-hair/when-is-the-perfect-time-to-restore-your-hair/,attachment,inherit,When Is the Perfect Time to Restore Your Hair,when-is-the-perfect-time-to-restore-your-hair,2025-12-26 14:09:01,9,https://www.radianceclinics.com/wp-content/uploads/2025/12/When-Is-the-Perfect-Time-to-Restore-Your-Hair.avif,,WordPress form and Flamingo records intentionally excluded
https://www.radianceclinics.com/post/what-are-the-most-common-myths-about-surgical-hair-restoration/surgical-hair-restoration/,/post/what-are-the-most-common-myths-about-surgical-hair-restoration/surgical-hair-restoration/,attachment,inherit,Surgical Hair Restoration,surgical-hair-restoration,2025-12-30 13:47:05,3,https://www.radianceclinics.com/wp-content/uploads/2025/12/Surgical-Hair-Restoration.jpg,,WordPress form and Flamingo records intentionally excluded
https://www.radianceclinics.com/post/how-to-know-if-youre-a-good-candidate-for-fue-or-fut/fue/,/post/how-to-know-if-youre-a-good-candidate-for-fue-or-fut/fue/,attachment,inherit,FUE,fue,2026-01-29 04:50:34,1,https://www.radianceclinics.com/wp-content/uploads/2026/01/FUE.jpg,,WordPress form and Flamingo records intentionally excluded
https://www.radianceclinics.com/post/what-common-mistakes-can-make-your-hair-transplant-more-expensive/hair-transplant-3/,/post/what-common-mistakes-can-make-your-hair-transplant-more-expensive/hair-transplant-3/,attachment,inherit,Hair Transplant,hair-transplant-3,2026-01-30 11:41:18,2,https://www.radianceclinics.com/wp-content/uploads/2026/01/Hair-Transplant.jpg,,WordPress form and Flamingo records intentionally excluded
https://www.radianceclinics.com/post/how-does-hair-loss-affect-an-individuals-confidence-level/how-does-hair-loss-affect-an-individuals-confidence-level-2/,/post/how-does-hair-loss-affect-an-individuals-confidence-level/how-does-hair-loss-affect-an-individuals-confidence-level-2/,attachment,inherit,How Does Hair Loss Affect an Individual’s Confidence Level,how-does-hair-loss-affect-an-individuals-confidence-level-2,2026-02-20 07:10:14,9,https://www.radianceclinics.com/wp-content/uploads/2026/02/How-Does-Hair-Loss-Affect-an-Individuals-Confidence-Level.jpg,,WordPress form and Flamingo records intentionally excluded
https://www.radianceclinics.com/post/how-does-hair-loss-affect-an-individuals-confidence-level/why-addressing-hair-loss-early-matters/,/post/how-does-hair-loss-affect-an-individuals-confidence-level/why-addressing-hair-loss-early-matters/,attachment,inherit,Why Addressing Hair Loss Early Matters,why-addressing-hair-loss-early-matters,2026-02-20 07:13:02,6,https://www.radianceclinics.com/wp-content/uploads/2026/02/Why-Addressing-Hair-Loss-Early-Matters.jpg,,WordPress form and Flamingo records intentionally excluded
https://www.radianceclinics.com/post/is-hair-restoration-worth-the-investment/hair-restoration/,/post/is-hair-restoration-worth-the-investment/hair-restoration/,attachment,inherit,Hair Restoration,hair-restoration,2026-02-28 06:41:08,2,https://www.radianceclinics.com/wp-content/uploads/2026/02/Hair-Restoration.jpg,,WordPress form and Flamingo records intentionally excluded
https://www.radianceclinics.com/post/is-hair-restoration-worth-the-investment/hair-restoration-worth-the-investment/,/post/is-hair-restoration-worth-the-investment/hair-restoration-worth-the-investment/,attachment,inherit,Hair Restoration Worth the Investment,hair-restoration-worth-the-investment,2026-02-28 06:43:51,5,https://www.radianceclinics.com/wp-content/uploads/2026/02/Hair-Restoration-Worth-the-Investment.jpg,,WordPress form and Flamingo records intentionally excluded
https://www.radianceclinics.com/post/why-radiance-skin-and-hair-clinic-is-the-ideal-choice-for-hair-loss-treatment/hair-loss-clinic-in-bhubaneswar-2/,/post/why-radiance-skin-and-hair-clinic-is-the-ideal-choice-for-hair-loss-treatment/hair-loss-clinic-in-bhubaneswar-2/,attachment,inherit,hair-loss-clinic-in-Bhubaneswar,hair-loss-clinic-in-bhubaneswar-2,2026-03-10 06:01:24,0,https://www.radianceclinics.com/wp-content/uploads/2023/11/hair-loss-clinic-in-Bhubaneswar-1.png,,WordPress form and Flamingo records intentionally excluded
https://www.radianceclinics.com/post/hair-treatment-doctor-near-me/map-2/,/post/hair-treatment-doctor-near-me/map-2/,attachment,inherit,map,map-2,2026-03-10 06:06:11,0,https://www.radianceclinics.com/wp-content/uploads/2021/12/map.png,,WordPress form and Flamingo records intentionally excluded
https://www.radianceclinics.com/post/the-ultimate-guide-to-body-hair-removal-in-odishas-aesthetic-hub/laser-hair-removal-1/,/post/the-ultimate-guide-to-body-hair-removal-in-odishas-aesthetic-hub/laser-hair-removal-1/,attachment,inherit,laser-hair-removal-1,laser-hair-removal-1,2026-03-10 06:31:44,0,https://www.radianceclinics.com/wp-content/uploads/2023/11/laser-hair-removal-1-1.png,,WordPress form and Flamingo records intentionally excluded
https://www.radianceclinics.com/post/best-dermatologist-for-acne-an-treatment/the-ideal-clinic2-2/,/post/best-dermatologist-for-acne-an-treatment/the-ideal-clinic2-2/,attachment,inherit,the-ideal-clinic2,the-ideal-clinic2-2,2026-03-10 06:42:03,0,https://www.radianceclinics.com/wp-content/uploads/2022/11/the-ideal-clinic2.png,,WordPress form and Flamingo records intentionally excluded
https://www.radianceclinics.com/post/what-diet-and-lifestyle-changes-can-support-successful-hair-restoration/diet-and-lifestyle-changes-can-support-successful-hair-restoration/,/post/what-diet-and-lifestyle-changes-can-support-successful-hair-restoration/diet-and-lifestyle-changes-can-support-successful-hair-restoration/,attachment,inherit,Diet and Lifestyle Changes Can Support Successful Hair Restoration,diet-and-lifestyle-changes-can-support-successful-hair-restoration,2026-03-21 05:00:14,9,https://www.radianceclinics.com/wp-content/uploads/2026/03/Diet-and-Lifestyle-Changes-Can-Support-Successful-Hair-Restoration.jpg,,WordPress form and Flamingo records intentionally excluded
https://www.radianceclinics.com/post/laser-vs-fillers-vs-creams-what-truly-works-for-under-eye-bags/laser-vs-fillers-vs-creams/,/post/laser-vs-fillers-vs-creams-what-truly-works-for-under-eye-bags/laser-vs-fillers-vs-creams/,attachment,inherit,,laser-vs-fillers-vs-creams,2026-03-31 09:37:33,5,https://www.radianceclinics.com/wp-content/uploads/2026/03/Laser-vs.-Fillers-vs.-Creams.png,,WordPress form and Flamingo records intentionally excluded
https://www.radianceclinics.com/post/common-myths-about-laser-hair-removal-treatments/laser-hair-removal-13/,/post/common-myths-about-laser-hair-removal-treatments/laser-hair-removal-13/,attachment,inherit,Laser hair removal,laser-hair-removal-13,2026-04-17 11:45:01,3,https://www.radianceclinics.com/wp-content/uploads/2026/04/Laser-hair-removal.webp,,WordPress form and Flamingo records intentionally excluded
https://www.radianceclinics.com/post/common-myths-about-laser-hair-removal-treatments/hair-removal-laser-epilation/,/post/common-myths-about-laser-hair-removal-treatments/hair-removal-laser-epilation/,attachment,inherit,hair removal laser epilation,hair-removal-laser-epilation,2026-04-17 11:46:00,4,https://www.radianceclinics.com/wp-content/uploads/2026/04/hair-removal-laser-epilation.webp,,WordPress form and Flamingo records intentionally excluded
https://www.radianceclinics.com/post/common-hair-loss-myths-that-might-be-holding-you-back/hair-loss-myths/,/post/common-hair-loss-myths-that-might-be-holding-you-back/hair-loss-myths/,attachment,inherit,Hair Loss Myths,hair-loss-myths,2026-04-23 09:09:41,3,https://www.radianceclinics.com/wp-content/uploads/2026/04/Hair-Loss-Myths.avif,,WordPress form and Flamingo records intentionally excluded
https://www.radianceclinics.com/privacy-policy/,/privacy-policy/,page,publish,Privacy Policy,privacy-policy,2022-07-03 06:40:33,1203,,best-superlative;medical-review,WordPress form and Flamingo records intentionally excluded
https://www.radianceclinics.com/shop/,/shop/,page,publish,Shop,shop,2022-07-03 06:51:18,0,,,WordPress form and Flamingo records intentionally excluded
https://www.radianceclinics.com/contact-us/,/contact-us/,page,publish,Contact Us,contact-us,2022-07-13 07:24:49,100,,best-superlative,WordPress form and Flamingo records intentionally excluded
https://www.radianceclinics.com/about-us/,/about-us/,page,publish,About Us,about-us,2022-07-15 11:33:06,760,,best-superlative;medical-review;obsolete-technology-claim,WordPress form and Flamingo records intentionally excluded
https://www.radianceclinics.com/photo-gallery/,/photo-gallery/,page,publish,Photo Gallery,photo-gallery,2022-07-15 13:52:34,0,,,WordPress form and Flamingo records intentionally excluded
https://www.radianceclinics.com/video-gallery/,/video-gallery/,page,publish,Video Gallery,video-gallery,2022-07-15 14:01:49,0,,,WordPress form and Flamingo records intentionally excluded
https://www.radianceclinics.com/blogs/,/blogs/,page,publish,Blogs,blogs,2022-07-15 13:52:51,0,,,WordPress form and Flamingo records intentionally excluded
https://www.radianceclinics.com/,/,page,publish,Home Front Page,home2,2022-07-17 15:55:50,519,,best-superlative;medical-review,WordPress form and Flamingo records intentionally excluded
https://www.radianceclinics.com/locations/,/locations/,page,publish,Locations,locations,2022-07-30 11:58:12,151,,,WordPress form and Flamingo records intentionally excluded
https://www.radianceclinics.com/hair/,/hair/,page,publish,Hair,hair,2022-08-03 13:08:02,52,,medical-review,WordPress form and Flamingo records intentionally excluded
https://www.radianceclinics.com/skin-care-treatments/,/skin-care-treatments/,page,publish,Skin Care Treatments,skin-care-treatments,2022-08-04 10:18:21,666,,best-superlative;medical-review,WordPress form and Flamingo records intentionally excluded
https://www.radianceclinics.com/hair-transplant-in-puri/,/hair-transplant-in-puri/,page,publish,Hair Transplant in Puri,hair-transplant-in-puri,2022-08-08 09:59:49,433,,guaranteed-claim;best-superlative;medical-review;obsolete-technology-claim,WordPress form and Flamingo records intentionally excluded
https://www.radianceclinics.com/hair-transplant-in-rourkela/,/hair-transplant-in-rourkela/,page,publish,Hair transplant in Rourkela,hair-transplant-in-rourkela,2022-08-09 14:45:55,446,,best-superlative;medical-review,WordPress form and Flamingo records intentionally excluded
https://www.radianceclinics.com/book-online-radiance-clinics-bhuabaneswar/,/book-online-radiance-clinics-bhuabaneswar/,page,publish,BOOK A CALL BACK NOW,book-online-radiance-clinics-bhuabaneswar,2022-08-15 07:28:19,139,,,WordPress form and Flamingo records intentionally excluded
https://www.radianceclinics.com/media-press-release/,/media-press-release/,page,publish,Media,media-press-release,2022-08-15 14:04:12,59,,,WordPress form and Flamingo records intentionally excluded
https://www.radianceclinics.com/hair-transplant-in-sambalpur/,/hair-transplant-in-sambalpur/,page,publish,Hair transplant in Sambalpur,hair-transplant-in-sambalpur,2022-08-20 07:22:58,440,,best-superlative;medical-review;obsolete-technology-claim,WordPress form and Flamingo records intentionally excluded
https://www.radianceclinics.com/hair-transplant-in-berhampur/,/hair-transplant-in-berhampur/,page,publish,Hair Transplant in Berhampur,hair-transplant-in-berhampur,2022-08-20 08:01:40,477,,best-superlative;medical-review,WordPress form and Flamingo records intentionally excluded
https://www.radianceclinics.com/hair-transplant-in-baripada/,/hair-transplant-in-baripada/,page,publish,Hair Transplant in Baripada,hair-transplant-in-baripada,2022-08-20 09:27:48,387,,permanence-claim;best-superlative;medical-review,WordPress form and Flamingo records intentionally excluded
https://www.radianceclinics.com/recent-result/,/recent-result/,page,publish,Recent Result,recent-result,2022-08-24 14:22:51,537,,medical-review,WordPress form and Flamingo records intentionally excluded
https://www.radianceclinics.com/virtual-tour/,/virtual-tour/,page,publish,Virtual Tour,virtual-tour,2022-10-20 06:29:01,128,,best-superlative;medical-review,WordPress form and Flamingo records intentionally excluded
https://www.radianceclinics.com/botox-treatment/,/botox-treatment/,page,publish,Botox,botox-treatment,2022-10-29 11:51:43,212,,medical-review,WordPress form and Flamingo records intentionally excluded
https://www.radianceclinics.com/thank-you/,/thank-you/,page,publish,Thank You,thank-you,2023-01-09 14:01:56,7,,,WordPress form and Flamingo records intentionally excluded
https://www.radianceclinics.com/hair-transplant-in-vizag/,/hair-transplant-in-vizag/,page,publish,Hair Transplant in Vizag,hair-transplant-in-vizag,2023-02-10 14:20:00,457,,best-superlative;medical-review,WordPress form and Flamingo records intentionally excluded
https://www.radianceclinics.com/hair-transplant-in-kolkata/,/hair-transplant-in-kolkata/,page,publish,Hair Transplant in Kolkata,hair-transplant-in-kolkata,2023-02-10 14:38:37,460,,guaranteed-claim;best-superlative;medical-review,WordPress form and Flamingo records intentionally excluded
https://www.radianceclinics.com/hair-transplant-in-raipur/,/hair-transplant-in-raipur/,page,publish,Hair Transplant in Raipur,hair-transplant-in-raipur,2023-02-10 14:47:34,456,,best-superlative;medical-review,WordPress form and Flamingo records intentionally excluded
https://www.radianceclinics.com/hair-transplant-in-angul/,/hair-transplant-in-angul/,page,publish,Hair Transplant in Angul,hair-transplant-in-angul,2023-02-10 14:53:42,530,,permanence-claim;best-superlative;medical-review,WordPress form and Flamingo records intentionally excluded
https://www.radianceclinics.com/hair-transplant-in-cuttack/,/hair-transplant-in-cuttack/,page,publish,Hair Transplant in Cuttack,hair-transplant-in-cuttack,2023-02-10 14:58:26,516,,best-superlative;medical-review,WordPress form and Flamingo records intentionally excluded
https://www.radianceclinics.com/hair-transplant-in-balasore/,/hair-transplant-in-balasore/,page,publish,Hair Transplant in Balasore,hair-transplant-in-balasore,2023-02-10 15:06:28,558,,best-superlative;medical-review,WordPress form and Flamingo records intentionally excluded
https://www.radianceclinics.com/hair-transplant-in-jajpur/,/hair-transplant-in-jajpur/,page,publish,Hair Transplant in Jajpur,hair-transplant-in-jajpur,2023-02-10 15:10:26,550,,best-superlative;medical-review,WordPress form and Flamingo records intentionally excluded
https://www.radianceclinics.com/hair-transplant-in-koraput/,/hair-transplant-in-koraput/,page,publish,Hair Transplant in Koraput,hair-transplant-in-koraput,2023-02-10 15:14:54,552,,best-superlative;medical-review,WordPress form and Flamingo records intentionally excluded
https://www.radianceclinics.com/tan-removal/,/tan-removal/,page,publish,Sunspots Treatment Bhubaneswar,tan-removal,2023-02-13 13:00:55,558,,best-superlative;medical-review,WordPress form and Flamingo records intentionally excluded
https://www.radianceclinics.com/skin-pigmentation/,/skin-pigmentation/,page,publish,Pigmentation Treatment Bhubaneswar,skin-pigmentation,2023-02-15 14:12:07,569,,best-superlative;medical-review,WordPress form and Flamingo records intentionally excluded
https://www.radianceclinics.com/ear-piercing/,/ear-piercing/,page,publish,Ear Piercing,ear-piercing,2023-02-15 14:37:48,565,,guaranteed-claim;best-superlative;medical-review,WordPress form and Flamingo records intentionally excluded
https://www.radianceclinics.com/body-piercing/,/body-piercing/,page,publish,Body Piercing,body-piercing,2023-02-15 15:21:44,553,,best-superlative;medical-review,WordPress form and Flamingo records intentionally excluded
https://www.radianceclinics.com/dandruff-treatment/,/dandruff-treatment/,page,publish,Dandruff Treatment,dandruff-treatment,2023-02-23 06:15:48,561,,best-superlative;medical-review,WordPress form and Flamingo records intentionally excluded
https://www.radianceclinics.com/split-ear-repair/,/split-ear-repair/,page,publish,Split Ear Repair,split-ear-repair,2023-02-18 06:42:15,553,,permanence-claim;best-superlative;medical-review,WordPress form and Flamingo records intentionally excluded
https://www.radianceclinics.com/treatment/,/treatment/,page,publish,Treatment,treatment,2023-02-18 06:45:09,553,,best-superlative;medical-review,WordPress form and Flamingo records intentionally excluded
https://www.radianceclinics.com/laser-lipolysis-treatment/,/laser-lipolysis-treatment/,page,publish,Laser Lipolysis Treatment,laser-lipolysis-treatment,2023-02-23 06:35:10,568,,best-superlative;medical-review,WordPress form and Flamingo records intentionally excluded
https://www.radianceclinics.com/premature-hair-grey-treatment/,/premature-hair-grey-treatment/,page,publish,Premature Hair Grey Treatment,premature-hair-grey-treatment,2023-02-23 06:53:24,567,,best-superlative;medical-review,WordPress form and Flamingo records intentionally excluded
https://www.radianceclinics.com/alopecia-treatment/,/alopecia-treatment/,page,publish,Alopecia Treatment,alopecia-treatment,2023-02-23 07:07:11,554,,best-superlative;medical-review,WordPress form and Flamingo records intentionally excluded
https://www.radianceclinics.com/hair-regrowth-treatment/,/hair-regrowth-treatment/,page,publish,Hair Regrowth Treatment,hair-regrowth-treatment,2023-02-23 07:12:20,567,,best-superlative;medical-review,WordPress form and Flamingo records intentionally excluded
https://www.radianceclinics.com/inch-loss-treatment/,/inch-loss-treatment/,page,publish,Inch Loss Treatment,inch-loss-treatment,2023-02-23 07:17:54,569,,permanence-claim;best-superlative;medical-review,WordPress form and Flamingo records intentionally excluded
https://www.radianceclinics.com/body-reshaping-treatment/,/body-reshaping-treatment/,page,publish,Body Reshaping Treatment,body-reshaping-treatment,2023-02-23 07:26:45,570,,best-superlative;medical-review,WordPress form and Flamingo records intentionally excluded
https://www.radianceclinics.com/split-ear-repair-2/,/split-ear-repair-2/,page,publish,Split Ear Repair,split-ear-repair-2,2023-02-23 07:35:28,558,,permanence-claim;best-superlative;medical-review,WordPress form and Flamingo records intentionally excluded
https://www.radianceclinics.com/female-hair-transplant/,/female-hair-transplant/,page,publish,Female Hair Transplant,female-hair-transplant,2023-08-03 12:48:18,376,,best-superlative;medical-review,WordPress form and Flamingo records intentionally excluded
https://www.radianceclinics.com/laser-hair-removal-radiance/,/laser-hair-removal-radiance/,page,publish,Laser Hair Removal,laser-hair-removal-radiance,2023-08-09 09:45:10,725,,best-superlative;medical-review,WordPress form and Flamingo records intentionally excluded
https://www.radianceclinics.com/acne-scars/,/acne-scars/,page,publish,Acne Scars,acne-scars,2023-08-10 14:47:46,685,,best-superlative;medical-review,WordPress form and Flamingo records intentionally excluded
https://www.radianceclinics.com/invisible-facelift-at-bhubaneswar/,/invisible-facelift-at-bhubaneswar/,page,publish,Invisible Facelift,invisible-facelift-at-bhubaneswar,2023-08-10 15:39:09,358,,medical-review,WordPress form and Flamingo records intentionally excluded
https://www.radianceclinics.com/anti-wrinkle-radiance/,/anti-wrinkle-radiance/,page,publish,Anti Wrinkle,anti-wrinkle-radiance,2023-08-11 15:15:37,752,,medical-review,WordPress form and Flamingo records intentionally excluded
https://www.radianceclinics.com/mole-wart-removal/,/mole-wart-removal/,page,publish,Mole & Wart Removal,mole-wart-removal,2023-08-11 15:29:57,663,,best-superlative;medical-review,WordPress form and Flamingo records intentionally excluded
https://www.radianceclinics.com/weight-loss-radiance/,/weight-loss-radiance/,page,publish,Weight Loss Management,weight-loss-radiance,2023-08-11 16:02:14,620,,best-superlative;medical-review,WordPress form and Flamingo records intentionally excluded
https://www.radianceclinics.com/sunspot-removal/,/sunspot-removal/,page,publish,Sunspots Treatment Bhubaneswa,sunspot-removal,2023-08-13 08:12:43,500,,best-superlative;medical-review,WordPress form and Flamingo records intentionally excluded
https://www.radianceclinics.com/microdermabrasion-radiance/,/microdermabrasion-radiance/,page,publish,Microdermabrasion,microdermabrasion-radiance,2023-08-13 08:26:26,261,,best-superlative;medical-review,WordPress form and Flamingo records intentionally excluded
https://www.radianceclinics.com/laser-photo-rejuvenation-radiance/,/laser-photo-rejuvenation-radiance/,page,publish,Laser Photo Rejuvenation,laser-photo-rejuvenation-radiance,2023-08-13 08:35:04,325,,best-superlative;medical-review,WordPress form and Flamingo records intentionally excluded
https://www.radianceclinics.com/laser-re-surfacing/,/laser-re-surfacing/,page,publish,Laser Re-Surfacing,laser-re-surfacing,2023-08-13 08:52:57,495,,best-superlative;medical-review,WordPress form and Flamingo records intentionally excluded
https://www.radianceclinics.com/body-shaping-bhuabaneswar/,/body-shaping-bhuabaneswar/,page,publish,Body Shaping,body-shaping-bhuabaneswar,2023-08-13 09:20:59,752,,best-superlative;medical-review,WordPress form and Flamingo records intentionally excluded
https://www.radianceclinics.com/skin-brightening-solutions-radiance/,/skin-brightening-solutions-radiance/,page,publish,Skin Brightening Solutions,skin-brightening-solutions-radiance,2023-08-13 09:33:23,513,,best-superlative;medical-review;obsolete-technology-claim,WordPress form and Flamingo records intentionally excluded
https://www.radianceclinics.com/fillers/,/fillers/,page,publish,Fillers,fillers,2023-08-13 10:08:05,474,,best-superlative;medical-review,WordPress form and Flamingo records intentionally excluded
https://www.radianceclinics.com/tattoo-removal-radiance/,/tattoo-removal-radiance/,page,publish,Tattoo Removal,tattoo-removal-radiance,2023-08-13 10:19:31,239,,medical-review,WordPress form and Flamingo records intentionally excluded
https://www.radianceclinics.com/chemical-peel/,/chemical-peel/,page,publish,Chemical Peel,chemical-peel,2023-08-13 10:29:35,496,,best-superlative;medical-review,WordPress form and Flamingo records intentionally excluded
https://www.radianceclinics.com/vitiligo-3/,/vitiligo-3/,page,publish,Vitiligo Treatment,vitiligo-3,2023-08-13 10:47:34,886,,best-superlative;medical-review,WordPress form and Flamingo records intentionally excluded
https://www.radianceclinics.com/hair-loss-causes/,/hair-loss-causes/,page,publish,Causes Of Hair-Loss,hair-loss-causes,2023-08-13 14:07:28,408,,medical-review,WordPress form and Flamingo records intentionally excluded
https://www.radianceclinics.com/hair-loss-treatments/,/hair-loss-treatments/,page,publish,Hair Loss Treatments,hair-loss-treatments,2023-08-13 14:33:03,631,,medical-review,WordPress form and Flamingo records intentionally excluded
https://www.radianceclinics.com/hair-transplantation/,/hair-transplantation/,page,publish,Hair Transplant,hair-transplantation,2023-08-15 11:16:56,717,,best-superlative;medical-review,WordPress form and Flamingo records intentionally excluded
https://www.radianceclinics.com/scalp-micropigmentation/,/scalp-micropigmentation/,page,publish,Scalp Micropigmentation Bhubaneswar,scalp-micropigmentation,2023-08-15 11:22:15,548,,permanence-claim;medical-review,WordPress form and Flamingo records intentionally excluded
https://www.radianceclinics.com/bio-hair-transplant/,/bio-hair-transplant/,page,publish,Bio Hair Transplant,bio-hair-transplant,2023-08-15 11:40:43,470,,best-superlative;medical-review;obsolete-technology-claim,WordPress form and Flamingo records intentionally excluded
https://www.radianceclinics.com/high-density-hair-transplant/,/high-density-hair-transplant/,page,publish,High Density Hair Transplant,high-density-hair-transplant,2023-08-15 11:56:26,675,,medical-review,WordPress form and Flamingo records intentionally excluded
https://www.radianceclinics.com/beard-mustache-transplant/,/beard-mustache-transplant/,page,publish,Beard & Mustache Transplant,beard-mustache-transplant,2023-08-18 02:48:00,654,,best-superlative;medical-review,WordPress form and Flamingo records intentionally excluded
https://www.radianceclinics.com/bio-therapy-treatment/,/bio-therapy-treatment/,page,publish,Bio Therapy,bio-therapy-treatment,2023-08-18 03:04:57,424,,medical-review,WordPress form and Flamingo records intentionally excluded
https://www.radianceclinics.com/body-hair-transplant/,/body-hair-transplant/,page,publish,Body Hair Transplant,body-hair-transplant,2023-08-18 03:37:35,717,,best-superlative;medical-review,WordPress form and Flamingo records intentionally excluded
https://www.radianceclinics.com/hair-patch/,/hair-patch/,page,publish,Hair Patch and Hair Wig,hair-patch,2023-08-19 05:42:22,612,,best-superlative;medical-review,WordPress form and Flamingo records intentionally excluded
https://www.radianceclinics.com/hair-wig/,/hair-wig/,page,publish,Hair Wig,hair-wig,2023-08-19 06:10:47,659,,guaranteed-claim;permanence-claim;best-superlative;medical-review,WordPress form and Flamingo records intentionally excluded
https://www.radianceclinics.com/treatment/bridal-dermatology/,/treatment/bridal-dermatology/,page,publish,Bridal Dermatology,bridal-dermatology,2023-09-10 16:47:39,318,,medical-review,WordPress form and Flamingo records intentionally excluded
https://www.radianceclinics.com/treatment/pigmentation/,/treatment/pigmentation/,page,publish,Pigmentation,pigmentation,2023-09-14 10:32:23,149,,medical-review,WordPress form and Flamingo records intentionally excluded
https://www.radianceclinics.com/treatment/anti-ageing-therapies/,/treatment/anti-ageing-therapies/,page,publish,Anti Ageing Therapies,anti-ageing-therapies,2023-09-14 11:33:48,237,,medical-review,WordPress form and Flamingo records intentionally excluded
https://www.radianceclinics.com/treatment/hairfall/,/treatment/hairfall/,page,publish,Hairfall,hairfall,2023-09-14 11:49:00,163,,medical-review,WordPress form and Flamingo records intentionally excluded
https://www.radianceclinics.com/treatment/unwanted-hair/,/treatment/unwanted-hair/,page,publish,Unwanted Hair,unwanted-hair,2023-09-14 13:33:35,121,,medical-review,WordPress form and Flamingo records intentionally excluded
https://www.radianceclinics.com/treatment/stretch-marks/,/treatment/stretch-marks/,page,publish,Stretch Marks,stretch-marks,2023-09-14 14:59:15,132,,medical-review,WordPress form and Flamingo records intentionally excluded
https://www.radianceclinics.com/treatment/acne-scars/,/treatment/acne-scars/,page,publish,Acne Scars,acne-scars,2023-09-14 15:29:06,139,,medical-review,WordPress form and Flamingo records intentionally excluded
https://www.radianceclinics.com/treatment/acne-treatment/,/treatment/acne-treatment/,page,publish,Acne Treatment,acne-treatment,2023-09-14 15:29:38,136,,medical-review,WordPress form and Flamingo records intentionally excluded
https://www.radianceclinics.com/treatment/premium-services/,/treatment/premium-services/,page,publish,Premium Services,premium-services,2023-09-14 15:30:51,255,,medical-review;obsolete-technology-claim,WordPress form and Flamingo records intentionally excluded
https://www.radianceclinics.com/treatment/non-surgical-facial-enhancements/,/treatment/non-surgical-facial-enhancements/,page,publish,Non Surgical Facial Enhancements,non-surgical-facial-enhancements,2023-09-14 15:31:54,180,,medical-review,WordPress form and Flamingo records intentionally excluded
https://www.radianceclinics.com/treatment/bridal-dermatology/beardshaping/,/treatment/bridal-dermatology/beardshaping/,page,publish,Beard Shaping,beardshaping,2023-09-18 09:41:30,242,,medical-review,WordPress form and Flamingo records intentionally excluded
https://www.radianceclinics.com/treatment/bridal-dermatology/lasertoning/,/treatment/bridal-dermatology/lasertoning/,page,publish,Laser Toning,lasertoning,2023-09-18 12:01:49,260,,medical-review,WordPress form and Flamingo records intentionally excluded
https://www.radianceclinics.com/treatment/bridal-dermatology/lip-pigmentation-2/,/treatment/bridal-dermatology/lip-pigmentation-2/,page,publish,Lip Pigmentation,lip-pigmentation-2,2023-09-18 12:09:23,244,,permanence-claim;medical-review,WordPress form and Flamingo records intentionally excluded
https://www.radianceclinics.com/treatment/bridal-dermatology/permanentmakeup/,/treatment/bridal-dermatology/permanentmakeup/,page,publish,Permanent Makeup,permanentmakeup,2023-09-18 14:08:55,258,,best-superlative;medical-review,WordPress form and Flamingo records intentionally excluded
https://www.radianceclinics.com/treatment/bridal-dermatology/laser-hair-reduction/,/treatment/bridal-dermatology/laser-hair-reduction/,page,publish,Laser Hair Reduction,laser-hair-reduction,2023-09-18 14:15:28,257,,best-superlative;medical-review,WordPress form and Flamingo records intentionally excluded
https://www.radianceclinics.com/treatment/bridal-dermatology/photofacial/,/treatment/bridal-dermatology/photofacial/,page,publish,Photo Facial,photofacial,2023-09-18 14:44:35,240,,medical-review,WordPress form and Flamingo records intentionally excluded
https://www.radianceclinics.com/treatment/anti-ageing-therapies/ultherapy/,/treatment/anti-ageing-therapies/ultherapy/,page,publish,Ultherapy,ultherapy,2023-09-18 14:50:27,255,,medical-review,WordPress form and Flamingo records intentionally excluded
https://www.radianceclinics.com/treatment/bridal-dermatology/carbonpeel/,/treatment/bridal-dermatology/carbonpeel/,page,publish,Carbon Peel,carbonpeel,2023-09-18 15:16:47,252,,medical-review,WordPress form and Flamingo records intentionally excluded
https://www.radianceclinics.com/treatment/bridal-dermatology/acnecheck-treatment/,/treatment/bridal-dermatology/acnecheck-treatment/,page,publish,Acne Check Treatment,acnecheck-treatment,2023-09-19 12:53:29,249,,medical-review,WordPress form and Flamingo records intentionally excluded
https://www.radianceclinics.com/treatment/bridal-dermatology/mnrf-acne-scars/,/treatment/bridal-dermatology/mnrf-acne-scars/,page,publish,MNRF For Acne Scars,mnrf-acne-scars,2023-09-19 13:25:35,267,,medical-review,WordPress form and Flamingo records intentionally excluded
https://www.radianceclinics.com/treatment/bridal-dermatology/mnrf-stretch-marks/,/treatment/bridal-dermatology/mnrf-stretch-marks/,page,publish,MNRF For Stretch Marks,mnrf-stretch-marks,2023-09-19 13:50:47,258,,medical-review,WordPress form and Flamingo records intentionally excluded
https://www.radianceclinics.com/treatment/bridal-dermatology/derma-roller/,/treatment/bridal-dermatology/derma-roller/,page,publish,Dermaroller,derma-roller,2023-09-19 13:58:56,256,,medical-review,WordPress form and Flamingo records intentionally excluded
https://www.radianceclinics.com/treatment/bridal-dermatology/vampirefacial/,/treatment/bridal-dermatology/vampirefacial/,page,publish,Vampire Facial,vampirefacial,2023-09-19 14:03:30,249,,medical-review,WordPress form and Flamingo records intentionally excluded
https://www.radianceclinics.com/treatment/bridal-dermatology/under-eye-rejuvenation/,/treatment/bridal-dermatology/under-eye-rejuvenation/,page,publish,Under Eye Rejuvenation,under-eye-rejuvenation,2023-09-19 14:08:00,267,,best-superlative;medical-review,WordPress form and Flamingo records intentionally excluded
https://www.radianceclinics.com/treatment/bridal-dermatology/dermal-fillers/,/treatment/bridal-dermatology/dermal-fillers/,page,publish,Dermal Fillers,dermal-fillers,2023-09-19 14:09:08,262,,medical-review,WordPress form and Flamingo records intentionally excluded
https://www.radianceclinics.com/treatment/bridal-dermatology/hgp-for-hair/,/treatment/bridal-dermatology/hgp-for-hair/,page,publish,HGP For Hair,hgp-for-hair,2023-09-19 14:15:39,277,,medical-review,WordPress form and Flamingo records intentionally excluded
https://www.radianceclinics.com/treatment/bridal-dermatology/mesotherapy/,/treatment/bridal-dermatology/mesotherapy/,page,publish,Mesotherapy,mesotherapy,2023-09-19 14:23:04,261,,best-superlative;medical-review,WordPress form and Flamingo records intentionally excluded
https://www.radianceclinics.com/treatment/bridal-dermatology/mesofacials/,/treatment/bridal-dermatology/mesofacials/,page,publish,Mesofacials,mesofacials,2023-09-19 14:31:01,262,,medical-review,WordPress form and Flamingo records intentionally excluded
https://www.radianceclinics.com/treatment/pigmentation/power-glow/,/treatment/pigmentation/power-glow/,page,publish,Power Glow,power-glow,2023-09-19 14:52:48,249,,medical-review,WordPress form and Flamingo records intentionally excluded
https://www.radianceclinics.com/treatment/pigmentation/cosmelan-peel/,/treatment/pigmentation/cosmelan-peel/,page,publish,Cosmelan Peel,cosmelan-peel,2023-09-20 10:01:43,260,,medical-review,WordPress form and Flamingo records intentionally excluded
https://www.radianceclinics.com/treatment/pigmentation/chemical-peel/,/treatment/pigmentation/chemical-peel/,page,publish,Chemical  Peel,chemical-peel,2023-09-20 10:05:26,256,,medical-review,WordPress form and Flamingo records intentionally excluded
https://www.radianceclinics.com/treatment/pigmentation/mesotherapy/,/treatment/pigmentation/mesotherapy/,page,publish,Mesotherapy,mesotherapy,2023-09-20 10:09:06,255,,medical-review,WordPress form and Flamingo records intentionally excluded
https://www.radianceclinics.com/treatment/pigmentation/insta-glow/,/treatment/pigmentation/insta-glow/,page,publish,Insta Glow,insta-glow,2023-09-20 10:11:45,280,,medical-review,WordPress form and Flamingo records intentionally excluded
https://www.radianceclinics.com/treatment/pigmentation/laser-toning/,/treatment/pigmentation/laser-toning/,page,publish,Laser Toning,laser-toning,2023-09-20 10:14:52,266,,best-superlative;medical-review,WordPress form and Flamingo records intentionally excluded
https://www.radianceclinics.com/treatment/anti-ageing-therapies/age-reverse/,/treatment/anti-ageing-therapies/age-reverse/,page,publish,Age Reverse,age-reverse,2023-09-22 12:51:10,249,,medical-review,WordPress form and Flamingo records intentionally excluded
https://www.radianceclinics.com/treatment/anti-ageing-therapies/age-erase/,/treatment/anti-ageing-therapies/age-erase/,page,publish,Age Erase,age-erase,2023-09-22 13:31:11,247,,medical-review,WordPress form and Flamingo records intentionally excluded
https://www.radianceclinics.com/treatment/anti-ageing-therapies/pixel/,/treatment/anti-ageing-therapies/pixel/,page,publish,Pixel,pixel,2023-09-22 13:35:46,250,,medical-review,WordPress form and Flamingo records intentionally excluded
https://www.radianceclinics.com/treatment/anti-ageing-therapies/anti-ageing-laser/,/treatment/anti-ageing-therapies/anti-ageing-laser/,page,publish,Anti-Ageing Laser,anti-ageing-laser,2023-09-22 13:38:13,267,,medical-review,WordPress form and Flamingo records intentionally excluded
https://www.radianceclinics.com/treatment/anti-ageing-therapies/collagen-induction-therapy/,/treatment/anti-ageing-therapies/collagen-induction-therapy/,page,publish,Collagen Induction Therapy,collagen-induction-therapy,2023-09-22 13:40:50,261,,medical-review,WordPress form and Flamingo records intentionally excluded
https://www.radianceclinics.com/treatment/anti-ageing-therapies/prp-facelift/,/treatment/anti-ageing-therapies/prp-facelift/,page,publish,PRP Facelift,prp-facelift,2023-09-22 13:44:45,261,,medical-review,WordPress form and Flamingo records intentionally excluded
https://www.radianceclinics.com/treatment/anti-ageing-therapies/hyaluronic-acid-therapy/,/treatment/anti-ageing-therapies/hyaluronic-acid-therapy/,page,publish,Hyaluronic Acid Therapy,hyaluronic-acid-therapy,2023-09-22 13:50:18,253,,medical-review,WordPress form and Flamingo records intentionally excluded
https://www.radianceclinics.com/treatment/anti-ageing-therapies/filler/,/treatment/anti-ageing-therapies/filler/,page,publish,Filler,filler,2023-09-22 13:55:10,258,,medical-review,WordPress form and Flamingo records intentionally excluded
https://www.radianceclinics.com/treatment/anti-ageing-therapies/thread-lift/,/treatment/anti-ageing-therapies/thread-lift/,page,publish,Thread Lift,thread-lift,2023-09-22 13:58:21,251,,medical-review,WordPress form and Flamingo records intentionally excluded
https://www.radianceclinics.com/treatment/anti-ageing-therapies/ipl-therapy-photofacial/,/treatment/anti-ageing-therapies/ipl-therapy-photofacial/,page,publish,IPL Therapy / Photofacial,ipl-therapy-photofacial,2023-09-22 14:00:36,296,,medical-review,WordPress form and Flamingo records intentionally excluded
https://www.radianceclinics.com/treatment/anti-ageing-therapies/high-intensity-focused-ultrasound/,/treatment/anti-ageing-therapies/high-intensity-focused-ultrasound/,page,publish,High-Intensity Focused Ultrasound,high-intensity-focused-ultrasound,2023-09-22 14:05:22,260,,medical-review,WordPress form and Flamingo records intentionally excluded
https://www.radianceclinics.com/treatment/unwanted-hair/beard-shaping/,/treatment/unwanted-hair/beard-shaping/,page,publish,Beard Shaping,beard-shaping,2023-09-22 14:09:54,263,,medical-review,WordPress form and Flamingo records intentionally excluded
https://www.radianceclinics.com/treatment/unwanted-hair/soprano-ice/,/treatment/unwanted-hair/soprano-ice/,page,publish,Soprano ICE,soprano-ice,2023-09-22 14:15:21,273,,medical-review,WordPress form and Flamingo records intentionally excluded
https://www.radianceclinics.com/treatment/unwanted-hair/diode-laser/,/treatment/unwanted-hair/diode-laser/,page,publish,Diode Laser,diode-laser,2023-09-22 14:16:14,262,,guaranteed-claim;permanence-claim;medical-review,WordPress form and Flamingo records intentionally excluded
https://www.radianceclinics.com/treatment/unwanted-hair/aft-laser/,/treatment/unwanted-hair/aft-laser/,page,publish,AFT Laser,aft-laser,2023-09-22 14:16:56,261,,medical-review,WordPress form and Flamingo records intentionally excluded
https://www.radianceclinics.com/treatment/stretch-marks/pixigenus-stretch-marks/,/treatment/stretch-marks/pixigenus-stretch-marks/,page,publish,Pixigenus Stretch Marks,pixigenus-stretch-marks,2023-09-22 14:24:42,253,,medical-review,WordPress form and Flamingo records intentionally excluded
https://www.radianceclinics.com/treatment/stretch-marks/tixel/,/treatment/stretch-marks/tixel/,page,publish,Tixel,tixel,2023-09-22 14:30:30,244,,medical-review,WordPress form and Flamingo records intentionally excluded
https://www.radianceclinics.com/treatment/stretch-marks/dermaroller/,/treatment/stretch-marks/dermaroller/,page,publish,Dermaroller,dermaroller,2023-09-22 14:34:08,248,,medical-review,WordPress form and Flamingo records intentionally excluded
https://www.radianceclinics.com/treatment/stretch-marks/erbium-fibre-laser/,/treatment/stretch-marks/erbium-fibre-laser/,page,publish,Erbium Fibre Laser,erbium-fibre-laser,2023-09-22 14:36:41,257,,medical-review,WordPress form and Flamingo records intentionally excluded
https://www.radianceclinics.com/treatment/stretch-marks/prp/,/treatment/stretch-marks/prp/,page,publish,PRP,prp,2023-09-22 14:38:47,255,,medical-review,WordPress form and Flamingo records intentionally excluded
https://www.radianceclinics.com/treatment/premium-services/aqua-skin-whitening-shots/,/treatment/premium-services/aqua-skin-whitening-shots/,page,publish,Aqua Skin Whitening Shots,aqua-skin-whitening-shots,2023-09-23 09:48:51,256,,medical-review;obsolete-technology-claim,WordPress form and Flamingo records intentionally excluded
https://www.radianceclinics.com/treatment/premium-services/gluta-c-shots/,/treatment/premium-services/gluta-c-shots/,page,publish,Gluta C Shots,gluta-c-shots,2023-09-23 09:52:24,252,,medical-review,WordPress form and Flamingo records intentionally excluded
https://www.radianceclinics.com/treatment/premium-services/hydra-facial/,/treatment/premium-services/hydra-facial/,page,publish,Hydra Facial,hydra-facial,2023-09-23 09:55:10,250,,medical-review,WordPress form and Flamingo records intentionally excluded
https://www.radianceclinics.com/treatment/premium-services/radiance-3d/,/treatment/premium-services/radiance-3d/,page,publish,Radiance 3D,radiance-3d,2023-09-23 10:00:13,252,,medical-review,WordPress form and Flamingo records intentionally excluded
https://www.radianceclinics.com/treatment/premium-services/iv-infusions/,/treatment/premium-services/iv-infusions/,page,publish,IV Infusions,iv-infusions,2023-09-23 10:04:07,245,,medical-review,WordPress form and Flamingo records intentionally excluded
https://www.radianceclinics.com/treatment/premium-services/peels/,/treatment/premium-services/peels/,page,publish,Peels,peels,2023-09-23 10:09:48,241,,medical-review,WordPress form and Flamingo records intentionally excluded
https://www.radianceclinics.com/treatment/premium-services/laser-facial/,/treatment/premium-services/laser-facial/,page,publish,Laser Facial,laser-facial,2023-09-23 10:13:23,243,,medical-review,WordPress form and Flamingo records intentionally excluded
https://www.radianceclinics.com/treatment/premium-services/lip-pigmentation/,/treatment/premium-services/lip-pigmentation/,page,publish,Lip Pigmentation,lip-pigmentation,2023-09-23 10:18:02,269,,medical-review,WordPress form and Flamingo records intentionally excluded
https://www.radianceclinics.com/treatment/premium-services/permanent-makeup/,/treatment/premium-services/permanent-makeup/,page,publish,Permanent Makeup,permanent-makeup,2023-09-23 10:23:01,269,,permanence-claim;medical-review,WordPress form and Flamingo records intentionally excluded
https://www.radianceclinics.com/treatment/premium-services/4d-photofacial/,/treatment/premium-services/4d-photofacial/,page,publish,4D Photofacial,4d-photofacial,2023-09-23 10:25:01,243,,medical-review,WordPress form and Flamingo records intentionally excluded
https://www.radianceclinics.com/treatment/premium-services/insta-glam/,/treatment/premium-services/insta-glam/,page,publish,Insta-Glam,insta-glam,2023-09-23 10:25:43,258,,best-superlative;medical-review,WordPress form and Flamingo records intentionally excluded
https://www.radianceclinics.com/treatment/premium-services/hydra-revive/,/treatment/premium-services/hydra-revive/,page,publish,Hydra Revive,hydra-revive,2023-09-23 10:28:54,243,,medical-review,WordPress form and Flamingo records intentionally excluded
https://www.radianceclinics.com/treatment/premium-services/photofacials/,/treatment/premium-services/photofacials/,page,publish,Photofacials,photofacials,2023-09-23 10:32:09,242,,medical-review,WordPress form and Flamingo records intentionally excluded
https://www.radianceclinics.com/treatment/non-surgical-facial-enhancements/lip-enhancement/,/treatment/non-surgical-facial-enhancements/lip-enhancement/,page,publish,Lip Enhancement,lip-enhancement,2023-09-23 10:36:55,256,,medical-review,WordPress form and Flamingo records intentionally excluded
https://www.radianceclinics.com/treatment/non-surgical-facial-enhancements/nose-enhancement/,/treatment/non-surgical-facial-enhancements/nose-enhancement/,page,publish,Nose Enhancement,nose-enhancement,2023-09-23 10:42:01,258,,medical-review,WordPress form and Flamingo records intentionally excluded
https://www.radianceclinics.com/treatment/non-surgical-facial-enhancements/cheek-enhancement/,/treatment/non-surgical-facial-enhancements/cheek-enhancement/,page,publish,Cheek Enhancement,cheek-enhancement,2023-09-23 10:45:30,253,,medical-review,WordPress form and Flamingo records intentionally excluded
https://www.radianceclinics.com/treatment/hairfall/advanced-stemcellow/,/treatment/hairfall/advanced-stemcellow/,page,publish,Advanced Stemcellow,advanced-stemcellow,2023-09-23 10:51:59,254,,medical-review;obsolete-technology-claim,WordPress form and Flamingo records intentionally excluded
https://www.radianceclinics.com/treatment/hairfall/root-restore-therapy/,/treatment/hairfall/root-restore-therapy/,page,publish,Root Restore Therapy,root-restore-therapy,2023-09-23 10:57:02,272,,best-superlative;medical-review,WordPress form and Flamingo records intentionally excluded
https://www.radianceclinics.com/treatment/hairfall/advanced-hgp/,/treatment/hairfall/advanced-hgp/,page,publish,Advanced HGP,advanced-hgp,2023-09-23 11:00:59,267,,medical-review,WordPress form and Flamingo records intentionally excluded
https://www.radianceclinics.com/treatment/hairfall/mesotherapy/,/treatment/hairfall/mesotherapy/,page,publish,Mesotherapy,mesotherapy,2023-09-23 11:03:32,262,,medical-review,WordPress form and Flamingo records intentionally excluded
https://www.radianceclinics.com/treatment/hairfall/prp/,/treatment/hairfall/prp/,page,publish,PRP,prp,2023-09-23 11:06:12,598,,medical-review,WordPress form and Flamingo records intentionally excluded
https://www.radianceclinics.com/treatment/hairfall/gfc/,/treatment/hairfall/gfc/,page,publish,GFC,gfc,2023-09-23 11:08:13,550,,best-superlative;medical-review,WordPress form and Flamingo records intentionally excluded
https://www.radianceclinics.com/treatment/hairfall/hair-transplant/,/treatment/hairfall/hair-transplant/,page,publish,Hair Transplant,hair-transplant,2023-09-23 11:10:06,263,,permanence-claim;medical-review,WordPress form and Flamingo records intentionally excluded
https://www.radianceclinics.com/treatment/acne-treatment/acne-zap-laser/,/treatment/acne-treatment/acne-zap-laser/,page,publish,Acne Zap Laser,acne-zap-laser,2023-09-23 11:16:01,257,,medical-review,WordPress form and Flamingo records intentionally excluded
https://www.radianceclinics.com/treatment/acne-treatment/acne-erase/,/treatment/acne-treatment/acne-erase/,page,publish,Acne Erase,acne-erase,2023-09-23 11:18:49,242,,medical-review,WordPress form and Flamingo records intentionally excluded
https://www.radianceclinics.com/treatment/acne-treatment/carbon-laser-peel/,/treatment/acne-treatment/carbon-laser-peel/,page,publish,Carbon Laser Peel,carbon-laser-peel,2023-09-23 11:24:05,259,,medical-review,WordPress form and Flamingo records intentionally excluded
https://www.radianceclinics.com/treatment/acne-treatment/diamond-polishing/,/treatment/acne-treatment/diamond-polishing/,page,publish,Diamond Polishing,diamond-polishing,2023-09-23 11:27:22,243,,medical-review,WordPress form and Flamingo records intentionally excluded
https://www.radianceclinics.com/treatment/acne-treatment/acne-check-peel/,/treatment/acne-treatment/acne-check-peel/,page,publish,Acne Check Peel,acne-check-peel,2023-09-23 11:29:56,242,,medical-review,WordPress form and Flamingo records intentionally excluded
https://www.radianceclinics.com/treatment/acne-scars/pixel/,/treatment/acne-scars/pixel/,page,publish,Pixel,pixel,2023-09-23 11:32:56,248,,medical-review,WordPress form and Flamingo records intentionally excluded
https://www.radianceclinics.com/treatment/acne-scars/dermaroller/,/treatment/acne-scars/dermaroller/,page,publish,Dermaroller,dermaroller,2023-09-23 11:50:34,279,,medical-review,WordPress form and Flamingo records intentionally excluded
https://www.radianceclinics.com/treatment/acne-scars/erbium-fiber-laser/,/treatment/acne-scars/erbium-fiber-laser/,page,publish,Erbium Fiber Laser,erbium-fiber-laser,2023-09-23 11:52:56,252,,medical-review,WordPress form and Flamingo records intentionally excluded
https://www.radianceclinics.com/treatment/acne-scars/fractional-co2-laser/,/treatment/acne-scars/fractional-co2-laser/,page,publish,Fractional Co2 Laser,fractional-co2-laser,2023-09-23 11:55:29,274,,medical-review,WordPress form and Flamingo records intentionally excluded
https://www.radianceclinics.com/treatment/acne-scars/prp-subsicion/,/treatment/acne-scars/prp-subsicion/,page,publish,PRP Subsicion,prp-subsicion,2023-09-23 11:57:52,252,,medical-review,WordPress form and Flamingo records intentionally excluded
https://www.radianceclinics.com/treatment/bridal-dermatology/laser-facials/,/treatment/bridal-dermatology/laser-facials/,page,publish,Laser Facials,laser-facials,2023-09-24 07:15:31,245,,best-superlative;medical-review,WordPress form and Flamingo records intentionally excluded
https://www.radianceclinics.com/conditions/,/conditions/,page,publish,Conditions,conditions,2023-09-25 11:28:55,0,,,WordPress form and Flamingo records intentionally excluded
https://www.radianceclinics.com/conditions/acne/,/conditions/acne/,page,publish,Acne,acne,2023-09-25 11:31:42,318,,medical-review,WordPress form and Flamingo records intentionally excluded
https://www.radianceclinics.com/conditions/hairfall/hairfall-in-men/,/conditions/hairfall/hairfall-in-men/,page,publish,Hairfall In Men,hairfall-in-men,2023-09-25 13:23:22,312,,medical-review,WordPress form and Flamingo records intentionally excluded
https://www.radianceclinics.com/conditions/hairfall/,/conditions/hairfall/,page,publish,Hairfall,hairfall,2023-09-25 13:23:59,131,,medical-review,WordPress form and Flamingo records intentionally excluded
https://www.radianceclinics.com/conditions/antiageing/,/conditions/antiageing/,page,publish,Antiageing,antiageing,2023-09-25 13:31:35,159,,medical-review,WordPress form and Flamingo records intentionally excluded
https://www.radianceclinics.com/conditions/hairfall/hairfall-in-women/,/conditions/hairfall/hairfall-in-women/,page,publish,Hairfall In Women,hairfall-in-women,2023-09-26 01:47:08,341,,medical-review,WordPress form and Flamingo records intentionally excluded
https://www.radianceclinics.com/conditions/hairfall/dandruffs/,/conditions/hairfall/dandruffs/,page,publish,Dandruff,dandruffs,2023-09-26 01:59:42,308,,medical-review,WordPress form and Flamingo records intentionally excluded
https://www.radianceclinics.com/conditions/hairfall/premature-grey/,/conditions/hairfall/premature-grey/,page,publish,Premature Greying,premature-grey,2023-09-26 02:07:01,279,,best-superlative;medical-review,WordPress form and Flamingo records intentionally excluded
https://www.radianceclinics.com/conditions/hairfall/alopecia-areata/,/conditions/hairfall/alopecia-areata/,page,publish,Alopecia Areata,alopecia-areata,2023-09-26 02:10:32,276,,best-superlative;medical-review,WordPress form and Flamingo records intentionally excluded
https://www.radianceclinics.com/conditions/hairfall/scarring-alopecia/,/conditions/hairfall/scarring-alopecia/,page,publish,Scarring Alopecia,scarring-alopecia,2023-09-26 02:17:47,275,,medical-review,WordPress form and Flamingo records intentionally excluded
https://www.radianceclinics.com/conditions/antiageing/wrinkle/,/conditions/antiageing/wrinkle/,page,publish,Wrinkles,wrinkle,2023-09-26 02:31:11,292,,best-superlative;medical-review,WordPress form and Flamingo records intentionally excluded
https://www.radianceclinics.com/conditions/antiageing/sagging-skin/,/conditions/antiageing/sagging-skin/,page,publish,Sagging Skin,sagging-skin,2023-09-26 02:39:26,295,,medical-review,WordPress form and Flamingo records intentionally excluded
https://www.radianceclinics.com/conditions/antiageing/deep-fold/,/conditions/antiageing/deep-fold/,page,publish,Deep Folds,deep-fold,2023-09-26 02:48:45,322,,best-superlative;medical-review,WordPress form and Flamingo records intentionally excluded
https://www.radianceclinics.com/conditions/antiageing/crows-feet/,/conditions/antiageing/crows-feet/,page,publish,Crows Feet,crows-feet,2023-09-26 03:00:06,305,,medical-review,WordPress form and Flamingo records intentionally excluded
https://www.radianceclinics.com/conditions/antiageing/neck-line/,/conditions/antiageing/neck-line/,page,publish,Neck Lines,neck-line,2023-09-26 03:06:02,319,,medical-review,WordPress form and Flamingo records intentionally excluded
https://www.radianceclinics.com/conditions/antiageing/age-spot/,/conditions/antiageing/age-spot/,page,publish,Age Spots,age-spot,2023-09-26 03:06:30,302,,medical-review,WordPress form and Flamingo records intentionally excluded
https://www.radianceclinics.com/conditions/antiageing/forehead-line/,/conditions/antiageing/forehead-line/,page,publish,Forehead Lines,forehead-line,2023-09-26 03:07:58,300,,medical-review,WordPress form and Flamingo records intentionally excluded
https://www.radianceclinics.com/conditions/acne-scar-removal/,/conditions/acne-scar-removal/,page,publish,Acne Scar Removal,acne-scar-removal,2023-09-26 09:44:15,307,,medical-review,WordPress form and Flamingo records intentionally excluded
https://www.radianceclinics.com/conditions/melasma/,/conditions/melasma/,page,publish,Melasma,melasma,2023-09-26 09:52:34,273,,medical-review,WordPress form and Flamingo records intentionally excluded
https://www.radianceclinics.com/conditions/freckles/,/conditions/freckles/,page,publish,Freckles,freckles,2023-09-26 09:55:50,330,,medical-review,WordPress form and Flamingo records intentionally excluded
https://www.radianceclinics.com/conditions/rosacea/,/conditions/rosacea/,page,publish,Rosacea,rosacea,2023-09-26 10:00:44,275,,best-superlative;medical-review,WordPress form and Flamingo records intentionally excluded
https://www.radianceclinics.com/conditions/pigmentation-removal/,/conditions/pigmentation-removal/,page,publish,Pigmentation Removal,pigmentation-removal,2023-09-26 10:06:09,292,,medical-review,WordPress form and Flamingo records intentionally excluded
https://www.radianceclinics.com/conditions/skin-growth/,/conditions/skin-growth/,page,publish,Skin Growth,skin-growth,2023-09-26 11:43:32,280,,medical-review,WordPress form and Flamingo records intentionally excluded
https://www.radianceclinics.com/conditions/fungal-infection/,/conditions/fungal-infection/,page,publish,Fungal Infection,fungal-infection,2023-09-26 11:48:19,314,,best-superlative;medical-review,WordPress form and Flamingo records intentionally excluded
https://www.radianceclinics.com/conditions/urticaria/,/conditions/urticaria/,page,publish,Urticaria,urticaria,2023-09-26 11:54:38,270,,medical-review,WordPress form and Flamingo records intentionally excluded
https://www.radianceclinics.com/conditions/contact-dermatitis/,/conditions/contact-dermatitis/,page,publish,Contact Dermatitis,contact-dermatitis,2023-09-26 12:13:02,292,,medical-review,WordPress form and Flamingo records intentionally excluded
https://www.radianceclinics.com/conditions/eczema/,/conditions/eczema/,page,publish,Eczema,eczema,2023-09-26 12:15:36,280,,medical-review,WordPress form and Flamingo records intentionally excluded
https://www.radianceclinics.com/conditions/open-pores/,/conditions/open-pores/,page,publish,Open Pores,open-pores,2023-09-26 14:38:58,302,,medical-review,WordPress form and Flamingo records intentionally excluded
https://www.radianceclinics.com/conditions/atopic-dermatitis/,/conditions/atopic-dermatitis/,page,publish,Atopic Dermatitis,atopic-dermatitis,2023-09-26 14:45:15,279,,medical-review,WordPress form and Flamingo records intentionally excluded
https://www.radianceclinics.com/conditions/seborrheic-dermatitis/,/conditions/seborrheic-dermatitis/,page,publish,Sebottheic Dermatitis,seborrheic-dermatitis,2023-09-26 14:48:03,287,,medical-review,WordPress form and Flamingo records intentionally excluded
https://www.radianceclinics.com/conditions/psoriasis/,/conditions/psoriasis/,page,publish,Psoriasis,psoriasis,2023-09-26 15:05:52,280,,medical-review,WordPress form and Flamingo records intentionally excluded
https://www.radianceclinics.com/conditions/vitiligo/,/conditions/vitiligo/,page,publish,Vitiligo,vitiligo,2023-09-26 15:08:40,288,,best-superlative;medical-review,WordPress form and Flamingo records intentionally excluded
https://www.radianceclinics.com/conditions/laser-tattoo-removal/,/conditions/laser-tattoo-removal/,page,publish,Laser Tattoo Removal,laser-tattoo-removal,2023-09-26 15:11:26,266,,medical-review,WordPress form and Flamingo records intentionally excluded
https://www.radianceclinics.com/conditions/body-hair/,/conditions/body-hair/,page,publish,Body Hair,body-hair,2023-09-26 15:13:39,275,,medical-review,WordPress form and Flamingo records intentionally excluded
https://www.radianceclinics.com/conditions/pcod/,/conditions/pcod/,page,publish,PCOD,pcod,2023-09-26 15:28:29,278,,medical-review,WordPress form and Flamingo records intentionally excluded
https://www.radianceclinics.com/conditions/spider-veins/,/conditions/spider-veins/,page,publish,Spider Veins,spider-veins,2023-09-26 15:29:04,305,,medical-review,WordPress form and Flamingo records intentionally excluded
https://www.radianceclinics.com/conditions/stretch-marks-removal/,/conditions/stretch-marks-removal/,page,publish,Stretch Marks Removal,stretch-marks-removal,2023-09-26 15:31:00,303,,medical-review,WordPress form and Flamingo records intentionally excluded
https://www.radianceclinics.com/conditions/dark-circles/,/conditions/dark-circles/,page,publish,Dark Circles,dark-circles,2023-09-26 15:35:36,306,,medical-review,WordPress form and Flamingo records intentionally excluded
https://www.radianceclinics.com/conditions/keloid/,/conditions/keloid/,page,publish,Keloid,keloid,2023-09-26 15:36:14,203,,medical-review,WordPress form and Flamingo records intentionally excluded
https://www.radianceclinics.com/conditions/pseudo-acanthosis-nigricans/,/conditions/pseudo-acanthosis-nigricans/,page,publish,Pseudo Acanthosis Nigricans,pseudo-acanthosis-nigricans,2023-09-26 15:37:00,272,,medical-review,WordPress form and Flamingo records intentionally excluded
https://www.radianceclinics.com/conditions/ingrowing-toe-nails/,/conditions/ingrowing-toe-nails/,page,publish,Ingrowing Toe Nails,ingrowing-toe-nails,2023-09-26 15:37:37,285,,medical-review,WordPress form and Flamingo records intentionally excluded
https://www.radianceclinics.com/post-hair-transplant-recovery-guide/,/post-hair-transplant-recovery-guide/,page,publish,Post-Hair Transplant Recovery Guide,post-hair-transplant-recovery-guide,2025-04-19 12:15:14,538,,medical-review,WordPress form and Flamingo records intentionally excluded
https://www.radianceclinics.com/treatment/non-surgical-facial-enhancements/ombrepowder-eyebrows/,/treatment/non-surgical-facial-enhancements/ombrepowder-eyebrows/,page,publish,Ombrepowder Eyebrows,ombrepowder-eyebrows,2025-05-13 06:36:12,403,,permanence-claim;best-superlative;medical-review,WordPress form and Flamingo records intentionally excluded
https://www.radianceclinics.com/treatment/non-surgical-facial-enhancements/micro-blading/,/treatment/non-surgical-facial-enhancements/micro-blading/,page,publish,Micro Blading,micro-blading,2025-05-13 06:55:12,396,,best-superlative;medical-review,WordPress form and Flamingo records intentionally excluded
https://www.radianceclinics.com/post/top-5-ways-the-millennial-use-for-better-hair-and-skin/,/post/top-5-ways-the-millennial-use-for-better-hair-and-skin/,post,publish,Top 5 Ways the Millennial use for Better Hair and Skin,top-5-ways-the-millennial-use-for-better-hair-and-skin,2021-12-07 08:32:09,508,,medical-review,WordPress form and Flamingo records intentionally excluded
https://www.radianceclinics.com/post/best-treatment-for-a-healthy-hair-and-skin/,/post/best-treatment-for-a-healthy-hair-and-skin/,post,publish,Best Treatment For a Healthy Hair and Skin,best-treatment-for-a-healthy-hair-and-skin,2021-12-07 15:23:49,614,,best-superlative;medical-review,WordPress form and Flamingo records intentionally excluded
https://www.radianceclinics.com/post/botox-treatment/,/post/botox-treatment/,post,publish,Botox Treatment,botox-treatment,2021-12-14 15:35:06,372,,best-superlative;medical-review,WordPress form and Flamingo records intentionally excluded
https://www.radianceclinics.com/post/are-fillers-treatments-safe/,/post/are-fillers-treatments-safe/,post,publish,Are Fillers Treatments Safe?,are-fillers-treatments-safe,2021-12-14 15:39:24,470,,best-superlative;medical-review,WordPress form and Flamingo records intentionally excluded
https://www.radianceclinics.com/post/laser-hair-removal/,/post/laser-hair-removal/,post,publish,Laser Hair Removal,laser-hair-removal,2021-12-15 15:45:26,410,,best-superlative;medical-review,WordPress form and Flamingo records intentionally excluded
https://www.radianceclinics.com/post/hair-loss-treatment/,/post/hair-loss-treatment/,post,publish,Hair Loss Treatment,hair-loss-treatment,2021-12-30 15:50:12,331,,best-superlative;medical-review;obsolete-technology-claim,WordPress form and Flamingo records intentionally excluded
https://www.radianceclinics.com/post/non-surgical-hair-replacement/,/post/non-surgical-hair-replacement/,post,publish,Non-Surgical Hair Replacement,non-surgical-hair-replacement,2021-12-30 15:53:03,298,,guaranteed-claim;best-superlative;medical-review,WordPress form and Flamingo records intentionally excluded
https://www.radianceclinics.com/post/hair-treatment-doctor-near-me/,/post/hair-treatment-doctor-near-me/,post,publish,Hair Treatment Doctor Near Me,hair-treatment-doctor-near-me,2021-12-30 15:56:54,308,,best-superlative;medical-review,WordPress form and Flamingo records intentionally excluded
https://www.radianceclinics.com/post/skin-and-hair-specialist-near-me/,/post/skin-and-hair-specialist-near-me/,post,publish,Skin And Hair Specialist Near Me,skin-and-hair-specialist-near-me,2021-12-31 15:59:57,316,,best-superlative;medical-review,WordPress form and Flamingo records intentionally excluded
https://www.radianceclinics.com/post/radiance-skin-hair-clinic/,/post/radiance-skin-hair-clinic/,post,publish,Radiance Skin & Hair Clinic,radiance-skin-hair-clinic,2021-12-30 16:04:36,309,,guaranteed-claim;best-superlative;medical-review;obsolete-technology-claim,WordPress form and Flamingo records intentionally excluded
https://www.radianceclinics.com/post/hair-transplants-what-to-expect/,/post/hair-transplants-what-to-expect/,post,publish,HAIR TRANSPLANTS: WHAT TO EXPECT?,hair-transplants-what-to-expect,2022-01-27 16:07:09,192,,guaranteed-claim;best-superlative;medical-review,WordPress form and Flamingo records intentionally excluded
https://www.radianceclinics.com/post/advantages-of-online-dermatologist-consultations/,/post/advantages-of-online-dermatologist-consultations/,post,publish,Advantages of Online Dermatologist Consultations,advantages-of-online-dermatologist-consultations,2022-01-31 16:11:25,434,,best-superlative;medical-review,WordPress form and Flamingo records intentionally excluded
https://www.radianceclinics.com/post/%e0%ac%85%e0%ac%a8%e0%ac%b2%e0%ac%be%e0%ac%87%e0%ac%a8%e0%ad%8d-%e0%ac%9a%e0%ac%b0%e0%ad%8d%e0%ac%ae%e0%ac%b0%e0%ad%8b%e0%ac%97-%e0%ac%ac%e0%ac%bf%e0%ac%b6%e0%ad%87%e0%ac%b7%e0%ac%9c%e0%ad%8d%e0%ac%9e/,/post/%e0%ac%85%e0%ac%a8%e0%ac%b2%e0%ac%be%e0%ac%87%e0%ac%a8%e0%ad%8d-%e0%ac%9a%e0%ac%b0%e0%ad%8d%e0%ac%ae%e0%ac%b0%e0%ad%8b%e0%ac%97-%e0%ac%ac%e0%ac%bf%e0%ac%b6%e0%ad%87%e0%ac%b7%e0%ac%9c%e0%ad%8d%e0%ac%9e/,post,publish,ଅନଲାଇନ୍ ଚର୍ମରୋଗ ବିଶେଷଜ୍ଞଙ୍କ ଉପକାରିତା,%e0%ac%85%e0%ac%a8%e0%ac%b2%e0%ac%be%e0%ac%87%e0%ac%a8%e0%ad%8d-%e0%ac%9a%e0%ac%b0%e0%ad%8d%e0%ac%ae%e0%ac%b0%e0%ad%8b%e0%ac%97-%e0%ac%ac%e0%ac%bf%e0%ac%b6%e0%ad%87%e0%ac%b7%e0%ac%9c%e0%ad%8d%e0%ac%9e,2022-01-31 16:13:54,445,,,WordPress form and Flamingo records intentionally excluded
https://www.radianceclinics.com/post/using-botox-and-fillers-for-anti-aging-treatments/,/post/using-botox-and-fillers-for-anti-aging-treatments/,post,publish,Using Botox and Fillers for Anti-Aging Treatments,using-botox-and-fillers-for-anti-aging-treatments,2022-02-02 16:16:00,404,,best-superlative;medical-review,WordPress form and Flamingo records intentionally excluded
https://www.radianceclinics.com/post/hair-loss-and-hair-thinning/,/post/hair-loss-and-hair-thinning/,post,publish,Hair Loss and Hair Thinning,hair-loss-and-hair-thinning,2022-02-04 16:19:35,902,,best-superlative;medical-review,WordPress form and Flamingo records intentionally excluded
https://www.radianceclinics.com/post/%e0%ac%b2%e0%ad%87%e0%ac%9c%e0%ac%b0-%e0%ac%b9%e0%ad%87%e0%ad%9f%e0%ac%be%e0%ac%b0-%e0%ac%b0%e0%ac%bf%e0%ac%ae%e0%ad%81%e0%ac%ad%e0%ac%be%e0%ac%b2%e0%ad%8d-%e0%ac%b0-%e0%ac%89%e0%ac%aa%e0%ac%95/,/post/%e0%ac%b2%e0%ad%87%e0%ac%9c%e0%ac%b0-%e0%ac%b9%e0%ad%87%e0%ad%9f%e0%ac%be%e0%ac%b0-%e0%ac%b0%e0%ac%bf%e0%ac%ae%e0%ad%81%e0%ac%ad%e0%ac%be%e0%ac%b2%e0%ad%8d-%e0%ac%b0-%e0%ac%89%e0%ac%aa%e0%ac%95/,post,publish,ଲେଜର ହେୟାର ରିମୁଭାଲ୍ ର ଉପକାରିତା,%e0%ac%b2%e0%ad%87%e0%ac%9c%e0%ac%b0-%e0%ac%b9%e0%ad%87%e0%ad%9f%e0%ac%be%e0%ac%b0-%e0%ac%b0%e0%ac%bf%e0%ac%ae%e0%ad%81%e0%ac%ad%e0%ac%be%e0%ac%b2%e0%ad%8d-%e0%ac%b0-%e0%ac%89%e0%ac%aa%e0%ac%95,2022-02-03 16:18:42,571,,,WordPress form and Flamingo records intentionally excluded
https://www.radianceclinics.com/treatment/non-surgical-facial-enhancements/lip-vitiligo-correction/,/treatment/non-surgical-facial-enhancements/lip-vitiligo-correction/,page,publish,Lip Vitiligo Correction,lip-vitiligo-correction,2025-05-13 12:32:35,406,,permanence-claim;medical-review,WordPress form and Flamingo records intentionally excluded
https://www.radianceclinics.com/treatment/non-surgical-facial-enhancements/lip-blushing/,/treatment/non-surgical-facial-enhancements/lip-blushing/,page,publish,Lip Blushing,lip-blushing,2025-05-13 12:59:46,406,,medical-review,WordPress form and Flamingo records intentionally excluded
https://www.radianceclinics.com/dermatology-clinic-in-bhubaneswar/,/dermatology-clinic-in-bhubaneswar/,page,publish,Dermatology Clinic in Bhubaneswar,dermatology-clinic-in-bhubaneswar,2025-10-06 04:57:10,664,,best-superlative;medical-review;obsolete-technology-claim,WordPress form and Flamingo records intentionally excluded
https://www.radianceclinics.com/frequently-asked-questions/,/frequently-asked-questions/,page,publish,Frequently Asked Questions,frequently-asked-questions,2026-01-16 03:57:08,379,,best-superlative;medical-review,WordPress form and Flamingo records intentionally excluded
https://www.radianceclinics.com/post/body-hair-removal/,/post/body-hair-removal/,post,publish,Body Hair Removal,body-hair-removal,2022-12-15 15:42:58,536,,best-superlative;medical-review,WordPress form and Flamingo records intentionally excluded
https://www.radianceclinics.com/post/when-you-need-to-be-at-the-best-skin-clinic/,/post/when-you-need-to-be-at-the-best-skin-clinic/,post,publish,When You Need To Be At The Skin Clinic,when-you-need-to-be-at-the-best-skin-clinic,2022-11-21 03:05:29,448,,best-superlative;medical-review;obsolete-technology-claim,WordPress form and Flamingo records intentionally excluded
https://www.radianceclinics.com/post/best-dermatologist-for-acne-an-treatment/,/post/best-dermatologist-for-acne-an-treatment/,post,publish,What to Expect when Visiting a Dermatologist for an Acne Treatment,best-dermatologist-for-acne-an-treatment,2022-11-15 03:07:13,463,,best-superlative;medical-review,WordPress form and Flamingo records intentionally excluded
https://www.radianceclinics.com/post/why-radiance-skin-and-hair-clinics-is-the-best-hair-loss-clinic-in-bhubaneswar/,/post/why-radiance-skin-and-hair-clinics-is-the-best-hair-loss-clinic-in-bhubaneswar/,post,publish,Why Radiance Skin and Hair Clinics is the best hair loss clinic in Bhubaneswar,why-radiance-skin-and-hair-clinics-is-the-best-hair-loss-clinic-in-bhubaneswar,2022-05-31 03:08:50,441,,best-superlative;medical-review,WordPress form and Flamingo records intentionally excluded
https://www.radianceclinics.com/post/the-quality-of-hair-transplant-service-offered-by-radiance-skin-and-hair-clinics/,/post/the-quality-of-hair-transplant-service-offered-by-radiance-skin-and-hair-clinics/,post,publish,The quality of hair transplant service offered by Radiance Skin and Hair Clinics,the-quality-of-hair-transplant-service-offered-by-radiance-skin-and-hair-clinics,2022-10-21 03:10:22,472,,guaranteed-claim;best-superlative;medical-review;obsolete-technology-claim,WordPress form and Flamingo records intentionally excluded
https://www.radianceclinics.com/post/things-to-avoid-if-you-have-acne-prone-skin/,/post/things-to-avoid-if-you-have-acne-prone-skin/,post,publish,Things to Avoid if you have Acne-prone Skin,things-to-avoid-if-you-have-acne-prone-skin,2022-10-01 03:15:32,458,,best-superlative;medical-review,WordPress form and Flamingo records intentionally excluded
https://www.radianceclinics.com/post/the-myths-and-reasons-for-hair-loss-radiance-skin-and-hair-clinics/,/post/the-myths-and-reasons-for-hair-loss-radiance-skin-and-hair-clinics/,post,publish,The Myths and Reasons for Hair Loss,the-myths-and-reasons-for-hair-loss-radiance-skin-and-hair-clinics,2022-09-29 03:18:10,462,,best-superlative;medical-review,WordPress form and Flamingo records intentionally excluded
https://www.radianceclinics.com/post/how-to-ensure-the-success-of-hair-transplant-having-it-at-a-hair-transplant/,/post/how-to-ensure-the-success-of-hair-transplant-having-it-at-a-hair-transplant/,post,publish,How to ensure the success of hair transplant having it at a hair transplant,how-to-ensure-the-success-of-hair-transplant-having-it-at-a-hair-transplant,2022-09-23 03:22:26,450,,best-superlative;medical-review,WordPress form and Flamingo records intentionally excluded
https://www.radianceclinics.com/post/four-misconceptions-people-have-about-laser-tattoo-removal-in-bhubaneswar/,/post/four-misconceptions-people-have-about-laser-tattoo-removal-in-bhubaneswar/,post,publish,Four misconceptions people have about laser tattoo removal in Bhubaneswar,four-misconceptions-people-have-about-laser-tattoo-removal-in-bhubaneswar,2022-08-23 03:25:29,577,,best-superlative;medical-review,WordPress form and Flamingo records intentionally excluded
https://www.radianceclinics.com/post/the-ideal-clinic-to-have-acne-treatment-in-bhubaneswar-is-radiance-skin-and-hair-clinics/,/post/the-ideal-clinic-to-have-acne-treatment-in-bhubaneswar-is-radiance-skin-and-hair-clinics/,post,publish,The ideal clinic to have acne treatment in Bhubaneswar is Radiance Skin and Hair Clinics,the-ideal-clinic-to-have-acne-treatment-in-bhubaneswar-is-radiance-skin-and-hair-clinics,2022-08-01 03:28:00,463,,best-superlative;medical-review,WordPress form and Flamingo records intentionally excluded
https://www.radianceclinics.com/post/is-it-safe-to-have-a-hair-transplant-in-bhubaneswar-at-radiance-skin-and-hair-clinic/,/post/is-it-safe-to-have-a-hair-transplant-in-bhubaneswar-at-radiance-skin-and-hair-clinic/,post,publish,Is it safe to have a hair transplant in Bhubaneswar at Radiance Skin and Hair Clinic,is-it-safe-to-have-a-hair-transplant-in-bhubaneswar-at-radiance-skin-and-hair-clinic,2022-04-24 03:32:00,454,,best-superlative;medical-review,WordPress form and Flamingo records intentionally excluded
https://www.radianceclinics.com/post/where-to-have-a-high-density-hair-transplant-in-bhubaneswar/,/post/where-to-have-a-high-density-hair-transplant-in-bhubaneswar/,post,publish,Where to have a high density hair transplant in Bhubaneswar,where-to-have-a-high-density-hair-transplant-in-bhubaneswar,2022-04-24 03:32:00,405,,best-superlative;medical-review,WordPress form and Flamingo records intentionally excluded
https://www.radianceclinics.com/post/the-skin-brightening-treatment-possible-to-have-at-radiance-skin-and-hair-clinics/,/post/the-skin-brightening-treatment-possible-to-have-at-radiance-skin-and-hair-clinics/,post,publish,The skin brightening treatment possible to have at Radiance Skin and Hair Clinics,the-skin-brightening-treatment-possible-to-have-at-radiance-skin-and-hair-clinics,2022-05-22 03:31:00,422,,best-superlative;medical-review,WordPress form and Flamingo records intentionally excluded
https://www.radianceclinics.com/post/spending-on-weight-loss-is-an-ideal-investment/,/post/spending-on-weight-loss-is-an-ideal-investment/,post,publish,Spending on Weight Loss is an Ideal Investment,spending-on-weight-loss-is-an-ideal-investment,2022-08-13 03:30:54,565,,best-superlative;medical-review,WordPress form and Flamingo records intentionally excluded
https://www.radianceclinics.com/post/why-radiance-skin-and-hair-clinic-is-the-best-hair-loss-clinic-in-bhubaneswar/,/post/why-radiance-skin-and-hair-clinic-is-the-best-hair-loss-clinic-in-bhubaneswar/,post,publish,Why Radiance Skin and Hair Clinic is the best hair loss clinic in Bhubaneswar,why-radiance-skin-and-hair-clinic-is-the-best-hair-loss-clinic-in-bhubaneswar,2022-05-03 09:30:32,446,,best-superlative;medical-review,WordPress form and Flamingo records intentionally excluded
https://www.radianceclinics.com/post/a-complete-guide-to-know-about-botox-treatment/,/post/a-complete-guide-to-know-about-botox-treatment/,post,publish,A Complete Guide to Know About Botox Treatment in Bhubaneswar,a-complete-guide-to-know-about-botox-treatment,2022-02-10 09:37:08,532,,best-superlative;medical-review,WordPress form and Flamingo records intentionally excluded
https://www.radianceclinics.com/post/how-effective-is-having-laser-hair-removal-in-bhubaneswar/,/post/how-effective-is-having-laser-hair-removal-in-bhubaneswar/,post,publish,How Effective is Having Laser Hair Removal in Bhubaneswar,how-effective-is-having-laser-hair-removal-in-bhubaneswar,2023-01-16 14:19:46,456,,permanence-claim;best-superlative;medical-review,WordPress form and Flamingo records intentionally excluded
https://www.radianceclinics.com/post/certain-myths-about-hair-transplants-for-young-men/,/post/certain-myths-about-hair-transplants-for-young-men/,post,publish,Certain Myths about Hair Transplants for Young Men,certain-myths-about-hair-transplants-for-young-men,2023-01-21 13:54:13,471,,best-superlative;medical-review,WordPress form and Flamingo records intentionally excluded
https://www.radianceclinics.com/post/radiance-skin-clinics-your-solution-for-skin-issues/,/post/radiance-skin-clinics-your-solution-for-skin-issues/,post,publish,Radiance Skin Clinics: Your Solution for Skin Issues,radiance-skin-clinics-your-solution-for-skin-issues,2023-02-20 14:25:57,463,,best-superlative;medical-review;obsolete-technology-claim,WordPress form and Flamingo records intentionally excluded
https://www.radianceclinics.com/post/is-it-possible-to-stop-saving-unwanted-hair/,/post/is-it-possible-to-stop-saving-unwanted-hair/,post,publish,Is It Possible To Stop Saving Unwanted Hair,is-it-possible-to-stop-saving-unwanted-hair,2023-02-28 10:55:11,463,,best-superlative;medical-review,WordPress form and Flamingo records intentionally excluded
https://www.radianceclinics.com/post/do-not-get-frustrated-having-skin-issues/,/post/do-not-get-frustrated-having-skin-issues/,post,publish,Do not get frustrated having skin issues – Radiance Skin and Hair Clinics has the solution,do-not-get-frustrated-having-skin-issues,2023-03-16 08:33:44,463,,best-superlative;medical-review;obsolete-technology-claim,WordPress form and Flamingo records intentionally excluded
https://www.radianceclinics.com/post/why-a-hair-wig-is-an-ideal-solution-for-hair-loss/,/post/why-a-hair-wig-is-an-ideal-solution-for-hair-loss/,post,publish,Why a hair wig is an ideal solution for hair loss,why-a-hair-wig-is-an-ideal-solution-for-hair-loss,2023-03-31 14:59:13,523,,best-superlative;medical-review,WordPress form and Flamingo records intentionally excluded
https://www.radianceclinics.com/post/reasons-to-have-professional-treatment-for-acne/,/post/reasons-to-have-professional-treatment-for-acne/,post,publish,Reasons to have Professional Treatment for Acne,reasons-to-have-professional-treatment-for-acne,2023-04-12 14:41:26,519,,medical-review,WordPress form and Flamingo records intentionally excluded
https://www.radianceclinics.com/post/the-best-acne-scar-treatments-to-boost-your-confidence/,/post/the-best-acne-scar-treatments-to-boost-your-confidence/,post,publish,The Best Acne Scar Treatments to Boost Your Confidence,the-best-acne-scar-treatments-to-boost-your-confidence,2023-05-24 12:53:21,487,,best-superlative;medical-review,WordPress form and Flamingo records intentionally excluded
https://www.radianceclinics.com/post/experience-natural-looking-hair-with-hair-patch/,/post/experience-natural-looking-hair-with-hair-patch/,post,publish,Experience Natural-Looking Hair with Hair Patch,experience-natural-looking-hair-with-hair-patch,2023-05-26 06:52:38,547,,best-superlative;medical-review,WordPress form and Flamingo records intentionally excluded
https://www.radianceclinics.com/post/skincare-mythbusters-debunking-common-misconceptions-about-skin-health/,/post/skincare-mythbusters-debunking-common-misconceptions-about-skin-health/,post,publish,Skincare Mythbusters: Debunking Common Misconceptions about Skin Health,skincare-mythbusters-debunking-common-misconceptions-about-skin-health,2023-06-19 14:17:23,430,,best-superlative;medical-review,WordPress form and Flamingo records intentionally excluded
https://www.radianceclinics.com/post/aging-gracefully-with-botox-how-it-can-enhance-your-natural-beauty/,/post/aging-gracefully-with-botox-how-it-can-enhance-your-natural-beauty/,post,publish,Aging Gracefully with Botox: How It Can Enhance Your Natural Beauty,aging-gracefully-with-botox-how-it-can-enhance-your-natural-beauty,2023-06-24 05:32:02,475,,best-superlative;medical-review,WordPress form and Flamingo records intentionally excluded
https://www.radianceclinics.com/post/the-key-to-lasting-smoothness-unlock-laser-hair-removal/,/post/the-key-to-lasting-smoothness-unlock-laser-hair-removal/,post,publish,The Key to Lasting Smoothness: Unlock Laser Hair Removal,the-key-to-lasting-smoothness-unlock-laser-hair-removal,2023-07-14 13:37:08,454,,best-superlative;medical-review,WordPress form and Flamingo records intentionally excluded
https://www.radianceclinics.com/post/say-goodbye-to-monsoon-hair-loss-easy-ways-to-control-hairfall/,/post/say-goodbye-to-monsoon-hair-loss-easy-ways-to-control-hairfall/,post,publish,Say Goodbye to Monsoon Hair Loss: Easy Ways to Control Hairfall,say-goodbye-to-monsoon-hair-loss-easy-ways-to-control-hairfall,2023-07-19 12:52:12,556,,medical-review,WordPress form and Flamingo records intentionally excluded
https://www.radianceclinics.com/post/specialized-wart-removal-services-for-flawless-skin/,/post/specialized-wart-removal-services-for-flawless-skin/,post,publish,Specialized Wart Removal Services for Flawless Skin,specialized-wart-removal-services-for-flawless-skin,2023-07-25 09:15:25,479,,guaranteed-claim;best-superlative;medical-review,WordPress form and Flamingo records intentionally excluded
https://www.radianceclinics.com/post/understanding-male-specific-skin-concerns-expert-insights-and-solutions/,/post/understanding-male-specific-skin-concerns-expert-insights-and-solutions/,post,publish,Understanding Male-Specific Skin Concerns: Expert Insights and Solutions,understanding-male-specific-skin-concerns-expert-insights-and-solutions,2023-08-02 13:21:24,475,,medical-review,WordPress form and Flamingo records intentionally excluded
https://www.radianceclinics.com/post/essential-skincare-tips-and-advice-from-dermatologists/,/post/essential-skincare-tips-and-advice-from-dermatologists/,post,publish,Essential Skincare Tips and Advice from Dermatologists,essential-skincare-tips-and-advice-from-dermatologists,2023-08-14 05:04:13,479,,best-superlative;medical-review,WordPress form and Flamingo records intentionally excluded
https://www.radianceclinics.com/post/how-facial-fillers-can-enhance-your-natural-beauty/,/post/how-facial-fillers-can-enhance-your-natural-beauty/,post,publish,How Facial Fillers Can Enhance Your Natural Beauty,how-facial-fillers-can-enhance-your-natural-beauty,2023-09-07 15:00:20,771,,medical-review,WordPress form and Flamingo records intentionally excluded
https://www.radianceclinics.com/post/combat-hair-fall-natural-remedies-dermatologist-tips/,/post/combat-hair-fall-natural-remedies-dermatologist-tips/,post,publish,Combat Hair Fall: Natural Remedies & Dermatologist Tips,combat-hair-fall-natural-remedies-dermatologist-tips,2023-09-14 14:59:41,611,,best-superlative;medical-review,WordPress form and Flamingo records intentionally excluded
https://www.radianceclinics.com/post/fillers-treatment-at-radiance-skin-and-hair-clinics-in-bhubaneswar/,/post/fillers-treatment-at-radiance-skin-and-hair-clinics-in-bhubaneswar/,post,publish,Fillers Treatment at Radiance Skin and Hair Clinics in Bhubaneswar,fillers-treatment-at-radiance-skin-and-hair-clinics-in-bhubaneswar,2023-10-11 05:49:05,430,,best-superlative;medical-review,WordPress form and Flamingo records intentionally excluded
https://www.radianceclinics.com/post/radiance-skin-and-hair-clinics-your-ideal-destination-for-hair-transplants/,/post/radiance-skin-and-hair-clinics-your-ideal-destination-for-hair-transplants/,post,publish,Radiance Skin and Hair Clinics: Your Ideal Destination for Hair Transplants,radiance-skin-and-hair-clinics-your-ideal-destination-for-hair-transplants,2023-10-20 12:29:49,455,,best-superlative;medical-review,WordPress form and Flamingo records intentionally excluded
https://www.radianceclinics.com/post/why-radiance-skin-and-hair-clinic-is-the-ideal-choice-for-hair-loss-treatment/,/post/why-radiance-skin-and-hair-clinic-is-the-ideal-choice-for-hair-loss-treatment/,post,publish,Why Radiance Skin and Hair Clinic is the Ideal Choice for Hair Loss Treatment,why-radiance-skin-and-hair-clinic-is-the-ideal-choice-for-hair-loss-treatment,2023-11-11 07:20:41,450,,best-superlative;medical-review,WordPress form and Flamingo records intentionally excluded
https://www.radianceclinics.com/post/the-ultimate-guide-to-body-hair-removal-in-odishas-aesthetic-hub/,/post/the-ultimate-guide-to-body-hair-removal-in-odishas-aesthetic-hub/,post,publish,The Ultimate Guide to Body Hair Removal in Odisha's Aesthetic Hub,the-ultimate-guide-to-body-hair-removal-in-odishas-aesthetic-hub,2023-11-16 10:03:59,440,,permanence-claim;medical-review,WordPress form and Flamingo records intentionally excluded
https://www.radianceclinics.com/post/acne-check-peel-your-comprehensive-guide-to-clearer-skin/,/post/acne-check-peel-your-comprehensive-guide-to-clearer-skin/,post,publish,Acne Check Peel: Your Comprehensive Guide to Clearer Skin,acne-check-peel-your-comprehensive-guide-to-clearer-skin,2023-12-12 13:48:21,455,,best-superlative;medical-review,WordPress form and Flamingo records intentionally excluded
https://www.radianceclinics.com/post/luminous-love-laser-facials-for-bridal-skincare-bliss/,/post/luminous-love-laser-facials-for-bridal-skincare-bliss/,post,publish,Luminous Love: Laser Facials for Bridal Skincare Bliss,luminous-love-laser-facials-for-bridal-skincare-bliss,2023-12-19 06:30:24,443,,best-superlative;medical-review,WordPress form and Flamingo records intentionally excluded
https://www.radianceclinics.com/post/unlocking-the-secrets-of-skincare-and-hair-restoration-a-journey-with-radiance-clinics/,/post/unlocking-the-secrets-of-skincare-and-hair-restoration-a-journey-with-radiance-clinics/,post,publish,Unlocking the Secrets of Skincare and Hair Restoration: A Journey with Radiance Clinics,unlocking-the-secrets-of-skincare-and-hair-restoration-a-journey-with-radiance-clinics,2024-01-10 15:14:42,558,,best-superlative;medical-review,WordPress form and Flamingo records intentionally excluded
https://www.radianceclinics.com/post/locks-of-elegance-where-to-find-quality-hair-wigs/,/post/locks-of-elegance-where-to-find-quality-hair-wigs/,post,publish,Locks of Elegance: Where to Find Quality Hair Wigs,locks-of-elegance-where-to-find-quality-hair-wigs,2024-01-23 10:22:20,557,,medical-review,WordPress form and Flamingo records intentionally excluded
https://www.radianceclinics.com/post/tackling-hair-loss-a-guide-to-top-notch-hair-transplant-clinics/,/post/tackling-hair-loss-a-guide-to-top-notch-hair-transplant-clinics/,post,publish,Tackling Hair Loss: A Guide to Top-notch Hair Transplant Clinics,tackling-hair-loss-a-guide-to-top-notch-hair-transplant-clinics,2024-02-10 06:07:45,544,,best-superlative;medical-review,WordPress form and Flamingo records intentionally excluded
https://www.radianceclinics.com/post/transformative-insights-from-radiance-clinics-for-skin-and-hair-health/,/post/transformative-insights-from-radiance-clinics-for-skin-and-hair-health/,post,publish,Transformative Insights from Radiance Clinics for Skin and Hair Health,transformative-insights-from-radiance-clinics-for-skin-and-hair-health,2024-02-28 13:15:56,563,,best-superlative;medical-review,WordPress form and Flamingo records intentionally excluded
https://www.radianceclinics.com/post/say-goodbye-to-warts-transform-your-skin-at-radiance-clinic/,/post/say-goodbye-to-warts-transform-your-skin-at-radiance-clinic/,post,publish,Say Goodbye to Warts: Transform Your Skin at Radiance Clinic,say-goodbye-to-warts-transform-your-skin-at-radiance-clinic,2024-03-13 14:15:21,449,,best-superlative;medical-review,WordPress form and Flamingo records intentionally excluded
https://www.radianceclinics.com/post/pioneering-proficiency-satyartha-prakash-excels-in-advanced-dermatology-fellowship-at-dubai-derma/,/post/pioneering-proficiency-satyartha-prakash-excels-in-advanced-dermatology-fellowship-at-dubai-derma/,post,publish,Pioneering Proficiency: Satyartha Prakash Excels in Advanced Dermatology Fellowship at Dubai Derma,pioneering-proficiency-satyartha-prakash-excels-in-advanced-dermatology-fellowship-at-dubai-derma,2024-03-16 10:27:53,327,,best-superlative;medical-review,WordPress form and Flamingo records intentionally excluded
https://www.radianceclinics.com/post/discovering-the-best-solutions-for-acne-scar-treatment/,/post/discovering-the-best-solutions-for-acne-scar-treatment/,post,publish,Discovering the Best Solutions for Acne Scar Treatment,discovering-the-best-solutions-for-acne-scar-treatment,2024-04-13 13:33:41,418,,best-superlative;medical-review,WordPress form and Flamingo records intentionally excluded
https://www.radianceclinics.com/post/decoding-the-cost-of-chemical-peels-in-odisha-understanding-the-factors-behind-pricing/,/post/decoding-the-cost-of-chemical-peels-in-odisha-understanding-the-factors-behind-pricing/,post,publish,Decoding the Cost of Chemical Peels in Odisha: Understanding the Factors Behind Pricing,decoding-the-cost-of-chemical-peels-in-odisha-understanding-the-factors-behind-pricing,2024-05-10 03:21:04,504,,medical-review,WordPress form and Flamingo records intentionally excluded
https://www.radianceclinics.com/post/why-radiance-skin-and-hair-clinics-leads-in-stem-cell-transplants-in-odisha/,/post/why-radiance-skin-and-hair-clinics-leads-in-stem-cell-transplants-in-odisha/,post,publish,Why Radiance Skin and Hair Clinics Leads in Stem Cell Transplants in Odisha,why-radiance-skin-and-hair-clinics-leads-in-stem-cell-transplants-in-odisha,2024-05-20 14:29:09,527,,best-superlative;medical-review;obsolete-technology-claim,WordPress form and Flamingo records intentionally excluded
https://www.radianceclinics.com/post/botox-vs-fillers-which-is-right-for-you/,/post/botox-vs-fillers-which-is-right-for-you/,post,publish,Botox vs. Fillers: Which is Right for You?,botox-vs-fillers-which-is-right-for-you,2024-06-11 13:57:44,479,,best-superlative;medical-review,WordPress form and Flamingo records intentionally excluded
https://www.radianceclinics.com/post/what-makes-bio-hair-transplant-different-from-traditional-methods/,/post/what-makes-bio-hair-transplant-different-from-traditional-methods/,post,publish,What Makes Bio Hair Transplant Different from Traditional Methods,what-makes-bio-hair-transplant-different-from-traditional-methods,2024-06-22 14:28:39,480,,best-superlative;medical-review;obsolete-technology-claim,WordPress form and Flamingo records intentionally excluded
https://www.radianceclinics.com/post/radiance-clinics-awarded-times-health-icon-for-exceptional-contributions-in-cosmetology-and-hair-transplant/,/post/radiance-clinics-awarded-times-health-icon-for-exceptional-contributions-in-cosmetology-and-hair-transplant/,post,publish,Radiance Clinics: Awarded Times Health Icon for Exceptional Contributions in Cosmetology and Hair Transplant,radiance-clinics-awarded-times-health-icon-for-exceptional-contributions-in-cosmetology-and-hair-transplant,2024-06-29 15:41:36,538,,best-superlative;medical-review,WordPress form and Flamingo records intentionally excluded
https://www.radianceclinics.com/post/what-are-the-latest-trends-in-filler-treatment/,/post/what-are-the-latest-trends-in-filler-treatment/,post,publish,What Are the Latest Trends in Filler Treatment?,what-are-the-latest-trends-in-filler-treatment,2024-07-17 13:56:56,464,,medical-review,WordPress form and Flamingo records intentionally excluded
https://www.radianceclinics.com/post/transform-your-look-the-benefits-of-custom-hair-wigs/,/post/transform-your-look-the-benefits-of-custom-hair-wigs/,post,publish,Transform Your Look: The Benefits of Custom Hair Wigs,transform-your-look-the-benefits-of-custom-hair-wigs,2024-07-25 13:48:19,457,,medical-review,WordPress form and Flamingo records intentionally excluded
https://www.radianceclinics.com/post/what-is-the-best-permanent-treatment-for-hair-loss/,/post/what-is-the-best-permanent-treatment-for-hair-loss/,post,publish,What is the best permanent treatment for hair loss?,what-is-the-best-permanent-treatment-for-hair-loss,2024-08-14 14:48:23,465,,permanence-claim;best-superlative;medical-review,WordPress form and Flamingo records intentionally excluded
https://www.radianceclinics.com/post/what-is-the-best-hair-transplant-for-density/,/post/what-is-the-best-hair-transplant-for-density/,post,publish,What is the best hair transplant for density?,what-is-the-best-hair-transplant-for-density,2024-08-21 09:07:26,580,,best-superlative;medical-review,WordPress form and Flamingo records intentionally excluded
https://www.radianceclinics.com/post/what-should-i-know-before-buying-a-hair-wig/,/post/what-should-i-know-before-buying-a-hair-wig/,post,publish,What Should I Know Before Buying a Hair Wig,what-should-i-know-before-buying-a-hair-wig,2024-09-13 14:25:32,547,,best-superlative;medical-review,WordPress form and Flamingo records intentionally excluded
https://www.radianceclinics.com/post/who-is-the-ideal-candidate-for-a-hair-transplant/,/post/who-is-the-ideal-candidate-for-a-hair-transplant/,post,publish,Who is the Ideal Candidate for a Hair Transplant?,who-is-the-ideal-candidate-for-a-hair-transplant,2024-10-17 15:08:22,398,,best-superlative;medical-review,WordPress form and Flamingo records intentionally excluded
https://www.radianceclinics.com/post/what-to-expect-during-your-first-visit-to-a-skin-care-doctor/,/post/what-to-expect-during-your-first-visit-to-a-skin-care-doctor/,post,publish,What to Expect During Your First Visit to a Skin Care Doctor,what-to-expect-during-your-first-visit-to-a-skin-care-doctor,2024-10-24 13:14:53,389,,best-superlative;medical-review,WordPress form and Flamingo records intentionally excluded
https://www.radianceclinics.com/post/can-laser-hair-removal-permanently-remove-hair/,/post/can-laser-hair-removal-permanently-remove-hair/,post,publish,Can Laser Hair Removal Permanently Remove Hair?,can-laser-hair-removal-permanently-remove-hair,2024-11-20 14:43:31,506,,permanence-claim;medical-review,WordPress form and Flamingo records intentionally excluded
https://www.radianceclinics.com/post/top-hair-transplant-methods-achieve-natural-long-lasting-results/,/post/top-hair-transplant-methods-achieve-natural-long-lasting-results/,post,publish,"Top Hair Transplant Methods: Achieve Natural, Long-Lasting Results",top-hair-transplant-methods-achieve-natural-long-lasting-results,2024-11-25 06:05:48,396,,medical-review,WordPress form and Flamingo records intentionally excluded
https://www.radianceclinics.com/post/is-hair-transplant-the-right-solution-for-you-a-complete-guide-on-hair-transplant/,/post/is-hair-transplant-the-right-solution-for-you-a-complete-guide-on-hair-transplant/,post,publish,Is Hair Transplant the Right Solution for You? A Complete Guide on Hair Transplant,is-hair-transplant-the-right-solution-for-you-a-complete-guide-on-hair-transplant,2024-12-16 05:02:42,567,,permanence-claim;best-superlative;medical-review,WordPress form and Flamingo records intentionally excluded
https://www.radianceclinics.com/post/winter-skincare-and-hair-care-top-tips-for-radiance-and-health/,/post/winter-skincare-and-hair-care-top-tips-for-radiance-and-health/,post,publish,Winter Skincare and Hair Care: Top Tips for Radiance and Health,winter-skincare-and-hair-care-top-tips-for-radiance-and-health,2024-12-24 13:18:25,570,,medical-review,WordPress form and Flamingo records intentionally excluded
https://www.radianceclinics.com/post/how-long-does-it-take-to-see-results-after-a-hair-transplant/,/post/how-long-does-it-take-to-see-results-after-a-hair-transplant/,post,publish,How Long Does It Take to See Results After a Hair Transplant,how-long-does-it-take-to-see-results-after-a-hair-transplant,2025-01-11 07:03:40,530,,medical-review,WordPress form and Flamingo records intentionally excluded
https://www.radianceclinics.com/post/can-skin-clinics-help-with-dark-circles-and-under-eye-concerns/,/post/can-skin-clinics-help-with-dark-circles-and-under-eye-concerns/,post,publish,Can Skin Clinics Help With Dark Circles and Under-Eye Concerns?,can-skin-clinics-help-with-dark-circles-and-under-eye-concerns,2025-01-24 07:40:03,565,,medical-review,WordPress form and Flamingo records intentionally excluded
https://www.radianceclinics.com/post/how-to-care-for-your-scalp-after-a-hair-transplant/,/post/how-to-care-for-your-scalp-after-a-hair-transplant/,post,publish,How to Care for Your Scalp After a Hair Transplant,how-to-care-for-your-scalp-after-a-hair-transplant,2025-02-15 06:25:41,461,,best-superlative;medical-review,WordPress form and Flamingo records intentionally excluded
https://www.radianceclinics.com/post/when-should-you-visit-a-skin-clinic-signs-and-symptoms-to-watch/,/post/when-should-you-visit-a-skin-clinic-signs-and-symptoms-to-watch/,post,publish,When Should You Visit a Skin Clinic? Signs and Symptoms to Watch,when-should-you-visit-a-skin-clinic-signs-and-symptoms-to-watch,2025-02-25 13:22:30,475,,best-superlative;medical-review,WordPress form and Flamingo records intentionally excluded
https://www.radianceclinics.com/post/laser-vs-waxing-which-hair-removal-method-is-right-for-you/,/post/laser-vs-waxing-which-hair-removal-method-is-right-for-you/,post,publish,Laser vs. Waxing: Which Hair Removal Method is Right for You?,laser-vs-waxing-which-hair-removal-method-is-right-for-you,2025-03-14 07:35:21,604,,best-superlative;medical-review,WordPress form and Flamingo records intentionally excluded
https://www.radianceclinics.com/post/which-filler-is-right-for-you-expert-advice/,/post/which-filler-is-right-for-you-expert-advice/,post,publish,Which Filler Is Right for You? Expert Advice,which-filler-is-right-for-you-expert-advice,2025-03-25 10:41:27,542,,best-superlative;medical-review,WordPress form and Flamingo records intentionally excluded
https://www.radianceclinics.com/post/what-causes-hair-loss-and-how-it-can-be-treated/,/post/what-causes-hair-loss-and-how-it-can-be-treated/,post,publish,What Causes Hair Loss and How It Can Be Treated,what-causes-hair-loss-and-how-it-can-be-treated,2025-04-19 13:37:52,778,,permanence-claim;medical-review,WordPress form and Flamingo records intentionally excluded
https://www.radianceclinics.com/post/how-effective-are-weight-loss-clinics-for-belly-fat-reduction/,/post/how-effective-are-weight-loss-clinics-for-belly-fat-reduction/,post,publish,How Effective Are Weight Loss Clinics for Belly Fat Reduction?,how-effective-are-weight-loss-clinics-for-belly-fat-reduction,2025-04-28 10:51:11,498,,best-superlative;medical-review,WordPress form and Flamingo records intentionally excluded
https://www.radianceclinics.com/post/can-you-reverse-signs-of-ageing-with-anti-ageing-treatment/,/post/can-you-reverse-signs-of-ageing-with-anti-ageing-treatment/,post,publish,Can You Reverse Signs of Ageing with Anti Ageing Treatment,can-you-reverse-signs-of-ageing-with-anti-ageing-treatment,2025-05-31 10:09:42,693,,best-superlative;medical-review,WordPress form and Flamingo records intentionally excluded
https://www.radianceclinics.com/post/what-is-lip-blushing-and-how-does-it-work/,/post/what-is-lip-blushing-and-how-does-it-work/,post,publish,What Is Lip Blushing and How Does It Work,what-is-lip-blushing-and-how-does-it-work,2025-06-16 05:51:30,643,,best-superlative;medical-review,WordPress form and Flamingo records intentionally excluded
https://www.radianceclinics.com/post/how-long-do-ombre-powder-eyebrows-last/,/post/how-long-do-ombre-powder-eyebrows-last/,post,publish,How Long Do Ombre Powder Eyebrows Last?,how-long-do-ombre-powder-eyebrows-last,2025-06-28 09:42:01,554,,best-superlative;medical-review,WordPress form and Flamingo records intentionally excluded
https://www.radianceclinics.com/post/where-can-i-get-painless-wart-removal-treatment/,/post/where-can-i-get-painless-wart-removal-treatment/,post,publish,Where can I Get Painless Wart Removal Treatment,where-can-i-get-painless-wart-removal-treatment,2025-07-17 10:59:51,591,,best-superlative;medical-review,WordPress form and Flamingo records intentionally excluded
https://www.radianceclinics.com/post/which-is-better-synthetic-or-natural-hair-wigs/,/post/which-is-better-synthetic-or-natural-hair-wigs/,post,publish,Which Is Better: Synthetic Or Natural Hair Wigs,which-is-better-synthetic-or-natural-hair-wigs,2025-07-25 09:51:14,611,,best-superlative;medical-review,WordPress form and Flamingo records intentionally excluded
https://www.radianceclinics.com/post/whats-the-cause-of-under-eye-dark-circles-and-what-treatments-can-help/,/post/whats-the-cause-of-under-eye-dark-circles-and-what-treatments-can-help/,post,publish,What's The Cause Of Under-Eye Dark Circles And What Treatments Can Help?,whats-the-cause-of-under-eye-dark-circles-and-what-treatments-can-help,2025-08-16 09:30:46,721,,best-superlative;medical-review,WordPress form and Flamingo records intentionally excluded
https://www.radianceclinics.com/post/modern-treatments-for-effective-fat-reduction/,/post/modern-treatments-for-effective-fat-reduction/,post,publish,Modern Treatments for Effective Fat Reduction,modern-treatments-for-effective-fat-reduction,2025-08-30 09:48:08,558,,best-superlative;medical-review,WordPress form and Flamingo records intentionally excluded
https://www.radianceclinics.com/post/stubborn-acne-care-with-proven-medical-options/,/post/stubborn-acne-care-with-proven-medical-options/,post,publish,Stubborn Acne Care with Proven Medical Options,stubborn-acne-care-with-proven-medical-options,2025-09-12 09:19:02,391,,medical-review,WordPress form and Flamingo records intentionally excluded
https://www.radianceclinics.com/post/advanced-acne-scar-removal-treatments-you-should-know/,/post/advanced-acne-scar-removal-treatments-you-should-know/,post,publish,Advanced Acne Scar Removal Treatments You Should Know,advanced-acne-scar-removal-treatments-you-should-know,2025-09-30 04:51:53,430,,best-superlative;medical-review,WordPress form and Flamingo records intentionally excluded
https://www.radianceclinics.com/post/how-prp-treatment-helps-in-hair-fall-control-and-regrowth-naturally/,/post/how-prp-treatment-helps-in-hair-fall-control-and-regrowth-naturally/,post,publish,How PRP Treatment Helps In Hair Fall Control And Regrowth Naturally,how-prp-treatment-helps-in-hair-fall-control-and-regrowth-naturally,2025-10-13 11:32:41,539,,medical-review,WordPress form and Flamingo records intentionally excluded
https://www.radianceclinics.com/post/what-is-gfc-treatment-and-how-does-it-help-in-hair-regrowth/,/post/what-is-gfc-treatment-and-how-does-it-help-in-hair-regrowth/,post,publish,What Is GFC Treatment And How Does It Help In Hair Regrowth,what-is-gfc-treatment-and-how-does-it-help-in-hair-regrowth,2025-10-31 11:56:02,609,,best-superlative;medical-review,WordPress form and Flamingo records intentionally excluded
https://www.radianceclinics.com/post/how-hair-shapes-self-image-and-personal-confidence/,/post/how-hair-shapes-self-image-and-personal-confidence/,post,publish,How Hair Shapes Self Image and Personal Confidence,how-hair-shapes-self-image-and-personal-confidence,2025-11-18 09:09:48,654,,guaranteed-claim;medical-review,WordPress form and Flamingo records intentionally excluded
https://www.radianceclinics.com/post/how-many-prp-sessions-are-needed-for-visible-hair-growth/,/post/how-many-prp-sessions-are-needed-for-visible-hair-growth/,post,publish,How Many PRP Sessions Are Needed for Visible Hair Growth,how-many-prp-sessions-are-needed-for-visible-hair-growth,2025-11-27 13:26:20,432,,medical-review,WordPress form and Flamingo records intentionally excluded
https://www.radianceclinics.com/post/when-is-the-perfect-time-to-restore-your-hair/,/post/when-is-the-perfect-time-to-restore-your-hair/,post,publish,When Is the Perfect Time to Restore Your Hair?,when-is-the-perfect-time-to-restore-your-hair,2025-12-18 14:14:22,518,,best-superlative;medical-review,WordPress form and Flamingo records intentionally excluded
https://www.radianceclinics.com/post/what-are-the-most-common-myths-about-surgical-hair-restoration/,/post/what-are-the-most-common-myths-about-surgical-hair-restoration/,post,publish,What are the Most Common Myths About Surgical Hair Restoration?,what-are-the-most-common-myths-about-surgical-hair-restoration,2025-12-30 13:49:18,555,,guaranteed-claim;medical-review,WordPress form and Flamingo records intentionally excluded
https://www.radianceclinics.com/post/how-to-know-if-youre-a-good-candidate-for-fue-or-fut/,/post/how-to-know-if-youre-a-good-candidate-for-fue-or-fut/,post,publish,How to Know If You’re a Good Candidate for FUE or FUT?,how-to-know-if-youre-a-good-candidate-for-fue-or-fut,2026-01-13 04:50:59,545,,medical-review,WordPress form and Flamingo records intentionally excluded
https://www.radianceclinics.com/post/what-common-mistakes-can-make-your-hair-transplant-more-expensive/,/post/what-common-mistakes-can-make-your-hair-transplant-more-expensive/,post,publish,What Common Mistakes Can Make Your Hair Transplant More Expensive?,what-common-mistakes-can-make-your-hair-transplant-more-expensive,2026-01-30 11:43:13,588,,best-superlative;medical-review,WordPress form and Flamingo records intentionally excluded
https://www.radianceclinics.com/post/how-does-hair-loss-affect-an-individuals-confidence-level/,/post/how-does-hair-loss-affect-an-individuals-confidence-level/,post,publish,How Does Hair Loss Affect an Individual’s Confidence Level,how-does-hair-loss-affect-an-individuals-confidence-level,2026-02-14 07:00:46,559,,medical-review,WordPress form and Flamingo records intentionally excluded
https://www.radianceclinics.com/post/is-hair-restoration-worth-the-investment/,/post/is-hair-restoration-worth-the-investment/,post,publish,Is Hair Restoration Worth the Investment?,is-hair-restoration-worth-the-investment,2026-02-28 06:42:47,518,,medical-review,WordPress form and Flamingo records intentionally excluded
https://www.radianceclinics.com/post/what-diet-and-lifestyle-changes-can-support-successful-hair-restoration/,/post/what-diet-and-lifestyle-changes-can-support-successful-hair-restoration/,post,publish,What Diet and Lifestyle Changes Can Support Successful Hair Restoration,what-diet-and-lifestyle-changes-can-support-successful-hair-restoration,2026-03-21 05:23:59,560,,best-superlative;medical-review,WordPress form and Flamingo records intentionally excluded
https://www.radianceclinics.com/post/laser-vs-fillers-vs-creams-what-truly-works-for-under-eye-bags/,/post/laser-vs-fillers-vs-creams-what-truly-works-for-under-eye-bags/,post,publish,Laser vs. Fillers vs. Creams – What Truly Works for Under Eye Bags,laser-vs-fillers-vs-creams-what-truly-works-for-under-eye-bags,2026-03-31 09:38:49,559,,permanence-claim;best-superlative;medical-review,WordPress form and Flamingo records intentionally excluded
https://www.radianceclinics.com/post/common-myths-about-laser-hair-removal-treatments/,/post/common-myths-about-laser-hair-removal-treatments/,post,publish,Common Myths about Laser Hair Removal Treatments,common-myths-about-laser-hair-removal-treatments,2026-04-17 11:47:40,556,,medical-review,WordPress form and Flamingo records intentionally excluded
https://www.radianceclinics.com/post/common-hair-loss-myths-that-might-be-holding-you-back/,/post/common-hair-loss-myths-that-might-be-holding-you-back/,post,publish,Common Hair Loss Myths That Might Be Holding You Back,common-hair-loss-myths-that-might-be-holding-you-back,2026-04-23 09:09:56,553,,medical-review,WordPress form and Flamingo records intentionally excluded
https://www.radianceclinics.com/post/why-do-some-people-regret-getting-a-hair-transplant-too-early/,/post/why-do-some-people-regret-getting-a-hair-transplant-too-early/,post,publish,Why Do Some People Regret Getting a Hair Transplant Too Early,why-do-some-people-regret-getting-a-hair-transplant-too-early,2026-05-20 07:27:01,542,,best-superlative;medical-review,WordPress form and Flamingo records intentionally excluded
