video_id,url,title,description,published_at,duration,thumbnail,playlist,content_type,primary_topic,secondary_topics,treatment,concern,doctor,location,patient_case,search_intent,best_destination_url,embed_priority,transcript_available,needs_manual_review,notes
PhbvumkbZBs,https://www.youtube.com/watch?v=PhbvumkbZBs,Hair Transplant Day by Day After Care Guide | Do’s & Don’ts After Hair Transplant,"Just had a hair transplant or planning one? 🧑‍⚕️ Understanding the right hair transplant aftercare is essential for protecting your newly implanted grafts and supporting proper healing. In this day-by-day hair transplant after care guide, we explain what you can expect after your procedure — from Day 1, Day 3, Day 7, Day 15 to Day 30+. Learn about: ✅ How to care for your scalp after hair transplant ✅ When and how to wash your hair ✅ What you should avoid after transplantation ✅ Sleeping precautions after hair transplant ✅ When you can return to your normal routine ✅ Important Do’s & Don’ts for better healing ✅ What happens to transplanted hair during the recovery phase If you're considering a hair transplant in Bhubaneswar, Odisha, getting proper guidance and follow-up care can make an important difference in your recovery journey. 📍 Radiance Skin & Hair Clinics, Bhubaneswar 👨‍⚕️ Dr. Satyarth Prakash Watch till the end to understand the complete hair transplant recovery timeline! Subscribe for more hair transplant tips, hair loss solutions, transplant results and expert hair care advice. 🔔 📍 Radiance Skin & Hair Clinics Plot No. N/1-46, IRC Village, First Lane, Bhubaneswar, Odisha 📍 Google Maps: https://maps.app.goo.gl/riyTdqbecVdXe... 🌐 Website: https://www.radianceclinics.com 📞 ଆପଏଣ୍ଟମେଣ୍ଟ ପାଇଁ ଫୋନ୍ କରନ୍ତୁ: 9238321888 | 9238122550 | 9238181816 📲 ଆମ ସହିତ ଯୋଡ଼ି ରୁହନ୍ତୁ 📘 Facebook: / radianceskinandhairclinics 📸 Instagram: / radianceskinandhairclinic ▶️ YouTube: / @radianceclinics 💼 LinkedIn: / radiance-skin-and-hair-clinic-231124131 🐦 X (Twitter): / radiancebbsr 💬 WhatsApp Channel: https://whatsapp.com/channel/0029VbBC... 📌 Radiance Skin & Hair Clinics, IRC Village, Bhubaneswar, Odisha #HairTransplant #HairTransplantAfterCare #HairTransplantRecovery #HairTransplantTips #HairTransplantDoAndDonts #HairTransplantDayByDay #HairTransplantIndia #HairTransplantBhubaneswar #HairLossTreatment #HairGrowth #FUEHairTransplant #HairTransplantResults #HairCare #Bhubaneswar #RadianceClinics hair transplant after care, hair transplant aftercare, hair transplant recovery, hair transplant day by day, hair transplant after care guide, hair transplant do and donts, what to do after hair transplant, what not to do after hair transplant, hair transplant recovery timeline, hair transplant healing process, hair transplant day 1, hair transplant day 3, hair transplant day 7, hair transplant day 15, hair transplant day 30, after hair transplant care, post hair transplant care, hair transplant tips, FUE hair transplant aftercare, hair transplant results, hair transplant India, hair transplant Bhubaneswar, hair transplant Odisha, hair loss treatment Bhubaneswar, Radiance Skin and Hair Clinics",2026-08-13,PT4M51S,https://i.ytimg.com/vi/PhbvumkbZBs/maxresdefault.jpg,Radiance Clinic - Videos,HAIR_TRANSPLANT_RESULT,Hair Transplant,,,/concerns/hair-transplant,Dr. Satyarth Prakash,"Bhubaneswar, Odisha",candidate-only,result research,/results,MEDIUM,false,true,yt-dlp metadata export supplied to --input
TNcrKs-6i78,https://www.youtube.com/watch?v=TNcrKs-6i78,"White Hair at a Young Age? Causes, Treatment & Prevention Explained","White Hair at a Young Age? Causes, Treatment & Prevention Explained Noticing white hair at a young age? Premature greying can be caused by genetics, vitamin deficiencies, stress, hormonal imbalances, lifestyle factors, and certain medical conditions. In this video, the experts at Radiance Hair Clinic explain the common causes of early white hair, effective treatment options, and practical tips to slow down premature greying and maintain healthy hair. Watch till the end to learn when you should seek professional advice. Book Your Consultation at Radiance Hair Clinic Get expert evaluation and personalized treatment for hair loss, premature greying, dandruff, and other hair and scalp concerns. 📞 Contact Radiance Hair Clinic to schedule your appointment. #whitehair #prematuregreying #haircare #hairhealth #radiancehairclinic",2026-08-03,PT5M21S,https://i.ytimg.com/vi/TNcrKs-6i78/maxresdefault.jpg,Radiance Clinic - Videos,TREATMENT_EXPLAINER,Hair Loss,,/treatments/hair-restoration/advanced-hair-fall-solutions,/concerns/hair-loss-scalp,,,,hair loss education,/concerns/hair-loss-scalp,HIGH,false,false,yt-dlp metadata export supplied to --input
xfxdFPkRLqU,https://www.youtube.com/watch?v=xfxdFPkRLqU,😟 ମୁହଁରେ Acne Scars କାହିଁକି ହୁଏ? ଏହାକୁ ସମ୍ପୂର୍ଣ୍ଣ ଭଲ କରିହେବ କି?Consultation:9238321888 | 9238122550,"Acne may go away, but the scars it leaves behind can affect your confidence for years. Whether you have deep pitted scars, boxcar scars, rolling scars, or post-acne marks, effective treatment is possible. At Radiance Skin & Hair Clinic, Bhubaneswar, we offer advanced, dermatologist-guided acne scar treatments that are customized according to your skin type and scar severity. In this video, we explain how our advanced acne scar treatments help: ✔ Reduce the appearance of acne scars ✔ Improve skin texture and smoothness ✔ Stimulate natural collagen production ✔ Enhance overall skin tone and confidence Our treatments include advanced technologies such as Fractional CO₂ Laser, MNRF (Microneedling Radiofrequency), PRP Therapy, Chemical Peels, Subcision, and Combination Therapies for optimal results. Every treatment plan is personalized after a detailed skin evaluation. 📍 Radiance Clinics, Bhubaneswar – Odisha's Most Trusted Hair Transplant & Skin Care Center 📍 Visit us today or book your appointment online. 📍 Book your consultation today at Radiance Clinics – Bhubaneswar, Odisha 📍 Visit us at Plot No - N/1-46, IRC Village, First Lane, Bhubaneswar, Odisha 🌍 https://www.radianceclinics.com/ 📞 For Appointments call us: 923 832 1888 / 923 812 2550 / 9238181816 📌 Stay Connected with Us: FACEBOOK - https://facebook.com/RadianceSkinandHairClinics LINKEDIN - https://linkedin.com/in/radiance-skin-and-hair-clinic-231124131 YOUTUBE - https://www.youtube.com/@RadianceClinics WHATSAPP CHANNEL LINK - https://whatsapp.com/channel/0029VbBCJOCKGGGPyJxisV0K Don't let acne scars hold you back. Get expert advice and a personalized treatment plan to achieve smoother, healthier-looking skin. 👉 Like, Share & Follow for more expert skin and hair care tips. Acne Scars, Acne Scar Treatment, Pimple Marks, Pimple Scar Removal, Acne Scar Laser Treatment, Fractional CO2 Laser, MNRF Treatment, PRP for Acne Scars, Skin Specialist Bhubaneswar, Best Dermatologist Bhubaneswar, Acne Scar Clinic Odisha, Skin Treatment Odisha, Acne Scar Removal Odisha, Pitted Acne Scars, Boxcar Scars, Ice Pick Scars, Rolling Scars, Laser Skin Resurfacing, Microneedling RF, Collagen Induction Therapy, Acne Treatment, Pigmentation Treatment, Face Scar Treatment, Skin Clinic Bhubaneswar, Radiance Skin and Hair Clinics, Dr Satyartha Prakash, Odia Health, Odia Skin Care, Acne Scars Odia, Pimple Scars Odia, Best Skin Clinic Odisha #AcneScarTreatment #AcneScars #ScarRemoval #RadianceClinic #RadianceSkinAndHairClinic #SkinCareBhubaneswar #DermatologistBhubaneswar #AcneTreatment #HealthySkin #LaserTreatment #MNRF #FractionalCO2 #PRPTherapy #Bhubaneswar #Odisha #SkinCareIndia",2026-08-01,PT5M20S,https://i.ytimg.com/vi/xfxdFPkRLqU/maxresdefault.jpg,Radiance Clinic - Videos,SKIN_RESULT,Acne Scars,,,/concerns/acne-scars,Dr. Satyarth Prakash,"Bhubaneswar, Odisha",candidate-only,result research,/results,MEDIUM,false,true,yt-dlp metadata export supplied to --input
MrMZVFY1XtI,https://www.youtube.com/watch?v=MrMZVFY1XtI,ଚୁଟି ଝଡିବା ପାଇଁ ସବୁଠାରୁ ଭଲ ଚିକିତ୍ସା କଣ? | Hair Loss Treatment Explained by Dr. Satyartha Prakash,"ଚୁଟି ଝଡୁଛି କି? Hair Loss ର ସଠିକ ଚିକିତ୍ସା କଣ? 🤔 ଏହି ଭିଡିଓରେ Dr. Satyartha Prakash (Hair Transplant Surgeon) Hair Loss (ଚୁଟି ଝଡିବା) ର କାରଣ, Hair Fall କିପରି ବନ୍ଦ କରିହେବ ଏବଂ କେଉଁ ଚିକିତ୍ସା କାହା ପାଇଁ ସଠିକ ସେ ବିଷୟରେ ବିସ୍ତାରରେ ବୁଝାଇଛନ୍ତି। ଏହି ଭିଡିଓରେ ଆପଣ ଜାଣିପାରିବେ: ✔ Hair Loss କାହିଁକି ହୁଏ? ✔ Hair Fall ଓ Baldness ମଧ୍ୟରେ ପାର୍ଥକ୍ୟ ✔ PRP Therapy କଣ? ✔ GFC Therapy କଣ? ✔ Mesotherapy କେବେ କରିବା ଉଚିତ? ✔ Microneedling ର ଲାଭ ✔ Hair Growth Treatment କାହା ପାଇଁ? ✔ Hair Transplant କେବେ ଆବଶ୍ୟକ? ✔ କେଉଁ Treatment ଆପଣଙ୍କ ପାଇଁ Best? ଯଦି ଆପଣ Hair Fall, Thin Hair, Baldness କିମ୍ବା Hair Regrowth ବିଷୟରେ ଭାବୁଛନ୍ତି, ତେବେ ଏହି ଭିଡିଓଟି ଶେଷ ପର୍ଯ୍ୟନ୍ତ ନିଶ୍ଚୟ ଦେଖନ୍ତୁ। If you are planning a hair transplant or worried about hair loss, this video will help you separate myths from reality and make informed decisions about your treatment. 📍 Radiance Skin & Hair Clinics Plot No. N/1-46, IRC Village, First Lane, Bhubaneswar, Odisha 📍 Google Maps: https://maps.app.goo.gl/riyTdqbecVdXer1w5 🌐 Website: https://www.radianceclinics.com 📞 ଆପଏଣ୍ଟମେଣ୍ଟ ପାଇଁ ଫୋନ୍ କରନ୍ତୁ: 9238321888 | 9238122550 | 9238181816 📲 ଆମ ସହିତ ଯୋଡ଼ି ରୁହନ୍ତୁ 📘 Facebook: https://facebook.com/RadianceSkinandHairClinics 📸 Instagram: https://instagram.com/radianceskinandhairclinic ▶️ YouTube: https://www.youtube.com/@RadianceClinics 💼 LinkedIn: https://linkedin.com/in/radiance-skin-and-hair-clinic-231124131 🐦 X (Twitter): https://twitter.com/RadianceBBSR 💬 WhatsApp Channel: https://whatsapp.com/channel/0029VbBCJOCKGGGPyJxisV0K 📌 Radiance Skin & Hair Clinics, IRC Village, Bhubaneswar, Odisha",2026-07-27,PT4M7S,https://i.ytimg.com/vi/MrMZVFY1XtI/maxresdefault.jpg,Radiance Clinic - Videos,DOCTOR_EXPLANATION,Acne Scars,,/treatments/skin-laser/acne-scar-revision,/concerns/acne-scars,Dr. Satyarth Prakash,"Bhubaneswar, Odisha",,acne scars education,/acne-scar-treatment-bhubaneswar,HIGH,false,false,yt-dlp metadata export supplied to --input
e1_CJ4QjtaU,https://www.youtube.com/watch?v=e1_CJ4QjtaU,Is Hair Transplant Painful? Doctor Reveals the Truth!,"Is Hair Transplant Painful? Doctor Reveals the Truth! @RadianceClinics One of the biggest concerns people have before getting a hair transplant is, ""Will it be painful?"" In this video, the experts at Radiance Hair Clinic explain what actually happens during a hair transplant procedure, how pain is managed with local anesthesia, what you can expect during recovery, and how long any discomfort usually lasts. You'll also learn: Is a hair transplant painful during the procedure? How much pain is normal after surgery? How long does the recovery take? Tips to reduce discomfort and heal faster Who is the right candidate for a hair transplant? If you're planning a hair transplant and want to know what to expect, this video will help clear up common myths and answer your most important questions so you can make an informed decision with confidence. 📍 Radiance Hair Clinic For expert consultation and advanced hair restoration treatments, book your appointment with the specialists at Radiance Hair Clinic. If you found this video helpful, don't forget to Like, Share & Subscribe for more expert advice on hair loss, hair transplant procedures, and hair care. #hairtransplant #hairloss #hairrestoration #radiancehairclinic #haircare",2026-07-21,PT3M36S,https://i.ytimg.com/vi/e1_CJ4QjtaU/maxresdefault.jpg,Radiance Clinic - Videos,RECOVERY,Hair Transplant,,/treatments/hair-restoration/fue-hair-transplant,/concerns/hair-transplant,,,,recovery guidance,/hair-transplant-bhubaneswar,HIGH,false,false,yt-dlp metadata export supplied to --input
wPWhW8dRSsU,https://www.youtube.com/watch?v=wPWhW8dRSsU,କେଶ ପତଳା ସମସ୍ୟାରୁ ମିଳିଲା ସ୍ଥାୟୀ ସମାଧାନ! (Permanent solution found for hair thinning problem),"Hair Transplant Success Story | Real Patient Testimonial | Radiance Skin & Hair Clinic Are you struggling with hair loss and wondering if a hair transplant really works? In this video, our patient shares his honest experience after undergoing a hair transplant at Radiance Skin & Hair Clinic. Watch his incredible transformation from severe hair loss to natural-looking, fuller hair and learn how the procedure changed his confidence. Dr. Satyarth Prakash and the expert team at Radiance Skin & Hair Clinic use advanced hair transplant techniques to deliver safe, natural, and long-lasting results tailored to every individual. If you're facing hair loss, receding hairline, or baldness, don't wait. Book a consultation today and discover the best treatment option for your hair restoration journey. Book Your Appointment Today: 📍 Radiance Skin & Hair Clinic Plot No. N1/46, Adjacent Lane to Central Bank, First Lane, IRC Village, Bhubaneswar 📞 Appointment: 9238321888 | 9238122550 👍 Like, Share & Subscribe for more real patient testimonials, hair transplant success stories, expert hair care tips, and advanced skin & hair treatment updates. kesa jhadiba samasya, kesha patala samasya ra samadhana, hair transplant odisha, odia hair transplant review, radiance hair clinic bhubaneswar, hair loss treatment odia #HairTransplant #HairTransplantResults #HairLossTreatment #HairRestoration #HairTransformation #HairTransplantIndia #HairClinic #HairCare #NaturalHairline #PatientTestimonial #Bhubaneswar #Odisha #RadianceSkinAndHairClinic #DrSatyarthPrakash #HairGrowth #BeforeAndAfter #RealResults #ConfidenceRestored #HairSolution #BestHairClinic",2026-07-18,PT1M8S,https://i.ytimg.com/vi/wPWhW8dRSsU/maxresdefault.jpg,Radiance Clinic - Videos,HAIR_TRANSPLANT_RESULT,Hair Transplant,,,/concerns/hair-transplant,Dr. Satyarth Prakash,"Bhubaneswar, Odisha",candidate-only,result research,/results,MEDIUM,false,true,yt-dlp metadata export supplied to --input
Lu8PX0YsIpU,https://www.youtube.com/watch?v=Lu8PX0YsIpU,5 Main Reasons for Hair Fall,"5 Main Reasons for Hair Fall Hair fall can happen due to many reasons, but identifying the real cause is the first step toward effective treatment. In this video, Dr. Satyarth Prakash from Radiance Skin & Hair Clinic explains the 5 main reasons for hair fall, including genetics, hormonal imbalance, nutritional deficiencies, stress, and scalp conditions. Learn how these factors affect your hair and what you can do to prevent excessive hair loss and promote healthy hair growth. If you're experiencing continuous hair fall, don't ignore it. Early diagnosis and the right treatment can help you regain healthy, stronger hair. Book Your Appointment Today: 📍 Radiance Skin & Hair Clinic Plot No. N1/46, Adjacent Lane to Central Bank, First Lane, IRC Village, Bhubaneswar 📞 Appointment: 9238321888 | 9238122550 👍 Like, Share & Subscribe for more expert tips on hair care, hair fall treatment, skin care, and advanced aesthetic solutions. #hairfall #hairloss #haircare #hairgrowth #radiancehairclinic",2026-07-16,PT5M56S,https://i.ytimg.com/vi/Lu8PX0YsIpU/maxresdefault.jpg,Radiance Clinic - Videos,DOCTOR_EXPLANATION,Hair Loss,,/treatments/hair-restoration/advanced-hair-fall-solutions,/concerns/hair-loss-scalp,Dr. Satyarth Prakash,"Bhubaneswar, Odisha",,hair loss education,/concerns/hair-loss-scalp,HIGH,false,false,yt-dlp metadata export supplied to --input
oldQHZHGe7E,https://www.youtube.com/watch?v=oldQHZHGe7E,Watch This BEFORE Starting Acne Treatment! 🛑 Real Patient Results.,"Looking for a real, honest acne transformation story? Watch this before you start your own acne treatment journey! In this video, our patient shares her genuine experience, challenges, and incredible results from her customized acne treatment at Radiance Skin and Hair Clinics. If you are struggling with stubborn acne, pimples, or acne scars, this video will give you the clarity and hope you need to achieve clear, healthy skin. Hear directly from a real patient about what worked, what to expect from a professional dermatologist, and how to get real results that last. 👉 Subscribe to our channel for more skincare transformations, dermatologist tips, and honest patient reviews! 👉 Book a consultation at Radiance Skin and Hair Clinics to start your own skin journey today. Acne transformation, acne treatment, clear skin journey, Radiance Skin Clinics, dermatologist acne treatment, patient review, honest acne review, how to cure acne, severe acne before and after, skin transformation, pimple treatment, acne scar treatment, skincare success story, best dermatologist for acne, clear skin secrets, real patient results 📅 Book your consultation today! 📍 Radiance Skin & Hair Clinics Plot No. N/1-46, IRC Village, First Lane, Bhubaneswar, Odisha 📍 Google Maps: https://maps.app.goo.gl/riyTdqbecVdXer1w5 🌐 Website: https://www.radianceclinics.com 📞 Book Your Appointment: 9238321888 | 9238122550 | 9238181816 📲 Connect With Us 📘 Facebook: https://facebook.com/RadianceSkinandHairClinics 📸 Instagram: https://instagram.com/radianceskinandhairclinic ▶️ YouTube: https://www.youtube.com/@RadianceClinics 💼 LinkedIn: https://linkedin.com/in/radiance-skin-and-hair-clinic-231124131 🐦 X (Twitter): https://twitter.com/RadianceBBSR 💬 WhatsApp Channel: https://whatsapp.com/channel/0029VbBCJOCKGGGPyJxisV0K 📍 Radiance Skin & Hair Clinics, IRC Village, Bhubaneswar, Odisha #AcneTransformation #ClearSkinJourney #RadianceSkinClinic #AcneTreatment #Dermatologist #SkinTransformation #BeforeAndAfter #AcneReview #SkincareSuccess #healthyskinnaturally",2026-07-13,PT55S,https://i.ytimg.com/vi/oldQHZHGe7E/sddefault.jpg,Radiance Clinic - Videos,SKIN_RESULT,Acne Scars,,,/concerns/acne-scars,,"Bhubaneswar, Odisha",candidate-only,result research,/results,LOW,false,true,yt-dlp metadata export supplied to --input
C7VHHk1lhmM,https://www.youtube.com/watch?v=C7VHHk1lhmM,"Before You Get a Facial, Watch This! | Benefits, Risks & Common Mistakes","Before You Get a Facial, Watch This! | Benefits, Risks & Common Mistakes @RadianceClinics Thinking of getting a facial? Before you book your appointment, watch this video! A facial can improve your skin's health and appearance, but choosing the wrong treatment or getting it done without understanding your skin type may lead to irritation, breakouts, or other skin concerns. In this video, the skin experts at Radiance Hair Clinic explain: • Who should get a facial • Different types of facial treatments • Benefits and possible side effects • Common mistakes to avoid • How to choose the right facial for your skin type • Essential skincare tips before and after a facial If you want healthy, glowing skin, this video will help you make the right decision. 📍📍 Radiance Skin & Hair Clinics Plot No. N/1-46, IRC Village, First Lane, Bhubaneswar, Odisha 📍 Google Maps: https://maps.app.goo.gl/riyTdqbecVdXer1w5 🌐 Website: https://www.radianceclinics.com 📞 ଆପଏଣ୍ଟମେଣ୍ଟ ପାଇଁ ଫୋନ୍ କରନ୍ତୁ: 9238321888 | 9238122550 | 9238181816 📲 ଆମ ସହିତ ଯୋଡ଼ି ରୁହନ୍ତୁ 📘 Facebook: https://facebook.com/RadianceSkinandHairClinics 📸 Instagram: https://instagram.com/radianceskinandhairclinic ▶️ YouTube: https://www.youtube.com/@RadianceClinics 💼 LinkedIn: https://linkedin.com/in/radiance-skin-and-hair-clinic-231124131 🐦 X (Twitter): https://twitter.com/RadianceBBSR 💬 WhatsApp Channel: https://whatsapp.com/channel/0029VbBCJOCKGGGPyJxisV0K 📌 Radiance Skin & Hair Clinics, IRC Village, Bhubaneswar, Odisha Facial Benefits Facial Side Effects Facial Mistakes Best Facial for Glowing Skin Facial Before and After Professional Facial Treatment Skin Care Tips by Dermatologist Skin Clinic in Bhubaneswar Radiance Skin & Hair Clinic Best Dermatologist in Bhubaneswar #facial #skincare #glowingskin #radiancehairclinic #skintips #Facial #FacialTreatment #Skincare #SkinCareTips #HealthySkin #GlowingSkin #FacialBenefits #FacialMistakes #SkinCareRoutine #BeautyTips #Dermatologist #SkinClinic #FacialCare #SkinHealth #RadianceClinic #Bhubaneswar #Odisha #SkinClinicBhubaneswar #DermatologistBhubaneswar #BestSkinClinic #RadianceSkinClinic #SkinTreatmentOdisha #SkinCareOdisha",2026-07-10,PT4M7S,https://i.ytimg.com/vi/C7VHHk1lhmM/maxresdefault.jpg,Radiance Clinic - Videos,TREATMENT_EXPLAINER,Pigmentation,,/treatments/skin-laser/laser-pigmentation-program,/concerns/pigmentation,,"Bhubaneswar, Odisha",,pigmentation education,/pigmentation-treatment-bhubaneswar,HIGH,false,false,yt-dlp metadata export supplied to --input
WignJ9dQJGM,https://www.youtube.com/watch?v=WignJ9dQJGM,Does Hair Dye Damage Your Hair? The Truth Revealed!,"Does Hair Dye Damage Your Hair? The Truth Revealed! Thinking about coloring your hair? Before you use hair dye, watch this video! Dr. Satyarth Prakash explains how hair dye affects your hair, whether it can cause hair damage or hair fall, the common side effects of frequent coloring, and how you can protect your hair while still enjoying your favorite look. In this video, you'll learn: • Does hair dye really damage your hair? • Can hair coloring cause hair fall? • Common side effects of hair dyes • Tips to reduce hair damage after coloring • Safe hair care practices recommended by a dermatologist If you found this video helpful, don't forget to Like, Share, and Subscribe for more expert health and skincare tips from Dr. Satyarth Prakash. 📍 Radiance Skin & Hair Clinics Plot No. N/1-46, IRC Village, First Lane, Bhubaneswar, Odisha 📍 Google Maps: https://maps.app.goo.gl/riyTdqbecVdXer1w5 🌐 Website: https://www.radianceclinics.com 📞 ଆପଏଣ୍ଟମେଣ୍ଟ ପାଇଁ ଫୋନ୍ କରନ୍ତୁ: 9238321888 | 9238122550 | 9238181816 📲 ଆମ ସହିତ ଯୋଡ଼ି ରୁହନ୍ତୁ 📘 Facebook: https://facebook.com/RadianceSkinandHairClinics 📸 Instagram: https://instagram.com/radianceskinandhairclinic ▶️ YouTube: https://www.youtube.com/@RadianceClinics 💼 LinkedIn: https://linkedin.com/in/radiance-skin-and-hair-clinic-231124131 🐦 X (Twitter): https://twitter.com/RadianceBBSR 💬 WhatsApp Channel: https://whatsapp.com/channel/0029VbBCJOCKGGGPyJxisV0K 📌 Radiance Skin & Hair Clinics, IRC Village, Bhubaneswar, Odisha Does Hair Dye Damage Hair? Is Hair Color Safe? Hair Dye Side Effects Permanent Hair Color Hair Color Myths How to Protect Hair After Coloring Best Hair Care Tips Hair Fall After Hair Color Hair Health Dermatologist Advice on Hair Coloring Best Hair Clinic in Bhubaneswar Radiance Skin & Hair Clinic #HairDye #HairColor #HairCare #HairCareTips #HairHealth #HairDamage #HairColorTips #HealthyHair #HairTransformation #HairTreatment #HairFall #DamagedHair #HairExpert #Dermatologist #RadianceClinic #Bhubaneswar #HairDye #HairColor #HairCare #HairDamage #HealthyHair #HairCareTips #HairHealth #HairTreatment #HairFall #HairColorTips #Dermatologist #HairExpert #RadianceClinic #Bhubaneswar #Odisha #Odisha #HairClinicBhubaneswar #BestHairClinic #HairTreatmentOdisha #HairCareOdisha #RadianceSkinHairClinic #HairSpecialist",2026-07-06,PT3M17S,https://i.ytimg.com/vi/WignJ9dQJGM/maxresdefault.jpg,Radiance Clinic - Videos,SKIN_RESULT,Hair Loss,,/treatments/hair-restoration/advanced-hair-fall-solutions,/concerns/hair-loss-scalp,Dr. Satyarth Prakash,"Bhubaneswar, Odisha",candidate-only,result research,/results,MEDIUM,false,true,yt-dlp metadata export supplied to --input
oQYfz8JvdxI,https://www.youtube.com/watch?v=oQYfz8JvdxI,Want Clear & Bright Skin? Do These Simple Things Every Day!,"Want Clear & Bright Skin? Do These Simple Things Every Day! @RadianceClinics Dreaming of clear, healthy, and naturally glowing skin? The secret isn't just expensive products—it's the right skincare routine, healthy lifestyle, proper nutrition, and expert guidance. In this video, the skin experts at Radiance Hair Clinic explain what you should do to achieve clear, bright, and radiant skin. Learn the daily habits, skincare essentials, common mistakes to avoid, and professional treatments that can help improve your skin's health and appearance. Whether you're dealing with dull skin, acne, pigmentation, tanning, or uneven skin tone, this video provides practical tips to help you take better care of your skin. 📍 Radiance Skin & Hair Clinics Plot No. N/1-46, IRC Village, First Lane, Bhubaneswar, Odisha 📍 Google Maps: https://maps.app.goo.gl/riyTdqbecVdXer1w5 🌐 Website: https://www.radianceclinics.com 📞 ଆପଏଣ୍ଟମେଣ୍ଟ ପାଇଁ ଫୋନ୍ କରନ୍ତୁ: 9238321888 | 9238122550 | 9238181816 📲 ଆମ ସହିତ ଯୋଡ଼ି ରୁହନ୍ତୁ 📘 Facebook: https://facebook.com/RadianceSkinandHairClinics 📸 Instagram: https://instagram.com/radianceskinandhairclinic ▶️ YouTube: https://www.youtube.com/@RadianceClinics 💼 LinkedIn: https://linkedin.com/in/radiance-skin-and-hair-clinic-231124131 🐦 X (Twitter): https://twitter.com/RadianceBBSR 💬 WhatsApp Channel: https://whatsapp.com/channel/0029VbBCJOCKGGGPyJxisV0K 📌 Radiance Skin & Hair Clinics, IRC Village, Bhubaneswar, Odisha How to Get Clear Skin How to Get Glowing Skin Naturally Daily Skincare Routine Skincare Tips by Dermatologist Best Skincare Routine Clear Skin Tips Bright Skin Secrets Healthy Skin Habits Face Care Tips Glowing Skin Routine Best Skin Clinic in Bhubaneswar Radiance Skin & Hair Clinic Dermatologist in Bhubaneswar #ClearSkin #GlowingSkin #SkinCare #BrightSkin #SkinCareTips #HealthySkin #SkinCareRoutine #FaceCare #DailySkincare #GlowUp #Dermatologist #BeautyTips #RadianceClinic #Bhubaneswar #Odisha#Bhubaneswar #Odisha #BestSkinClinic #SkinClinicBhubaneswar #DermatologistBhubaneswar #SkinTreatmentOdisha #RadianceSkinClinic #SkinCareOdisha#ClearSkin #GlowingSkin #BrightSkin #SkinCare #SkinCareTips #HealthySkin #SkinCareRoutine #FaceCare #GlowUp #BeautyTips #SkinHealth #Dermatologist #RadianceClinic #SkincareRoutine #DailySkincare",2026-07-01,PT6M45S,https://i.ytimg.com/vi/oQYfz8JvdxI/maxresdefault.jpg,Radiance Clinic - Videos,TREATMENT_EXPLAINER,Acne,,,/concerns/acne,,"Bhubaneswar, Odisha",,acne education,/concerns/acne,HIGH,false,false,yt-dlp metadata export supplied to --input
XDTqHq6tZCU,https://www.youtube.com/watch?v=XDTqHq6tZCU,Real Hair Transplant Success Story,"✨ Real Hair Transplant Success Story | Real Results. Real Confidence. ✨ Every successful hair transplant begins with one decision—to regain confidence. Meet one of our happy patients who trusted Radiance Skin & Hair Clinics, Bhubaneswar for his hair restoration journey. After just 6 months, the transformation speaks for itself! 💯 ✅ Natural Hairline ✅ Dense & Healthy Hair Growth ✅ Advanced FUE Hair Transplant ✅ Performed by Experienced Hair Transplant Experts ✅ Safe • Painless • Permanent Results* If you're struggling with hair loss, baldness, or a receding hairline, don't let it affect your confidence anymore. Book your consultation today and discover the best treatment plan for you. 📍 Radiance Skin & Hair Clinics Plot No. N/1-46, IRC Village, First Lane, Bhubaneswar, Odisha 📍 Google Maps: https://maps.app.goo.gl/riyTdqbecVdXer1w5 🌐 Website: https://www.radianceclinics.com 📞 ଆପଏଣ୍ଟମେଣ୍ଟ ପାଇଁ ଫୋନ୍ କରନ୍ତୁ: 9238321888 | 9238122550 | 9238181816 📲 ଆମ ସହିତ ଯୋଡ଼ି ରୁହନ୍ତୁ 📘 Facebook: https://facebook.com/RadianceSkinandHairClinics 📸 Instagram: https://instagram.com/radianceskinandhairclinic ▶️ YouTube: https://www.youtube.com/@RadianceClinics 💼 LinkedIn: https://linkedin.com/in/radiance-skin-and-hair-clinic-231124131 🐦 X (Twitter): https://twitter.com/RadianceBBSR 💬 WhatsApp Channel: https://whatsapp.com/channel/0029VbBCJOCKGGGPyJxisV0K 📌 Radiance Skin & Hair Clinics, IRC Village, Bhubaneswar, Odisha Hair Transplant Success Story Real Hair Transplant Results Hair Transplant Before and After FUE Hair Transplant Best Hair Transplant in Bhubaneswar Hair Restoration Treatment Hair Loss Solution Natural Hairline Restoration Hair Transplant Recovery Hair Growth After Transplant Best Hair Clinic in Odisha Hair Transplant India Radiance Skin & Hair Clinic Best Hair Transplant Clinic in Bhubaneswar #HairTransplant #HairTransplantIndia #HairTransplantBhubaneswar #HairTransplantOdisha #HairRestoration #HairLossTreatment #HairRegrowth #FUEHairTransplant #BeforeAfter #RealPatient #SuccessStory #NaturalHairline #HairTransformation #BaldnessTreatment #HairClinic #BestHairTransplant #HairCare #HairTransplant #HairTransplantResults #HairTransplantSuccess #HairRestoration #HairGrowth #HairLoss #HairFall #BeforeAndAfter #FUEHairTransplant #HairTransformation #HairClinic #RadianceClinic #HairTransplantBhubaneswar #Bhubaneswar #odisha",2026-06-27,PT1M28S,https://i.ytimg.com/vi/XDTqHq6tZCU/maxresdefault.jpg,Radiance Clinic - Videos,HAIR_TRANSPLANT_RESULT,Hair Transplant,,,/concerns/hair-transplant,,"Bhubaneswar, Odisha",candidate-only,result research,/results,MEDIUM,false,true,yt-dlp metadata export supplied to --input
S-iOA7L3gbM,https://www.youtube.com/watch?v=S-iOA7L3gbM,Hair Transplant Myths vs Facts Explained,"Hair Transplant Myths vs Facts Explained Hair transplant is becoming increasingly popular, but many people still believe myths and misinformation about the procedure. In this video, Dr. Satyartha Prakash from Radiance Skin & Hair Clinic explains the most common hair transplant myths and the real medical facts behind them. Does a hair transplant look fake? Is it painful? Can transplanted hair fall again? Is hair transplant only for men? Watch this video to get clear answers to these common questions and understand how modern hair transplant techniques provide natural-looking and long-lasting results. Dr. Satyartha Prakash also explains who is the right candidate for hair transplant, what precautions should be taken before and after the procedure, and how proper care can improve hair growth and success rates. If you are planning a hair transplant or worried about hair loss, this video will help you separate myths from reality and make informed decisions about your treatment. 📍 Radiance Skin & Hair Clinics Plot No. N/1-46, IRC Village, First Lane, Bhubaneswar, Odisha 📍 Google Maps: https://maps.app.goo.gl/riyTdqbecVdXer1w5 🌐 Website: https://www.radianceclinics.com 📞 ଆପଏଣ୍ଟମେଣ୍ଟ ପାଇଁ ଫୋନ୍ କରନ୍ତୁ: 9238321888 | 9238122550 | 9238181816 📲 ଆମ ସହିତ ଯୋଡ଼ି ରୁହନ୍ତୁ 📘 Facebook: https://facebook.com/RadianceSkinandHairClinics 📸 Instagram: https://instagram.com/radianceskinandhairclinic ▶️ YouTube: https://www.youtube.com/@RadianceClinics 💼 LinkedIn: https://linkedin.com/in/radiance-skin-and-hair-clinic-231124131 🐦 X (Twitter): https://twitter.com/RadianceBBSR 💬 WhatsApp Channel: https://whatsapp.com/channel/0029VbBCJOCKGGGPyJxisV0K 📌 Radiance Skin & Hair Clinics, IRC Village, Bhubaneswar, Odisha Hair Transplant Myths Hair Transplant Facts Hair Transplant Truth FUE Hair Transplant Hair Transplant Success Rate Hair Transplant Recovery Hair Transplant Cost in India Hair Loss Treatment Hair Restoration Hair Growth Solution Best Hair Transplant in Bhubaneswar Best Hair Clinic in Odisha Hair Transplant by Dermatologist Radiance Skin & Hair Clinic #hairtransplant #hairloss #hairtransplantmyths #haircare #radianceclinic#HairTransplant #HairTransplantMyths #HairTransplantFacts #HairRestoration #HairLoss #HairFall #HairGrowth #FUEHairTransplant #HairCare #HairTransplantIndia #HairClinic #Dermatologist #HairExpert #RadianceClinic #HairTreatment",2026-05-24,PT7M48S,https://i.ytimg.com/vi/S-iOA7L3gbM/maxresdefault.jpg,Radiance Clinic - Videos,HAIR_TRANSPLANT_RESULT,Hair Transplant,,,/concerns/hair-transplant,Dr. Satyarth Prakash,"Bhubaneswar, Odisha",candidate-only,result research,/results,MEDIUM,false,true,yt-dlp metadata export supplied to --input
k93g6kBe1SM,https://www.youtube.com/watch?v=k93g6kBe1SM,Why Is Your Hair Falling So Much? Doctor Explains,"Why Is Your Hair Falling So Much? Doctor Explains Hair fall is one of the most common problems affecting both men and women today. But excessive hair loss is often a sign that something inside your body needs attention. In this video, Dr. Satyartha Prakash from Radiance Skin & Hair Clinic explains the real causes of hair fall and why your hair may be falling more than normal. Learn how stress, poor diet, hormonal imbalance, dandruff, thyroid problems, lack of sleep, vitamin deficiencies, genetics, and unhealthy lifestyle habits can lead to hair loss. This video also explains when hair fall becomes serious, the warning signs of baldness, and the best treatment options available to control hair fall and improve hair growth naturally and medically. If you are experiencing thinning hair, receding hairline, or sudden hair loss, this video will help you understand the root cause and the right time to seek expert treatment. Dr. Satyartha Prakash MD - Physician; Cosmetology, Plastic Surgeon; MD Cosmetic Laser and Hair Transplant Surgeon 🏥 Radiance Skin & Hair Clinic 📞 9238321888 / 9238122550 📍 Plot No- N1/46, Adjacent Lane to Central Bank, First Lane, IRC Village, Bhubaneswar Why Is My Hair Falling? Hair Fall Causes Hair Loss Treatment Hair Growth Tips How to Stop Hair Fall Hair Fall Solution Hair Care Tips by Doctor Hair Loss in Men and Women Hair Regrowth Treatment Scalp Health Best Hair Clinic in Bhubaneswar Hair Treatment in Odisha Radiance Skin & Hair Clinic Dermatologist for Hair Loss #HairFall #HairLoss #HairFallTreatment #HairCare #HairGrowth #HairGrowthTips #HairHealth #HairCareTips #HairLossTreatment #Dermatologist #HairExpert #ScalpHealth #RadianceClinic #HealthyHair #HairClinic",2026-05-21,PT5M32S,https://i.ytimg.com/vi/k93g6kBe1SM/maxresdefault.jpg,Radiance Clinic - Videos,DOCTOR_EXPLANATION,Hair Transplant,,/treatments/hair-restoration/fue-hair-transplant,/concerns/hair-transplant,Dr. Satyarth Prakash,"Bhubaneswar, Odisha",,hair transplant education,/hair-transplant-bhubaneswar,HIGH,false,false,yt-dlp metadata export supplied to --input
QIrzuJAEO-Y,https://www.youtube.com/watch?v=QIrzuJAEO-Y,Is Hair Fall During Bathing Normal or Abnormal? Causes & Best Treatment Explained,"Is Hair Fall During Bathing Normal or Abnormal? Causes & Best Treatment Explained @RadianceClinics Seeing hair fall during bathing can be stressful, but is it normal or a sign of a serious hair problem? Many people notice excessive hair fall while shampooing or washing their hair and become worried about baldness or thinning hair. In this video, experts from Radiance Skin & Hair Clinic explain the difference between normal and abnormal hair fall during bathing, the common causes behind excessive shedding, and the best treatment options to control hair loss. Learn how stress, poor diet, dandruff, hormonal imbalance, hard water, wrong hair products, and medical conditions can affect your hair health. Watch this video till the end to understand when hair fall becomes dangerous and discover simple tips and advanced treatments that can help keep your hair healthy, thick, and strong. For Appointment Contact: Dr. Satyartha Prakash MD - Physician; Cosmetology, Plastic Surgeon; MD Cosmetic Laser and Hair Transplant Surgeon 📍 Radiance Skin & Hair Clinics Plot No. N/1-46, IRC Village, First Lane, Bhubaneswar, Odisha 📍 Google Maps: https://maps.app.goo.gl/riyTdqbecVdXer1w5 🌐 Website: https://www.radianceclinics.com 📞 ଆପଏଣ୍ଟମେଣ୍ଟ ପାଇଁ ଫୋନ୍ କରନ୍ତୁ: 9238321888 | 9238122550 | 9238181816 📲 ଆମ ସହିତ ଯୋଡ଼ି ରୁହନ୍ତୁ 📘 Facebook: https://facebook.com/RadianceSkinandHairClinics 📸 Instagram: https://instagram.com/radianceskinandhairclinic ▶️ YouTube: https://www.youtube.com/@RadianceClinics 💼 LinkedIn: https://linkedin.com/in/radiance-skin-and-hair-clinic-231124131 🐦 X (Twitter): https://twitter.com/RadianceBBSR 💬 WhatsApp Channel: https://whatsapp.com/channel/0029VbBCJOCKGGGPyJxisV0K 📌 Radiance Skin & Hair Clinics, IRC Village, Bhubaneswar, Odisha Is Hair Fall While Washing Hair Normal? Hair Loss Causes Hair Fall Treatment How to Stop Hair Fall Hair Wash Hair Fall Hair Growth Tips Hair Care by Dermatologist Hair Loss Solution Best Hair Treatment Best Hair Clinic in Bhubaneswar Hair Specialist in Odisha Radiance Skin & Hair Clinic Hair Fall Doctor Hair Health Tips #HairFall #HairLoss #HairFallDuringBath #HairGrowth #HairCare #HairLossTreatment #HairCareTips #HealthyHair #ScalpHealth #Dermatologist #HairExpert #RadianceClinic #HairClinicBhubaneswar #Bhubaneswar #Odisha",2026-05-17,PT5M23S,https://i.ytimg.com/vi/QIrzuJAEO-Y/maxresdefault.jpg,Radiance Clinic - Videos,DOCTOR_EXPLANATION,Hair Transplant,,/treatments/hair-restoration/fue-hair-transplant,/concerns/hair-transplant,Dr. Satyarth Prakash,"Bhubaneswar, Odisha",,hair transplant education,/hair-transplant-bhubaneswar,HIGH,false,false,yt-dlp metadata export supplied to --input
7Ny-tRhYf9Y,https://www.youtube.com/watch?v=7Ny-tRhYf9Y,Can Hair Fall Really Stop in Just 7 Days? Myth or Truth?,"Can Hair Fall Really Stop in Just 7 Days? Myth or Truth? Hair fall is one of the most common problems faced by both men and women today. But can hair fall really stop completely in just 7 days, or is it only a myth? In this video, we explain the real truth behind viral “7 days hair fall stop” claims and what actually works for healthy hair growth. Learn about the main causes of hair fall such as stress, poor diet, dandruff, hormonal imbalance, lack of sleep, and scalp problems. We also discuss simple lifestyle changes, hair care tips, and medical treatments that can help reduce hair fall effectively over time. Watch this video till the end to understand when hair fall is normal, when you should worry, and how proper treatment can improve your hair health safely and naturally. 👨‍⚕️ Dr. Satyartha Prakash MD - Physician; Cosmetology, Plastic Surgeon; MD Cosmetic Laser and Hair Transplant Surgeon 🏥📍 Radiance Skin & Hair Clinics Plot No. N/1-46, IRC Village, First Lane, Bhubaneswar, Odisha 📍 Google Maps: https://maps.app.goo.gl/riyTdqbecVdXer1w5 🌐 Website: https://www.radianceclinics.com 📞 ଆପଏଣ୍ଟମେଣ୍ଟ ପାଇଁ ଫୋନ୍ କରନ୍ତୁ: 9238321888 | 9238122550 | 9238181816 📲 ଆମ ସହିତ ଯୋଡ଼ି ରୁହନ୍ତୁ 📘 Facebook: https://facebook.com/RadianceSkinandHairClinics 📸 Instagram: https://instagram.com/radianceskinandhairclinic ▶️ YouTube: https://www.youtube.com/@RadianceClinics 💼 LinkedIn: https://linkedin.com/in/radiance-skin-and-hair-clinic-231124131 🐦 X (Twitter): https://twitter.com/RadianceBBSR 💬 WhatsApp Channel: https://whatsapp.com/channel/0029VbBCJOCKGGGPyJxisV0K 📌 Radiance Skin & Hair Clinics, IRC Village, Bhubaneswar, Odisha Can Hair Fall Stop in 7 Days? Hair Fall Myth or Truth How to Stop Hair Fall Hair Loss Treatment Hair Growth Tips Hair Regrowth Hair Care Tips by Doctor Hair Fall Causes Best Hair Treatment Hair Loss Solution Hair Specialist in Bhubaneswar Best Hair Clinic in Odisha Hair Treatment by Dermatologist Radiance Skin & Hair Clinic Hair Fall Recovery #HairFall #HairLoss #HairFallTreatment #StopHairFall #HairGrowth #HairCare #HairCareTips #HairHealth #HairRegrowth #HealthyHair #Dermatologist #HairExpert #RadianceClinic #HairTreatment #HairClinic",2026-05-13,PT3M10S,https://i.ytimg.com/vi/7Ny-tRhYf9Y/sddefault.jpg,Radiance Clinic - Videos,DOCTOR_EXPLANATION,Hair Transplant,,/treatments/hair-restoration/fue-hair-transplant,/concerns/hair-transplant,Dr. Satyarth Prakash,"Bhubaneswar, Odisha",,hair transplant education,/hair-transplant-bhubaneswar,HIGH,false,false,yt-dlp metadata export supplied to --input
U514ZiZFf9w,https://www.youtube.com/watch?v=U514ZiZFf9w,Top 5 Causes of Hair Fall You Should Never Ignore,"Top 5 Causes of Hair Fall You Should Never Ignore @RadianceClinics Hair fall has become one of the most common problems among both men and women. But do you know the real reasons behind excessive hair loss? In this video, Dr. Satyartha Prakash explains the top 5 major causes of hair fall, including stress, poor diet, hormonal imbalance, dandruff, genetics, pollution, and lifestyle habits. Learn how to identify the root cause of your hair fall and the best treatment options available to control hair loss naturally and medically. Watch this video to understand when hair fall becomes serious, how to improve hair growth, and what daily mistakes you should avoid for healthy hair. Dr. Satyartha Prakash MD - Physician; Cosmetology, Plastic Surgeon; MD Cosmetic Laser and Hair Transplant Surgeon 🏥📍 Radiance Skin & Hair Clinics Plot No. N/1-46, IRC Village, First Lane, Bhubaneswar, Odisha 📍 Google Maps: https://maps.app.goo.gl/riyTdqbecVdXer1w5 🌐 Website: https://www.radianceclinics.com 📞 ଆପଏଣ୍ଟମେଣ୍ଟ ପାଇଁ ଫୋନ୍ କରନ୍ତୁ: 9238321888 | 9238122550 | 9238181816 📲 ଆମ ସହିତ ଯୋଡ଼ି ରୁହନ୍ତୁ 📘 Facebook: https://facebook.com/RadianceSkinandHairClinics 📸 Instagram: https://instagram.com/radianceskinandhairclinic ▶️ YouTube: https://www.youtube.com/@RadianceClinics 💼 LinkedIn: https://linkedin.com/in/radiance-skin-and-hair-clinic-231124131 🐦 X (Twitter): https://twitter.com/RadianceBBSR 💬 WhatsApp Channel: https://whatsapp.com/channel/0029VbBCJOCKGGGPyJxisV0K 📌 Radiance Skin & Hair Clinics, IRC Village, Bhubaneswar, Odisha Top Causes of Hair Fall Why Is My Hair Falling? Hair Fall Reasons Hair Loss Causes Hair Fall Treatment How to Stop Hair Fall Hair Growth Tips Hair Loss Solution Hair Care Tips by Dermatologist Hair Health Best Hair Clinic in Bhubaneswar Hair Treatment in Odisha Hair Specialist in Bhubaneswar Radiance Skin & Hair Clinic Hair Fall Prevention #HairFall #HairLoss #HairFallCauses #HairLossCauses #HairGrowth #HairFallTreatment #HairCare #HairCareTips #HealthyHair #ScalpHealth #Dermatologist #RadianceClinic #HairClinicBhubaneswar #Bhubaneswar #Odisha",2026-05-08,PT3M41S,https://i.ytimg.com/vi/U514ZiZFf9w/maxresdefault.jpg,Radiance Clinic - Videos,DOCTOR_EXPLANATION,Hair Transplant,,/treatments/hair-restoration/fue-hair-transplant,/concerns/hair-transplant,Dr. Satyarth Prakash,"Bhubaneswar, Odisha",,hair transplant education,/hair-transplant-bhubaneswar,HIGH,false,false,yt-dlp metadata export supplied to --input
RVP4ItWm_r8,https://www.youtube.com/watch?v=RVP4ItWm_r8,Can Hair Fall Be Reversed When Hair Can Grow Back & When It Can’t!,"Can Hair Fall Be Reversed? When Hair Can Grow Back & When It Can’t! Hair fall is a common concern, but not all hair loss is the same—some types can be reversed, while others may be permanent. In this video, Dr. Satyartha Prakash explains when hair can regrow and when it cannot. Learn about the different causes of hair loss such as stress, hormonal imbalance, nutritional deficiencies, genetics, and medical conditions, and how each affects hair regrowth. This video also helps you understand the signs of reversible hair fall versus permanent hair loss, along with the best treatment options available including medications, lifestyle changes, and advanced procedures like hair transplant. If you are struggling with hair fall and want to know the real possibilities of recovery, this guide will help you take the right step at the right time. For Appointment Contact: 📞 9238321888 / 9238122550 📍 Radiance Skin & Hair Clinics Plot No. N/1-46, IRC Village, First Lane, Bhubaneswar, Odisha 📍 Google Maps: https://maps.app.goo.gl/riyTdqbecVdXer1w5 🌐 Website: https://www.radianceclinics.com 📞 ଆପଏଣ୍ଟମେଣ୍ଟ ପାଇଁ ଫୋନ୍ କରନ୍ତୁ: 9238321888 | 9238122550 | 9238181816 📲 ଆମ ସହିତ ଯୋଡ଼ି ରୁହନ୍ତୁ 📘 Facebook: https://facebook.com/RadianceSkinandHairClinics 📸 Instagram: https://instagram.com/radianceskinandhairclinic ▶️ YouTube: https://www.youtube.com/@RadianceClinics 💼 LinkedIn: https://linkedin.com/in/radiance-skin-and-hair-clinic-231124131 🐦 X (Twitter): https://twitter.com/RadianceBBSR 💬 WhatsApp Channel: https://whatsapp.com/channel/0029VbBCJOCKGGGPyJxisV0K 📌 Radiance Skin & Hair Clinics, IRC Village, Bhubaneswar, Odisha Can Hair Fall Be Reversed? Can Hair Grow Back Naturally? Hair Regrowth Treatment Hair Loss Treatment Hair Growth Tips Hair Fall Recovery Hair Restoration Permanent Hair Loss Hair Fall Causes How to Stop Hair Fall Hair Care Tips by Dermatologist Best Hair Clinic in Bhubaneswar Hair Specialist in Odisha Hair Transplant vs Hair Regrowth Radiance Skin & Hair Clinic #HairFall #HairLoss #HairRegrowth #HairGrowth #HairLossTreatment #HairFallTreatment #HairCare #HairRestoration #HealthyHair #Dermatologist #HairExpert #RadianceClinic #HairClinicBhubaneswar #Bhubaneswar #Odisha",2026-05-05,PT5M10S,https://i.ytimg.com/vi/RVP4ItWm_r8/sddefault.jpg,Radiance Clinic - Videos,DOCTOR_EXPLANATION,Hair Transplant,,/treatments/hair-restoration/fue-hair-transplant,/concerns/hair-transplant,Dr. Satyarth Prakash,"Bhubaneswar, Odisha",,hair transplant education,/hair-transplant-bhubaneswar,HIGH,false,false,yt-dlp metadata export supplied to --input
zHpmFVEppOc,https://www.youtube.com/watch?v=zHpmFVEppOc,“No Fake Promises — Real Hair Transplant Results at Radiance Clinic!”,"Hair loss affects confidence, appearance, and even daily life — and we understand that deeply. At Radiance Skin & Hair Clinic, Bhubaneswar, we believe in real results, real patients, and zero fake promises. In this video, we showcase an authentic hair transplant transformation performed by our expert team. No filters, no editing — only honest results achieved through advanced techniques, precision, and genuine care. Whether you're facing receding hairline, thinning, or bald patches, Radiance Clinic provides personalized treatment plans, ensuring natural-looking growth and long-lasting improvement. 📍 Radiance Clinics, Bhubaneswar – Odisha’s Most Trusted Hair Transplant Center 📍 Visit us today or book your appointment online. 📍 Book your consultation today at Radiance Clinics – Bhubaneswar, Odisha 📍Visit us at Plot No - N/1-46, IRC Village, First Lane, Bhubaneswar, Odisha 🌍https://www.radianceclinics.com/ 📞 For Appointments call us: 923 832 1888/923 812 2550/ 9238181816 📌 Stay Connected with Us: FACEBOOK - https://facebook.com/RadianceSkinandHairClinics TWITTER - https://twitter.com/RadianceBBSR INSTAGRAM - https://instagram.com/radianceskinandhairclinic LINKDIN - https://linkedin.com/in/radiance-skin-and-hair-clinic-231124131 YOUTUBE - https://www.youtube.com/@RadianceClinics WHATSAPP CHANNEL LINK- https://whatsapp.com/channel/0029VbBCJOCKGGGPyJxisV0K RELATED VIDEOS- https://lnkd.in/gY2tcGyM https://lnkd.in/gcKAiSNH https://lnkd.in/guHawKm9 https://lnkd.in/ghAmAdxA https://lnkd.in/g8NG4aCb https://lnkd.in/gruQNYXz https://lnkd.in/gti7d-nh #HairTransplant #RadianceClinics #Bhubaneswar #HairRestoration #HairRegrowth #RealResults #NoFakePromises #HairTransformation #FUEHairTransplant #BaldnessSolution #NaturalResults",2025-11-18,PT1M52S,https://i.ytimg.com/vi/zHpmFVEppOc/maxresdefault.jpg,Radiance Clinic - Videos,HAIR_TRANSPLANT_RESULT,Hair Transplant,,,/concerns/hair-transplant,,"Bhubaneswar, Odisha",candidate-only,result research,/results,MEDIUM,false,true,yt-dlp metadata export supplied to --input
pPUbDx-zhw0,https://www.youtube.com/watch?v=pPUbDx-zhw0,"💯 Real Hair Transplant Results – No Wig, No Patch, Only Real Hair!","This isn’t just another “before-after” video — it’s a real patient’s journey of confidence and transformation! 🌟 At Radiance Skin & Hair Clinics, Bhubaneswar, led by Dr. Satyarth Prakash, we believe in authentic results, not cover-ups. No wigs. No hair patches. No powders. Just real, permanent hair growth through advanced hair transplant techniques. Our expert team uses: ✅ Sapphire Tip Technology for precise implantation ✅ International-grade punches (USA & Turkey) ✅ Natural-looking hairline design ✅ 100% sterile & advanced OT setup Every transformation at Radiance Clinics is a story of regained confidence, self-esteem, and happiness. 👨‍⚕️ Radiance Skin & Hair Clinic – Where every strand tells a story of confidence! 📍 Clinic: Radiance Skin & Hair Clinic, Bhubaneswar 👨‍⚕️ Consultant: Dr. Satyarth Prakash (20+ years of experience) 📍 Radiance Clinics, Bhubaneswar – Odisha’s Most Trusted Hair Transplant Center 📍 Visit us today or book your appointment online. 📍 Book your consultation today at Radiance Clinics – Bhubaneswar, Odisha 📍Visit us at Plot No - N/1-46, IRC Village, First Lane, Bhubaneswar, Odisha 🌍https://lnkd.in/gzw-Sm89 📞 For Appointments call us: 923 832 1888/923 812 2550/ 9238181816 📌 Stay Connected with Us: FACEBOOK - https://lnkd.in/gC-dv526 TWITTER - https://lnkd.in/gwViShSJ INSTAGRAM - https://lnkd.in/g_PWnjZv LINKDIN - https://lnkd.in/gxyq3keX YOUTUBE - https://lnkd.in/g_9y8UQ3 WHATSAPP CHANNEL LINK- https://lnkd.in/gh_tDaJH RELATED VIDEOS- https://lnkd.in/gY2tcGyM https://lnkd.in/gcKAiSNH https://lnkd.in/guHawKm9 https://lnkd.in/ghAmAdxA https://lnkd.in/g8NG4aCb https://lnkd.in/gruQNYXz https://lnkd.in/gti7d-nh #RadianceClinics #HairTransplantBhubaneswar #RealResults #HairRestoration #DrSatyarthPrakash #NaturalHairTransplant #HairRegrowth #NoWigNoPatch #RadianceSkinClinic #HairTransplantIndia #HairLossSolution #BhubaneswarHairClinic #SapphireFUE #BestHairTransplantClinic #HairTransformation #HairJourney #PermanentHairGrowth #RadianceHairClinic",2025-10-23,PT1M52S,https://i.ytimg.com/vi/pPUbDx-zhw0/hqdefault.jpg,Radiance Clinic - Videos,HAIR_TRANSPLANT_RESULT,Hair Transplant,,,/concerns/hair-transplant,Dr. Satyarth Prakash,"Bhubaneswar, Odisha",candidate-only,result research,/results,MEDIUM,false,true,yt-dlp metadata export supplied to --input
2LR2hoFp-tE,https://www.youtube.com/watch?v=2LR2hoFp-tE,💇‍♂️ क्या Hair Transplant वाकई सेफ़ है? सच्चाई जानिए Radiance Clinics Bhubaneswar से!,"क्या आप सोच रहे हैं कि Hair Transplant सेफ़ है या नहीं? इस वीडियो में Radiance Clinics, Bhubaneswar के अनुभवी डॉक्टर Dr. Satyarth Prakash विस्तार से बताते हैं कि आज के समय में Hair Transplant कितना सुरक्षित, प्रभावी, और नेचुरल रिजल्ट देने वाला उपचार है। Radiance Clinics में सभी प्रक्रियाएँ एडवांस्ड FUE तकनीक, सैफायर टिप्स, और इंटरनेशनल क्वालिटी इंस्ट्रूमेंट्स (USA & Turkey) के साथ की जाती हैं। सर्जरी पूरी तरह से स्टेराइल, पेनलेस, और मिनिमल रिकवरी टाइम वाली होती है — ताकि आप जल्दी अपने कॉन्फिडेंट नए लुक के साथ वापसी कर सकें। 👉 वीडियो में जानिए: Hair Transplant कितना Safe है किन लोगों को कराना चाहिए सर्जरी के बाद क्या सावधानियाँ रखनी चाहिए और Radiance Clinics क्यों है सबसे भरोसेमंद नाम Bhubaneswar में 📍 Clinic: Radiance Skin & Hair Clinic, Bhubaneswar 👨‍⚕️ Consultant: Dr. Satyarth Prakash (20+ years of experience) 📍 Radiance Clinics, Bhubaneswar – Odisha’s Most Trusted Hair Transplant Center 📍 Visit us today or book your appointment online. 📍 Book your consultation today at Radiance Clinics – Bhubaneswar, Odisha 📍Visit us at Plot No - N/1-46, IRC Village, First Lane, Bhubaneswar, Odisha 🌍https://lnkd.in/gzw-Sm89 📞 For Appointments call us: 923 832 1888/923 812 2550/ 9238181816 📌 Stay Connected with Us: FACEBOOK - https://facebook.com/RadianceSkinandHairClinics TWITTER - https://twitter.com/RadianceBBSR INSTAGRAM - https://instagram.com/radianceskinandhairclinic LINKDIN - https://linkedin.com/in/radiance-skin-and-hair-clinic-231124131 YOUTUBE - https://www.youtube.com/@RadianceClinics WHATSAPP CHANNEL LINK- https://whatsapp.com/channel/0029VbBCJOCKGGGPyJxisV0K RELATED VIDEOS- https://youtu.be/nbKQhsdE__I?si=u-0W6xTqX3tujeqf https://youtu.be/XL4A8KhJIz0?si=lk5q7z8RLPK_GviK https://youtu.be/PChMQIxkw14?si=H4T_54sQwOP0I5DB https://youtu.be/64vXGyQJtqc?si=B1G2Lg-xtrzBvFta https://youtu.be/iSbxDDE7w_4?si=H6FNfMQ7lMRskaKI https://youtu.be/YS-B2DiNG9k?si=hML8SCgTTWa10-rv https://youtu.be/-oGgvFUmaIM?si=whYMwNDXhPIad4v_ https://youtu.be/Lb3QpFDHxV0 https://youtu.be/iQ5cJUpdgMc https://youtu.be/nbKQhsdE__I https://youtu.be/nbKQhsdE__I https://youtu.be/64vXGyQJtqc https://youtube.com/shorts/td-mMNQ3Mvk?feature=share #HairTransplantSafe #RadianceClinics #DrSatyarthPrakash #HairTransplantBhubaneswar #FUEHairTransplant #SafeHairTransplant #HairRestoration #HairTransplantMyths #NaturalResults #HairLossSolution #BhubaneswarClinic #ConfidenceRestored #SapphireHairTransplant",2025-10-08,PT3M25S,https://i.ytimg.com/vi/2LR2hoFp-tE/maxresdefault.jpg,Radiance Clinic - Videos,HAIR_TRANSPLANT_RESULT,Hair Transplant,,,/concerns/hair-transplant,Dr. Satyarth Prakash,"Bhubaneswar, Odisha",candidate-only,result research,/results,MEDIUM,false,true,yt-dlp metadata export supplied to --input
knB1LRXlLjo,https://www.youtube.com/watch?v=knB1LRXlLjo,"Hair Transplant के बिना भी उग सकते हैं बाल! | GFC, PRP & Exosome Treatment Explained","क्या आपको लग रहा है कि बाल झड़ रहे हैं या बालोऀ की घनत्व कम हो रही है है है है���? तो जानिए — हर केस में Hair Transplant की ज़रूरत नहीं होती! Radiance Skin & Hair Clinic, Bhubaneswar में हर पेश करते हैं बाल उगाने के आधुनिक और सुरक्षित इलाज जैसे जैसे जैस्ज जैसे— 💧 PRP Therapy – आपके खुद के प्लेटलेट्स लेकर बालों की ग्रॿथ बढटायट्थ बढट़थ ग्रोथ गॲ ग्रोथ बढ़ानाड GFC Treatment: ग्रोथ फैक्टर्स से बालों को फिर से एक्टिव करनने एक्टिस करना��� विटामिन्स और प्रोटीन्स से बालों को स्ट्रॉन्ग बनाना 💎 Stem Cell Exosome Therapy आधारित नवीनतर तकनीक ये सभी ट्रीटमेंट मे रूट्स को स्ट्रॉन्ग बनाते हैं और नैचुरल ग्रोथ को बढ़ावा देते हैं। Radiance Clinics में अनुभवी डॉक्टरों कॱ ईपके स्सैल्प के ट्रीटमेंट प्लान तैयार कीटैटरन तैयार कसी कैयार कसी की कैटी टी सैहसससससस ✨ अब हेयर ट्रांसप्लांट के बिना भी उग सकते हैं बटल सकते हैं बाल! 📍 Go to Radiance Clinics, Bhubaneswar, your go-to place for reliable hair and skin care services. 📍 Radiance Clinics, Bhubaneswar – Odisha’s Most Trusted Hair Transplant Center 📍 Visit us today or book your appointment online. 📍 Book your consultation today at Radiance Clinics – Bhubaneswar, Odisha 📍Visit us at Plot No - N/1-46, IRC Village, First Lane, Bhubaneswar, Odisha 🌍https://lnkd.in/gzw-Sm89 📞 For Appointments call us: 923 832 1888/923 812 2550/ 9238181816 📌 Stay Connected with Us: FACEBOOK - https://facebook.com/RadianceSkinandHairClinics TWITTER - https://twitter.com/RadianceBBSR INSTAGRAM - https://instagram.com/radianceskinandhairclinic LINKDIN - https://linkedin.com/in/radiance-skin-and-hair-clinic-231124131 YOUTUBE - https://www.youtube.com/@RadianceClinics WHATSAPP CHANNEL LINK- https://whatsapp.com/channel/0029VbBCJOCKGGGPyJxisV0K RELATED VIDEOS- https://youtu.be/nbKQhsdE__I?si=u-0W6xTqX3tujeqf https://youtu.be/XL4A8KhJIz0?si=lk5q7z8RLPK_GviK https://youtu.be/PChMQIxkw14?si=H4T_54sQwOP0I5DB https://youtu.be/64vXGyQJtqc?si=B1G2Lg-xtrzBvFta https://youtu.be/iSbxDDE7w_4?si=H6FNfMQ7lMRskaKI https://youtu.be/YS-B2DiNG9k?si=hML8SCgTTWa10-rv https://youtu.be/-oGgvFUmaIM?si=whYMwNDXhPIad4v_ https://youtu.be/Lb3QpFDHxV0 https://youtu.be/iQ5cJUpdgMc https://youtu.be/nbKQhsdE__I https://youtu.be/nbKQhsdE__I https://youtu.be/64vXGyQJtqc https://youtube.com/shorts/td-mMNQ3Mvk?feature=share #RadianceClinics #HairRegrowth #Bhubaneswar #PRPTreatment #GFCTherapy #ExosomeTreatment #MesoTherapy #HairCare #NonSurgicalHairGrowth #HairFallSolution #RadianceSkinAndHairClinic #DrSatyarthPrakash #HairTransplantAlternative #HealthyHair #GrowYourHairNaturally",2025-10-08,PT4M53S,https://i.ytimg.com/vi/knB1LRXlLjo/maxresdefault.jpg,Radiance Clinic - Videos,DOCTOR_EXPLANATION,Hair Transplant,,/treatments/hair-restoration/fue-hair-transplant,/concerns/hair-transplant,Dr. Satyarth Prakash,"Bhubaneswar, Odisha",,hair transplant education,/hair-transplant-bhubaneswar,HIGH,false,false,yt-dlp metadata export supplied to --input
Fi1NkqlYHNQ,https://www.youtube.com/watch?v=Fi1NkqlYHNQ,"Not Just Hairline, We Change Lives! | Radiance Clinics Bhubaneswar","💇‍♂️ At Radiance Clinics, Bhubaneswar, we believe a hair transplant is not just about restoring a hairline—it’s about restoring confidence, self-esteem, and a fresh start in life. In this video, we showcase a real-life transformation where advanced techniques, expert precision, and the care of Dr. Satyarth Prakash (20+ years of experience, international memberships) create life-changing results. ✨ Why choose Radiance Clinics? Sapphire Tip Slit Making for natural density Best quality punches from USA & Turkey No-Root-Touch Technique for high survival rate Advanced OT setup with international standards Personalized care by experienced doctors 📍 Visit us in Bhubaneswar and take the first step toward your transformation. 👉 Because it’s not just hair we restore—it’s your confidence, your personality, your life. 📍 Radiance Clinics, Bhubaneswar – Odisha’s Most Trusted Hair Transplant Center 📍 Visit us today or book your appointment online. 📍 Book your consultation today at Radiance Clinics – Bhubaneswar, Odisha 📍Visit us at Plot No - N/1-46, IRC Village, First Lane, Bhubaneswar, Odisha 🌍https://lnkd.in/gzw-Sm89 📞 For Appointments call us: 923 832 1888/923 812 2550/ 9238181816 📌 Stay Connected with Us: FACEBOOK - https://lnkd.in/gC-dv526 TWITTER - https://lnkd.in/gwViShSJ INSTAGRAM - https://lnkd.in/g_PWnjZv LINKDIN - https://lnkd.in/gxyq3keX YOUTUBE - https://lnkd.in/g_9y8UQ3 WHATSAPP CHANNEL LINK- https://lnkd.in/gh_tDaJH RELATED VIDEOS- https://lnkd.in/gY2tcGyM https://lnkd.in/gcKAiSNH https://lnkd.in/guHawKm9 https://lnkd.in/ghAmAdxA https://lnkd.in/g8NG4aCb https://lnkd.in/gruQNYXz https://lnkd.in/gti7d-nh hashtag#RadianceClinics hashtag#HairTransplantBhubaneswar hashtag#HairlineRestoration hashtag#HairLossTreatment hashtag#ConfidenceRestored hashtag#BhubaneswarClinic hashtag#DrSatyarthPrakash hashtag#LifeChangingResults",2025-09-26,PT1M45S,https://i.ytimg.com/vi/Fi1NkqlYHNQ/maxresdefault.jpg,Radiance Clinic - Videos,HAIR_TRANSPLANT_RESULT,Hair Transplant,,,/concerns/hair-transplant,Dr. Satyarth Prakash,"Bhubaneswar, Odisha",candidate-only,result research,/results,MEDIUM,false,true,yt-dlp metadata export supplied to --input
zajGZw3BsSo,https://www.youtube.com/watch?v=zajGZw3BsSo,How to Maintain Your New Hairline | Expert Tips from Radiance Clinics,"✨ A hair transplant is not just about regaining lost hair—it’s about regaining confidence, self-esteem, and a new beginning. At Radiance Clinics, Bhubaneswar, we don’t just reconstruct your hairline, we transform lives. In this video, we share expert tips on maintaining your new hairline after a hair transplant—so that your results stay natural, healthy, and long-lasting. Backed by Dr. Satyarth Prakash’s 20+ years of experience and world-class techniques like Sapphire Tip Slit-Making and advanced graft handling, Radiance Clinics ensures every patient gets the best outcome. 💡 Because your hair is not just about looks—it’s about YOU. 📍 Visit us at Radiance Clinics, Bhubaneswar for personalized consultations and advanced solutions for hair & skin. 📍 Radiance Clinics, Bhubaneswar – Odisha’s Most Trusted Hair Transplant Center 📍 Visit us today or book your appointment online. 📍 Book your consultation today at Radiance Clinics – Bhubaneswar, Odisha 📍Visit us at Plot No - N/1-46, IRC Village, First Lane, Bhubaneswar, Odisha 🌍https://maps.app.goo.gl/itJf8ZZwmm4p2tHY6 📞 For Appointments call us: 923 832 1888/923 812 2550/ 9238181816 📌 Stay Connected with Us: FACEBOOK - https://facebook.com/RadianceSkinandHairClinics TWITTER - https://twitter.com/RadianceBBSR INSTAGRAM - https://instagram.com/radianceskinandhairclinic LINKDIN - https://linkedin.com/in/radiance-skin-and-hair-clinic-231124131 YOUTUBE - https://www.youtube.com/@RadianceClinics WHATSAPP CHANNEL LINK- https://whatsapp.com/channel/0029VbBCJOCKGGGPyJxisV0K RELATED VIDEOS- https://youtu.be/nbKQhsdE__I?si=u-0W6xTqX3tujeqf https://youtu.be/XL4A8KhJIz0?si=lk5q7z8RLPK_GviK https://youtu.be/PChMQIxkw14?si=H4T_54sQwOP0I5DB https://youtu.be/64vXGyQJtqc?si=B1G2Lg-xtrzBvFta https://youtu.be/iSbxDDE7w_4?si=H6FNfMQ7lMRskaKI https://youtu.be/YS-B2DiNG9k?si=hML8SCgTTWa10-rv https://youtu.be/-oGgvFUmaIM?si=whYMwNDXhPIad4v_ #RadianceClinics #HairTransplantBhubaneswar #DrSatyarthPrakash #NewHairline #HairTransplantIndia #ConfidenceRestored #HairCareTips #SapphireTipTransplant #BestHairClinicOdisha #HairTransformation",2025-09-24,PT3M29S,https://i.ytimg.com/vi/zajGZw3BsSo/maxresdefault.jpg,Radiance Clinic - Videos,HAIR_TRANSPLANT_RESULT,Hair Transplant,,,/concerns/hair-transplant,Dr. Satyarth Prakash,"Bhubaneswar, Odisha",candidate-only,result research,/results,MEDIUM,false,true,yt-dlp metadata export supplied to --input
NDjLAH5OOs4,https://www.youtube.com/watch?v=NDjLAH5OOs4,How Many Grafts Are Required? | Hair Transplant Guide Radiance Clinics,"""How many grafts will I need for my hair transplant?"" is one of the most frequent queries that patients ask. 🤔 We at Radiance Skin & Hair Clinics in Bhubaneswar are aware that each person experiences hair loss in a unique way. For this reason, before recommending the appropriate quantity of grafts, our specialists thoroughly assess your baldness grade, donor area, and hair density. ✨ What you’ll learn in this video: ✔ How grafts are calculated for hair transplant ✔ Graft requirement for different baldness stages ✔ Natural-looking coverage with the right grafts ✔ Why expert planning is the key to success Dr. Satyarth Prakash and his staff have over 20 years of experience and have successfully restored the hair and confidence of over 60,000 satisfied clients. Radiance Clinics, Odisha's go-to option for hair transplants, was named one of ThreeBestRated's Best Clinics of 2025. 📍 Radiance Clinics, Bhubaneswar – Odisha’s Most Trusted Hair Transplant Center 📍 Visit us today or book your appointment online. 📍 Book your consultation today at Radiance Clinics – Bhubaneswar, Odisha 📍Visit us at Plot No - N/1-46, IRC Village, First Lane, Bhubaneswar, Odisha 🌍https://maps.app.goo.gl/itJf8ZZwmm4p2tHY6 📞 For Appointments call us: 923 832 1888/923 812 2550/ 9238181816 💡 Recall that proper method, knowledge, and organic results are more important than the quantity of grafts. 📌 Stay Connected with Us: FACEBOOK - https://facebook.com/RadianceSkinandHairClinics TWITTER - https://twitter.com/RadianceBBSR INSTAGRAM - https://instagram.com/radianceskinandhairclinic LINKDIN - https://linkedin.com/in/radiance-skin-and-hair-clinic-231124131 YOUTUBE - https://www.youtube.com/@RadianceClinics WHATSAPP CHANNEL LINK- https://whatsapp.com/channel/0029VbBCJOCKGGGPyJxisV0K RELATED VIDEOS- https://youtu.be/nbKQhsdE__I?si=u-0W6xTqX3tujeqf https://youtu.be/XL4A8KhJIz0?si=lk5q7z8RLPK_GviK https://youtu.be/PChMQIxkw14?si=H4T_54sQwOP0I5DB https://youtu.be/64vXGyQJtqc?si=B1G2Lg-xtrzBvFta https://youtu.be/iSbxDDE7w_4?si=H6FNfMQ7lMRskaKI https://youtu.be/YS-B2DiNG9k?si=hML8SCgTTWa10-rv https://youtu.be/-oGgvFUmaIM?si=whYMwNDXhPIad4v_ https://youtu.be/Lb3QpFDHxV0 https://youtu.be/iQ5cJUpdgMc https://youtu.be/nbKQhsdE__I https://youtu.be/nbKQhsdE__I https://youtu.be/64vXGyQJtqc https://youtube.com/shorts/td-mMNQ3Mvk?feature=share #HairTransplant #HairGrafts #RadianceClinics #Bhubaneswar #HairRestoration #HairLossSolution #ConfidenceBack #BestHairClinic #FUEHairTransplant",2025-09-18,PT6M18S,https://i.ytimg.com/vi/NDjLAH5OOs4/maxresdefault.jpg,Radiance Clinic - Videos,HAIR_TRANSPLANT_RESULT,Hair Transplant,,,/concerns/hair-transplant,Dr. Satyarth Prakash,"Bhubaneswar, Odisha",candidate-only,result research,/results,MEDIUM,false,true,yt-dlp metadata export supplied to --input
Lb3QpFDHxV0,https://www.youtube.com/watch?v=Lb3QpFDHxV0,ଚନ୍ଦାପଣରୁ ସୁନ୍ଦର କେଶ ✨ Hair Transplant @ Radiance Clinics Bhubaneswar,"Hair loss can have a profound impact on personality and self-esteem, but with the correct care, the effects can be transformative. Dr. Satyarth Prakash, who has over 20 years of experience, is our expert in innovative hair transplant operations at Radiance Skin & Hair Clinics in Bhubaneswar. One of our patients' actual progress from noticeable baldness to a fuller, more natural hairline is depicted in this video. ✨ Why Pick Radiance Clinics for Hair Restoration? ✔ More than 60,000 satisfied customers ✔ Over 20 years of dependable experience ✔ Cutting-edge methods for outcomes that seem natural ✔ Safe and minimally invasive operations ✔ Named one of ThreeBestRated's Best Clinics of 2025 📍 Radiance Clinics, Bhubaneswar – Odisha’s Most Trusted Hair Transplant Center 📍 Visit us today or book your appointment online. 📍 Book your consultation today at Radiance Clinics – Bhubaneswar, Odisha 📍Visit us at Plot No - N/1-46, IRC Village, First Lane, Bhubaneswar, Odisha 🌍https://maps.app.goo.gl/itJf8ZZwmm4p2tHY6 📞 For Appointments call us: 923 832 1888/923 812 2550/ 9238181816 ""💡"" Not only do we restore hair at Radiance, but we also restore happiness, personality, and confidence. 📌 Stay Connected with Us: FACEBOOK - https://facebook.com/RadianceSkinandHairClinics TWITTER - https://twitter.com/RadianceBBSR INSTAGRAM - https://instagram.com/radianceskinandhairclinic LINKDIN - https://linkedin.com/in/radiance-skin-and-hair-clinic-231124131 YOUTUBE - https://www.youtube.com/@RadianceClinics WHATSAPP CHANNEL LINK- https://whatsapp.com/channel/0029VbBCJOCKGGGPyJxisV0K RELATED VIDEOS- https://youtu.be/nbKQhsdE__I?si=u-0W6xTqX3tujeqf https://youtu.be/XL4A8KhJIz0?si=lk5q7z8RLPK_GviK https://youtu.be/PChMQIxkw14?si=H4T_54sQwOP0I5DB https://youtu.be/64vXGyQJtqc?si=B1G2Lg-xtrzBvFta https://youtu.be/iSbxDDE7w_4?si=H6FNfMQ7lMRskaKI https://youtu.be/YS-B2DiNG9k?si=hML8SCgTTWa10-rv https://youtu.be/-oGgvFUmaIM?si=whYMwNDXhPIad4v_ #HairTransplant #RadianceClinics #Bhubaneswar #HairLossSolution #HairRegrowth #HairRestoration #ConfidenceBack #BestHairClinic #NaturalHairline",2025-09-17,PT2M33S,https://i.ytimg.com/vi/Lb3QpFDHxV0/maxresdefault.jpg,Radiance Clinic - Videos,DOCTOR_EXPLANATION,Hair Transplant,,/treatments/hair-restoration/fue-hair-transplant,/concerns/hair-transplant,Dr. Satyarth Prakash,"Bhubaneswar, Odisha",,hair transplant education,/hair-transplant-bhubaneswar,HIGH,false,false,yt-dlp metadata export supplied to --input
iQ5cJUpdgMc,https://www.youtube.com/watch?v=iQ5cJUpdgMc,Unbelievable Hair Growth Journey | 3000+ Grafts Result | Radiance Clinics,"At Radiance Clinics, Bhubaneswar, we know that hair restoration isn’t just about looking good—it’s about feeling confident again. This amazing transformation was done with 3000+ grafts, under the care of Dr. Satyartha Prakash, who has over 20 years of experience in hair transplantation. The result? A natural-looking hairline with fuller, healthier growth that has completely changed the way our patient feels about himself. Radiance Clinics has become one of the most trusted places in Odisha for FUE hair transplants, GFC therapy, and non-surgical solutions. Whether it’s baldness, thinning hair, or a receding hairline—we create treatment plans that are personalized for you and designed to give results that last. 💇‍♂️ Because when your hair comes back, so does your confidence. 📌 Stay Connected with Us: FACEBOOK - https://facebook.com/RadianceSkinandHairClinics TWITTER - https://twitter.com/RadianceBBSR INSTAGRAM - https://instagram.com/radianceskinandhairclinic LINKDIN - https://linkedin.com/in/radiance-skin-and-hair-clinic-231124131 YOUTUBE - https://www.youtube.com/@RadianceClinics WHATSAPP CHANNEL LINK- https://whatsapp.com/channel/0029VbBCJOCKGGGPyJxisV0K RELATED VIDEOS- https://youtu.be/nbKQhsdE__I?si=u-0W6xTqX3tujeqf https://youtu.be/XL4A8KhJIz0?si=lk5q7z8RLPK_GviK https://youtu.be/PChMQIxkw14?si=H4T_54sQwOP0I5DB https://youtu.be/64vXGyQJtqc?si=B1G2Lg-xtrzBvFta https://youtu.be/iSbxDDE7w_4?si=H6FNfMQ7lMRskaKI https://youtu.be/YS-B2DiNG9k?si=hML8SCgTTWa10-rv https://youtu.be/-oGgvFUmaIM?si=whYMwNDXhPIad4v_ #HairTransplant #3000Grafts #HairGrowthJourney #HairTransplantResults #HairRestoration #HairGrowth #HairTransformation #FUEHairTransplant #BeforeAndAfter #HairClinic #RadianceClinic #HairTransplantBhubaneswar #BestHairTransplant #Bhubaneswar #Odisha",2025-09-12,PT1M54S,https://i.ytimg.com/vi/iQ5cJUpdgMc/sddefault.jpg,Radiance Clinic - Videos,HAIR_TRANSPLANT_RESULT,Hair Transplant,,,/concerns/hair-transplant,Dr. Satyarth Prakash,"Bhubaneswar, Odisha",candidate-only,result research,/results,MEDIUM,false,true,yt-dlp metadata export supplied to --input
nbKQhsdE__I,https://www.youtube.com/watch?v=nbKQhsdE__I,Best Hair Transplant in Bhubaneswar | 4000 Grafts Life Changing Result | Radiance Clinics,"✨ At Radiance Clinics, Bhubaneswar, we believe in delivering life-changing results with advanced hair transplant techniques. This video showcases a massive transformation with 4000 grafts, restoring confidence and achieving 100% natural-looking results. With 20+ years of expertise, Dr. Satyarth Prakash and his team have helped thousands of patients overcome baldness through permanent, safe, and effective hair transplant procedures. 👉 If you are struggling with hair loss or thinning, Radiance Clinics is your trusted destination for the best hair transplant in Odisha. 📍 Radiance Skin & Hair Clinics Plot No. N/1-46, IRC Village, First Lane, Bhubaneswar, Odisha 📍 Google Maps: https://maps.app.goo.gl/riyTdqbecVdXer1w5 🌐 Website: https://www.radianceclinics.com 📞 ଆପଏଣ୍ଟମେଣ୍ଟ ପାଇଁ ଫୋନ୍ କରନ୍ତୁ: 9238321888 | 9238122550 | 9238181816 📲 ଆମ ସହିତ ଯୋଡ଼ି ରୁହନ୍ତୁ 📘 Facebook: https://facebook.com/RadianceSkinandHairClinics 📸 Instagram: https://instagram.com/radianceskinandhairclinic ▶️ YouTube: https://www.youtube.com/@RadianceClinics 💼 LinkedIn: https://linkedin.com/in/radiance-skin-and-hair-clinic-231124131 🐦 X (Twitter): https://twitter.com/RadianceBBSR 💬 WhatsApp Channel: https://whatsapp.com/channel/0029VbBCJOCKGGGPyJxisV0K 📌 Radiance Skin & Hair Clinics, IRC Village, Bhubaneswar, Odisha #HairTransplant #HairTransplantIndia #RadianceClinics #HairTransplantBhubaneswar #BestHairTransplant #4000Grafts #HairTransplantOdisha #HairRestoration #PermanentHairSolution #HairTransplantResults #ConfidenceRestored",2025-09-04,PT1M59S,https://i.ytimg.com/vi/nbKQhsdE__I/sddefault.jpg,Radiance Clinic - Videos,HAIR_TRANSPLANT_RESULT,Hair Transplant,,,/concerns/hair-transplant,Dr. Satyarth Prakash,"Bhubaneswar, Odisha",candidate-only,result research,/results,MEDIUM,false,true,yt-dlp metadata export supplied to --input
XL4A8KhJIz0,https://www.youtube.com/watch?v=XL4A8KhJIz0,HAIR TRANSPLANT SUCCESS STORIES | Radiance Clinics | Dr Satyartha Prakash,"Every hair transplant at Radiance Clinics in Bhubaneswar is a journey that transforms lives, not just a procedure. Watch this amazing transformation story as our client regained confidence and a natural appearance thanks to sophisticated techniques, care, and precision. 👨‍⚕️ Dr. Satyartha Prakash, who has more than 20 years of experience in advanced hair restoration, performed the procedure. ✅ Why Pick Radiance Clinics? Advanced Hair Transplants Using FUE and FUT Designing a Natural Hairline High Density, Durable Outcomes Safe & Painless Process Odisha Has Thousands of Successful Cases 📍Make your appointment today and transform your appearance with confidence! 📍Based in Bhubaneswar | ✅ Winner of Times Group & i3 Survey Award 📍 Visit today or book an appointment online. 📍 Avail your appointment today at Radiance Clinics – Bhubaneswar, Odisha 📍Visit at Plot No - N/1-46, IRC Village, First Lane, Bhubaneswar, Odisha 🌍https://maps.app.goo.gl/itJf8ZZwmm4p2tHY6 📞 For appointment booking call us: 923 832 1888/923 812 2550 💬 Let hair loss not hold you back. Book your appointment today and start your own success story! #HairTransplant #SuccessStories #RadianceClinic #Bhubaneswar #HairRestoration #ConfidenceBoost #HairGrowth #Transformation",2025-08-14,PT1M26S,https://i.ytimg.com/vi/XL4A8KhJIz0/maxresdefault.jpg,Radiance Clinic - Videos,HAIR_TRANSPLANT_RESULT,Hair Transplant,,,/concerns/hair-transplant,Dr. Satyarth Prakash,"Bhubaneswar, Odisha",candidate-only,result research,/results,MEDIUM,false,true,yt-dlp metadata export supplied to --input
PChMQIxkw14,https://www.youtube.com/watch?v=PChMQIxkw14,Look 10 Years Younger With Hair Transplant | Radiance Clinics | Dr Satyartha Prakash,"Look 10 Years Younger With Hair Transplant | Radiance Clinics | Dr Satyartha Prakash For more information and appointments call 9238321888, 9238122550. Radiance has been the number 1 clinic in eastern India for hair transplant. Our latest hair transplant results are nothing short of amazing. From thinning strands to a full, vibrant mane—check out how we’ve helped our clients regain their confidence and a youthful look. 💪💇‍♂️ Ready to start your own hair restoration journey? Drop us a DM or click the link in our bio to learn more! 📩🔗 #HairTransplant #HairRestoration #TransformationTuesday #ConfidenceBoost #BeforeAndAfter #HealthyHair #HairGoals #AmazingResults #RadianceClinic #हेयर_ट्रांसप्लांट #bestplaceforhairtransplant #hairtransplantsolutions #hairloss",2024-08-22,PT1M11S,https://i.ytimg.com/vi/PChMQIxkw14/maxresdefault.jpg,Radiance Clinic - Videos,HAIR_TRANSPLANT_RESULT,Hair Transplant,,,/concerns/hair-transplant,Dr. Satyarth Prakash,,candidate-only,result research,/results,MEDIUM,false,true,yt-dlp metadata export supplied to --input
64vXGyQJtqc,https://www.youtube.com/watch?v=64vXGyQJtqc,From Fading to Fabulous | Hair Transplant Before & After | Radiance Clinics | Dr Satyartha Prakash,"From Fading to Fabulous | Hair Transplant Before & After | Radiance Clinics | Dr Satyartha Prakash For more information and appointments call 9238321888, 9238122550. Radiance has been the number 1 clinic in eastern India for hair transplant. Our latest hair transplant results are nothing short of amazing. From thinning strands to a full, vibrant mane—check out how we’ve helped our clients regain their confidence and a youthful look. 💪💇‍♂️ Ready to start your own hair restoration journey? Drop us a DM or click the link in our bio to learn more! 📩🔗 #HairTransplant #HairRestoration #TransformationTuesday #ConfidenceBoost #BeforeAndAfter #HealthyHair #HairGoals #AmazingResults #RadianceClinic #हेयर_ट्रांसप्लांट #bestplaceforhairtransplant #hairtransplantsolutions #hairloss",2024-08-22,PT1M22S,https://i.ytimg.com/vi/64vXGyQJtqc/maxresdefault.jpg,Radiance Clinic - Videos,HAIR_TRANSPLANT_RESULT,Hair Transplant,,,/concerns/hair-transplant,Dr. Satyarth Prakash,,candidate-only,result research,/results,MEDIUM,false,true,yt-dlp metadata export supplied to --input
iSbxDDE7w_4,https://www.youtube.com/watch?v=iSbxDDE7w_4,Amazing Hair Transplant Results Before & After | Radiance Clinics | Dr Satyartha Prakash.,"Amazing Hair Transplant Results | Radiance Clinics | Dr Satyartha Prakash. For more information and appointments call 9238321888, 9238122550. Radiance has been the number 1 clinic in eastern India for hair transplant. Our latest hair transplant results are nothing short of amazing. From thinning strands to a full, vibrant mane—check out how we’ve helped our clients regain their confidence and a youthful look. 💪💇‍♂️ Ready to start your own hair restoration journey? Drop us a DM or click the link in our bio to learn more! 📩🔗 #HairTransplant #HairRestoration #TransformationTuesday #ConfidenceBoost #BeforeAndAfter #HealthyHair #HairGoals #AmazingResults #RadianceClinic #हेयर_ट्रांसप्लांट #bestplaceforhairtransplant #hairtransplantsolutions #hairloss",2024-08-22,PT1M22S,https://i.ytimg.com/vi/iSbxDDE7w_4/sddefault.jpg,Radiance Clinic - Videos,HAIR_TRANSPLANT_RESULT,Hair Transplant,,,/concerns/hair-transplant,Dr. Satyarth Prakash,,candidate-only,result research,/results,MEDIUM,false,true,yt-dlp metadata export supplied to --input
YS-B2DiNG9k,https://www.youtube.com/watch?v=YS-B2DiNG9k,Incredible Hair Transplant Transformation! 🌟 Radiance Clinics | Dr Satyartha Prakash.,"🌟 Incredible Hair Transplant Transformation! 🌟 Radiance Clinics | Dr Satyartha Prakash. For more information and appointments call 9238321888, 9238122550. Radiance has been the number 1 clinic in eastern India for hair transplant. Our latest hair transplant results are nothing short of amazing. From thinning strands to a full, vibrant mane—check out how we’ve helped our clients regain their confidence and a youthful look. 💪💇‍♂️ Ready to start your own hair restoration journey? Drop us a DM or click the link in our bio to learn more! 📩🔗 #HairTransplant #HairRestoration #TransformationTuesday #ConfidenceBoost #BeforeAndAfter #HealthyHair #HairGoals #AmazingResults #RadianceClinic #हेयर_ट्रांसप्लांट #bestplaceforhairtransplant #hairtransplantsolutions #hairloss",2024-08-20,PT1M51S,https://i.ytimg.com/vi/YS-B2DiNG9k/maxresdefault.jpg,Radiance Clinic - Videos,HAIR_TRANSPLANT_RESULT,Hair Transplant,,,/concerns/hair-transplant,Dr. Satyarth Prakash,,candidate-only,result research,/results,MEDIUM,false,true,yt-dlp metadata export supplied to --input
ZL3MuB-gfLk,https://www.youtube.com/watch?v=ZL3MuB-gfLk,"""Dr. Satyartha Prakash Receives Times Health Icon Award 2024""","Dr. Satyartha Prakash has been honored with the prestigious Times Health Icon Award 2024 in recognition of his exceptional contributions to the healthcare sector. Renowned for his innovative approaches and dedication to patient care, Dr. Prakash continues to set new standards in medical excellence. This award highlights his commitment to advancing healthcare and improving patient outcomes. website - www.radianceclinics.com map- https://maps.app.goo.gl/eaa4DBGdcgq43Qit5",2024-07-26,PT1M17S,https://i.ytimg.com/vi/ZL3MuB-gfLk/maxresdefault.jpg,Radiance Clinic - Videos,DOCTOR_EXPLANATION,Pigmentation,,/treatments/skin-laser/laser-pigmentation-program,/concerns/pigmentation,Dr. Satyarth Prakash,,,pigmentation education,/pigmentation-treatment-bhubaneswar,HIGH,false,false,yt-dlp metadata export supplied to --input
-oGgvFUmaIM,https://www.youtube.com/watch?v=-oGgvFUmaIM,Life-Changing Transplant Results You Have to See to Believe. Radiance Clinics | Dr Satyartha Prakash,"Magic of Radiance Clinics | | Hair transplant Best Result | Dr. Satyartha Prakash | Radiance Clinics. For more information and appointments call 9238321888, 9238122550. Radiance has been the number 1 clinic in eastern India for hair transplant , having successfully treated more than 3000 clients Radiance Clinics Has been awarded has the best Skin Clinics In Odisha by Times Group. ✅ Hair Transplant in Odisha ✅ Hair Clinic in Bhubaneswar ✅ Hair Restoration ✅ hair transplant information ✅ hair transplant clinic ✅ best hair transplant clinic ✅ hair transplant decision ✅ hair clinic ✅ hair transplant indecision ✅ Dr. Satyartha Prakash ✅ Hair Transplant in Bhubaneswar ✅ Radiance Skin & Hair Clinics ✅ हेयर ट्रांसप्लांट बेस्ट रिजल्ट ✅ Best Hair Transplant Clinic ✅ Hair Transplant in Low Price ✅Best Hair Transplant Results ✅ Best Hair Transplant Clinic #RadianceClinic #हेयर_ट्रांसप्लांट #bestplaceforhairtransplant #hairtransplantsolutions #hairloss #skincareclinicodisha #hairloss #Hairtransplantresult #hairtransplant #hairtransplantworks #Besthairtransplantcentreinodisha #Drsatyarthprakash #Radianceclinics #besthairtransplantresult #hairtransplantresults #hairtransplantbeforeafter #hairtransplantindia #hairtransplantprocedure #hairloss #hairtransplant #hairtransplantinindia #hairtransplantation #hairtransplantsurgery #hairtransplantclinic #hairtransplants #hairtransplantsolutions Hair transplant basics explained by Dr. Satyartha Prakash from Radiance Clinics Bhubaneswar. For more information and appointments call 9238321888, 9238122550. Radiance has been the number 1 clinic in eastern India for hair transplant , having successfully treated more than 3000 clients Radiance Clinics Has been awarded has the best Skin Clinics In Odisha by Times Group and I3 survey. If you are looking for a best hair transplant clinic in Bhubaneswar then Radiance is the right option for you. Having world class infrastructure and state of art equipment and all foreign trained doctors, Radiance has been serving the since a Decade. Whatsapp and telephonic consultations available. Learn more at https://radianceclinics.com/. https://radiancehairclinics.com/. ➤Follow our Daily Facebook Updates: / radianceclinics ➤Get the latest tips from Our Experts on Instagram: / radiancecli. . 👩🏻⚕GET TO KNOW US! Radiance Skin & Hair Clinics Plot No – N/1-46, IRC Village, First Lane, Bhubaneswar Tel : +91-674- 255-2550, +91-923-832-1888, +91-923-812-2550 Email: radiance.clinics@gmail.com The Radiance Clinic Bhubaneswar is the largest and most up-to-date dermatology center in Odisha, it was established following the best practices of Skin & Hair experts. The clinic offers treatment of dermatological and all sorts of aesthetic maladies. At Radiance Clinic Bhubaneswar, our objective is to bring you the latest and the most effective techniques in hair transplant ensuring the highest level of care and attention. As one of the best & the Oldest hair transplant centers in Odisha, we provide you with all the information about hair transplant , Hair-loss treatment & Skin Care treatments which helps you understand the right treatment for you. This, in turn, allows you to make an informed choice based on your needs and goals. Most Trusted Skin & Hair Clinic Of Odisha | 25000+ Happy patients . @Radiance Clinics Bhubaneswar .",2024-07-24,PT1M12S,https://i.ytimg.com/vi/-oGgvFUmaIM/maxresdefault.jpg,Radiance Clinic - Videos,HAIR_TRANSPLANT_RESULT,Hair Transplant,,,/concerns/hair-transplant,Dr. Satyarth Prakash,"Bhubaneswar, Odisha",candidate-only,result research,/results,MEDIUM,false,true,yt-dlp metadata export supplied to --input
JkkIN4a3kdw,https://www.youtube.com/watch?v=JkkIN4a3kdw,Amazing Transformation: Hair Transplant Success At Radiance Clinics With Dr. Satyartha Prakash,"Game Changing Hair Transplant Result | Hair transplant Best Result | Dr. Satyartha Prakash | Radiance Clinics ✅ Hair Transplant in Odisha ✅ Hair Clinic in Bhubaneswar ✅ Hair Restoration ✅ hair transplant information ✅ hair transplant clinic ✅ best hair transplant clinic ✅ hair transplant decision ✅ hair clinic ✅ hair transplant indecision ✅ Dr. Satyartha Prakash ✅ Hair Transplant in Bhubaneswar ✅ Radiance Skin & Hair Clinics ✅ हेयर ट्रांसप्लांट बेस्ट रिजल्ट ✅ Best Hair Transplant Clinic ✅ Hair Transplant in Low Price ✅Best Hair Transplant Results ✅ Best Hair Transplant Clinic #RadianceClinic #हेयर_ट्रांसप्लांट #bestplaceforhairtransplant #hairtransplantsolutions #hairloss #skincareclinicodisha #hairloss #Hairtransplantresult #hairtransplant #hairtransplantworks #Besthairtransplantcentreinodisha #Drsatyarthprakash #Radianceclinics #besthairtransplantresult #hairtransplantresults #hairtransplantbeforeafter #hairtransplantindia #hairtransplantprocedure #hairloss #hairtransplant #hairtransplantinindia #hairtransplantation #hairtransplantsurgery #hairtransplantclinic #hairtransplants #hairtransplantsolutions Hair transplant basics explained by Dr. Satyartha Prakash from Radiance Clinics Bhubaneswar. For more information and appointments call 9238321888, 9238122550. Radiance has been the number 1 clinic in eastern India for hair transplant , having successfully treated more than 3000 clients Radiance Clinics Has been awarded has the best Skin Clinics In Odisha by Times Group and I3 survey. If you are looking for a best hair transplant clinic in Bhubaneswar then Radiance is the right option for you. Having world class infrastructure and state of art equipment and all foreign trained doctors, Radiance has been serving the since a Decade. Whatsapp and telephonic consultations available. Learn more at https://radianceclinics.com/. https://radiancehairclinics.com/. ➤Follow our Daily Facebook Updates: / radianceclinics ➤Get the latest tips from Our Experts on Instagram: / radiancecli. . 👩🏻⚕GET TO KNOW US! Radiance Skin & Hair Clinics Plot No – N/1-46, IRC Village, First Lane, Bhubaneswar Tel : +91-674- 255-2550, +91-923-832-1888, +91-923-812-2550 Email: radiance.clinics@gmail.com The Radiance Clinic Bhubaneswar is the largest and most up-to-date dermatology center in Odisha, it was established following the best practices of Skin & Hair experts. The clinic offers treatment of dermatological and all sorts of aesthetic maladies. At Radiance Clinic Bhubaneswar, our objective is to bring you the latest and the most effective techniques in hair transplant ensuring the highest level of care and attention. As one of the best & the Oldest hair transplant centers in Odisha, we provide you with all the information about hair transplant , Hair-loss treatment & Skin Care treatments which helps you understand the right treatment for you. This, in turn, allows you to make an informed choice based on your needs and goals. Most Trusted Skin & Hair Clinic Of Odisha | 25000+ Happy patients . @Radiance Clinics Bhubaneswar .",2024-07-24,PT1M22S,https://i.ytimg.com/vi/JkkIN4a3kdw/maxresdefault.jpg,Radiance Clinic - Videos,HAIR_TRANSPLANT_RESULT,Hair Transplant,,,/concerns/hair-transplant,Dr. Satyarth Prakash,"Bhubaneswar, Odisha",candidate-only,result research,/results,MEDIUM,false,true,yt-dlp metadata export supplied to --input
lgKNFKin2e8,https://www.youtube.com/watch?v=lgKNFKin2e8,From Bald to Bold Incredible Hair Transplant Amazing Result. Radiance Clinics | Dr Satyartha Prakash,"From Bald to Bold Incredible Hair Transplant Amazing Result | Dr. Satyartha Prakash | Radiance Clinics. ✅ Hair Transplant in Odisha ✅ Hair Clinic in Bhubaneswar ✅ Hair Restoration ✅ hair transplant information ✅ hair transplant clinic ✅ best hair transplant clinic ✅ hair transplant decision ✅ hair clinic ✅ hair transplant indecision ✅ Dr. Satyartha Prakash ✅ Hair Transplant in Bhubaneswar ✅ Radiance Skin & Hair Clinics ✅ हेयर ट्रांसप्लांट बेस्ट रिजल्ट ✅ Best Hair Transplant Clinic ✅ Hair Transplant in Low Price ✅Best Hair Transplant Results ✅ Best Hair Transplant Clinic #RadianceClinic #हेयर_ट्रांसप्लांट #bestplaceforhairtransplant #hairtransplantsolutions #hairloss #skincareclinicodisha #hairloss #Hairtransplantresult #hairtransplant #hairtransplantworks #Besthairtransplantcentreinodisha #Drsatyarthprakash #Radianceclinics #besthairtransplantresult #hairtransplantresults #hairtransplantbeforeafter #hairtransplantindia #hairtransplantprocedure #hairloss #hairtransplant #hairtransplantinindia #hairtransplantation #hairtransplantsurgery #hairtransplantclinic #hairtransplants #hairtransplantsolutions Hair transplant basics explained by Dr. Satyartha Prakash from Radiance Clinics Bhubaneswar. For more information and appointments call 9238321888, 9238122550. Radiance has been the number 1 clinic in eastern India for hair transplant , having successfully treated more than 3000 clients Radiance Clinics Has been awarded has the best Skin Clinics In Odisha by Times Group and I3 survey. If you are looking for a best hair transplant clinic in Bhubaneswar then Radiance is the right option for you. Having world class infrastructure and state of art equipment and all foreign trained doctors, Radiance has been serving the since a Decade. Whatsapp and telephonic consultations available. Learn more at https://radianceclinics.com/. https://radiancehairclinics.com/. ➤Follow our Daily Facebook Updates: / radianceclinics ➤Get the latest tips from Our Experts on Instagram: / radiancecli. . 👩🏻⚕GET TO KNOW US! Radiance Skin & Hair Clinics Plot No – N/1-46, IRC Village, First Lane, Bhubaneswar Tel : +91-674- 255-2550, +91-923-832-1888, +91-923-812-2550 Email: radiance.clinics@gmail.com The Radiance Clinic Bhubaneswar is the largest and most up-to-date dermatology center in Odisha, it was established following the best practices of Skin & Hair experts. The clinic offers treatment of dermatological and all sorts of aesthetic maladies. At Radiance Clinic Bhubaneswar, our objective is to bring you the latest and the most effective techniques in hair transplant ensuring the highest level of care and attention. As one of the best & the Oldest hair transplant centers in Odisha, we provide you with all the information about hair transplant , Hair-loss treatment & Skin Care treatments which helps you understand the right treatment for you. This, in turn, allows you to make an informed choice based on your needs and goals. Most Trusted Skin & Hair Clinic Of Odisha | 25000+ Happy patients . @Radiance Clinics Bhubaneswar .",2024-07-24,PT1M51S,https://i.ytimg.com/vi/lgKNFKin2e8/maxresdefault.jpg,Radiance Clinic - Videos,HAIR_TRANSPLANT_RESULT,Hair Transplant,,,/concerns/hair-transplant,Dr. Satyarth Prakash,"Bhubaneswar, Odisha",candidate-only,result research,/results,MEDIUM,false,true,yt-dlp metadata export supplied to --input
EtvEqDG0Fl0,https://www.youtube.com/watch?v=EtvEqDG0Fl0,See the Magic Before and After Hair Transplant Results | Radiance Clinics | Dr. Satyartha Prakash,"See the Magic: Before and After Hair Transplant Results | At Radiance Clinics | Dr. Satyartha Prakash ✅ Hair Transplant in Odisha ✅ Hair Clinic in Bhubaneswar ✅ Hair Restoration ✅ hair transplant information ✅ hair transplant clinic ✅ best hair transplant clinic ✅ hair transplant decision ✅ hair clinic ✅ hair transplant indecision ✅ Dr. Satyartha Prakash ✅ Hair Transplant in Bhubaneswar ✅ Radiance Skin & Hair Clinics ✅ हेयर ट्रांसप्लांट बेस्ट रिजल्ट ✅ Best Hair Transplant Clinic ✅ Hair Transplant in Low Price ✅Best Hair Transplant Results ✅ Best Hair Transplant Clinic #RadianceClinic #हेयर_ट्रांसप्लांट #bestplaceforhairtransplant #hairtransplantsolutions #hairloss #skincareclinicodisha #hairloss #Hairtransplantresult #hairtransplant #hairtransplantworks #Besthairtransplantcentreinodisha #Drsatyarthprakash #Radianceclinics #besthairtransplantresult #hairtransplantresults #hairtransplantbeforeafter #hairtransplantindia #hairtransplantprocedure #hairloss #hairtransplant #hairtransplantinindia #hairtransplantation #hairtransplantsurgery #hairtransplantclinic #hairtransplants #hairtransplantsolutions Hair transplant basics explained by Dr. Satyartha Prakash from Radiance Clinics Bhubaneswar. For more information and appointments call 9238321888, 9238122550. Radiance has been the number 1 clinic in eastern India for hair transplant , having successfully treated more than 3000 clients Radiance Clinics Has been awarded has the best Skin Clinics In Odisha by Times Group and I3 survey. If you are looking for a best hair transplant clinic in Bhubaneswar then Radiance is the right option for you. Having world class infrastructure and state of art equipment and all foreign trained doctors, Radiance has been serving the since a Decade. Whatsapp and telephonic consultations available. Learn more at https://radianceclinics.com/. https://radiancehairclinics.com/. ➤Follow our Daily Facebook Updates: / radianceclinics ➤Get the latest tips from Our Experts on Instagram: / radiancecli. . 👩🏻⚕GET TO KNOW US! Radiance Skin & Hair Clinics Plot No – N/1-46, IRC Village, First Lane, Bhubaneswar Tel : +91-674- 255-2550, +91-923-832-1888, +91-923-812-2550 Email: radiance.clinics@gmail.com The Radiance Clinic Bhubaneswar is the largest and most up-to-date dermatology center in Odisha, it was established following the best practices of Skin & Hair experts. The clinic offers treatment of dermatological and all sorts of aesthetic maladies. At Radiance Clinic Bhubaneswar, our objective is to bring you the latest and the most effective techniques in hair transplant ensuring the highest level of care and attention. As one of the best & the Oldest hair transplant centers in Odisha, we provide you with all the information about hair transplant , Hair-loss treatment & Skin Care treatments which helps you understand the right treatment for you. This, in turn, allows you to make an informed choice based on your needs and goals. Most Trusted Skin & Hair Clinic Of Odisha | 25000+ Happy patients . @Radiance Clinics Bhubaneswar .",2024-07-24,PT1M18S,https://i.ytimg.com/vi/EtvEqDG0Fl0/maxresdefault.jpg,Radiance Clinic - Videos,HAIR_TRANSPLANT_RESULT,Hair Transplant,,,/concerns/hair-transplant,Dr. Satyarth Prakash,"Bhubaneswar, Odisha",candidate-only,result research,/results,MEDIUM,false,true,yt-dlp metadata export supplied to --input
WS4L3Em3bco,https://www.youtube.com/watch?v=WS4L3Em3bco,Look Young With Best Hair Transplant Result Dr Satyartha Prakash Radiance Clinics,"Transform Your Look: Hair Transplant Hair transplant Best Result | Dr. Satyartha Prakash | Radiance Clinics ✅ Hair Transplant in Odisha ✅ Hair Clinic in Bhubaneswar ✅ Hair Restoration ✅ hair transplant information ✅ hair transplant clinic ✅ best hair transplant clinic ✅ hair transplant decision ✅ hair clinic ✅ hair transplant indecision ✅ Dr. Satyartha Prakash ✅ Hair Transplant in Bhubaneswar ✅ Radiance Skin & Hair Clinics ✅ हेयर ट्रांसप्लांट बेस्ट रिजल्ट ✅ Best Hair Transplant Clinic ✅ Hair Transplant in Low Price ✅Best Hair Transplant Results ✅ Best Hair Transplant Clinic #RadianceClinic #हेयर_ट्रांसप्लांट #bestplaceforhairtransplant #hairtransplantsolutions #hairloss #skincareclinicodisha #hairloss #Hairtransplantresult #hairtransplant #hairtransplantworks #Besthairtransplantcentreinodisha #Drsatyarthprakash #Radianceclinics #besthairtransplantresult #hairtransplantresults #hairtransplantbeforeafter #hairtransplantindia #hairtransplantprocedure #hairloss #hairtransplant #hairtransplantinindia #hairtransplantation #hairtransplantsurgery #hairtransplantclinic #hairtransplants #hairtransplantsolutions Hair transplant basics explained by Dr. Satyartha Prakash from Radiance Clinics Bhubaneswar. For more information and appointments call 9238321888, 9238122550. Radiance has been the number 1 clinic in eastern India for hair transplant , having successfully treated more than 3000 clients Radiance Clinics Has been awarded has the best Skin Clinics In Odisha by Times Group and I3 survey. If you are looking for a best hair transplant clinic in Bhubaneswar then Radiance is the right option for you. Having world class infrastructure and state of art equipment and all foreign trained doctors, Radiance has been serving the since a Decade. Whatsapp and telephonic consultations available. Learn more at https://radianceclinics.com/. https://radiancehairclinics.com/. ➤Follow our Daily Facebook Updates: / radianceclinics ➤Get the latest tips from Our Experts on Instagram: / radiancecli. . 👩🏻⚕GET TO KNOW US! Radiance Skin & Hair Clinics Plot No – N/1-46, IRC Village, First Lane, Bhubaneswar Tel : +91-674- 255-2550, +91-923-832-1888, +91-923-812-2550 Email: radiance.clinics@gmail.com The Radiance Clinic Bhubaneswar is the largest and most up-to-date dermatology center in Odisha, it was established following the best practices of Skin & Hair experts. The clinic offers treatment of dermatological and all sorts of aesthetic maladies. At Radiance Clinic Bhubaneswar, our objective is to bring you the latest and the most effective techniques in hair transplant ensuring the highest level of care and attention. As one of the best & the Oldest hair transplant centers in Odisha, we provide you with all the information about hair transplant , Hair-loss treatment & Skin Care treatments which helps you understand the right treatment for you. This, in turn, allows you to make an informed choice based on your needs and goals. Most Trusted Skin & Hair Clinic Of Odisha | 25000+ Happy patients . @Radiance Clinics Bhubaneswar .",2024-07-24,PT1M25S,https://i.ytimg.com/vi/WS4L3Em3bco/maxresdefault.jpg,Radiance Clinic - Videos,HAIR_TRANSPLANT_RESULT,Hair Transplant,,,/concerns/hair-transplant,Dr. Satyarth Prakash,"Bhubaneswar, Odisha",candidate-only,result research,/results,MEDIUM,false,true,yt-dlp metadata export supplied to --input
lGshezGH7d0,https://www.youtube.com/watch?v=lGshezGH7d0,Get A Stunning Makeover: 1200 Grafts Hair Transplant By Dr. Satyartha Prakash At Radiance Clinics,"Transform Your Look: Hair Transplant Hair transplant Best Result | Dr. Satyartha Prakash | Radiance Clinics ✅ Hair Transplant in Odisha ✅ Hair Clinic in Bhubaneswar ✅ Hair Restoration ✅ hair transplant information ✅ hair transplant clinic ✅ best hair transplant clinic ✅ hair transplant decision ✅ hair clinic ✅ hair transplant indecision ✅ Dr. Satyartha Prakash ✅ Hair Transplant in Bhubaneswar ✅ Radiance Skin & Hair Clinics ✅ हेयर ट्रांसप्लांट बेस्ट रिजल्ट ✅ Best Hair Transplant Clinic ✅ Hair Transplant in Low Price ✅Best Hair Transplant Results ✅ Best Hair Transplant Clinic #RadianceClinic #हेयर_ट्रांसप्लांट #bestplaceforhairtransplant #hairtransplantsolutions #hairloss #skincareclinicodisha #hairloss #Hairtransplantresult #hairtransplant #hairtransplantworks #Besthairtransplantcentreinodisha #Drsatyarthprakash #Radianceclinics #besthairtransplantresult #hairtransplantresults #hairtransplantbeforeafter #hairtransplantindia #hairtransplantprocedure #hairloss #hairtransplant #hairtransplantinindia #hairtransplantation #hairtransplantsurgery #hairtransplantclinic #hairtransplants #hairtransplantsolutions Hair transplant basics explained by Dr. Satyartha Prakash from Radiance Clinics Bhubaneswar. For more information and appointments call 9238321888, 9238122550. Radiance has been the number 1 clinic in eastern India for hair transplant , having successfully treated more than 3000 clients Radiance Clinics Has been awarded has the best Skin Clinics In Odisha by Times Group and I3 survey. If you are looking for a best hair transplant clinic in Bhubaneswar then Radiance is the right option for you. Having world class infrastructure and state of art equipment and all foreign trained doctors, Radiance has been serving the since a Decade. Whatsapp and telephonic consultations available. Learn more at https://radianceclinics.com/. https://radiancehairclinics.com/. ➤Follow our Daily Facebook Updates: / radianceclinics ➤Get the latest tips from Our Experts on Instagram: / radiancecli. . 👩🏻⚕GET TO KNOW US! Radiance Skin & Hair Clinics Plot No – N/1-46, IRC Village, First Lane, Bhubaneswar Tel : +91-674- 255-2550, +91-923-832-1888, +91-923-812-2550 Email: radiance.clinics@gmail.com The Radiance Clinic Bhubaneswar is the largest and most up-to-date dermatology center in Odisha, it was established following the best practices of Skin & Hair experts. The clinic offers treatment of dermatological and all sorts of aesthetic maladies. At Radiance Clinic Bhubaneswar, our objective is to bring you the latest and the most effective techniques in hair transplant ensuring the highest level of care and attention. As one of the best & the Oldest hair transplant centers in Odisha, we provide you with all the information about hair transplant , Hair-loss treatment & Skin Care treatments which helps you understand the right treatment for you. This, in turn, allows you to make an informed choice based on your needs and goals. Most Trusted Skin & Hair Clinic Of Odisha | 25000+ Happy patients . @Radiance Clinics Bhubaneswar .",2024-07-24,PT1M12S,https://i.ytimg.com/vi/lGshezGH7d0/maxresdefault.jpg,Radiance Clinic - Videos,HAIR_TRANSPLANT_RESULT,Hair Transplant,,,/concerns/hair-transplant,Dr. Satyarth Prakash,"Bhubaneswar, Odisha",candidate-only,result research,/results,MEDIUM,false,true,yt-dlp metadata export supplied to --input
lSU_k1gA5Nw,https://www.youtube.com/watch?v=lSU_k1gA5Nw,Best Skin & Hair Clinic in Bhubaneswar | Radiance Skin & Hair Clinics | Dr. Satyartha Prakash,"Skin & Hair Clinic in Bhubaneswar | 25000+ Happy Patients | Radiance Skin & Hair Clinics | Dr. Satyartha Prakash The Radiance Skin & Hair Clinic is the largest and most up-to-date dermatology center in Odisha, It was established following the best practices of Skin & Hair experts. The clinic offers treatment of dermatological and all sorts of aesthetic maladies. At Radiance Skin & Hair Clinics, our objective is to bring you the latest and the most effective techniques in hair transplant ensuring the highest level of care and attention. As one of the best & the oldest hair transplant centers in Odisha, we provide you with all the information about hair transplant, Hair-loss treatment & Skin Care treatments which helps you understand the right treatment for you. This, in turn, allows you to make an informed choice based on your needs and goals. Learn more at https://radiancehairclinics.com/ and https://radianceclinics.com/. Highlights of Radiance Skin & Hair Clinics: ✔️ 25000+ Served patients across country ✔️ 80000000+ graft placed ✔️ 100% Bacteria & Fungus free operating rooms ✔️ 5 Star Interiors ✔️ UV+ Sterilization ✔️ Member of AHRS ✔️ Member of ISHRS ➤Follow our Daily Facebook Updates: / radianceclinics ➤Get the latest tips from Our Experts on Instagram: / radianceclinics 👩🏻‍⚕GET TO KNOW US! Radiance Skin & Hair Clinics Plot No – N/1-46, IRC Village, First Lane , Bhubaneswar. Tel : +91-674- 255-2550, +91-923-832-1888, +91-923-812-2550 Email: radiance.clinics@gmail.com",2024-05-20,PT2M48S,https://i.ytimg.com/vi/lSU_k1gA5Nw/maxresdefault.jpg,Radiance Clinic - Videos,DOCTOR_EXPLANATION,Hair Transplant,,/treatments/hair-restoration/fue-hair-transplant,/concerns/hair-transplant,Dr. Satyarth Prakash,"Bhubaneswar, Odisha",,hair transplant education,/hair-transplant-bhubaneswar,HIGH,false,true,yt-dlp metadata export supplied to --input
Kc-kwamHiJI,https://www.youtube.com/watch?v=Kc-kwamHiJI,Hair Patch Vs Hair Transplant ? Which Option is Better | Dr. Satyartha Prakash,"In this video, Dr. Satyartha Prakash defines which is better a hair transplant or a non-surgical hair patch. | . For more information and appointments call 9238321888, 9238122550. हेयर विग या हेयर ट्रांसप्लांट | इस वीडियो में, Dr. Satyartha Prakash परिभाषित करते हैं कि कौन सा हेयर ट्रांसप्लांट या नॉन-सर्जिकल हेयर पैच बेहतर है। #RadianceClinic #हेयर_ट्रांसप्लांट #bestplaceforhairtransplant #hairtransplantsolutions #hairloss #skincareclinicodisha #hairloss #Hairtransplantresult #hairtransplant #hairtransplantworks #Besthairtransplantcentreinodisha #Drsatyarthprakash #Radianceclinics #besthairtransplantresult #hairtransplantresults #hairtransplantbeforeafter #hairtransplantindia #hairtransplantprocedure #hairloss #hairtransplant #hairtransplantinindia #hairtransplantation #hairtransplantsurgery #hairtransplantclinic #hairtransplants #hairtransplantsolutions Hair transplant basics explained by Dr. Satyartha Prakash from Radiance Clinics Bhubaneswar. For more information and appointments call 9238321888, 9238122550. Radiance has been the number 1 clinic in eastern India for hair transplant , having successfully treated more than 3000 clients Radiance Clinics Has been awarded has the best Skin Clinics In Odisha by Times Group and I3 survey. If you are looking for a best hair transplant clinic in Bhubaneswar then Radiance is the right option for you. Having world class infrastructure and state of art equipment and all foreign trained doctors, Radiance has been serving the since a Decade. Whatsapp and telephonic consultations available. Learn more at https://radianceclinics.com/. https://radiancehairclinics.com/. ➤Follow our Daily Facebook Updates: / radianceclinics ➤Get the latest tips from Our Experts on Instagram: / radiancecli. . 👩🏻⚕GET TO KNOW US! Radiance Skin & Hair Clinics Plot No – N/1-46, IRC Village, First Lane, Bhubaneswar Tel : +91-674- 255-2550, +91-923-832-1888, +91-923-812-2550 Email: radiance.clinics@gmail.com The Radiance Clinic Bhubaneswar is the largest and most up-to-date dermatology center in Odisha, it was established following the best practices of Skin & Hair experts. The clinic offers treatment of dermatological and all sorts of aesthetic maladies. At Radiance Clinic Bhubaneswar, our objective is to bring you the latest and the most effective techniques in hair transplant ensuring the highest level of care and attention. As one of the best & the Oldest hair transplant centers in Odisha, we provide you with all the information about hair transplant , Hair-loss treatment & Skin Care treatments which helps you understand the right treatment for you. This, in turn, allows you to make an informed choice based on your needs and goals. Most Trusted Skin & Hair Clinic Of Odisha | 25000+ Happy patients . @Radiance Clinics Bhubaneswar .",2024-05-20,PT2M39S,https://i.ytimg.com/vi/Kc-kwamHiJI/maxresdefault.jpg,Radiance Clinic - Videos,HAIR_TRANSPLANT_RESULT,Hair Transplant,,,/concerns/hair-transplant,Dr. Satyarth Prakash,"Bhubaneswar, Odisha",candidate-only,result research,/results,MEDIUM,false,true,yt-dlp metadata export supplied to --input
8qYMw935MF8,https://www.youtube.com/watch?v=8qYMw935MF8,Find Your Perfect Hair Transplant Clinic: Radiance Clinics With Dr. Satyartha Prakash,"Hair transplant basics explained by Dr. Satyartha Prakash from Radiance Clinics Bhubaneswar. For more information and appointments call 9238321888, 9238122550. ""Learn the essential factors to consider when selecting the perfect hair transplant clinic for your needs. From expertise and technology to patient testimonials, uncover the key aspects that ensure a successful and satisfying procedure. Make an informed decision and embark on your journey to hair restoration with confidence."" #RadianceClinic #हेयर_ट्रांसप्लांट #bestplaceforhairtransplant #hairtransplantsolutions #hairloss #skincareclinicodisha #hairloss #Hairtransplantresult #hairtransplant #hairtransplantworks #Besthairtransplantcentreinodisha #Drsatyarthprakash #Radianceclinics #besthairtransplantresult #hairtransplantresults #hairtransplantbeforeafter #hairtransplantindia #hairtransplantprocedure #hairloss #hairtransplant #hairtransplantinindia #hairtransplantation #hairtransplantsurgery #hairtransplantclinic #hairtransplants #hairtransplantsolutions Hair transplant basics explained by Dr. Satyartha Prakash from Radiance Clinics Bhubaneswar. For more information and appointments call 9238321888, 9238122550. Radiance has been the number 1 clinic in eastern India for hair transplant , having successfully treated more than 3000 clients Radiance Clinics Has been awarded has the best Skin Clinics In Odisha by Times Group and I3 survey. If you are looking for a best hair transplant clinic in Bhubaneswar then Radiance is the right option for you. Having world class infrastructure and state of art equipment and all foreign trained doctors, Radiance has been serving the since a Decade. Whatsapp and telephonic consultations available. Learn more at https://radianceclinics.com/. https://radiancehairclinics.com/. ➤Follow our Daily Facebook Updates: / radianceclinics ➤Get the latest tips from Our Experts on Instagram: / radiancecli. . 👩🏻⚕GET TO KNOW US! Radiance Skin & Hair Clinics Plot No – N/1-46, IRC Village, First Lane, Bhubaneswar Tel : +91-674- 255-2550, +91-923-832-1888, +91-923-812-2550 Email: radiance.clinics@gmail.com The Radiance Clinic Bhubaneswar is the largest and most up-to-date dermatology center in Odisha, it was established following the best practices of Skin & Hair experts. The clinic offers treatment of dermatological and all sorts of aesthetic maladies. At Radiance Clinic Bhubaneswar, our objective is to bring you the latest and the most effective techniques in hair transplant ensuring the highest level of care and attention. As one of the best & the Oldest hair transplant centers in Odisha, we provide you with all the information about hair transplant , Hair-loss treatment & Skin Care treatments which helps you understand the right treatment for you. This, in turn, allows you to make an informed choice based on your needs and goals. Most Trusted Skin & Hair Clinic Of Odisha | 25000+ Happy patients . @Radiance Clinics Bhubaneswar .",2024-04-18,PT3M15S,https://i.ytimg.com/vi/8qYMw935MF8/maxresdefault.jpg,Radiance Clinic - Videos,DOCTOR_EXPLANATION,Hair Transplant,,/treatments/hair-restoration/fue-hair-transplant,/concerns/hair-transplant,Dr. Satyarth Prakash,"Bhubaneswar, Odisha",,hair transplant education,/hair-transplant-bhubaneswar,HIGH,false,false,yt-dlp metadata export supplied to --input
YAjkqyKW1Jk,https://www.youtube.com/watch?v=YAjkqyKW1Jk,एक चमत्कारी तरीका | हेयर लाइन को फायदा | How To Regain Receding Hairline | Dr. Satyartha Prakash,"एक चमत्कारी तरीका | हेयर लाइन को फायदा | How To Regain Receding Hairline | Dr. Satyartha Prakash #RadianceClinic #हेयर_ट्रांसप्लांट #bestplaceforhairtransplant #hairtransplantsolutions #hairloss #skincareclinicodisha #hairloss #Hairtransplantresult #hairtransplant #hairtransplantworks #Besthairtransplantcentreinodisha #Drsatyarthprakash #Radianceclinics #besthairtransplantresult #hairtransplantresults #hairtransplantbeforeafter #hairtransplantindia #hairtransplantprocedure #hairloss #hairtransplant #hairtransplantinindia #hairtransplantation #hairtransplantsurgery #hairtransplantclinic #hairtransplants #hairtransplantsolutions Hair transplant basics explained by Dr. Satyartha Prakash from Radiance Clinics Bhubaneswar. For more information and appointments call 9238321888, 9238122550. Radiance has been the number 1 clinic in eastern India for hair transplant , having successfully treated more than 3000 clients Radiance Clinics Has been awarded has the best Skin Clinics In Odisha by Times Group and I3 survey. If you are looking for a best hair transplant clinic in Bhubaneswar then Radiance is the right option for you. Having world class infrastructure and state of art equipment and all foreign trained doctors, Radiance has been serving the since a Decade. Whatsapp and telephonic consultations available. Learn more at https://radianceclinics.com/. https://radiancehairclinics.com/. ➤Follow our Daily Facebook Updates: / radianceclinics ➤Get the latest tips from Our Experts on Instagram: / radiancecli. . 👩🏻⚕GET TO KNOW US! Radiance Skin & Hair Clinics Plot No – N/1-46, IRC Village, First Lane, Bhubaneswar Tel : +91-674- 255-2550, +91-923-832-1888, +91-923-812-2550 Email: radiance.clinics@gmail.com The Radiance Clinic Bhubaneswar is the largest and most up-to-date dermatology center in Odisha, it was established following the best practices of Skin & Hair experts. The clinic offers treatment of dermatological and all sorts of aesthetic maladies. At Radiance Clinic Bhubaneswar, our objective is to bring you the latest and the most effective techniques in hair transplant ensuring the highest level of care and attention. As one of the best & the Oldest hair transplant centers in Odisha, we provide you with all the information about hair transplant , Hair-loss treatment & Skin Care treatments which helps you understand the right treatment for you. This, in turn, allows you to make an informed choice based on your needs and goals. Most Trusted Skin & Hair Clinic Of Odisha | 25000+ Happy patients . @Radiance Clinics Bhubaneswar .",2024-03-27,PT1M35S,https://i.ytimg.com/vi/YAjkqyKW1Jk/maxresdefault.jpg,Radiance Clinic - Videos,HAIR_TRANSPLANT_RESULT,Hair Transplant,,,/concerns/hair-transplant,Dr. Satyarth Prakash,"Bhubaneswar, Odisha",candidate-only,result research,/results,MEDIUM,false,true,yt-dlp metadata export supplied to --input
YMdp7tOWwMY,https://www.youtube.com/watch?v=YMdp7tOWwMY,चेहरे पर गड्ढे मिटाने का जबरदस्त इलाज | Chehre Par Gadde Mitane Ke Upay | Dr. Satyartha Prakash,"चेहरे पर गड्ढे मिटाने का जबरदस्त इलाज | Chehre Par Gadde Mitane Ke Upay | Dr. Satyartha Prakash #RadianceClinic #हेयर_ट्रांसप्लांट #bestplaceforhairtransplant #hairtransplantsolutions #hairloss #skincareclinicodisha #hairloss #Hairtransplantresult #hairtransplant #hairtransplantworks #Besthairtransplantcentreinodisha #Drsatyarthprakash #Radianceclinics #besthairtransplantresult #hairtransplantresults #hairtransplantbeforeafter #hairtransplantindia #hairtransplantprocedure #hairloss #hairtransplant #hairtransplantinindia #hairtransplantation #hairtransplantsurgery #hairtransplantclinic #hairtransplants #hairtransplantsolutions Hair transplant basics explained by Dr. Satyartha Prakash from Radiance Clinics Bhubaneswar. For more information and appointments call 9238321888, 9238122550. Radiance has been the number 1 clinic in eastern India for hair transplant , having successfully treated more than 3000 clients Radiance Clinics Has been awarded has the best Skin Clinics In Odisha by Times Group and I3 survey. If you are looking for a best hair transplant clinic in Bhubaneswar then Radiance is the right option for you. Having world class infrastructure and state of art equipment and all foreign trained doctors, Radiance has been serving the since a Decade. Whatsapp and telephonic consultations available. Learn more at https://radianceclinics.com/. https://radiancehairclinics.com/. ➤Follow our Daily Facebook Updates: / radianceclinics ➤Get the latest tips from Our Experts on Instagram: / radiancecli. . 👩🏻⚕GET TO KNOW US! Radiance Skin & Hair Clinics Plot No – N/1-46, IRC Village, First Lane, Bhubaneswar Tel : +91-674- 255-2550, +91-923-832-1888, +91-923-812-2550 Email: radiance.clinics@gmail.com The Radiance Clinic Bhubaneswar is the largest and most up-to-date dermatology center in Odisha, it was established following the best practices of Skin & Hair experts. The clinic offers treatment of dermatological and all sorts of aesthetic maladies. At Radiance Clinic Bhubaneswar, our objective is to bring you the latest and the most effective techniques in hair transplant ensuring the highest level of care and attention. As one of the best & the Oldest hair transplant centers in Odisha, we provide you with all the information about hair transplant , Hair-loss treatment & Skin Care treatments which helps you understand the right treatment for you. This, in turn, allows you to make an informed choice based on your needs and goals. Most Trusted Skin & Hair Clinic Of Odisha | 25000+ Happy patients . @Radiance Clinics Bhubaneswar .",2024-03-13,PT2M54S,https://i.ytimg.com/vi/YMdp7tOWwMY/maxresdefault.jpg,Radiance Clinic - Videos,HAIR_TRANSPLANT_RESULT,Hair Transplant,,,/concerns/hair-transplant,Dr. Satyarth Prakash,"Bhubaneswar, Odisha",candidate-only,result research,/results,MEDIUM,false,true,yt-dlp metadata export supplied to --input
C-5FbYTCQII,https://www.youtube.com/watch?v=C-5FbYTCQII,एक सेशन में ऐसा रिज़ल्ट |Achieving the Ultimate Hair Transplant in One Session,"Looking for the best results in hair transplant? Look no further! In this video, we share our secret to achieving the ultimate hair transplant in just one session. Say goodbye to multiple sessions and hello to a full head of hair in just one go. Watch now and see the incredible results for yourself! ✅ Hair Transplant in Odisha ✅ Hair Clinic in Bhubaneswar ✅ Hair Restoration ✅ hair transplant information ✅ hair transplant clinic ✅ best hair transplant clinic ✅ hair transplant decision ✅ hair clinic ✅ hair transplant indecision ✅ Dr. Satyartha Prakash ✅ Hair Transplant in Bhubaneswar ✅ Radiance Skin & Hair Clinics ✅ हेयर ट्रांसप्लांट बेस्ट रिजल्ट ✅ Best Hair Transplant Clinic ✅ Hair Transplant in Low Price ✅Best Hair Transplant Results ✅ Best Hair Transplant Clinic #RadianceClinic #हेयर_ट्रांसप्लांट #bestplaceforhairtransplant #hairtransplantsolutions #hairloss #skincareclinicodisha #hairloss #Hairtransplantresult #hairtransplant #hairtransplantworks #Besthairtransplantcentreinodisha #Drsatyarthprakash #Radianceclinics #besthairtransplantresult #hairtransplantresults #hairtransplantbeforeafter #hairtransplantindia #hairtransplantprocedure #hairloss #hairtransplant #hairtransplantinindia #hairtransplantation #hairtransplantsurgery #hairtransplantclinic #hairtransplants #hairtransplantsolutions Hair transplant basics explained by Dr. Satyartha Prakash from Radiance Clinics Bhubaneswar. For more information and appointments call 9238321888, 9238122550. Radiance has been the number 1 clinic in eastern India for hair transplant , having successfully treated more than 3000 clients Radiance Clinics Has been awarded has the best Skin Clinics In Odisha by Times Group and I3 survey. If you are looking for a best hair transplant clinic in Bhubaneswar then Radiance is the right option for you. Having world class infrastructure and state of art equipment and all foreign trained doctors, Radiance has been serving the since a Decade. Whatsapp and telephonic consultations available. Learn more at https://radianceclinics.com/. https://radiancehairclinics.com/. ➤Follow our Daily Facebook Updates: / radianceclinics ➤Get the latest tips from Our Experts on Instagram: / radiancecli. . 👩🏻⚕GET TO KNOW US! Radiance Skin & Hair Clinics Plot No – N/1-46, IRC Village, First Lane, Bhubaneswar Tel : +91-674- 255-2550, +91-923-832-1888, +91-923-812-2550 Email: radiance.clinics@gmail.com The Radiance Clinic Bhubaneswar is the largest and most up-to-date dermatology center in Odisha, it was established following the best practices of Skin & Hair experts. The clinic offers treatment of dermatological and all sorts of aesthetic maladies. At Radiance Clinic Bhubaneswar, our objective is to bring you the latest and the most effective techniques in hair transplant ensuring the highest level of care and attention. As one of the best & the Oldest hair transplant centers in Odisha, we provide you with all the information about hair transplant , Hair-loss treatment & Skin Care treatments which helps you understand the right treatment for you. This, in turn, allows you to make an informed choice based on your needs and goals. Most Trusted Skin & Hair Clinic Of Odisha | 25000+ Happy patients . @Radiance Clinics Bhubaneswar .",2024-01-02,PT1M46S,https://i.ytimg.com/vi/C-5FbYTCQII/maxresdefault.jpg,Radiance Clinic - Videos,HAIR_TRANSPLANT_RESULT,Hair Transplant,,,/concerns/hair-transplant,Dr. Satyarth Prakash,"Bhubaneswar, Odisha",candidate-only,result research,/results,MEDIUM,false,true,yt-dlp metadata export supplied to --input
qgmcPEqRbjw,https://www.youtube.com/watch?v=qgmcPEqRbjw,Magic of Radiance Clinics. Best Hair Transplant Results At Radiance Clinics | Dr. Satyartha Prakash,"Magic of Radiance Clinics | | Hair transplant Best Result | Dr. Satyartha Prakash | Radiance Clinics ✅ Hair Transplant in Odisha ✅ Hair Clinic in Bhubaneswar ✅ Hair Restoration ✅ hair transplant information ✅ hair transplant clinic ✅ best hair transplant clinic ✅ hair transplant decision ✅ hair clinic ✅ hair transplant indecision ✅ Dr. Satyartha Prakash ✅ Hair Transplant in Bhubaneswar ✅ Radiance Skin & Hair Clinics ✅ हेयर ट्रांसप्लांट बेस्ट रिजल्ट ✅ Best Hair Transplant Clinic ✅ Hair Transplant in Low Price ✅Best Hair Transplant Results ✅ Best Hair Transplant Clinic #RadianceClinic #हेयर_ट्रांसप्लांट #bestplaceforhairtransplant #hairtransplantsolutions #hairloss #skincareclinicodisha #hairloss #Hairtransplantresult #hairtransplant #hairtransplantworks #Besthairtransplantcentreinodisha #Drsatyarthprakash #Radianceclinics #besthairtransplantresult #hairtransplantresults #hairtransplantbeforeafter #hairtransplantindia #hairtransplantprocedure #hairloss #hairtransplant #hairtransplantinindia #hairtransplantation #hairtransplantsurgery #hairtransplantclinic #hairtransplants #hairtransplantsolutions Hair transplant basics explained by Dr. Satyartha Prakash from Radiance Clinics Bhubaneswar. For more information and appointments call 9238321888, 9238122550. Radiance has been the number 1 clinic in eastern India for hair transplant , having successfully treated more than 3000 clients Radiance Clinics Has been awarded has the best Skin Clinics In Odisha by Times Group and I3 survey. If you are looking for a best hair transplant clinic in Bhubaneswar then Radiance is the right option for you. Having world class infrastructure and state of art equipment and all foreign trained doctors, Radiance has been serving the since a Decade. Whatsapp and telephonic consultations available. Learn more at https://radianceclinics.com/. https://radiancehairclinics.com/. ➤Follow our Daily Facebook Updates: / radianceclinics ➤Get the latest tips from Our Experts on Instagram: / radiancecli. . 👩🏻⚕GET TO KNOW US! Radiance Skin & Hair Clinics Plot No – N/1-46, IRC Village, First Lane, Bhubaneswar Tel : +91-674- 255-2550, +91-923-832-1888, +91-923-812-2550 Email: radiance.clinics@gmail.com The Radiance Clinic Bhubaneswar is the largest and most up-to-date dermatology center in Odisha, it was established following the best practices of Skin & Hair experts. The clinic offers treatment of dermatological and all sorts of aesthetic maladies. At Radiance Clinic Bhubaneswar, our objective is to bring you the latest and the most effective techniques in hair transplant ensuring the highest level of care and attention. As one of the best & the Oldest hair transplant centers in Odisha, we provide you with all the information about hair transplant , Hair-loss treatment & Skin Care treatments which helps you understand the right treatment for you. This, in turn, allows you to make an informed choice based on your needs and goals. Most Trusted Skin & Hair Clinic Of Odisha | 25000+ Happy patients . @Radiance Clinics Bhubaneswar .",2024-01-02,PT2M,https://i.ytimg.com/vi/qgmcPEqRbjw/maxresdefault.jpg,Radiance Clinic - Videos,HAIR_TRANSPLANT_RESULT,Hair Transplant,,,/concerns/hair-transplant,Dr. Satyarth Prakash,"Bhubaneswar, Odisha",candidate-only,result research,/results,MEDIUM,false,true,yt-dlp metadata export supplied to --input
2EjczqhwF14,https://www.youtube.com/watch?v=2EjczqhwF14,चमत्कार रिज़ल्ट सिर्फ 1200 ग्राफ्ट में | Best Results For Hair Transplant in Odisha Radiance Clinics,"चमत्कार रिज़ल्ट सिर्फ 1200 ग्राफ्ट में | Best Results & Cost of Hair Transplant in Odisha | Dr. Satyartha Prakash | Radiance Clinics ✅ Hair Transplant in Odisha ✅ Hair Clinic in Bhubaneswar ✅ Hair Restoration ✅ hair transplant information ✅ hair transplant clinic ✅ best hair transplant clinic ✅ hair transplant decision ✅ hair clinic ✅ hair transplant indecision ✅ Dr. Satyartha Prakash ✅ Hair Transplant in Bhubaneswar ✅ Radiance Skin & Hair Clinics ✅ हेयर ट्रांसप्लांट बेस्ट रिजल्ट ✅ Best Hair Transplant Clinic ✅ Hair Transplant in Low Price ✅Best Hair Transplant Results ✅ Best Hair Transplant Clinic #RadianceClinic #हेयर_ट्रांसप्लांट #bestplaceforhairtransplant #hairtransplantsolutions #hairloss #skincareclinicodisha #hairloss #Hairtransplantresult #hairtransplant #hairtransplantworks #Besthairtransplantcentreinodisha #Drsatyarthprakash #Radianceclinics #besthairtransplantresult #hairtransplantresults #hairtransplantbeforeafter #hairtransplantindia #hairtransplantprocedure #hairloss #hairtransplant #hairtransplantinindia #hairtransplantation #hairtransplantsurgery #hairtransplantclinic #hairtransplants #hairtransplantsolutions Hair transplant basics explained by Dr. Satyartha Prakash from Radiance Clinics Bhubaneswar. For more information and appointments call 9238321888, 9238122550. Radiance has been the number 1 clinic in eastern India for hair transplant , having successfully treated more than 3000 clients Radiance Clinics Has been awarded has the best Skin Clinics In Odisha by Times Group and I3 survey. If you are looking for a best hair transplant clinic in Bhubaneswar then Radiance is the right option for you. Having world class infrastructure and state of art equipment and all foreign trained doctors, Radiance has been serving the since a Decade. Whatsapp and telephonic consultations available. Learn more at https://radianceclinics.com/. https://radiancehairclinics.com/. ➤Follow our Daily Facebook Updates: / radianceclinics ➤Get the latest tips from Our Experts on Instagram: / radiancecli. . 👩🏻⚕GET TO KNOW US! Radiance Skin & Hair Clinics Plot No – N/1-46, IRC Village, First Lane, Bhubaneswar Tel : +91-674- 255-2550, +91-923-832-1888, +91-923-812-2550 Email: radiance.clinics@gmail.com The Radiance Clinic Bhubaneswar is the largest and most up-to-date dermatology center in Odisha, it was established following the best practices of Skin & Hair experts. The clinic offers treatment of dermatological and all sorts of aesthetic maladies. At Radiance Clinic Bhubaneswar, our objective is to bring you the latest and the most effective techniques in hair transplant ensuring the highest level of care and attention. As one of the best & the Oldest hair transplant centers in Odisha, we provide you with all the information about hair transplant , Hair-loss treatment & Skin Care treatments which helps you understand the right treatment for you. This, in turn, allows you to make an informed choice based on your needs and goals. Most Trusted Skin & Hair Clinic Of Odisha | 25000+ Happy patients . @Radiance Clinics Bhubaneswar .",2024-01-02,PT2M,https://i.ytimg.com/vi/2EjczqhwF14/maxresdefault.jpg,Radiance Clinic - Videos,HAIR_TRANSPLANT_RESULT,Hair Transplant,,,/concerns/hair-transplant,Dr. Satyarth Prakash,"Bhubaneswar, Odisha",candidate-only,result research,/results,MEDIUM,false,true,yt-dlp metadata export supplied to --input
CXThow1PXRk,https://www.youtube.com/watch?v=CXThow1PXRk,Got My Identity Back | Hair transplant Best Result | Dr. Satyartha Prakash | Radiance Clinics,"Got My Identity Back | Hair transplant Best Result | Dr. Satyartha Prakash | Radiance Clinics ✅ Hair Transplant in Odisha ✅ Hair Clinic in Bhubaneswar ✅ Hair Restoration ✅ hair transplant information ✅ hair transplant clinic ✅ best hair transplant clinic ✅ hair transplant decision ✅ hair clinic ✅ hair transplant indecision ✅ Dr. Satyartha Prakash ✅ Hair Transplant in Bhubaneswar ✅ Radiance Skin & Hair Clinics ✅ हेयर ट्रांसप्लांट बेस्ट रिजल्ट ✅ Best Hair Transplant Clinic ✅ Hair Transplant in Low Price ✅Best Hair Transplant Results ✅ Best Hair Transplant Clinic #RadianceClinic #हेयर_ट्रांसप्लांट #bestplaceforhairtransplant #hairtransplantsolutions #hairloss #skincareclinicodisha #hairloss #Hairtransplantresult #hairtransplant #hairtransplantworks #Besthairtransplantcentreinodisha #Drsatyarthprakash #Radianceclinics #besthairtransplantresult #hairtransplantresults #hairtransplantbeforeafter #hairtransplantindia #hairtransplantprocedure #hairloss #hairtransplant #hairtransplantinindia #hairtransplantation #hairtransplantsurgery #hairtransplantclinic #hairtransplants #hairtransplantsolutions Hair transplant basics explained by Dr. Satyartha Prakash from Radiance Clinics Bhubaneswar. For more information and appointments call 9238321888, 9238122550. Radiance has been the number 1 clinic in eastern India for hair transplant , having successfully treated more than 3000 clients Radiance Clinics Has been awarded has the best Skin Clinics In Odisha by Times Group and I3 survey. If you are looking for a best hair transplant clinic in Bhubaneswar then Radiance is the right option for you. Having world class infrastructure and state of art equipment and all foreign trained doctors, Radiance has been serving the since a Decade. Whatsapp and telephonic consultations available. Learn more at https://radianceclinics.com/. https://radiancehairclinics.com/. ➤Follow our Daily Facebook Updates: / radianceclinics ➤Get the latest tips from Our Experts on Instagram: / radiancecli. . 👩🏻⚕GET TO KNOW US! Radiance Skin & Hair Clinics Plot No – N/1-46, IRC Village, First Lane, Bhubaneswar Tel : +91-674- 255-2550, +91-923-832-1888, +91-923-812-2550 Email: radiance.clinics@gmail.com The Radiance Clinic Bhubaneswar is the largest and most up-to-date dermatology center in Odisha, it was established following the best practices of Skin & Hair experts. The clinic offers treatment of dermatological and all sorts of aesthetic maladies. At Radiance Clinic Bhubaneswar, our objective is to bring you the latest and the most effective techniques in hair transplant ensuring the highest level of care and attention. As one of the best & the Oldest hair transplant centers in Odisha, we provide you with all the information about hair transplant , Hair-loss treatment & Skin Care treatments which helps you understand the right treatment for you. This, in turn, allows you to make an informed choice based on your needs and goals. Most Trusted Skin & Hair Clinic Of Odisha | 25000+ Happy patients . @Radiance Clinics Bhubaneswar .",2024-01-02,PT1M44S,https://i.ytimg.com/vi/CXThow1PXRk/maxresdefault.jpg,Radiance Clinic - Videos,HAIR_TRANSPLANT_RESULT,Hair Transplant,,,/concerns/hair-transplant,Dr. Satyarth Prakash,"Bhubaneswar, Odisha",candidate-only,result research,/results,MEDIUM,false,true,yt-dlp metadata export supplied to --input
GyrndLzxvLs,https://www.youtube.com/watch?v=GyrndLzxvLs,International Result at Affordable Price | Hair Transplant Best Results | Radiance Clinics.,"International Result at Affordable Price | Hair Transplant Best Results | Radiance Clinics. ✅ Hair Transplant in Odisha ✅ Hair Clinic in Bhubaneswar ✅ Hair Restoration ✅ hair transplant information ✅ hair transplant clinic ✅ best hair transplant clinic ✅ hair transplant decision ✅ hair clinic ✅ hair transplant indecision ✅ Dr. Satyartha Prakash ✅ Hair Transplant in Bhubaneswar ✅ Radiance Skin & Hair Clinics ✅ हेयर ट्रांसप्लांट बेस्ट रिजल्ट ✅ Best Hair Transplant Clinic ✅ Hair Transplant in Low Price ✅Best Hair Transplant Results ✅ Best Hair Transplant Clinic #RadianceClinic #हेयर_ट्रांसप्लांट #bestplaceforhairtransplant #hairtransplantsolutions #hairloss #skincareclinicodisha #hairloss #Hairtransplantresult #hairtransplant #hairtransplantworks #Besthairtransplantcentreinodisha #Drsatyarthprakash #Radianceclinics #besthairtransplantresult #hairtransplantresults #hairtransplantbeforeafter #hairtransplantindia #hairtransplantprocedure #hairloss #hairtransplant #hairtransplantinindia #hairtransplantation #hairtransplantsurgery #hairtransplantclinic #hairtransplants #hairtransplantsolutions Hair transplant basics explained by Dr. Satyartha Prakash from Radiance Clinics Bhubaneswar. For more information and appointments call 9238321888, 9238122550. Radiance has been the number 1 clinic in eastern India for hair transplant , having successfully treated more than 3000 clients Radiance Clinics Has been awarded has the best Skin Clinics In Odisha by Times Group and I3 survey. If you are looking for a best hair transplant clinic in Bhubaneswar then Radiance is the right option for you. Having world class infrastructure and state of art equipment and all foreign trained doctors, Radiance has been serving the since a Decade. Whatsapp and telephonic consultations available. Learn more at https://radianceclinics.com/. https://radiancehairclinics.com/. ➤Follow our Daily Facebook Updates: / radianceclinics ➤Get the latest tips from Our Experts on Instagram: / radiancecli. . 👩🏻⚕GET TO KNOW US! Radiance Skin & Hair Clinics Plot No – N/1-46, IRC Village, First Lane, Bhubaneswar Tel : +91-674- 255-2550, +91-923-832-1888, +91-923-812-2550 Email: radiance.clinics@gmail.com The Radiance Clinic Bhubaneswar is the largest and most up-to-date dermatology center in Odisha, it was established following the best practices of Skin & Hair experts. The clinic offers treatment of dermatological and all sorts of aesthetic maladies. At Radiance Clinic Bhubaneswar, our objective is to bring you the latest and the most effective techniques in hair transplant ensuring the highest level of care and attention. As one of the best & the Oldest hair transplant centers in Odisha, we provide you with all the information about hair transplant , Hair-loss treatment & Skin Care treatments which helps you understand the right treatment for you. This, in turn, allows you to make an informed choice based on your needs and goals. Most Trusted Skin & Hair Clinic Of Odisha | 25000+ Happy patients . @Radiance Clinics Bhubaneswar .",2024-01-02,PT1M58S,https://i.ytimg.com/vi/GyrndLzxvLs/maxresdefault.jpg,Radiance Clinic - Videos,HAIR_TRANSPLANT_RESULT,Hair Transplant,,,/concerns/hair-transplant,Dr. Satyarth Prakash,"Bhubaneswar, Odisha",candidate-only,result research,/results,MEDIUM,false,true,yt-dlp metadata export supplied to --input
weOjjVhNWlM,https://www.youtube.com/watch?v=weOjjVhNWlM,The Ultimate Hair Loss Solution: Transplant vs PRP,"Hair loss can be a frustrating and confidence-damaging problem. In this video, we'll discuss the two most popular hair loss solutions - hair transplant and PRP - and compare their effectiveness and cost. Watch to find out which option may be the best fit for you! ✅ Hair Transplant in Odisha ✅ Hair Clinic in Bhubaneswar ✅ Hair Restoration ✅ hair transplant information ✅ hair transplant clinic ✅ best hair transplant clinic ✅ hair transplant decision ✅ hair clinic ✅ hair transplant indecision ✅ Dr. Satyartha Prakash ✅ Hair Transplant in Bhubaneswar ✅ Radiance Skin & Hair Clinics ✅ हेयर ट्रांसप्लांट बेस्ट रिजल्ट ✅ Best Hair Transplant Clinic ✅ Hair Transplant in Low Price ✅Best Hair Transplant Results ✅ Best Hair Transplant Clinic #RadianceClinic #हेयर_ट्रांसप्लांट #bestplaceforhairtransplant #hairtransplantsolutions #hairloss #skincareclinicodisha #hairloss #Hairtransplantresult #hairtransplant #hairtransplantworks #Besthairtransplantcentreinodisha #Drsatyarthprakash #Radianceclinics #besthairtransplantresult #hairtransplantresults #hairtransplantbeforeafter #hairtransplantindia #hairtransplantprocedure #hairloss #hairtransplant #hairtransplantinindia #hairtransplantation #hairtransplantsurgery #hairtransplantclinic #hairtransplants #hairtransplantsolutions Hair transplant basics explained by Dr. Satyartha Prakash from Radiance Clinics Bhubaneswar. For more information and appointments call 9238321888, 9238122550. Radiance has been the number 1 clinic in eastern India for hair transplant , having successfully treated more than 3000 clients Radiance Clinics Has been awarded has the best Skin Clinics In Odisha by Times Group and I3 survey. If you are looking for a best hair transplant clinic in Bhubaneswar then Radiance is the right option for you. Having world class infrastructure and state of art equipment and all foreign trained doctors, Radiance has been serving the since a Decade. Whatsapp and telephonic consultations available. Learn more at https://radianceclinics.com/. https://radiancehairclinics.com/. ➤Follow our Daily Facebook Updates: / radianceclinics ➤Get the latest tips from Our Experts on Instagram: / radiancecli. . 👩🏻⚕GET TO KNOW US! Radiance Skin & Hair Clinics Plot No – N/1-46, IRC Village, First Lane, Bhubaneswar Tel : +91-674- 255-2550, +91-923-832-1888, +91-923-812-2550 Email: radiance.clinics@gmail.com The Radiance Clinic Bhubaneswar is the largest and most up-to-date dermatology center in Odisha, it was established following the best practices of Skin & Hair experts. The clinic offers treatment of dermatological and all sorts of aesthetic maladies. At Radiance Clinic Bhubaneswar, our objective is to bring you the latest and the most effective techniques in hair transplant ensuring the highest level of care and attention. As one of the best & the Oldest hair transplant centers in Odisha, we provide you with all the information about hair transplant , Hair-loss treatment & Skin Care treatments which helps you understand the right treatment for you. This, in turn, allows you to make an informed choice based on your needs and goals. Most Trusted Skin & Hair Clinic Of Odisha | 25000+ Happy patients . @Radiance Clinics Bhubaneswar . #radianceclinic #हेयर_ट्रांसप्लांट #bestplaceforhairtransplant #hairtransplantsolutions #hairloss #skincareclinicodisha #hairloss #Hairtransplantresult #hairtransplant #hairtransplantworks #Besthairtransplantcentreinodisha #Drsatyarthprakash #Radianceclinics #besthairtransplantresult #hairtransplantresults #hairtransplantinindia #radianceclinic",2023-11-28,PT3M25S,https://i.ytimg.com/vi/weOjjVhNWlM/sddefault.jpg,Radiance Clinic - Videos,HAIR_TRANSPLANT_RESULT,Hair Transplant,,,/concerns/hair-transplant,Dr. Satyarth Prakash,"Bhubaneswar, Odisha",candidate-only,result research,/results,MEDIUM,false,true,yt-dlp metadata export supplied to --input
64D3Oa64uJg,https://www.youtube.com/watch?v=64D3Oa64uJg,Live Review Of Happy Hair Transplant Client | Radiance Clinic Review,The results of hair transplant in Bhubaneswar shown in the video is done by Dr Satyartha Prakash where only 2500 grafts were placed to create the hairline and density on forelock . To see more such results contact us on 9238321888 . #RadianceClinic #हेयर_ट्रांसप्लांट #bestplaceforhairtransplant #hairtransplantsolutions #hairloss #skincareclinicodisha #hairloss #Hairtransplantresult #hairtransplant #hairtransplantworks #Besthairtransplantcentreinodisha #Drsatyarthprakash #Radianceclinics #besthairtransplantresult #hairtransplantresults #hairtransplantinindia #radianceclinic,2023-10-31,PT1M27S,https://i.ytimg.com/vi/64D3Oa64uJg/maxresdefault.jpg,Radiance Clinic - Videos,HAIR_TRANSPLANT_RESULT,Hair Transplant,,,/concerns/hair-transplant,Dr. Satyarth Prakash,"Bhubaneswar, Odisha",candidate-only,result research,/results,MEDIUM,false,true,yt-dlp metadata export supplied to --input
5Bepf3XJayA,https://www.youtube.com/watch?v=5Bepf3XJayA,Repair Hair Transplant Before and After Results with 2000 Grafts | By Dr Satyartha Prakash,"Watch The Exclusive Interview of Dr. Satyartha Prakash regarding repair hair transplant . Now days lots of patients are coming for repair who opt for cheap hair transplant by unethical people compromising on results and quality . ✅ Hair Transplant in Odisha ✅ Hair Clinic in Bhubaneswar ✅ Hair Restoration ✅ hair transplant information ✅ hair transplant clinic ✅ best hair transplant clinic ✅ hair transplant decision ✅ hair clinic ✅ hair transplant indecision ✅ Dr. Satyartha Prakash ✅ Hair Transplant in Bhubaneswar ✅ Radiance Skin & Hair Clinics ✅ हेयर ट्रांसप्लांट बेस्ट रिजल्ट ✅ Best Hair Transplant Clinic ✅ Hair Transplant in Low Price ✅Best Hair Transplant Results ✅ Best Hair Transplant Clini #RadianceClinic #हेयर_ट्रांसप्लांट #bestplaceforhairtransplant #hairtransplantsolutions #hairloss #skincareclinicodisha #hairloss #Hairtransplantresult #hairtransplant #hairtransplantworks #Besthairtransplantcentreinodisha #Drsatyarthprakash #Radianceclinics #besthairtransplantresult #hairtransplantresults #hairtransplantbeforeafter #hairtransplantindia #hairtransplantprocedure #hairloss #hairtransplant #hairtransplantinindia #hairtransplantation #hairtransplantsurgery #hairtransplantclinic #hairtransplants #hairtransplantsolutions Hair transplant basics explained by Dr. Satyartha Prakash from Radiance Clinics Bhubaneswar. For more information and appointments call 9238321888, 9238122550. Radiance has been the number 1 clinic in eastern India for hair transplant , having successfully treated more than 3000 clients Radiance Clinics Has been awarded has the best Skin Clinics In Odisha by Times Group and I3 survey. If you are looking for a best hair transplant clinic in Bhubaneswar then Radiance is the right option for you. Having world class infrastructure and state of art equipment and all foreign trained doctors, Radiance has been serving the since a Decade. Whatsapp and telephonic consultations available. Learn more at https://radianceclinics.com/. https://radiancehairclinics.com/. ➤Follow our Daily Facebook Updates: https://www.facebook.com/RadianceClinics ➤Get the latest tips from Our Experts on Instagram: https://www.instagram.com/radiancecli... 👩🏻⚕GET TO KNOW US! Radiance Skin & Hair Clinics Plot No – N/1-46, IRC Village, First Lane, Bhubaneswar Tel : +91-674- 255-2550, +91-923-832-1888, +91-923-812-2550 Email: radiance.clinics@gmail.com The Radiance Clinic Bhubaneswar is the largest and most up-to-date dermatology center in Odisha, it was established following the best practices of Skin & Hair experts. The clinic offers treatment of dermatological and all sorts of aesthetic maladies. At Radiance Clinic Bhubaneswar, our objective is to bring you the latest and the most effective techniques in hair transplant ensuring the highest level of care and attention. As one of the best & the Oldest hair transplant centers in Odisha, we provide you with all the information about hair transplant , Hair-loss treatment & Skin Care treatments which helps you understand the right treatment for you. This, in turn, allows you to make an informed choice based on your needs and goals. Most Trusted Skin & Hair Clinic Of Odisha | 25000+ Happy patients . @Radiance Clinics Bhubaneswar .",2023-09-18,PT3M19S,https://i.ytimg.com/vi/5Bepf3XJayA/maxresdefault.jpg,Radiance Clinic - Videos,HAIR_TRANSPLANT_RESULT,Hair Transplant,,,/concerns/hair-transplant,Dr. Satyarth Prakash,"Bhubaneswar, Odisha",candidate-only,result research,/results,MEDIUM,false,true,yt-dlp metadata export supplied to --input
OQQZeFF3MSo,https://www.youtube.com/watch?v=OQQZeFF3MSo,Hair Transplant Result | Dr Satyartha Prakash . Radiance Clinics,The collages of various results of hair transplant in Bhubaneswar shown in the video is done by Dr Satyartha Prakash To see more such results contact us on 9238321888 . #RadianceClinic #हेयर_ट्रांसप्लांट #bestplaceforhairtransplant #hairtransplantsolutions #hairloss #skincareclinicodisha #hairloss #Hairtransplantresult #hairtransplant #hairtransplantworks #Besthairtransplantcentreinodisha #Drsatyarthprakash #Radianceclinics #besthairtransplantresult #hairtransplantresults #hairtransplantinindia #radianceclinic,2023-09-18,PT40S,https://i.ytimg.com/vi/OQQZeFF3MSo/maxresdefault.jpg,Radiance Clinic - Videos,HAIR_TRANSPLANT_RESULT,Hair Transplant,,,/concerns/hair-transplant,Dr. Satyarth Prakash,"Bhubaneswar, Odisha",candidate-only,result research,/results,LOW,false,true,yt-dlp metadata export supplied to --input
USO_a2RLCKE,https://www.youtube.com/watch?v=USO_a2RLCKE,Hair Transplant at Radiance Clinics 3000 grafts | Best Hair Transplant In Bhubaneswar,The results of hair transplant in Bhubaneswar shown in the video is done by Dr Satyartha Prakash where only 3000 grafts were placed to create the hairline and midscalp . crown hair transplant will be done in a later stage that is after 6 months . To see more such results contact us on 9238321888 . #RadianceClinic #हेयर_ट्रांसप्लांट #bestplaceforhairtransplant #hairtransplantsolutions #hairloss #skincareclinicodisha #hairloss #Hairtransplantresult #hairtransplant #hairtransplantworks #Besthairtransplantcentreinodisha #Drsatyarthprakash #Radianceclinics #besthairtransplantresult #hairtransplantresults #hairtransplantinindia #radianceclinic,2023-08-31,PT2M51S,https://i.ytimg.com/vi/USO_a2RLCKE/maxresdefault.jpg,Radiance Clinic - Videos,HAIR_TRANSPLANT_RESULT,Hair Transplant,,,/concerns/hair-transplant,Dr. Satyarth Prakash,"Bhubaneswar, Odisha",candidate-only,result research,/results,MEDIUM,false,true,yt-dlp metadata export supplied to --input
P78_8ns5t58,https://www.youtube.com/watch?v=P78_8ns5t58,Live Results of Female Hair Transplant In Bhubaneswar | Dr Satyartha Prakash,The results of hair transplant in Bhubaneswar shown in the video is done by Dr Satyartha Prakash where only 1500 grafts were placed to create the hairline and density on forelock . To see more such results contact us on 9238321888 . #RadianceClinic #हेयर_ट्रांसप्लांट #bestplaceforhairtransplant #hairtransplantsolutions #hairloss #skincareclinicodisha #hairloss #Hairtransplantresult #hairtransplant #hairtransplantworks #Besthairtransplantcentreinodisha #Drsatyarthprakash #Radianceclinics #besthairtransplantresult #hairtransplantresults #hairtransplantinindia #radianceclinic,2023-08-09,PT2M55S,https://i.ytimg.com/vi/P78_8ns5t58/maxresdefault.jpg,Radiance Clinic - Videos,HAIR_TRANSPLANT_RESULT,Hair Transplant,,,/concerns/hair-transplant,Dr. Satyarth Prakash,"Bhubaneswar, Odisha",candidate-only,result research,/results,MEDIUM,false,true,yt-dlp metadata export supplied to --input
z_hl9eWV2L4,https://www.youtube.com/watch?v=z_hl9eWV2L4,LIVE TELECAST OF BEST RESULTS OF HAIR TRANSPLANT | RADIANCE CLINICS,The results of hair transplant in Bhubaneswar shown in the video is done by Dr Satyartha Prakash where only 3000 grafts were placed to create the hairline and midscalp and crown . To see more such results contact us on 9238321888 . #RadianceClinic #हेयर_ट्रांसप्लांट #bestplaceforhairtransplant #hairtransplantsolutions #hairloss #skincareclinicodisha #hairloss #Hairtransplantresult #hairtransplant #hairtransplantworks #Besthairtransplantcentreinodisha #Drsatyarthprakash #Radianceclinics #besthairtransplantresult #hairtransplantresults #hairtransplantinindia #radianceclinic,2023-08-09,PT50S,https://i.ytimg.com/vi/z_hl9eWV2L4/maxresdefault.jpg,Radiance Clinic - Videos,HAIR_TRANSPLANT_RESULT,Hair Transplant,,,/concerns/hair-transplant,Dr. Satyarth Prakash,"Bhubaneswar, Odisha",candidate-only,result research,/results,LOW,false,true,yt-dlp metadata export supplied to --input
FxEv6NHdQAw,https://www.youtube.com/watch?v=FxEv6NHdQAw,Female Hair Transplant Live results Video | Dr Satyartha Prakash,"In thsi female clinet a 1500 grafts were used to create a more denser look . Surgery time was approximately 4-5 hours and the results shown in the video is approximately after 6 months . more growth is expected after 6 months . The temple has also been created . ✅ Hair Transplant in Odisha ✅ Hair Clinic in Bhubaneswar ✅ Hair Restoration ✅ hair transplant information ✅ hair transplant clinic ✅ best hair transplant clinic ✅ hair transplant decision ✅ hair clinic ✅ hair transplant indecision ✅ Dr. Satyartha Prakash ✅ Hair Transplant in Bhubaneswar ✅ Radiance Skin & Hair Clinics ✅ हेयर ट्रांसप्लांट बेस्ट रिजल्ट ✅ Best Hair Transplant Clinic ✅ Hair Transplant in Low Price ✅Best Hair Transplant Results ✅ Best Hair Transplant Clinic #RadianceClinic #हेयर_ट्रांसप्लांट #bestplaceforhairtransplant #hairtransplantsolutions #hairloss #skincareclinicodisha #hairloss #Hairtransplantresult #hairtransplant #hairtransplantworks #Besthairtransplantcentreinodisha #Drsatyarthprakash #Radianceclinics #besthairtransplantresult #hairtransplantresults #hairtransplantbeforeafter #hairtransplantindia #hairtransplantprocedure #hairloss #hairtransplant #hairtransplantinindia #hairtransplantation #hairtransplantsurgery #hairtransplantclinic #hairtransplants #hairtransplantsolutions Hair transplant basics explained by Dr. Satyartha Prakash from Radiance Clinics Bhubaneswar. For more information and appointments call 9238321888, 9238122550. Radiance has been the number 1 clinic in eastern India for hair transplant , having successfully treated more than 3000 clients Radiance Clinics Has been awarded has the best Skin Clinics In Odisha by Times Group and I3 survey. If you are looking for a best hair transplant clinic in Bhubaneswar then Radiance is the right option for you. Having world class infrastructure and state of art equipment and all foreign trained doctors, Radiance has been serving the since a Decade. Whatsapp and telephonic consultations available. Learn more at https://radianceclinics.com/. https://radiancehairclinics.com/. ➤Follow our Daily Facebook Updates: https://www.facebook.com/RadianceClinics ➤Get the latest tips from Our Experts on Instagram: https://www.instagram.com/radiancecli... 👩🏻⚕GET TO KNOW US! Radiance Skin & Hair Clinics Plot No – N/1-46, IRC Village, First Lane, Bhubaneswar Tel : +91-674- 255-2550, +91-923-832-1888, +91-923-812-2550 Email: radiance.clinics@gmail.com The Radiance Clinic Bhubaneswar is the largest and most up-to-date dermatology center in Odisha, it was established following the best practices of Skin & Hair experts. The clinic offers treatment of dermatological and all sorts of aesthetic Treatments . At Radiance Clinic Bhubaneswar, our objective is to bring you the latest and the most effective techniques in hair transplant ensuring the highest level of care and attention. As one of the best & the Oldest hair transplant centers in Odisha, we provide you with all the information about hair transplant , Hair-loss treatment & Skin Care treatments which helps you understand the right treatment for you. This, in turn, allows you to make an informed choice based on your needs and goals. Most Trusted Skin & Hair Clinic Of Odisha | 25000+ Happy patients . @Radiance Clinics Bhubaneswar .",2023-08-03,PT2M55S,https://i.ytimg.com/vi/FxEv6NHdQAw/maxresdefault.jpg,Radiance Clinic - Videos,HAIR_TRANSPLANT_RESULT,Hair Transplant,,,/concerns/hair-transplant,Dr. Satyarth Prakash,"Bhubaneswar, Odisha",candidate-only,result research,/results,MEDIUM,false,true,yt-dlp metadata export supplied to --input
l6y97rlGXuc,https://www.youtube.com/watch?v=l6y97rlGXuc,Hair Transplant Results in Bhubaneswar| Young patient Hair line Creation | Radiance Clinics,"Hair line was reconstructed using 2000 grafts for this young client . Surgery time was approximately 4-5 hours and the results shown in the video is approximately after 6 months . more growth is expected after 6 months . The temple has also been created . ✅ Hair Transplant in Odisha ✅ Hair Clinic in Bhubaneswar ✅ Hair Restoration ✅ hair transplant information ✅ hair transplant clinic ✅ best hair transplant clinic ✅ hair transplant decision ✅ hair clinic ✅ hair transplant indecision ✅ Dr. Satyartha Prakash ✅ Hair Transplant in Bhubaneswar ✅ Radiance Skin & Hair Clinics ✅ हेयर ट्रांसप्लांट बेस्ट रिजल्ट ✅ Best Hair Transplant Clinic ✅ Hair Transplant in Low Price ✅Best Hair Transplant Results ✅ Best Hair Transplant Clinic #RadianceClinic #हेयर_ट्रांसप्लांट #bestplaceforhairtransplant #hairtransplantsolutions #hairloss #skincareclinicodisha #hairloss #Hairtransplantresult #hairtransplant #hairtransplantworks #Besthairtransplantcentreinodisha #Drsatyarthprakash #Radianceclinics #besthairtransplantresult #hairtransplantresults #hairtransplantbeforeafter #hairtransplantindia #hairtransplantprocedure #hairloss #hairtransplant #hairtransplantinindia #hairtransplantation #hairtransplantsurgery #hairtransplantclinic #hairtransplants #hairtransplantsolutions Hair transplant basics explained by Dr. Satyartha Prakash from Radiance Clinics Bhubaneswar. For more information and appointments call 9238321888, 9238122550. Radiance has been the number 1 clinic in eastern India for hair transplant , having successfully treated more than 3000 clients Radiance Clinics Has been awarded has the best Skin Clinics In Odisha by Times Group and I3 survey. If you are looking for a best hair transplant clinic in Bhubaneswar then Radiance is the right option for you. Having world class infrastructure and state of art equipment and all foreign trained doctors, Radiance has been serving the since a Decade. Whatsapp and telephonic consultations available. Learn more at https://radianceclinics.com/. https://radiancehairclinics.com/. ➤Follow our Daily Facebook Updates: https://www.facebook.com/RadianceClinics ➤Get the latest tips from Our Experts on Instagram: https://www.instagram.com/radiancecli... 👩🏻⚕GET TO KNOW US! Radiance Skin & Hair Clinics Plot No – N/1-46, IRC Village, First Lane, Bhubaneswar Tel : +91-674- 255-2550, +91-923-832-1888, +91-923-812-2550 Email: radiance.clinics@gmail.com The Radiance Clinic Bhubaneswar is the largest and most up-to-date dermatology center in Odisha, it was established following the best practices of Skin & Hair experts. The clinic offers treatment of dermatological and all sorts of aesthetic maladies. At Radiance Clinic Bhubaneswar, our objective is to bring you the latest and the most effective techniques in hair transplant ensuring the highest level of care and attention. As one of the best & the Oldest hair transplant centers in Odisha, we provide you with all the information about hair transplant , Hair-loss treatment & Skin Care treatments which helps you understand the right treatment for you. This, in turn, allows you to make an informed choice based on your needs and goals. Most Trusted Skin & Hair Clinic Of Odisha | 25000+ Happy patients . @Radiance Clinics Bhubaneswar .",2023-07-31,PT2M7S,https://i.ytimg.com/vi/l6y97rlGXuc/maxresdefault.jpg,Radiance Clinic - Videos,HAIR_TRANSPLANT_RESULT,Hair Transplant,,,/concerns/hair-transplant,Dr. Satyarth Prakash,"Bhubaneswar, Odisha",candidate-only,result research,/results,MEDIUM,false,true,yt-dlp metadata export supplied to --input
68FOwTWmAPU,https://www.youtube.com/watch?v=68FOwTWmAPU,Best Hairline Reconstruction | Amazing Hair transplant at Radiance Clinics,"Hair line was reconstructed using 1500 grafts for this young client . Surgery time was approximately 4-5 hours and the results shown in the video is approximately after 6 months . more growth is expected after 6 months ✅ Hair Transplant in Odisha ✅ Hair Clinic in Bhubaneswar ✅ Hair Restoration ✅ hair transplant information ✅ hair transplant clinic ✅ best hair transplant clinic ✅ hair transplant decision ✅ hair clinic ✅ hair transplant indecision ✅ Dr. Satyartha Prakash ✅ Hair Transplant in Bhubaneswar ✅ Radiance Skin & Hair Clinics ✅ हेयर ट्रांसप्लांट बेस्ट रिजल्ट ✅ Best Hair Transplant Clinic ✅ Hair Transplant in Low Price ✅Best Hair Transplant Results ✅ Best Hair Transplant Clinic #RadianceClinic #हेयर_ट्रांसप्लांट #bestplaceforhairtransplant #hairtransplantsolutions #hairloss #skincareclinicodisha #hairloss #Hairtransplantresult #hairtransplant #hairtransplantworks #Besthairtransplantcentreinodisha #Drsatyarthprakash #Radianceclinics #besthairtransplantresult #hairtransplantresults #hairtransplantbeforeafter #hairtransplantindia #hairtransplantprocedure #hairloss #hairtransplant #hairtransplantinindia #hairtransplantation #hairtransplantsurgery #hairtransplantclinic #hairtransplants #hairtransplantsolutions Hair transplant basics explained by Dr. Satyartha Prakash from Radiance Clinics Bhubaneswar. For more information and appointments call 9238321888, 9238122550. Radiance has been the number 1 clinic in eastern India for hair transplant , having successfully treated more than 3000 clients Radiance Clinics Has been awarded has the best Skin Clinics In Odisha by Times Group and I3 survey. If you are looking for a best hair transplant clinic in Bhubaneswar then Radiance is the right option for you. Having world class infrastructure and state of art equipment and all foreign trained doctors, Radiance has been serving the since a Decade. Whatsapp and telephonic consultations available. Learn more at https://radianceclinics.com/. https://radiancehairclinics.com/. ➤Follow our Daily Facebook Updates: https://www.facebook.com/RadianceClinics ➤Get the latest tips from Our Experts on Instagram: https://www.instagram.com/radiancecli... 👩🏻⚕GET TO KNOW US! Radiance Skin & Hair Clinics Plot No – N/1-46, IRC Village, First Lane, Bhubaneswar Tel : +91-674- 255-2550, +91-923-832-1888, +91-923-812-2550 Email: radiance.clinics@gmail.com The Radiance Clinic Bhubaneswar is the largest and most up-to-date dermatology center in Odisha, it was established following the best practices of Skin & Hair experts. The clinic offers treatment of dermatological and all sorts of aesthetic maladies. At Radiance Clinic Bhubaneswar, our objective is to bring you the latest and the most effective techniques in hair transplant ensuring the highest level of care and attention. As one of the best & the Oldest hair transplant centers in Odisha, we provide you with all the information about hair transplant , Hair-loss treatment & Skin Care treatments which helps you understand the right treatment for you. This, in turn, allows you to make an informed choice based on your needs and goals. Most Trusted Skin & Hair Clinic Of Odisha | 25000+ Happy patients . @Radiance Clinics Bhubaneswar .",2023-07-31,PT2M29S,https://i.ytimg.com/vi/68FOwTWmAPU/maxresdefault.jpg,Radiance Clinic - Videos,HAIR_TRANSPLANT_RESULT,Hair Transplant,,,/concerns/hair-transplant,Dr. Satyarth Prakash,"Bhubaneswar, Odisha",candidate-only,result research,/results,MEDIUM,false,true,yt-dlp metadata export supplied to --input
9arfIVgT1ts,https://www.youtube.com/watch?v=9arfIVgT1ts,Hair Transplant results in Bhubaneswar | Radiance Clinics | Dr Satyartha Prakash,The results of hair transplant in Bhubaneswar shown in the video is done by Dr Satyartha Prakash where only 3500 grafts were placed to create the hairline and density on forelock . To see more such results contact us on 9238321888 . #RadianceClinic #हेयर_ट्रांसप्लांट #bestplaceforhairtransplant #hairtransplantsolutions #hairloss #skincareclinicodisha #hairloss #Hairtransplantresult #hairtransplant #hairtransplantworks #Besthairtransplantcentreinodisha #Drsatyarthprakash #Radianceclinics #besthairtransplantresult #hairtransplantresults #hairtransplantinindia #radianceclinic,2023-07-31,PT3M18S,https://i.ytimg.com/vi/9arfIVgT1ts/maxresdefault.jpg,Radiance Clinic - Videos,HAIR_TRANSPLANT_RESULT,Hair Transplant,,,/concerns/hair-transplant,Dr. Satyarth Prakash,"Bhubaneswar, Odisha",candidate-only,result research,/results,MEDIUM,false,true,yt-dlp metadata export supplied to --input
Hm6cVQEQGFI,https://www.youtube.com/watch?v=Hm6cVQEQGFI,When To Do Hair Transplant | हेयर ट्रांसप्लांट कब करना चाहिए | Right Time For Hair Transplant |,"#radianceclinic #हेयर_ट्रांसप्लांट #hairloss #hairtransplantresults #hairtransplantclinic #hairtransplantsurgery Right Time For Hair Transplant | हेयर ट्रांसप्लांट कब करना चाहिए | Watch The Interview of Dr. Satyartha Prakash from Radiance Clinic. For more information and appointments call 9238321888, 9238122550. RADIANCE SKIN & HAIR CLINIC - HAIR TRANSPLANT IN BHUBANESWAR, HAIR LOSS AND SKIN TREATMENT ✅ Hair transplant timing ✅ Best time for hair transplant ✅ Hair loss progression ✅ Baldness stage for transplant ✅ Suitable hair transplant candidate ✅ Hair transplant eligibility ✅ Ideal hair transplant age ✅ When to consider hair transplant ✅ Stages of hair loss for transplant ✅ Hair transplant evaluation ✅ Hair transplant consultation ✅ Hair restoration timing ✅ Optimal hair transplant time ✅ Assessing hair transplant readiness ✅ Hair transplant recovery period ✅ Hair transplant post-operative care ✅ Hair transplant success factors ✅ Hair transplant results timeline ✅ Hair transplant aftercare instructions #radianceclinic #हेयर_ट्रांसप्लांट #HairLoss #skincareclinicodisha #hairloss #Hairtransplantresult #hairtransplant #hairtransplantworks #Besthairtransplantcentreinodisha #Drsatyarthprakash #Radianceclinics #besthairtransplantresult #hairtransplantresults #hairtransplantbeforeafter #hairtransplantindia #HairTransplant #HairRestoration #BaldnessSolution #HairLossTreatment #HairGrowth #HairCare #HairHealth #HairRegrowth #HairTransplantSurgery #HairLossSolution #HairTransplantation #HairReplacement #HairTransplantClinic #HairTransplantSpecialist #HairLossHelp #HairTransplantCost #HairTransplantResults #HairLossPrevention #hairtransplantbeforeafter",2023-07-20,PT4M24S,https://i.ytimg.com/vi/Hm6cVQEQGFI/maxresdefault.jpg,Radiance Clinic - Videos,HAIR_TRANSPLANT_RESULT,Hair Transplant,,,/concerns/hair-transplant,Dr. Satyarth Prakash,"Bhubaneswar, Odisha",candidate-only,result research,/results,MEDIUM,false,true,yt-dlp metadata export supplied to --input
9Oa4RYMsgNA,https://www.youtube.com/watch?v=9Oa4RYMsgNA,क्या महिलाएं भी हेयर ट्रांसप्लांट करवा सकती हैं? | Hair Transplant for women | Radiance,"#radianceclinic #हेयर_ट्रांसप्लांट #hairloss #hairtransplantresults #hairtransplantclinic #hairtransplantsurgery महिलाओं में हेयर ट्रांसप्लांट | Female Pattern Hair Loss - Why Hair Transplants Advised | Watch The Interview of Dr. Satyartha Prakash from Radiance Clinic. For more information and appointments call 9238321888, 9238122550. 👩🏻⚕GET TO KNOW US! Radiance Skin & Hair Clinics Plot No – N/1-46, IRC Village, First Lane, Bhubaneswar Tel : +91-674- 255-2550, +91-923-832-1888, +91-923-812-2550 Email: radiance.clinics@gmail.com ✅ Female Pattern Hair Loss - Why Hair Transplants Advised ✅ hair transplant for women ✅ female pattern hair loss ✅ female hair transplant ✅ hair loss in women ✅ hair loss treatment for women ✅ female hair loss treatment ✅ thinning hair women ✅ female pattern baldness ✅ female hair thinning ✅ reasons for hair loss ✅ alopecia in women ✅ female hair loss ✅ Hair restoration for women ✅ Female pattern hair loss ✅ Hair loss solutions for females ✅ Female hair transplant procedure ✅ Best hair transplant clinics for women ✅ Hair transplant cost for females ✅ Female hair transplant success stories ✅ Hair transplant for thinning hair in women ✅ Female hairline restoration ✅ Non-surgical hair transplant for women ✅ Female hair transplant recovery ✅ Hair transplant options for women #HairTransplantForWomen #WomenHairTransplant #HairRestorationForWomen #FollicleFemme #HairRevivalWomen #WomenWithNewHair #FeminineHairTransformation #HairGrowthForHer #WomenBaldnessSolution #LadiesHairTransplant #HairConfidenceWomen #FemaleHairRestoration #WomanWithHairGoals #TransplantedLocks #HairSurgeryForWomen #RegainYourTresses #WomenHairLossTreatment #HairHopeForHer #HairRejuvenationWomen #hairfallsolution #haircaretips #healthyhair #hairgrowthtips #hairfallprevention #NaturalRemedies #haircareroutine #stophairfall #hairfallcontrol #scalpcare #radianceclinic #हेयर_ट्रांसप्लांट #HairLoss #skincareclinicodisha #hairloss #Hairtransplantresult #hairtransplant #hairtransplantworks #Besthairtransplantcentreinodisha #Drsatyarthprakash #Radianceclinics #besthairtransplantresult #hairtransplantresults #hairtransplantbeforeafter #hairtransplantindia ✅ महिला हेयर ट्रांसप्लांट ✅ महिला बाल उगाने का उपचार ✅ महिलाओं में बाल उगाने के विकल्प ✅ बाल बढ़ाने का इलाज महिलाओं के लिए ✅ महिला उच्चरक्तचाप के लिए बाल पुनर्स्थापना ✅ महिलाओं में गंजेपन का इलाज ✅ महिला ट्रांसप्लांट सर्जरी ✅ महिलाओं के बालों का पुनर्स्थापना ✅ महिलाओं के लिए उत्तम बाल उगाने के तरीके ✅ महिलाओं के लिए हेयर रीस्टोरेशन ✅ महिला उच्चरक्तचाप के बाद बाल ट्रांसप्लांट ✅ महिलाओं के लिए फॉलिक्यूलर इंप्लांटेशन ✅ महिलाओं में बालों का ढीलापन का समाधान ✅ बाल उगाने के लिए महिला सर्जरी ✅ महिलाओं के बालों का प्राकृतिक बढ़ावा Hair transplant basics explained by Dr. Satyartha Prakash from Radiance Clinics Bhubaneswar. For more information and appointments call 9238321888, 9238122550. Radiance has been the number 1 clinic in eastern India for hair transplant , having successfully treated more than 3000 clients Radiance Clinics Has been awarded has the best Skin Clinics In Odisha by Times Group and I3 survey. If you are looking for a best hair transplant clinic in Bhubaneswar then Radiance is the right option for you. Having world class infrastructure and state of art equipment and all foreign trained doctors, Radiance has been serving the since a Decade. Whatsapp and telephonic consultations available. Learn more at https://radianceclinics.com/. https://radiancehairclinics.com/. ➤Follow our Daily Facebook Updates: https://www.facebook.com/RadianceClinics ➤Get the latest tips from Our Experts on Instagram: https://www.instagram.com/radiancecli... The Radiance Clinic Bhubaneswar is the largest and most up-to-date dermatology center in Odisha, it was established following the best practices of Skin & Hair experts. The clinic offers treatment of dermatological and all sorts of aesthetic maladies. At Radiance Clinic Bhubaneswar, our objective is to bring you the latest and the most effective techniques in hair transplant ensuring the highest level of care and attention. As one of the best & the Oldest hair transplant centers in Odisha, we provide you with all the information about hair transplant , Hair-loss treatment & Skin Care treatments which helps you understand the right treatment for you. This, in turn, allows you to make an informed choice based on your needs and goals.",2023-07-20,PT1M7S,https://i.ytimg.com/vi/9Oa4RYMsgNA/maxresdefault.jpg,Radiance Clinic - Videos,HAIR_TRANSPLANT_RESULT,Hair Transplant,,,/concerns/hair-transplant,Dr. Satyarth Prakash,"Bhubaneswar, Odisha",candidate-only,result research,/results,MEDIUM,false,true,yt-dlp metadata export supplied to --input
05pM0SrNg8o,https://www.youtube.com/watch?v=05pM0SrNg8o,"Secrets To A Dandruff-free Head, Revealed!","Exclusive Interview With Dr. Satyartha Prakash from Radiance Clinics , Bhubaneswar on "" बालों को झड़ने से रोकने के आसान उपाय | Easy Steps to Control Hair Fall & Get Strong and healthy Hair 1- Hair Loss - Causes, Symptoms and Treatment Options 2- Easy Steps to Control Hair Fall 3- Get Strong and healthy Hair 4- Hair loss myths | Causes And Treatment Of Hair Loss 5- Hair Loss Treatment for Women 6- Simple home remedies to prevent hair loss in this Video ✅ बाल झड़ना (Hair fall) ✅ बालों का गिरना (Hair loss) ✅ बाल संरक्षण (Hair care) ✅ बाल झड़ने के उपाय (Hair fall remedies) ✅ बाल झड़ने से बचाव (Hair fall prevention) ✅ बालों को स्वस्थ रखना (Healthy hair) ✅ बाल वृद्धि (Hair growth) ✅ प्राकृतिक उपाय (Natural remedies) ✅ बाल केयर रूटीन (Hair care routine) ✅ स्कैल्प केयर (Scalp care) ✅ बाल मजबूत करना (Hair strengthening) ✅ बालों के झड़ने के कारण (Hair fall causes) ✅ बालों के स्वास्थ्य के लिए आहार (Diet for hair health) ✅ बाल झड़ने का उपचार (Hair fall treatment) ✅ बाल झड़ने के उपाय (Hair fall solutions) ✅ बाल झड़ने के टिप्स (Hair fall tips) ✅ बालों के झड़ने का निवारण (Hair fall prevention for men/women) ✅ बालों के लिए घरेलू उपाय (Home remedies for hair fall) ✅ बालों के झड़ने के लिए जीवनशैली परिवर्तन (Lifestyle changes for reducing hair fall) ✅ बालों की देखभाल (Hair care) #hairfallsolution #haircaretips #healthyhair #hairgrowthtips #hairfallprevention #NaturalRemedies #haircareroutine #stophairfall #hairfallcontrol #scalpcare #radianceclinic #हेयर_ट्रांसप्लांट #HairLoss #skincareclinicodisha #hairloss #Hairtransplantresult #hairtransplant #hairtransplantworks #Besthairtransplantcentreinodisha #Drsatyarthprakash #Radianceclinics #besthairtransplantresult #hairtransplantresults #hairtransplantbeforeafter #hairtransplantindia Hair transplant basics explained by Dr. Satyartha Prakash from Radiance Clinics Bhubaneswar. For more information and appointments call 9238321888, 9238122550. Radiance has been the number 1 clinic in eastern India for hair transplant , having successfully treated more than 3000 clients Radiance Clinics Has been awarded has the best Skin Clinics In Odisha by Times Group and I3 survey. If you are looking for a best hair transplant clinic in Bhubaneswar then Radiance is the right option for you. Having world class infrastructure and state of art equipment and all foreign trained doctors, Radiance has been serving the since a Decade. Whatsapp and telephonic consultations available. Learn more at https://radianceclinics.com/. https://radiancehairclinics.com/. ➤Follow our Daily Facebook Updates: https://www.facebook.com/RadianceClinics ➤Get the latest tips from Our Experts on Instagram: https://www.instagram.com/radiancecli... 👩🏻⚕GET TO KNOW US! Radiance Skin & Hair Clinics Plot No – N/1-46, IRC Village, First Lane, Bhubaneswar Tel : +91-674- 255-2550, +91-923-832-1888, +91-923-812-2550 Email: radiance.clinics@gmail.com The Radiance Clinic Bhubaneswar is the largest and most up-to-date dermatology center in Odisha, it was established following the best practices of Skin & Hair experts. The clinic offers treatment of dermatological and all sorts of aesthetic maladies. At Radiance Clinic Bhubaneswar, our objective is to bring you the latest and the most effective techniques in hair transplant ensuring the highest level of care and attention. As one of the best & the Oldest hair transplant centers in Odisha, we provide you with all the information about hair transplant , Hair-loss treatment & Skin Care treatments which helps you understand the right treatment for you. This, in turn, allows you to make an informed choice based on your needs and goals. Hair Fall Hair Loss Hair Care Hair Growth Hair Fall Prevention Hair Fall Control Hair Fall Remedies Hair Fall Solutions Natural Hair Care Healthy Hair Tips Hair Care Routine Hair Fall Treatment Hair Fall Causes Hair Fall Diet Hair Fall Home Remedies Hair Fall Oil Hair Fall Shampoo Hair Fall Mask Hair Fall Scalp Massage Hair Fall Prevention for Men/Women",2023-07-18,PT1M22S,https://i.ytimg.com/vi/05pM0SrNg8o/maxresdefault.jpg,Radiance Clinic - Videos,HAIR_TRANSPLANT_RESULT,Hair Transplant,,,/concerns/hair-transplant,Dr. Satyarth Prakash,"Bhubaneswar, Odisha",candidate-only,result research,/results,MEDIUM,false,true,yt-dlp metadata export supplied to --input
KtZiGdzystM,https://www.youtube.com/watch?v=KtZiGdzystM,କେଶ ଝଡିବା ବନ୍ଦ ହେବ - ପ୍ରାକୃତିକ ଉପାୟରେ କରନ୍ତୁ ଚିକିତ୍ସା Home Remedies to STOP Hair Loss Permanently |,"Exclusive Interview With Dr. Satyartha Prakash from Radiance Clinics , Bhubaneswar on "" Home Remedies to Prevent from Your Hair Loss Permanently // କେଶ ଝଡ଼ିବା ସମସ୍ୟାକୁ ଦୂର କରିବା ପାଇଁ ଚମତ୍କାରୀ ଘରୋଇ ଉପଚାର // बाल झड़ने से रोकने के घरेलू उपाय और सबसे सस्ता इलाज In this Interview Dr. Satyartha Prakash will describe the Common Question Related to how to stop hair fall immediately Like - : 1- Simple home remedies to STOP hair loss 2- Best Hair Loss Treatment for Women 3- Female Pattern Hair Loss | Causes, Treatment & Prevention 4- Hair Loss in Female: Causes, Symptoms & Treatment 5- Does wearing helmet cause hair loss 6- Can masturbation cause hair loss 7- Hair loss myths | Causes And Treatment Of Hair Loss 8- Hair Loss Treatment for Women 9- How to Stop Hair Fall and Grow Hair Faster Naturally (Men & Women) 10- Simple home remedies to prevent hair loss ଏହି ସାକ୍ଷାତକାରରେ Dr Satyartha Prakash କେଶ ଝଡିବାର ପ୍ରକୃତ କାରଣ ଓ ପ୍ରତିକାର ସେ ସମ୍ପର୍କରେ ଆଲୋଚନା କରିଛନ୍ତି - : ୧- କେଶ ଝଡିବା ରୁ ମୁକ୍ତି ପାଆନ୍ତୁ ଆପଣାନ୍ତୁ ଏହି ସହଜ ଉପାୟ ନିଶ୍ଚୟ ମିଳିବ ଲାଭ ... ୨- କେଶ ଝଡ଼ିବା ସମସ୍ୟା - କାରଣ ଓ ନିରାକରଣ ୩- କେଶ ଝଡିବା ସମସ୍ୟା ଏବଂ ନୂତନ କେଶ ପାଇଁ ଉପାୟ ୪- କେଶ ଝଡିବା ସମସ୍ୟା ରୁ ମୁକ୍ତି ପାଆନ୍ତୁ ୫- ଘରୋଇ ଉପଚାର ରେ ଆପଣଙ୍କ କେଶ ର ଯତ୍ନ ନିଅନ୍ତୁ ୬- ନିଜର କେଶ ଝଡିବା ବନ୍ଦ କରନ୍ତୁ ସବୁଦିନ ୭- କେଶ ସମସ୍ୟାର ଆୟୁର୍ବେଦିକ ଚିକିତ୍ସା ୮- କେଶ ଝଡିବା ଓ ରୂପି ହବା କମି ଯିବ ୯- କେଶ ଝଡ଼ିବା ସମସ୍ୟାକୁ ଦୂର କରିବା ପାଇଁ ଚମତ୍କାରୀ ଘରୋଇ ଉପଚାର ୧୦- କେଶ ଝଡିବା ସମସ୍ୟାରୁ କେମିତି ମୁକ୍ତି ପାଇପାରିବା ୧୧- ଯଦି କେଶ ଝଡିବା କମୁନି ତେବେ ୧୨- କେଶ ଝଡ଼ିବା ବନ୍ଦ କରିବା ପାଇଁ ଏହି ସବୁ ଉପାୟ କରନ୍ତୁ କେଶ ଝଡିବ ନାହିଁ ୧୨- କେଶ ଝଡ଼ିବା ସମସ୍ୟା ରୁ ମୁକ୍ତି ୧୩- କେଶ ଝଡ଼ିବା ସମସ୍ୟାକୁ ଦୂର କରିବା ପାଇଁ ୧୪- କେଶ ଝଡ଼ିବା ରୋକିବ ଏହି ଘରୋଇ ଉପଚାର ୧୫- କେଶ ଝଡ଼ିବା ର ଘରୋଇ ଉପଚାର #radianceclinic #हेयर_ट्रांसप्लांट #HairLoss #skincareclinicodisha #hairloss #Hairtransplantresult #hairtransplant #hairtransplantworks #Besthairtransplantcentreinodisha #Drsatyarthprakash #Radianceclinics #besthairtransplantresult #hairtransplantresults #hairtransplantbeforeafter #hairtransplantindia Hair transplant basics explained by Dr. Satyartha Prakash from Radiance Clinics Bhubaneswar. For more information and appointments call 9238321888, 9238122550. Radiance has been the number 1 clinic in eastern India for hair transplant , having successfully treated more than 3000 clients Radiance Clinics Has been awarded has the best Skin Clinics In Odisha by Times Group and I3 survey. If you are looking for a best hair transplant clinic in Bhubaneswar then Radiance is the right option for you. Having world class infrastructure and state of art equipment and all foreign trained doctors, Radiance has been serving the since a Decade. Whatsapp and telephonic consultations available. Learn more at https://radianceclinics.com/. https://radiancehairclinics.com/. ➤Follow our Daily Facebook Updates: https://www.facebook.com/RadianceClinics ➤Get the latest tips from Our Experts on Instagram: https://www.instagram.com/radiancecli... 👩🏻⚕GET TO KNOW US! Radiance Skin & Hair Clinics Plot No – N/1-46, IRC Village, First Lane, Bhubaneswar Tel : +91-674- 255-2550, +91-923-832-1888, +91-923-812-2550 Email: radiance.clinics@gmail.com The Radiance Clinic Bhubaneswar is the largest and most up-to-date dermatology center in Odisha, it was established following the best practices of Skin & Hair experts. The clinic offers treatment of dermatological and all sorts of aesthetic maladies. At Radiance Clinic Bhubaneswar, our objective is to bring you the latest and the most effective techniques in hair transplant ensuring the highest level of care and attention. As one of the best & the Oldest hair transplant centers in Odisha, we provide you with all the information about hair transplant , Hair-loss treatment & Skin Care treatments which helps you understand the right treatment for you. This, in turn, allows you to make an informed choice based on your needs and goals. Radiance Clinics",2023-07-09,PT1M22S,https://i.ytimg.com/vi/KtZiGdzystM/maxresdefault.jpg,Radiance Clinic - Videos,HAIR_TRANSPLANT_RESULT,Hair Transplant,,,/concerns/hair-transplant,Dr. Satyarth Prakash,"Bhubaneswar, Odisha",candidate-only,result research,/results,MEDIUM,false,true,yt-dlp metadata export supplied to --input
6IJI8JEcCuI,https://www.youtube.com/watch?v=6IJI8JEcCuI,100% ଗ୍ୟାରେଣ୍ଟି ଚୁଟି ଝଡ଼ିବା ବନ୍ଦ ହେବ | Stop Hair Loss & Regrow Hair Naturally Dr. Satyartha Prakash,"✅ ଚୁଟି ଝଡ଼ିବା ବନ୍ଦ କରିବାର ଗ୍ୟାରେଣ୍ଟି ଉପାୟ ✅ बालों का झड़ना कैसे रोकें और प्राकृतिक रूप से बालों को दोबारा कैसे बढ़ाएं | ✅ Proven Ways to Regrow Hair Naturally ✅ 10 Natural Remedies to Stop Hair Fall ✅ How to stop hair loss and regrow hair naturally ✅ Alternative Treatments for Hair Loss ✅ Home Remedies To Regrow Hair On Bald Patches ✅ Hair Transplant India ✅ Baldness Treatment ✅ Hair Transplant in Odisha ✅ Hair Clinic in Bhubaneswar ✅ Hair Restoration ✅ hair transplant information ✅ hair transplant clinic ✅ best hair transplant clinic ✅ hair transplant decision ✅ hair clinic ✅ hair transplant indecision ✅ Dr. Satyartha Prakash ✅ Hair Transplant in Bhubaneswar ✅ Radiance Skin & Hair Clinics ✅ हेयर ट्रांसप्लांट बेस्ट रिजल्ट ✅ Best Hair Transplant Clinic ✅ Hair Transplant in Low Price #RadianceClinic #हेयर_ट्रांसप्लांट #HairLoss #skincareclinicodisha #hairloss #Hairtransplantresult #hairtransplant #hairtransplantworks #Besthairtransplantcentreinodisha #Drsatyarthprakash #Radianceclinics #besthairtransplantresult #hairtransplantresults #hairtransplantbeforeafter #hairtransplantindia Hair transplant basics explained by Dr. Satyartha Prakash from Radiance Clinics Bhubaneswar. For more information and appointments call 9238321888, 9238122550. Radiance has been the number 1 clinic in eastern India for hair transplant , having successfully treated more than 3000 clients Radiance Clinics Has been awarded has the best Skin Clinics In Odisha by Times Group and I3 survey. If you are looking for a best hair transplant clinic in Bhubaneswar then Radiance is the right option for you. Having world class infrastructure and state of art equipment and all foreign trained doctors, Radiance has been serving the since a Decade. Whatsapp and telephonic consultations available. Learn more at https://radianceclinics.com/. https://radiancehairclinics.com/. ➤Follow our Daily Facebook Updates: https://www.facebook.com/RadianceClinics ➤Get the latest tips from Our Experts on Instagram: https://www.instagram.com/radiancecli... 👩🏻⚕GET TO KNOW US! Radiance Skin & Hair Clinics Plot No – N/1-46, IRC Village, First Lane, Bhubaneswar Tel : +91-674- 255-2550, +91-923-832-1888, +91-923-812-2550 Email: radiance.clinics@gmail.com The Radiance Clinic Bhubaneswar is the largest and most up-to-date dermatology center in Odisha, it was established following the best practices of Skin & Hair experts. The clinic offers treatment of dermatological and all sorts of aesthetic maladies. At Radiance Clinic Bhubaneswar, our objective is to bring you the latest and the most effective techniques in hair transplant ensuring the highest level of care and attention. As one of the best & the Oldest hair transplant centers in Odisha, we provide you with all the information about hair transplant , Hair-loss treatment & Skin Care treatments which helps you understand the right treatment for you. This, in turn, allows you to make an informed choice based on your needs and goals.",2023-07-09,PT1M21S,https://i.ytimg.com/vi/6IJI8JEcCuI/maxresdefault.jpg,Radiance Clinic - Videos,HAIR_TRANSPLANT_RESULT,Hair Transplant,,,/concerns/hair-transplant,Dr. Satyarth Prakash,"Bhubaneswar, Odisha",candidate-only,result research,/results,MEDIUM,false,true,yt-dlp metadata export supplied to --input
qZzb5Oko5DI,https://www.youtube.com/watch?v=qZzb5Oko5DI,सस्ते में हेयर ट्रांसप्लांट ना करे| Do Not do low budjet Hairtransplant| Its risky Dr Satyartha,"✅ सावधान ! भूल कर भी हेयर ट्रांसप्लांट कम खर्च में नहीं करवाना चाहिए ✅ 10 कारण - हेयर ट्रांसप्लांट कम खर्च में नहीं कराएं ✅ हेयर ट्रांसप्लांट करवाने में कितना ख़र्चा आता है? ✅ हेयर ट्रांसप्लांट कम खर्च में नहीं ✅ यहां सस्ते में उगाए जा रहे गंजे लोगों के सिर पर बाल, उमड़ी भीड़! ✅ जानिए हेयर ट्रांसप्लांट का खर्च ✅ Hair Transplant India ✅ Baldness Treatment ✅ Hair Transplant in Odisha ✅ Hair Clinic in Bhubaneswar ✅ Hair Restoration ✅ hair transplant information ✅ hair transplant clinic ✅ best hair transplant clinic ✅ hair transplant decision ✅ hair clinic ✅ hair transplant indecision ✅ Dr. Satyartha Prakash ✅ Hair Transplant in Bhubaneswar ✅ Radiance Skin & Hair Clinics ✅ हेयर ट्रांसप्लांट बेस्ट रिजल्ट ✅ Best Hair Transplant Clinic ✅ Hair Transplant in Low Price #RadianceClinic #हेयर_ट्रांसप्लांट #HairLoss #skincareclinicodisha #hairloss #Hairtransplantresult #hairtransplant #hairtransplantworks #Besthairtransplantcentreinodisha #Drsatyarthprakash #Radianceclinics #besthairtransplantresult #hairtransplantresults #hairtransplantbeforeafter #hairtransplantindia Hair transplant basics explained by Dr. Satyartha Prakash from Radiance Clinics Bhubaneswar. For more information and appointments call 9238321888, 9238122550. Radiance has been the number 1 clinic in eastern India for hair transplant , having successfully treated more than 3000 clients Radiance Clinics Has been awarded has the best Skin Clinics In Odisha by Times Group and I3 survey. If you are looking for a best hair transplant clinic in Bhubaneswar then Radiance is the right option for you. Having world class infrastructure and state of art equipment and all foreign trained doctors, Radiance has been serving the since a Decade. Whatsapp and telephonic consultations available. Learn more at https://radianceclinics.com/. https://radiancehairclinics.com/. ➤Follow our Daily Facebook Updates: https://www.facebook.com/RadianceClinics ➤Get the latest tips from Our Experts on Instagram: https://www.instagram.com/radiancecli... 👩🏻⚕GET TO KNOW US! Radiance Skin & Hair Clinics Plot No – N/1-46, IRC Village, First Lane, Bhubaneswar Tel : +91-674- 255-2550, +91-923-832-1888, +91-923-812-2550 Email: radiance.clinics@gmail.com The Radiance Clinic Bhubaneswar is the largest and most up-to-date dermatology center in Odisha, it was established following the best practices of Skin & Hair experts. The clinic offers treatment of dermatological and all sorts of aesthetic maladies. At Radiance Clinic Bhubaneswar, our objective is to bring you the latest and the most effective techniques in hair transplant ensuring the highest level of care and attention. As one of the best & the Oldest hair transplant centers in Odisha, we provide you with all the information about hair transplant , Hair-loss treatment & Skin Care treatments which helps you understand the right treatment for you. This, in turn, allows you to make an informed choice based on your needs and goals.",2023-07-09,PT2M51S,https://i.ytimg.com/vi/qZzb5Oko5DI/maxresdefault.jpg,Radiance Clinic - Videos,HAIR_TRANSPLANT_RESULT,Hair Transplant,,,/concerns/hair-transplant,Dr. Satyarth Prakash,"Bhubaneswar, Odisha",candidate-only,result research,/results,MEDIUM,false,true,yt-dlp metadata export supplied to --input
JZxWGeIjFFI,https://www.youtube.com/watch?v=JZxWGeIjFFI,💥Amazing Hair Transplant Before and After Results with 2000 Grafts | Best Hair transplant in Odisha,"Watch The Exclusive Interview of Dr. Satyartha Prakash from Radiance Clinics, Bhubaneswar on "" Amazing Results of Hair Transplant | ହେୟାର୍ ଟ୍ରାନ୍ସପ୍ଲାଣ୍ଟ୍ ପରେ ବେଷ୍ଟ ରେଜଲ୍ଟ | हेयर ट्रांसप्लांट बेस्ट रिजल्ट | Hair Transplant के कैसे रिजल्ट "" ✅ Hair Transplant in Odisha ✅ Hair Clinic in Bhubaneswar ✅ Hair Restoration ✅ hair transplant information ✅ hair transplant clinic ✅ best hair transplant clinic ✅ hair transplant decision ✅ hair clinic ✅ hair transplant indecision ✅ Dr. Satyartha Prakash ✅ Hair Transplant in Bhubaneswar ✅ Radiance Skin & Hair Clinics ✅ हेयर ट्रांसप्लांट बेस्ट रिजल्ट ✅ Best Hair Transplant Clinic ✅ Hair Transplant in Low Price ✅Best Hair Transplant Results ✅ Best Hair Transplant Clini #RadianceClinic #हेयर_ट्रांसप्लांट #bestplaceforhairtransplant #hairtransplantsolutions #hairloss #skincareclinicodisha #hairloss #Hairtransplantresult #hairtransplant #hairtransplantworks #Besthairtransplantcentreinodisha #Drsatyarthprakash #Radianceclinics #besthairtransplantresult #hairtransplantresults #hairtransplantbeforeafter #hairtransplantindia #hairtransplantprocedure #hairloss #hairtransplant #hairtransplantinindia #hairtransplantation #hairtransplantsurgery #hairtransplantclinic #hairtransplants #hairtransplantsolutions Hair transplant basics explained by Dr. Satyartha Prakash from Radiance Clinics Bhubaneswar. For more information and appointments call 9238321888, 9238122550. Radiance has been the number 1 clinic in eastern India for hair transplant , having successfully treated more than 3000 clients Radiance Clinics Has been awarded has the best Skin Clinics In Odisha by Times Group and I3 survey. If you are looking for a best hair transplant clinic in Bhubaneswar then Radiance is the right option for you. Having world class infrastructure and state of art equipment and all foreign trained doctors, Radiance has been serving the since a Decade. Whatsapp and telephonic consultations available. Learn more at https://radianceclinics.com/. https://radiancehairclinics.com/. ➤Follow our Daily Facebook Updates: https://www.facebook.com/RadianceClinics ➤Get the latest tips from Our Experts on Instagram: https://www.instagram.com/radiancecli... 👩🏻⚕GET TO KNOW US! Radiance Skin & Hair Clinics Plot No – N/1-46, IRC Village, First Lane, Bhubaneswar Tel : +91-674- 255-2550, +91-923-832-1888, +91-923-812-2550 Email: radiance.clinics@gmail.com The Radiance Clinic Bhubaneswar is the largest and most up-to-date dermatology center in Odisha, it was established following the best practices of Skin & Hair experts. The clinic offers treatment of dermatological and all sorts of aesthetic maladies. At Radiance Clinic Bhubaneswar, our objective is to bring you the latest and the most effective techniques in hair transplant ensuring the highest level of care and attention. As one of the best & the Oldest hair transplant centers in Odisha, we provide you with all the information about hair transplant , Hair-loss treatment & Skin Care treatments which helps you understand the right treatment for you. This, in turn, allows you to make an informed choice based on your needs and goals. Most Trusted Skin & Hair Clinic Of Odisha | 25000+ Happy patients . @Radiance Clinics Bhubaneswar .",2023-06-01,PT2M37S,https://i.ytimg.com/vi/JZxWGeIjFFI/maxresdefault.jpg,Radiance Clinic - Videos,HAIR_TRANSPLANT_RESULT,Hair Transplant,,,/concerns/hair-transplant,Dr. Satyarth Prakash,"Bhubaneswar, Odisha",candidate-only,result research,/results,MEDIUM,false,true,yt-dlp metadata export supplied to --input
sEzgAYKmKjw,https://www.youtube.com/watch?v=sEzgAYKmKjw,BEST HAIR TRANSPLANT IN BHUBANESWAR| 1500 grafts| RADIANCE CLINIC,"A case study of 1500grafts hair transplant was done on the frontal aspect, the results shown in the video are 6 months post hair transplant. More density is expected in another 3 months timeline. ✅ हेयर ट्रांसप्लांट कैसे करते हैं ? ✅ Radiance hair loss treatment ✅ Best Hair Transplant Clinic ✅ Radiance Skin & Hair Clinic ✅ Hair Transplant India ✅ Baldness Treatment ✅ Hair Transplant in Odisha ✅ Hair Clinic in Bhubaneswar ✅ Hair Restoration ✅ hair transplant information ✅ hair transplant clinic ✅ best hair transplant clinic ✅ hair transplant decision ✅ hair clinic ✅ hair transplant indecision ✅ Dr. Satyartha Prakash ✅ Hair Transplant in Bhubaneswar ✅ Radiance Skin & Hair Clinics ✅ हेयर ट्रांसप्लांट बेस्ट रिजल्ट ✅ Best Hair Transplant Clinic ✅ Hair Transplant in Low Price ✅Best Hair Transplant Results ✅ Best Hair Transplant Clini #RadianceClinic #हेयर_ट्रांसप्लांट #bestplaceforhairtransplant #hairtransplantsolutions #hairloss #skincareclinicodisha #hairloss #Hairtransplantresult #hairtransplant #hairtransplantworks #Besthairtransplantcentreinodisha #Drsatyarthprakash #Radianceclinics #besthairtransplantresult #hairtransplantresults #hairtransplantbeforeafter #hairtransplantindia #hairtransplantprocedure #hairloss #hairtransplant #hairtransplantinindia #hairtransplantation #hairtransplantsurgery #hairtransplantclinic #hairtransplants #hairtransplantsolutions Hair transplant basics explained by Dr. Satyartha Prakash from Radiance Clinics Bhubaneswar. For more information and appointments call 9238321888, 9238122550. Radiance has been the number 1 clinic in eastern India for hair transplant , having successfully treated more than 3000 clients Radiance Clinics Has been awarded has the best Skin Clinics In Odisha by Times Group and I3 survey. If you are looking for a best hair transplant clinic in Bhubaneswar then Radiance is the right option for you. Having world class infrastructure and state of art equipment and all foreign trained doctors, Radiance has been serving the since a Decade. Whatsapp and telephonic consultations available. Learn more at https://radianceclinics.com/. https://radiancehairclinics.com/. ➤Follow our Daily Facebook Updates: https://www.facebook.com/RadianceClinics ➤Get the latest tips from Our Experts on Instagram: https://www.instagram.com/radiancecli... 👩🏻⚕GET TO KNOW US! Radiance Skin & Hair Clinics Plot No – N/1-46, IRC Village, First Lane, Bhubaneswar Tel : +91-674- 255-2550, +91-923-832-1888, +91-923-812-2550 Email: radiance.clinics@gmail.com The Radiance Clinic Bhubaneswar is the largest and most up-to-date dermatology center in Odisha, it was established following the best practices of Skin & Hair experts. The clinic offers treatment of dermatological and all sorts of aesthetic maladies. At Radiance Clinic Bhubaneswar, our objective is to bring you the latest and the most effective techniques in hair transplant ensuring the highest level of care and attention. As one of the best & the Oldest hair transplant centers in Odisha, we provide you with all the information about hair transplant , Hair-loss treatment & Skin Care treatments which helps you understand the right treatment for you. This, in turn, allows you to make an informed choice based on your needs and goals. Most Trusted Skin & Hair Clinic Of Odisha | 25000+ Happy patients . @Radiance Clinics Bhubaneswar .",2023-05-31,PT2M38S,https://i.ytimg.com/vi/sEzgAYKmKjw/maxresdefault.jpg,Radiance Clinic - Videos,HAIR_TRANSPLANT_RESULT,Hair Transplant,,,/concerns/hair-transplant,Dr. Satyarth Prakash,"Bhubaneswar, Odisha",candidate-only,result research,/results,MEDIUM,false,true,yt-dlp metadata export supplied to --input
tHirYEo5kGs,https://www.youtube.com/watch?v=tHirYEo5kGs,डैंड्रफ हटाने का सबसे आसान घरेलु तरीका | Home Remedies For Dandruff | Dr. Satyartha Prakash,"Dr. Satyartha Prakash from Radiance Clinic , Bhubaneswar. explains how to treat dandruff and itchy scalp, what are different dandruff causes and treatment, how to remove dandruff from scalp, etc. रूसी डैंड्रफ की समस्या जड़ से ख़त्म,बालों की लम्बाई इतनी बढ़ेगी खुद ही देखकर चौंक जाओगे, झड़ते टूटते बालों की समस्या, बालों को जड़ से काला और घना करें, गंजेपन का घरेलु ईलाज के लिए यह रेमेडी/ नुस्खा बहुत ही कारगर है, इसके इस्तेमाल से बालों का झड़ना टूटना बंद, बाल लम्बे घने+ Silky Shiny हो जाएंगे अगर फ्रेंड आपको को मेरी रेसिपी पसंद आए तो वीडियो को लाइक शेयर जरूर करें और अगर आप हमारे चैनल पर नए हैं पहली बार आए हैं तो चैनल को सब्सक्राइब करना बिल्कुल मत भूलें ✅ डैंड्रफ को जल्दी कैसे दूर करें? ✅ डैंड्रफ का रामबाण इलाज ✅ दही से डैंड्रफ कैसे हटाए ✅ बालों से रूसी हटाने के उपाय ✅ बालों में रूसी के कारण ✅ एलोवेरा से डैंड्रफ कैसे हटाए ✅ डैंड्रफ किसकी कमी से होता है? ✅ डैंड्रफ और बालों का झड़ना कैसे हटाएं? ✅ क्या डैंड्रफ से बाल झड़ सकते हैं? ✅ Home remedies for dandruff in hindi ✅ Best home remedies for dandruff in hindi ✅ Home remedies for dandruff and itchy scalp in hindi ✅ Home remedies for dandruff and hair fall in hindi ✅ Home remedies for hair dandruff in hindi ✅ Home remedies for dandruff and itchy scalp in tamil ✅ Dandruff treatment at home hindi ✅ What's good for dandruff home remedies ✅ Home remedies for remove dandruff in hindi ✅ Hair Transplant in Odisha ✅ Hair Clinic in Bhubaneswar ✅ Hair Restoration ✅ hair transplant information ✅ hair transplant clinic ✅ best hair transplant clinic ✅ hair transplant decision ✅ hair clinic ✅ hair transplant indecision ✅ Dr. Satyartha Prakash ✅ Hair Transplant in Bhubaneswar ✅ Radiance Skin & Hair Clinics ✅ हेयर ट्रांसप्लांट बेस्ट रिजल्ट ✅ Best Hair Transplant Clinic ✅ Hair Transplant in Low Price ✅Best Hair Transplant Results ✅ Best Hair Transplant Clini #RadianceClinic #हेयर_ट्रांसप्लांट #bestplaceforhairtransplant #hairtransplantsolutions #hairloss #skincareclinicodisha #hairloss #Hairtransplantresult #hairtransplant #hairtransplantworks #Besthairtransplantcentreinodisha #Drsatyarthprakash #Radianceclinics #besthairtransplantresult #hairtransplantresults #hairtransplantbeforeafter #hairtransplantindia #hairtransplantprocedure #hairloss #hairtransplant #hairtransplantinindia #hairtransplantation #hairtransplantsurgery #hairtransplantclinic #hairtransplants #hairtransplantsolutions Hair transplant basics explained by Dr. Satyartha Prakash from Radiance Clinics Bhubaneswar. For more information and appointments call 9238321888, 9238122550. Radiance has been the number 1 clinic in eastern India for hair transplant , having successfully treated more than 3000 clients Radiance Clinics Has been awarded has the best Skin Clinics In Odisha by Times Group and I3 survey. If you are looking for a best hair transplant clinic in Bhubaneswar then Radiance is the right option for you. Having world class infrastructure and state of art equipment and all foreign trained doctors, Radiance has been serving the since a Decade. Whatsapp and telephonic consultations available. Learn more at https://radianceclinics.com/. https://radiancehairclinics.com/. ➤Follow our Daily Facebook Updates: https://www.facebook.com/RadianceClinics ➤Get the latest tips from Our Experts on Instagram: https://www.instagram.com/radiancecli... 👩🏻⚕GET TO KNOW US! Radiance Skin & Hair Clinics Plot No – N/1-46, IRC Village, First Lane, Bhubaneswar Tel : +91-674- 255-2550, +91-923-832-1888, +91-923-812-2550 Email: radiance.clinics@gmail.com The Radiance Clinic Bhubaneswar is the largest and most up-to-date dermatology center in Odisha, it was established following the best practices of Skin & Hair experts. The clinic offers treatment of dermatological and all sorts of aesthetic maladies. At Radiance Clinic Bhubaneswar, our objective is to bring you the latest and the most effective techniques in hair transplant ensuring the highest level of care and attention. As one of the best & the Oldest hair transplant centers in Odisha, we provide you with all the information about hair transplant , Hair-loss treatment & Skin Care treatments which helps you understand the right treatment for you. This, in turn, allows you to make an informed choice based on your needs and goals. Most Trusted Skin & Hair Clinic Of Odisha | 25000+ Happy patients . @Radiance Clinics Bhubaneswar .",2023-04-24,PT3M40S,https://i.ytimg.com/vi/tHirYEo5kGs/maxresdefault.jpg,Radiance Clinic - Videos,HAIR_TRANSPLANT_RESULT,Hair Transplant,,,/concerns/hair-transplant,Dr. Satyarth Prakash,"Bhubaneswar, Odisha",candidate-only,result research,/results,MEDIUM,false,true,yt-dlp metadata export supplied to --input
lLnet-X2-Fg,https://www.youtube.com/watch?v=lLnet-X2-Fg,Best Solution For Dandruff Permanently डैंड्रफ को दूर भगाएंगे यह 5 रामबाण उपाय Dr Satyartha Prakash,"Do you know What are the main causes of dandruff? Dr. Satyartha Prakash from Radiance Clinic , Bhubaneswar. explains how to treat dandruff and itchy scalp, what are different dandruff causes and treatment, how to remove dandruff from scalp, etc. ✅ dandruff treatment at home ✅ dandruff removal at home ✅ dandruff scrathing ✅ how to remove dandruff ✅ dandruff permanent solution ✅ dandruff home remedy ✅ dandruff best solution ✅ dandruff cheap solution ✅ dandruff problem solution ✅treat dandruff ✅ dandruff in winter solution ✅ dandruff desi nuskha ✅ dandruff easy treatment ✅ dandruff best solution india ✅ anti dandruff hair mask ✅anti dandruff tips ✅ anti dandruff shampoo ✅ best anti dandruff shampoo ✅ How to Cure Dandruff Permanently ✅ best solution for dandruff home remedies ✅ best solution for dandruff ✅ best solution for dandruff in Odia ✅ best permanent solution for dandruff ✅ what's the best solution for dandruff ✅ best natural solution for dandruff ✅ what cream is good for dandruff ✅ हेयर ट्रांसप्लांट कैसे करते हैं ? ✅ Radience hair loss treatment ✅ Best Hair Transplant Clinic ✅ Radiance Skin & Hair Clinic ✅ Hair Transplant India ✅ Baldness Treatment ✅ Hair Transplant in Odisha ✅ Hair Clinic in Bhubaneswar ✅ Hair Restoration ✅ hair transplant information ✅ hair transplant clinic ✅ best hair transplant clinic ✅ hair transplant decision ✅ hair clinic ✅ hair transplant indecision ✅ Dr. Satyartha Prakash ✅ Hair Transplant in Bhubaneswar ✅ Radiance Skin & Hair Clinics ✅ हेयर ट्रांसप्लांट बेस्ट रिजल्ट ✅ Best Hair Transplant Clinic ✅ Hair Transplant in Low Price ✅Best Hair Transplant Results ✅ Best Hair Transplant Clini #RadianceClinic #हेयर_ट्रांसप्लांट #bestplaceforhairtransplant #hairtransplantsolutions #hairloss #skincareclinicodisha #hairloss #Hairtransplantresult #hairtransplant #hairtransplantworks #Besthairtransplantcentreinodisha #Drsatyarthprakash #Radianceclinics #besthairtransplantresult #hairtransplantresults #hairtransplantbeforeafter #hairtransplantindia #hairtransplantprocedure #hairloss #hairtransplant #hairtransplantinindia #hairtransplantation #hairtransplantsurgery #hairtransplantclinic #hairtransplants #hairtransplantsolutions Hair transplant basics explained by Dr. Satyartha Prakash from Radiance Clinics Bhubaneswar. For more information and appointments call 9238321888, 9238122550. Radiance has been the number 1 clinic in eastern India for hair transplant , having successfully treated more than 3000 clients Radiance Clinics Has been awarded has the best Skin Clinics In Odisha by Times Group and I3 survey. If you are looking for a best hair transplant clinic in Bhubaneswar then Radiance is the right option for you. Having world class infrastructure and state of art equipment and all foreign trained doctors, Radiance has been serving the since a Decade. Whatsapp and telephonic consultations available. Learn more at https://radianceclinics.com/. https://radiancehairclinics.com/. ➤Follow our Daily Facebook Updates: https://www.facebook.com/RadianceClinics ➤Get the latest tips from Our Experts on Instagram: https://www.instagram.com/radiancecli... 👩🏻⚕GET TO KNOW US! Radiance Skin & Hair Clinics Plot No – N/1-46, IRC Village, First Lane, Bhubaneswar Tel : +91-674- 255-2550, +91-923-832-1888, +91-923-812-2550 Email: radiance.clinics@gmail.com The Radiance Clinic Bhubaneswar is the largest and most up-to-date dermatology center in Odisha, it was established following the best practices of Skin & Hair experts. The clinic offers treatment of dermatological and all sorts of aesthetic maladies. At Radiance Clinic Bhubaneswar, our objective is to bring you the latest and the most effective techniques in hair transplant ensuring the highest level of care and attention. As one of the best & the Oldest hair transplant centers in Odisha, we provide you with all the information about hair transplant , Hair-loss treatment & Skin Care treatments which helps you understand the right treatment for you. This, in turn, allows you to make an informed choice based on your needs and goals. Most Trusted Skin & Hair Clinic Of Odisha | 25000+ Happy patients . @Radiance Clinics Bhubaneswar .",2023-04-22,PT4M11S,https://i.ytimg.com/vi/lLnet-X2-Fg/maxresdefault.jpg,Radiance Clinic - Videos,HAIR_TRANSPLANT_RESULT,Hair Transplant,,,/concerns/hair-transplant,Dr. Satyarth Prakash,"Bhubaneswar, Odisha",candidate-only,result research,/results,MEDIUM,false,true,yt-dlp metadata export supplied to --input
YaXeTL015Q0,https://www.youtube.com/watch?v=YaXeTL015Q0,How to use Minoxidil Oil | मिनोक्सिडिल कैसे लागू करें |,"Watch The Interview of Dr. Satyartha Prakash from Radiance Clinic , Bhubaneswar | Minoxidil is a very common medicine used for the treatment of hair loss especially in men. There are a lot of drawbacks for this. There is lot of dryness which develops on the scalp and the hair. So it is obvious that the patients have to do something to condition the hair post the application of minoxidil. Usually I advice you to apply the oil after an hour of application of minoxidil so that the medicine absorption is not hindered by the oil. Usually it is applied as a bed time application. So apply minoxidil, wait for about half an hour or 45 minutes, then apply the oil to the hair and minoxidil to the scalp. If you apply the oil before the minoxidil then it is possible that the minoxidil is not well absorbed into the scalp so that the oil forms a barrier and it cannot penetrate and enter the scalp. ✅ मिनोक्सिडिल कैसे लागू करें ✅ how to use minoxidil spray ✅ how to apply minoxidil foam ✅ how to use minoxidil lotion for hair ✅ how to use minoxidil foam ✅ types of minoxidil ✅ how to use minoxidil lotion ✅ how to use minoxidil spray for hair ✅ मिनोक्सिडिल फॉर हेयर ✅ how to apply minoxidil ✅ how to use minoxidil gel ✅ how to apply minoxidil for hair ✅ minoxidil foam vs liquid ✅ how to use minoxidil ✅ minoxidil lotion side effects ✅ Hair Transplant India ✅ Baldness Treatment ✅ Hair Transplant in Odisha ✅ Hair Clinic in Bhubaneswar ✅ Hair Restoration ✅ hair transplant information ✅ hair transplant clinic ✅ best hair transplant clinic ✅ hair transplant decision ✅ hair clinic ✅ hair transplant indecision ✅ Dr. Satyartha Prakash ✅ Hair Transplant in Bhubaneswar ✅ Radiance Skin & Hair Clinics ✅ हेयर ट्रांसप्लांट बेस्ट रिजल्ट ✅ Best Hair Transplant Clinic ✅ Hair Transplant in Low Price ✅ Minoxidil ✅ hair loss ✅ hair loss treatment ✅ hair growth ✅ hair regrowth ✅ hair transplant ✅ hair care ✅ how to use minoxidil ✅ how to apply minoxidil ✅how to apply minoxidil for hair ✅ minoxidil for hair loss ✅ minoxidil results ✅ minoxidil side effects #Minoxidil #HairLoss #Baldness #HairTransplantation #RadianceClinic #हेयर_ट्रांसप्लांट #HairLoss #skincareclinicodisha #hairloss #Hairtransplantresult #hairtransplant #hairtransplantworks #Besthairtransplantcentreinodisha #Drsatyarthprakash #Radianceclinics #besthairtransplantresult #hairtransplantresults #hairtransplantbeforeafter #hairtransplantindia Hair transplant basics explained by Dr. Satyartha Prakash from Radiance Clinics Bhubaneswar. For more information and appointments call 9238321888, 9238122550. Radiance has been the number 1 clinic in eastern India for hair transplant , having successfully treated more than 3000 clients Radiance Clinics Has been awarded has the best Skin Clinics In Odisha by Times Group and I3 survey. If you are looking for a best hair transplant clinic in Bhubaneswar then Radiance is the right option for you. Having world class infrastructure and state of art equipment and all foreign trained doctors, Radiance has been serving the since a Decade. Whatsapp and telephonic consultations available. Learn more at https://radianceclinics.com/. https://radiancehairclinics.com/. ➤Follow our Daily Facebook Updates: https://www.facebook.com/RadianceClinics ➤Get the latest tips from Our Experts on Instagram: https://www.instagram.com/radiancecli... 👩🏻⚕GET TO KNOW US! Radiance Skin & Hair Clinics Plot No – N/1-46, IRC Village, First Lane, Bhubaneswar Tel : +91-674- 255-2550, +91-923-832-1888, +91-923-812-2550 Email: radiance.clinics@gmail.com The Radiance Clinic Bhubaneswar is the largest and most up-to-date dermatology center in Odisha, it was established following the best practices of Skin & Hair experts. The clinic offers treatment of dermatological and all sorts of aesthetic maladies. At Radiance Clinic Bhubaneswar, our objective is to bring you the latest and the most effective techniques in hair transplant ensuring the highest level of care and attention. As one of the best & the Oldest hair transplant centers in Odisha, we provide you with all the information about hair transplant , Hair-loss treatment & Skin Care treatments which helps you understand the right treatment for you. This, in turn, allows you to make an informed choice based on your needs and goals. Most Trusted Skin & Hair Clinic Of Odisha | 25000+ Happy patients . @Radiance Clinics Bhubaneswar .",2023-04-21,PT6M27S,https://i.ytimg.com/vi/YaXeTL015Q0/maxresdefault.jpg,Radiance Clinic - Videos,HAIR_TRANSPLANT_RESULT,Hair Transplant,,,/concerns/hair-transplant,Dr. Satyarth Prakash,"Bhubaneswar, Odisha",candidate-only,result research,/results,MEDIUM,false,true,yt-dlp metadata export supplied to --input
_3Hy-y73XC4,https://www.youtube.com/watch?v=_3Hy-y73XC4,Reason For Female Hair Loss | महिलाओं के बाल क्युँ झड़ते हैं | Dr. Satyartha Prakash,"Reason For Female Hair Loss | महिलाओं के बाल क्युँ झड़ते हैं | | Watch The Interview of Dr. Satyartha Prakash from Radiance Clinic. ✅ What Causes Hair Thinning In Young Females ✅ teenage hair loss ✅ teenage hair fall ✅ teenage hairloss teenage ✅ teenage hair loss solutions ✅ how to stop hair loss in teenage guys ✅ teenage balding ✅ teenage hair loss boy ✅ teenage hair lose ✅ teenage hair loss stop ✅ hair lose in teenage ✅ teenager hair lose ✅ teenage hair care ✅ teenage hair loss treatment ✅ hair loss in teenage females ✅ how to treat teenage hair loss ✅ hair fall in teenage ✅ teenage hair growth ✅ teenager hair fall ✅ teenage hair fall male ✅ Radience hair loss treatment ✅ Best Hair Transplant Clinic ✅ Radiance Skin & Hair Clinic ✅ Hair Transplant India ✅ Baldness Treatment ✅ Hair Transplant in Odisha ✅ Hair Clinic in Bhubaneswar ✅ Hair Restoration ✅ hair transplant information ✅ hair transplant clinic ✅ best hair transplant clinic ✅ hair transplant decision ✅ hair clinic ✅ hair transplant indecision ✅ Dr. Satyartha Prakash ✅ Hair Transplant in Bhubaneswar ✅ Radiance Skin & Hair Clinics ✅ हेयर ट्रांसप्लांट बेस्ट रिजल्ट ✅ Best Hair Transplant Clinic ✅ Hair Transplant in Low Price #RadianceClinic #femalehairloss #femalehairlosstreatment #femalehairfall #हेयर_ट्रांसप्लांट #HairLoss #skincareclinicodisha #hairloss #Hairtransplantresult #hairtransplant #hairtransplantworks #Besthairtransplantcentreinodisha #Drsatyarthprakash #Radianceclinics #besthairtransplantresult #hairtransplantresults #hairtransplantbeforeafter #hairtransplantindia Hair transplant basics explained by Dr. Satyartha Prakash from Radiance Clinics Bhubaneswar. For more information and appointments call 9238321888, 9238122550. Radiance has been the number 1 clinic in eastern India for hair transplant , having successfully treated more than 3000 clients Radiance Clinics Has been awarded has the best Skin Clinics In Odisha by Times Group and I3 survey. If you are looking for a best hair transplant clinic in Bhubaneswar then Radiance is the right option for you. Having world class infrastructure and state of art equipment and all foreign trained doctors, Radiance has been serving the since a Decade. Whatsapp and telephonic consultations available. Learn more at https://radianceclinics.com/. https://radiancehairclinics.com/. ➤Follow our Daily Facebook Updates: https://www.facebook.com/RadianceClinics ➤Get the latest tips from Our Experts on Instagram: https://www.instagram.com/radiancecli... 👩🏻⚕GET TO KNOW US! Radiance Skin & Hair Clinics Plot No – N/1-46, IRC Village, First Lane, Bhubaneswar Tel : +91-674- 255-2550, +91-923-832-1888, +91-923-812-2550 Email: radiance.clinics@gmail.com The Radiance Clinic Bhubaneswar is the largest and most up-to-date dermatology center in Odisha, it was established following the best practices of Skin & Hair experts. The clinic offers treatment of dermatological and all sorts of aesthetic maladies. At Radiance Clinic Bhubaneswar, our objective is to bring you the latest and the most effective techniques in hair transplant ensuring the highest level of care and attention. As one of the best & the Oldest hair transplant centers in Odisha, we provide you with all the information about hair transplant , Hair-loss treatment & Skin Care treatments which helps you understand the right treatment for you. This, in turn, allows you to make an informed choice based on your needs and goals. Most Trusted Skin & Hair Clinic Of Odisha | 25000+ Happy patients . @Radiance Clinics Bhubaneswar .",2023-04-20,PT1M12S,https://i.ytimg.com/vi/_3Hy-y73XC4/maxresdefault.jpg,Radiance Clinic - Videos,HAIR_TRANSPLANT_RESULT,Hair Transplant,,,/concerns/hair-transplant,Dr. Satyarth Prakash,"Bhubaneswar, Odisha",candidate-only,result research,/results,MEDIUM,false,true,yt-dlp metadata export supplied to --input
AAFnJLx-5DY,https://www.youtube.com/watch?v=AAFnJLx-5DY,हेयर ट्रांसप्लांट कब करना चाहिए | When to do Hair Transplant in Hindi | Dr. Satyartha Prakash,"✅ when to do hair transplant ✅ when to do first wash after hair transplant ✅ when to do second hair transplant ✅ at what stage hair transplant ✅ at what stage should you get a hair transplant ✅ when to dye hair after hair transplant ✅ when to consider hair transplant ✅ when do transplanted hair start to grow ✅ How soon after hair transplant can i dye my hair ✅ When can i use conditioner after hair transplant ✅ When can i dye my hair after hair transplant ✅ when is the best time to do hair transplant ✅ can everyone do hair transplant ✅ how long till you can cut your hair after hair transplant ✅ what is the procedure of a hair transplant ✅ can hair be transplanted between existing hair ✅ Hair Transplant India ✅ Baldness Treatment ✅ Hair Transplant in Odisha ✅ Hair Clinic in Bhubaneswar ✅ Hair Restoration ✅ hair transplant information ✅ hair transplant clinic ✅ best hair transplant clinic ✅ hair transplant decision ✅ hair clinic ✅ hair transplant indecision ✅ Dr. Satyartha Prakash ✅ Hair Transplant in Bhubaneswar ✅ Radiance Skin & Hair Clinics ✅ हेयर ट्रांसप्लांट बेस्ट रिजल्ट ✅ Best Hair Transplant Clinic ✅ Hair Transplant in Low Price ✅ हेयर ट्रांसप्लांट बाल कितने वर्ष तक रहते हैं? ✅ क्या हेयर ट्रांसप्लांट के बाद बाल गिरते हैं? ✅ हेयर ट्रांसप्लांट करवाने का सबसे अच्छा समय क्या है? ✅ क्या हेयर ट्रांसप्लांट से मौत हो सकती है? ✅ क्या हेयर ट्रांसप्लांट गिर जाते हैं? ✅ हेयर ट्रांसप्लांट में कितने रुपए खर्च होते हैं? ✅ हेयर ट्रांसप्लांट से ठीक होने में कितना समय लगता है? #RadianceClinic #हेयर_ट्रांसप्लांट #HairLoss #skincareclinicodisha #hairloss #Hairtransplantresult #hairtransplant #hairtransplantworks #Besthairtransplantcentreinodisha #Drsatyarthprakash #Radianceclinics #besthairtransplantresult #hairtransplantresults #hairtransplantbeforeafter #hairtransplantindia Hair transplant basics explained by Dr. Satyartha Prakash from Radiance Clinics Bhubaneswar. For more information and appointments call 9238321888, 9238122550. Radiance has been the number 1 clinic in eastern India for hair transplant , having successfully treated more than 3000 clients Radiance Clinics Has been awarded has the best Skin Clinics In Odisha by Times Group and I3 survey. If you are looking for a best hair transplant clinic in Bhubaneswar then Radiance is the right option for you. Having world class infrastructure and state of art equipment and all foreign trained doctors, Radiance has been serving the since a Decade. Whatsapp and telephonic consultations available. Learn more at https://radianceclinics.com/. https://radiancehairclinics.com/. ➤Follow our Daily Facebook Updates: https://www.facebook.com/RadianceClinics ➤Get the latest tips from Our Experts on Instagram: https://www.instagram.com/radiancecli... 👩🏻⚕GET TO KNOW US! Radiance Skin & Hair Clinics Plot No – N/1-46, IRC Village, First Lane, Bhubaneswar Tel : +91-674- 255-2550, +91-923-832-1888, +91-923-812-2550 Email: radiance.clinics@gmail.com The Radiance Clinic Bhubaneswar is the largest and most up-to-date dermatology center in Odisha, it was established following the best practices of Skin & Hair experts. The clinic offers treatment of dermatological and all sorts of aesthetic maladies. At Radiance Clinic Bhubaneswar, our objective is to bring you the latest and the most effective techniques in hair transplant ensuring the highest level of care and attention. As one of the best & the Oldest hair transplant centers in Odisha, we provide you with all the information about hair transplant , Hair-loss treatment & Skin Care treatments which helps you understand the right treatment for you. This, in turn, allows you to make an informed choice based on your needs and goals.",2023-04-19,PT4M24S,https://i.ytimg.com/vi/AAFnJLx-5DY/maxresdefault.jpg,Radiance Clinic - Videos,HAIR_TRANSPLANT_RESULT,Hair Transplant,,,/concerns/hair-transplant,Dr. Satyarth Prakash,"Bhubaneswar, Odisha",candidate-only,result research,/results,MEDIUM,false,true,yt-dlp metadata export supplied to --input
LGBwtKwa3-o,https://www.youtube.com/watch?v=LGBwtKwa3-o,हेयर ट्रांसप्लांट कैसे करते हैं ? Step by Step about Hair Transplant in Hindi | Dr Satyartha Prakash,"Step by Step about Hair Transplant in Hindi | Watch The Interview of Dr. Satyartha Prakash from Radiance Clinic , Bhubaneswar. हेयर ट्रांसप्लांट बाल कितने वर्ष तक रहते हैं? हेयर ट्रांसप्लांट करने में कितना पैसा लगता है? क्या हेयर ट्रांसप्लांट से मौत हो सकती है? क्या हेयर ट्रांसप्लांट के बाद बाल गिरते हैं? ✅ what is hair transplant in hindi ✅ hair transplant procedure step by step ✅ how hair transplant is done ✅ how hair transplant is done in Bhubaneswar ✅ how is hair transplant performed ✅ hair transplant kaise hota hai ✅ हेयर ट्रांसप्लांट कैसे करते हैं ✅ process of hair transplant ✅ fue technique step by step ✅ hair transplant ✅ hair transplant step by step ✅ hair transplant procedure ✅ Step by Step about Hair Transplant ✅ हेयर ट्रांसप्लांट कैसे करते हैं ? ✅ Radience hair loss treatment ✅ Best Hair Transplant Clinic ✅ Radiance Skin & Hair Clinic ✅ Hair Transplant India ✅ Baldness Treatment ✅ Hair Transplant in Odisha ✅ Hair Clinic in Bhubaneswar ✅ Hair Restoration ✅ hair transplant information ✅ hair transplant clinic ✅ best hair transplant clinic ✅ hair transplant decision ✅ hair clinic ✅ hair transplant indecision ✅ Dr. Satyartha Prakash ✅ Hair Transplant in Bhubaneswar ✅ Radiance Skin & Hair Clinics ✅ हेयर ट्रांसप्लांट बेस्ट रिजल्ट ✅ Best Hair Transplant Clinic ✅ Hair Transplant in Low Price ✅Best Hair Transplant Results ✅ Best Hair Transplant Clini #RadianceClinic #हेयर_ट्रांसप्लांट #bestplaceforhairtransplant #hairtransplantsolutions #hairloss #skincareclinicodisha #hairloss #Hairtransplantresult #hairtransplant #hairtransplantworks #Besthairtransplantcentreinodisha #Drsatyarthprakash #Radianceclinics #besthairtransplantresult #hairtransplantresults #hairtransplantbeforeafter #hairtransplantindia #hairtransplantprocedure #hairloss #hairtransplant #hairtransplantinindia #hairtransplantation #hairtransplantsurgery #hairtransplantclinic #hairtransplants #hairtransplantsolutions Hair transplant basics explained by Dr. Satyartha Prakash from Radiance Clinics Bhubaneswar. For more information and appointments call 9238321888, 9238122550. Radiance has been the number 1 clinic in eastern India for hair transplant , having successfully treated more than 3000 clients Radiance Clinics Has been awarded has the best Skin Clinics In Odisha by Times Group and I3 survey. If you are looking for a best hair transplant clinic in Bhubaneswar then Radiance is the right option for you. Having world class infrastructure and state of art equipment and all foreign trained doctors, Radiance has been serving the since a Decade. Whatsapp and telephonic consultations available. Learn more at https://radianceclinics.com/. https://radiancehairclinics.com/. ➤Follow our Daily Facebook Updates: https://www.facebook.com/RadianceClinics ➤Get the latest tips from Our Experts on Instagram: https://www.instagram.com/radiancecli... 👩🏻⚕GET TO KNOW US! Radiance Skin & Hair Clinics Plot No – N/1-46, IRC Village, First Lane, Bhubaneswar Tel : +91-674- 255-2550, +91-923-832-1888, +91-923-812-2550 Email: radiance.clinics@gmail.com The Radiance Clinic Bhubaneswar is the largest and most up-to-date dermatology center in Odisha, it was established following the best practices of Skin & Hair experts. The clinic offers treatment of dermatological and all sorts of aesthetic maladies. At Radiance Clinic Bhubaneswar, our objective is to bring you the latest and the most effective techniques in hair transplant ensuring the highest level of care and attention. As one of the best & the Oldest hair transplant centers in Odisha, we provide you with all the information about hair transplant , Hair-loss treatment & Skin Care treatments which helps you understand the right treatment for you. This, in turn, allows you to make an informed choice based on your needs and goals. Most Trusted Skin & Hair Clinic Of Odisha | 25000+ Happy patients . @Radiance Clinics Bhubaneswar . Comments",2023-04-17,PT11M20S,https://i.ytimg.com/vi/LGBwtKwa3-o/maxresdefault.jpg,Radiance Clinic - Videos,HAIR_TRANSPLANT_RESULT,Hair Transplant,,,/concerns/hair-transplant,Dr. Satyarth Prakash,"Bhubaneswar, Odisha",candidate-only,result research,/results,MEDIUM,false,true,yt-dlp metadata export supplied to --input
3K2sIyn8bds,https://www.youtube.com/watch?v=3K2sIyn8bds,Prevent Hair Fall from Helmet Use | हेल्मेट्स से होने वाले Hair Loss से कैसे बचें? Radiance Clinic,"#RadianceClinic #हेयर_ट्रांसप्लांट #hairloss Prevent Hair Fall from Regular Helmet Use | Watch The Interview of Dr. Satyartha Prakash from Radiance Clinic. नियमित रूप से हेलमेट पहनने की कारण से बाल झड़ सकते हैं। यदि आप लंबे समय तक हेलमेट पहनते हैं, तो इससे पसीने का निर्माण हो सकता है, जिसके परिणामस्वरूप आपके स्कैल्प पर बैक्टीरिया हो सकता है। खराब गुणवत्ता वाली सामग्री से बने हेलमेट अधिक पसीना पैदा कर सकते हैं जिससे फंगल संक्रमण हो सकता है। हेलमेट से बालों का झड़ना कैसे रोकें? ✅ Does Wearing Helmet Cause hair loss ✅ Prevent Hair Fall from Regular Helmet Use ✅ can wearing a helmet cause hair loss ✅ hair loss causes ✅ do helmets cause hair loss? ✅ how can i wear helmet without losing hair ✅ how do i protect my hair from wearing a helmet? ✅ does wearing a hat all the time cause hair loss? ✅ hair loss treatment in Bhubaneswar ✅ best hair loss treatment in Odisha ✅ hair loss from bike helmet ✅ hair loss from helmet ✅ Radience hair loss treatment ✅ Best Hair Transplant Clinic ✅ Radiance Skin & Hair Clinic ✅ Hair Transplant India ✅ Baldness Treatment ✅ Hair Transplant in Odisha ✅ Hair Clinic in Bhubaneswar ✅ Hair Restoration ✅ hair transplant information ✅ hair transplant clinic ✅ best hair transplant clinic ✅ hair transplant decision ✅ hair clinic ✅ hair transplant indecision ✅ Dr. Satyartha Prakash ✅ Hair Transplant in Bhubaneswar ✅ Radiance Skin & Hair Clinics ✅ हेयर ट्रांसप्लांट बेस्ट रिजल्ट ✅ Best Hair Transplant Clinic ✅ Hair Transplant in Low Price #RadianceClinic #हेयर_ट्रांसप्लांट #HairLoss #skincareclinicodisha #hairloss #Hairtransplantresult #hairtransplant #hairtransplantworks #Besthairtransplantcentreinodisha #Drsatyarthprakash #Radianceclinics #besthairtransplantresult #hairtransplantresults #hairtransplantbeforeafter #hairtransplantindia Hair transplant basics explained by Dr. Satyartha Prakash from Radiance Clinics Bhubaneswar. For more information and appointments call 9238321888, 9238122550. Radiance has been the number 1 clinic in eastern India for hair transplant , having successfully treated more than 3000 clients Radiance Clinics Has been awarded has the best Skin Clinics In Odisha by Times Group and I3 survey. If you are looking for a best hair transplant clinic in Bhubaneswar then Radiance is the right option for you. Having world class infrastructure and state of art equipment and all foreign trained doctors, Radiance has been serving the since a Decade. Whatsapp and telephonic consultations available. Learn more at https://radianceclinics.com/. https://radiancehairclinics.com/. ➤Follow our Daily Facebook Updates: https://www.facebook.com/RadianceClinics ➤Get the latest tips from Our Experts on Instagram: https://www.instagram.com/radiancecli... 👩🏻⚕GET TO KNOW US! Radiance Skin & Hair Clinics Plot No – N/1-46, IRC Village, First Lane, Bhubaneswar Tel : +91-674- 255-2550, +91-923-832-1888, +91-923-812-2550 Email: radiance.clinics@gmail.com The Radiance Clinic Bhubaneswar is the largest and most up-to-date dermatology center in Odisha, it was established following the best practices of Skin & Hair experts. The clinic offers treatment of dermatological and all sorts of aesthetic maladies. At Radiance Clinic Bhubaneswar, our objective is to bring you the latest and the most effective techniques in hair transplant ensuring the highest level of care and attention. As one of the best & the Oldest hair transplant centers in Odisha, we provide you with all the information about hair transplant , Hair-loss treatment & Skin Care treatments which helps you understand the right treatment for you. This, in turn, allows you to make an informed choice based on your needs and goals. Most Trusted Skin & Hair Clinic Of Odisha | 25000+ Happy patients . @Radiance Clinics Bhubaneswar . Comments",2023-04-05,PT1M18S,https://i.ytimg.com/vi/3K2sIyn8bds/maxresdefault.jpg,Radiance Clinic - Videos,HAIR_TRANSPLANT_RESULT,Hair Transplant,,,/concerns/hair-transplant,Dr. Satyarth Prakash,"Bhubaneswar, Odisha",candidate-only,result research,/results,MEDIUM,false,true,yt-dlp metadata export supplied to --input
6Lpg0L3Y_kw,https://www.youtube.com/watch?v=6Lpg0L3Y_kw,Laser Resurfacing in Bhubaneswar | @RadianceClinics,"Pixel Fractional Resurfacing – Fractional laser resurfacing is the most preferred technique to treat scars with precision. The laser energy splits into tiny beams to treat the affected area of the skin in a more focused way. Unlike ablative lasers which vaporise the skin’s top layer in a confluent manner, these lasers selectively treat the target area by creating evenly-spaced microscopic perforations leaving intervening columns of healthy skin. This process facilitates faster healing and significantly reduces the downtime and risk of complications. This treatment is safe for all skin types and works best to treat old blemishes, scars, ageing issues, and enlarged pores. Benefits Of Laser Skin Resurfacing Here are the top seven benefits of laser skin resurfacing treatment: • It is a safe and effective treatment. • It has manageable downtime. • It is a non-invasive procedure. • It is a quick treatment. • It offers long-lasting results. • It is suitable for all skin types. • It has no significant side effects. call 9238321888 for appoitments",2023-02-07,PT28S,https://i.ytimg.com/vi/6Lpg0L3Y_kw/maxresdefault.jpg,Radiance Clinic - Videos,SKIN_RESULT,Scars & Stretch Marks,,,/concerns/scars-stretch-marks,,"Bhubaneswar, Odisha",candidate-only,result research,/results,LOW,false,true,yt-dlp metadata export supplied to --input
8s9_dGhNxJM,https://www.youtube.com/watch?v=8s9_dGhNxJM,ମହିଳାଙ୍କ ହେୟାର୍ ଟ୍ରାନ୍ସପ୍ଲାଣ୍ଟ୍ #shorts,"Watch The Exclusive Interview of Dr. Satyartha Prakash from Radiance Clinics, Bhubaneswar on "" Amazing Results of Hair Transplant | ହେୟାର୍ ଟ୍ରାନ୍ସପ୍ଲାଣ୍ଟ୍ ପରେ ବେଷ୍ଟ ରେଜଲ୍ଟ | हेयर ट्रांसप्लांट बेस्ट रिजल्ट | Hair Transplant के कैसे रिजल्ट "" #RadianceClinic #हेयर_ट्रांसप्लांट #HairLoss #skincareclinicodisha #hairloss #Hairtransplantresult #hairtransplant #hairtransplantworks #Besthairtransplantcentreinodisha #Drsatyarthprakash #Radianceclinics #besthairtransplantresult #hairtransplantresults #hairtransplantbeforeafter #hairtransplantindia Hair transplant basics explained by Dr. Satyartha Prakash from Radiance Clinics Bhubaneswar. For more information and appointments call 9238321888, 9238122550. Radiance has been the number 1 clinic in eastern India for hair transplant , having successfully treated more than 3000 clients Radiance Clinics Has been awarded has the best Skin Clinics In Odisha by Times Group and I3 survey. If you are looking for a best hair transplant clinic in Bhubaneswar then Radiance is the right option for you. Having world class infrastructure and state of art equipment and all foreign trained doctors, Radiance has been serving the since a Decade. Whatsapp and telephonic consultations available. Learn more at https://radianceclinics.com/. https://radiancehairclinics.com/. ➤Follow our Daily Facebook Updates: https://www.facebook.com/RadianceClinics ➤Get the latest tips from Our Experts on Instagram: https://www.instagram.com/radiancecli... 👩🏻⚕GET TO KNOW US! Radiance Skin & Hair Clinics Plot No – N/1-46, IRC Village, First Lane, Bhubaneswar Tel : +91-674- 255-2550, +91-923-832-1888, +91-923-812-2550 Email: radiance.clinics@gmail.com The Radiance Clinic Bhubaneswar is the largest and most up-to-date dermatology center in Odisha, it was established following the best practices of Skin & Hair experts. The clinic offers treatment of dermatological and all sorts of aesthetic maladies. At Radiance Clinic Bhubaneswar, our objective is to bring you the latest and the most effective techniques in hair transplant ensuring the highest level of care and attention. As one of the best & the Oldest hair transplant centers in Odisha, we provide you with all the information about hair transplant , Hair-loss treatment & Skin Care treatments which helps you understand the right treatment for you. This, in turn, allows you to make an informed choice based on your needs and goals. Most Trusted Skin & Hair Clinic Of Odisha | 25000+ Happy patients . @Radiance Clinics Bhubaneswar . Comments Hair Transplant India Baldness Treatment Hair Transplant in Odisha Hair Clinic in Bhubaneswar Hair Restoration hair transplant information hair transplant clinic best hair transplant clinic hair transplant decision hair clinic hair transplant indecision Dr. Satyartha Prakash Hair Transplant in Bhubaneswar Radiance Skin & Hair Clinics हेयर ट्रांसप्लांट बेस्ट रिजल्ट Best Hair Transplant Clinic |",2022-08-09,PT1M16S,https://i.ytimg.com/vi/8s9_dGhNxJM/maxresdefault.jpg,Radiance Clinic - Videos,HAIR_TRANSPLANT_RESULT,Hair Transplant,,,/concerns/hair-transplant,Dr. Satyarth Prakash,"Bhubaneswar, Odisha",candidate-only,result research,/results,LOW,false,true,yt-dlp metadata export supplied to --input
rGBpSYNkJWo,https://www.youtube.com/watch?v=rGBpSYNkJWo,गंजेपन को खत्म कर डालता है हेयर ट्रांसप्लांट #shorts,"Watch The Exclusive Interview of Dr. Satyartha Prakash from Radiance Clinics, Bhubaneswar on "" Amazing Results of Hair Transplant | ହେୟାର୍ ଟ୍ରାନ୍ସପ୍ଲାଣ୍ଟ୍ ପରେ ବେଷ୍ଟ ରେଜଲ୍ଟ | हेयर ट्रांसप्लांट बेस्ट रिजल्ट | Hair Transplant के कैसे रिजल्ट "" #RadianceClinic #हेयर_ट्रांसप्लांट #HairLoss #skincareclinicodisha #hairloss #Hairtransplantresult #hairtransplant #hairtransplantworks #Besthairtransplantcentreinodisha #Drsatyarthprakash #Radianceclinics #besthairtransplantresult #hairtransplantresults #hairtransplantbeforeafter #hairtransplantindia Hair transplant basics explained by Dr. Satyartha Prakash from Radiance Clinics Bhubaneswar. For more information and appointments call 9238321888, 9238122550. Radiance has been the number 1 clinic in eastern India for hair transplant , having successfully treated more than 3000 clients Radiance Clinics Has been awarded has the best Skin Clinics In Odisha by Times Group and I3 survey. If you are looking for a best hair transplant clinic in Bhubaneswar then Radiance is the right option for you. Having world class infrastructure and state of art equipment and all foreign trained doctors, Radiance has been serving the since a Decade. Whatsapp and telephonic consultations available. Learn more at https://radianceclinics.com/. https://radiancehairclinics.com/. ➤Follow our Daily Facebook Updates: https://www.facebook.com/RadianceClinics ➤Get the latest tips from Our Experts on Instagram: https://www.instagram.com/radiancecli... 👩🏻⚕GET TO KNOW US! Radiance Skin & Hair Clinics Plot No – N/1-46, IRC Village, First Lane, Bhubaneswar Tel : +91-674- 255-2550, +91-923-832-1888, +91-923-812-2550 Email: radiance.clinics@gmail.com The Radiance Clinic Bhubaneswar is the largest and most up-to-date dermatology center in Odisha, it was established following the best practices of Skin & Hair experts. The clinic offers treatment of dermatological and all sorts of aesthetic maladies. At Radiance Clinic Bhubaneswar, our objective is to bring you the latest and the most effective techniques in hair transplant ensuring the highest level of care and attention. As one of the best & the Oldest hair transplant centers in Odisha, we provide you with all the information about hair transplant , Hair-loss treatment & Skin Care treatments which helps you understand the right treatment for you. This, in turn, allows you to make an informed choice based on your needs and goals. Most Trusted Skin & Hair Clinic Of Odisha | 25000+ Happy patients . @Radiance Clinics Bhubaneswar . Comments Hair Transplant India Baldness Treatment Hair Transplant in Odisha Hair Clinic in Bhubaneswar Hair Restoration hair transplant information hair transplant clinic best hair transplant clinic hair transplant decision hair clinic hair transplant indecision Dr. Satyartha Prakash Hair Transplant in Bhubaneswar Radiance Skin & Hair Clinics हेयर ट्रांसप्लांट बेस्ट रिजल्ट Best Hair Transplant Clinic |",2022-08-08,PT1M7S,https://i.ytimg.com/vi/rGBpSYNkJWo/maxresdefault.jpg,Radiance Clinic - Videos,HAIR_TRANSPLANT_RESULT,Hair Transplant,,,/concerns/hair-transplant,Dr. Satyarth Prakash,"Bhubaneswar, Odisha",candidate-only,result research,/results,LOW,false,true,yt-dlp metadata export supplied to --input
9VHLWd0wcIU,https://www.youtube.com/watch?v=9VHLWd0wcIU,2000 grafts Hair Transplant #shorts,"Watch The Exclusive Interview of Dr. Satyartha Prakash from Radiance Clinics, Bhubaneswar on "" Amazing Results of Hair Transplant | ହେୟାର୍ ଟ୍ରାନ୍ସପ୍ଲାଣ୍ଟ୍ ପରେ ବେଷ୍ଟ ରେଜଲ୍ଟ | हेयर ट्रांसप्लांट बेस्ट रिजल्ट | Hair Transplant के कैसे रिजल्ट "" #RadianceClinic #हेयर_ट्रांसप्लांट #HairLoss #skincareclinicodisha #hairloss #Hairtransplantresult #hairtransplant #hairtransplantworks #Besthairtransplantcentreinodisha #Drsatyarthprakash #Radianceclinics #besthairtransplantresult #hairtransplantresults #hairtransplantbeforeafter #hairtransplantindia Hair transplant basics explained by Dr. Satyartha Prakash from Radiance Clinics Bhubaneswar. For more information and appointments call 9238321888, 9238122550. Radiance has been the number 1 clinic in eastern India for hair transplant , having successfully treated more than 3000 clients Radiance Clinics Has been awarded has the best Skin Clinics In Odisha by Times Group and I3 survey. If you are looking for a best hair transplant clinic in Bhubaneswar then Radiance is the right option for you. Having world class infrastructure and state of art equipment and all foreign trained doctors, Radiance has been serving the since a Decade. Whatsapp and telephonic consultations available. Learn more at https://radianceclinics.com/. https://radiancehairclinics.com/. ➤Follow our Daily Facebook Updates: https://www.facebook.com/RadianceClinics ➤Get the latest tips from Our Experts on Instagram: https://www.instagram.com/radiancecli... 👩🏻⚕GET TO KNOW US! Radiance Skin & Hair Clinics Plot No – N/1-46, IRC Village, First Lane, Bhubaneswar Tel : +91-674- 255-2550, +91-923-832-1888, +91-923-812-2550 Email: radiance.clinics@gmail.com The Radiance Clinic Bhubaneswar is the largest and most up-to-date dermatology center in Odisha, it was established following the best practices of Skin & Hair experts. The clinic offers treatment of dermatological and all sorts of aesthetic maladies. At Radiance Clinic Bhubaneswar, our objective is to bring you the latest and the most effective techniques in hair transplant ensuring the highest level of care and attention. As one of the best & the Oldest hair transplant centers in Odisha, we provide you with all the information about hair transplant , Hair-loss treatment & Skin Care treatments which helps you understand the right treatment for you. This, in turn, allows you to make an informed choice based on your needs and goals. Most Trusted Skin & Hair Clinic Of Odisha | 25000+ Happy patients . @Radiance Clinics Bhubaneswar . Comments Hair Transplant India Baldness Treatment Hair Transplant in Odisha Hair Clinic in Bhubaneswar Hair Restoration hair transplant information hair transplant clinic best hair transplant clinic hair transplant decision hair clinic hair transplant indecision Dr. Satyartha Prakash Hair Transplant in Bhubaneswar Radiance Skin & Hair Clinics हेयर ट्रांसप्लांट बेस्ट रिजल्ट Best Hair Transplant Clinic |",2022-08-07,PT1M19S,https://i.ytimg.com/vi/9VHLWd0wcIU/maxresdefault.jpg,Radiance Clinic - Videos,HAIR_TRANSPLANT_RESULT,Hair Transplant,,,/concerns/hair-transplant,Dr. Satyarth Prakash,"Bhubaneswar, Odisha",candidate-only,result research,/results,LOW,false,true,yt-dlp metadata export supplied to --input
HM_TJ0Hhxm0,https://www.youtube.com/watch?v=HM_TJ0Hhxm0,ହେୟାର୍ ଟ୍ରାନ୍ସପ୍ଲାଣ୍ଟ୍ ପରେ Best Result #shorts,"Watch The Exclusive Interview of Dr. Satyartha Prakash from Radiance Clinics, Bhubaneswar on "" Amazing Results of Hair Transplant | ହେୟାର୍ ଟ୍ରାନ୍ସପ୍ଲାଣ୍ଟ୍ ପରେ ବେଷ୍ଟ ରେଜଲ୍ଟ | हेयर ट्रांसप्लांट बेस्ट रिजल्ट | Hair Transplant के कैसे रिजल्ट "" #RadianceClinic #हेयर_ट्रांसप्लांट #HairLoss #skincareclinicodisha #hairloss #Hairtransplantresult #hairtransplant #hairtransplantworks #Besthairtransplantcentreinodisha #Drsatyarthprakash #Radianceclinics #besthairtransplantresult #hairtransplantresults #hairtransplantbeforeafter #hairtransplantindia Hair transplant basics explained by Dr. Satyartha Prakash from Radiance Clinics Bhubaneswar. For more information and appointments call 9238321888, 9238122550. Radiance has been the number 1 clinic in eastern India for hair transplant , having successfully treated more than 3000 clients Radiance Clinics Has been awarded has the best Skin Clinics In Odisha by Times Group and I3 survey. If you are looking for a best hair transplant clinic in Bhubaneswar then Radiance is the right option for you. Having world class infrastructure and state of art equipment and all foreign trained doctors, Radiance has been serving the since a Decade. Whatsapp and telephonic consultations available. Learn more at https://radianceclinics.com/. https://radiancehairclinics.com/. ➤Follow our Daily Facebook Updates: https://www.facebook.com/RadianceClinics ➤Get the latest tips from Our Experts on Instagram: https://www.instagram.com/radiancecli... 👩🏻⚕GET TO KNOW US! Radiance Skin & Hair Clinics Plot No – N/1-46, IRC Village, First Lane, Bhubaneswar Tel : +91-674- 255-2550, +91-923-832-1888, +91-923-812-2550 Email: radiance.clinics@gmail.com The Radiance Clinic Bhubaneswar is the largest and most up-to-date dermatology center in Odisha, it was established following the best practices of Skin & Hair experts. The clinic offers treatment of dermatological and all sorts of aesthetic maladies. At Radiance Clinic Bhubaneswar, our objective is to bring you the latest and the most effective techniques in hair transplant ensuring the highest level of care and attention. As one of the best & the Oldest hair transplant centers in Odisha, we provide you with all the information about hair transplant , Hair-loss treatment & Skin Care treatments which helps you understand the right treatment for you. This, in turn, allows you to make an informed choice based on your needs and goals. Most Trusted Skin & Hair Clinic Of Odisha | 25000+ Happy patients . @Radiance Clinics Bhubaneswar . Comments Hair Transplant India Baldness Treatment Hair Transplant in Odisha Hair Clinic in Bhubaneswar Hair Restoration hair transplant information hair transplant clinic best hair transplant clinic hair transplant decision hair clinic hair transplant indecision Dr. Satyartha Prakash Hair Transplant in Bhubaneswar Radiance Skin & Hair Clinics हेयर ट्रांसप्लांट बेस्ट रिजल्ट Best Hair Transplant Clinic |",2022-08-06,PT1M16S,https://i.ytimg.com/vi/HM_TJ0Hhxm0/maxresdefault.jpg,Radiance Clinic - Videos,HAIR_TRANSPLANT_RESULT,Hair Transplant,,,/concerns/hair-transplant,Dr. Satyarth Prakash,"Bhubaneswar, Odisha",candidate-only,result research,/results,LOW,false,true,yt-dlp metadata export supplied to --input
5W91OakxmxE,https://www.youtube.com/watch?v=5W91OakxmxE,Hair Transplant Best Result #shorts,"Watch The Exclusive Interview of Dr. Satyartha Prakash from Radiance Clinics, Bhubaneswar on "" Amazing Results of Hair Transplant | ହେୟାର୍ ଟ୍ରାନ୍ସପ୍ଲାଣ୍ଟ୍ ପରେ ବେଷ୍ଟ ରେଜଲ୍ଟ | हेयर ट्रांसप्लांट बेस्ट रिजल्ट | Hair Transplant के कैसे रिजल्ट "" #RadianceClinic #हेयर_ट्रांसप्लांट #HairLoss #skincareclinicodisha #hairloss #Hairtransplantresult #hairtransplant #hairtransplantworks #Besthairtransplantcentreinodisha #Drsatyarthprakash #Radianceclinics #besthairtransplantresult #hairtransplantresults #hairtransplantbeforeafter #hairtransplantindia Hair transplant basics explained by Dr. Satyartha Prakash from Radiance Clinics Bhubaneswar. For more information and appointments call 9238321888, 9238122550. Radiance has been the number 1 clinic in eastern India for hair transplant , having successfully treated more than 3000 clients Radiance Clinics Has been awarded has the best Skin Clinics In Odisha by Times Group and I3 survey. If you are looking for a best hair transplant clinic in Bhubaneswar then Radiance is the right option for you. Having world class infrastructure and state of art equipment and all foreign trained doctors, Radiance has been serving the since a Decade. Whatsapp and telephonic consultations available. Learn more at https://radianceclinics.com/. https://radiancehairclinics.com/. ➤Follow our Daily Facebook Updates: https://www.facebook.com/RadianceClinics ➤Get the latest tips from Our Experts on Instagram: https://www.instagram.com/radiancecli... 👩🏻⚕GET TO KNOW US! Radiance Skin & Hair Clinics Plot No – N/1-46, IRC Village, First Lane, Bhubaneswar Tel : +91-674- 255-2550, +91-923-832-1888, +91-923-812-2550 Email: radiance.clinics@gmail.com The Radiance Clinic Bhubaneswar is the largest and most up-to-date dermatology center in Odisha, it was established following the best practices of Skin & Hair experts. The clinic offers treatment of dermatological and all sorts of aesthetic maladies. At Radiance Clinic Bhubaneswar, our objective is to bring you the latest and the most effective techniques in hair transplant ensuring the highest level of care and attention. As one of the best & the Oldest hair transplant centers in Odisha, we provide you with all the information about hair transplant , Hair-loss treatment & Skin Care treatments which helps you understand the right treatment for you. This, in turn, allows you to make an informed choice based on your needs and goals. Most Trusted Skin & Hair Clinic Of Odisha | 25000+ Happy patients . @Radiance Clinics Bhubaneswar . Comments Hair Transplant India Baldness Treatment Hair Transplant in Odisha Hair Clinic in Bhubaneswar Hair Restoration hair transplant information hair transplant clinic best hair transplant clinic hair transplant decision hair clinic hair transplant indecision Dr. Satyartha Prakash Hair Transplant in Bhubaneswar Radiance Skin & Hair Clinics हेयर ट्रांसप्लांट बेस्ट रिजल्ट Best Hair Transplant Clinic |",2022-08-06,PT1M15S,https://i.ytimg.com/vi/5W91OakxmxE/maxresdefault.jpg,Radiance Clinic - Videos,HAIR_TRANSPLANT_RESULT,Hair Transplant,,,/concerns/hair-transplant,Dr. Satyarth Prakash,"Bhubaneswar, Odisha",candidate-only,result research,/results,LOW,false,true,yt-dlp metadata export supplied to --input
MKYKx4FVQSU,https://www.youtube.com/watch?v=MKYKx4FVQSU,हेयर ट्रांसप्लांट बेस्ट रिजल्ट #shorts,"Watch The Exclusive Interview of Dr. Satyartha Prakash from Radiance Clinics, Bhubaneswar on "" Amazing Results of Hair Transplant | ହେୟାର୍ ଟ୍ରାନ୍ସପ୍ଲାଣ୍ଟ୍ ପରେ ବେଷ୍ଟ ରେଜଲ୍ଟ | हेयर ट्रांसप्लांट बेस्ट रिजल्ट | Hair Transplant के कैसे रिजल्ट "" #RadianceClinic #हेयर_ट्रांसप्लांट #HairLoss #skincareclinicodisha #hairloss #Hairtransplantresult #hairtransplant #hairtransplantworks #Besthairtransplantcentreinodisha #Drsatyarthprakash #Radianceclinics #besthairtransplantresult #hairtransplantresults #hairtransplantbeforeafter #hairtransplantindia Hair transplant basics explained by Dr. Satyartha Prakash from Radiance Clinics Bhubaneswar. For more information and appointments call 9238321888, 9238122550. Radiance has been the number 1 clinic in eastern India for hair transplant , having successfully treated more than 3000 clients Radiance Clinics Has been awarded has the best Skin Clinics In Odisha by Times Group and I3 survey. If you are looking for a best hair transplant clinic in Bhubaneswar then Radiance is the right option for you. Having world class infrastructure and state of art equipment and all foreign trained doctors, Radiance has been serving the since a Decade. Whatsapp and telephonic consultations available. Learn more at https://radianceclinics.com/. https://radiancehairclinics.com/. ➤Follow our Daily Facebook Updates: https://www.facebook.com/RadianceClinics ➤Get the latest tips from Our Experts on Instagram: https://www.instagram.com/radiancecli... 👩🏻⚕GET TO KNOW US! Radiance Skin & Hair Clinics Plot No – N/1-46, IRC Village, First Lane, Bhubaneswar Tel : +91-674- 255-2550, +91-923-832-1888, +91-923-812-2550 Email: radiance.clinics@gmail.com The Radiance Clinic Bhubaneswar is the largest and most up-to-date dermatology center in Odisha, it was established following the best practices of Skin & Hair experts. The clinic offers treatment of dermatological and all sorts of aesthetic maladies. At Radiance Clinic Bhubaneswar, our objective is to bring you the latest and the most effective techniques in hair transplant ensuring the highest level of care and attention. As one of the best & the Oldest hair transplant centers in Odisha, we provide you with all the information about hair transplant , Hair-loss treatment & Skin Care treatments which helps you understand the right treatment for you. This, in turn, allows you to make an informed choice based on your needs and goals. Most Trusted Skin & Hair Clinic Of Odisha | 25000+ Happy patients . @Radiance Clinics Bhubaneswar . Comments Hair Transplant India Baldness Treatment Hair Transplant in Odisha Hair Clinic in Bhubaneswar Hair Restoration hair transplant information hair transplant clinic best hair transplant clinic hair transplant decision hair clinic hair transplant indecision Dr. Satyartha Prakash Hair Transplant in Bhubaneswar Radiance Skin & Hair Clinics हेयर ट्रांसप्लांट बेस्ट रिजल्ट Best Hair Transplant Clinic |",2022-08-05,PT1M35S,https://i.ytimg.com/vi/MKYKx4FVQSU/maxresdefault.jpg,Radiance Clinic - Videos,HAIR_TRANSPLANT_RESULT,Hair Transplant,,,/concerns/hair-transplant,Dr. Satyarth Prakash,"Bhubaneswar, Odisha",candidate-only,result research,/results,LOW,false,true,yt-dlp metadata export supplied to --input
e2c8saLvx4I,https://www.youtube.com/watch?v=e2c8saLvx4I,ହେୟାର୍ ଟ୍ରାନ୍ସପ୍ଲାଣ୍ଟ୍ ପରେ ବେଷ୍ଟ ରେଜଲ୍ଟ #shorts,"Watch The Exclusive Interview of Dr. Satyartha Prakash from Radiance Clinics, Bhubaneswar on "" Amazing Results of Hair Transplant | ହେୟାର୍ ଟ୍ରାନ୍ସପ୍ଲାଣ୍ଟ୍ ପରେ ବେଷ୍ଟ ରେଜଲ୍ଟ | हेयर ट्रांसप्लांट बेस्ट रिजल्ट | Hair Transplant के कैसे रिजल्ट "" #RadianceClinic #हेयर_ट्रांसप्लांट #HairLoss #skincareclinicodisha #hairloss #Hairtransplantresult #hairtransplant #hairtransplantworks #Besthairtransplantcentreinodisha #Drsatyarthprakash #Radianceclinics #besthairtransplantresult #hairtransplantresults #hairtransplantbeforeafter #hairtransplantindia Hair transplant basics explained by Dr. Satyartha Prakash from Radiance Clinics Bhubaneswar. For more information and appointments call 9238321888, 9238122550. Radiance has been the number 1 clinic in eastern India for hair transplant , having successfully treated more than 3000 clients Radiance Clinics Has been awarded has the best Skin Clinics In Odisha by Times Group and I3 survey. If you are looking for a best hair transplant clinic in Bhubaneswar then Radiance is the right option for you. Having world class infrastructure and state of art equipment and all foreign trained doctors, Radiance has been serving the since a Decade. Whatsapp and telephonic consultations available. Learn more at https://radianceclinics.com/. https://radiancehairclinics.com/. ➤Follow our Daily Facebook Updates: https://www.facebook.com/RadianceClinics ➤Get the latest tips from Our Experts on Instagram: https://www.instagram.com/radiancecli... 👩🏻⚕GET TO KNOW US! Radiance Skin & Hair Clinics Plot No – N/1-46, IRC Village, First Lane, Bhubaneswar Tel : +91-674- 255-2550, +91-923-832-1888, +91-923-812-2550 Email: radiance.clinics@gmail.com The Radiance Clinic Bhubaneswar is the largest and most up-to-date dermatology center in Odisha, it was established following the best practices of Skin & Hair experts. The clinic offers treatment of dermatological and all sorts of aesthetic maladies. At Radiance Clinic Bhubaneswar, our objective is to bring you the latest and the most effective techniques in hair transplant ensuring the highest level of care and attention. As one of the best & the Oldest hair transplant centers in Odisha, we provide you with all the information about hair transplant , Hair-loss treatment & Skin Care treatments which helps you understand the right treatment for you. This, in turn, allows you to make an informed choice based on your needs and goals. Most Trusted Skin & Hair Clinic Of Odisha | 25000+ Happy patients . @Radiance Clinics Bhubaneswar . Comments Hair Transplant India Baldness Treatment Hair Transplant in Odisha Hair Clinic in Bhubaneswar Hair Restoration hair transplant information hair transplant clinic best hair transplant clinic hair transplant decision hair clinic hair transplant indecision Dr. Satyartha Prakash Hair Transplant in Bhubaneswar Radiance Skin & Hair Clinics हेयर ट्रांसप्लांट बेस्ट रिजल्ट Best Hair Transplant Clinic |",2022-08-04,PT1M12S,https://i.ytimg.com/vi/e2c8saLvx4I/maxresdefault.jpg,Radiance Clinic - Videos,HAIR_TRANSPLANT_RESULT,Hair Transplant,,,/concerns/hair-transplant,Dr. Satyarth Prakash,"Bhubaneswar, Odisha",candidate-only,result research,/results,LOW,false,true,yt-dlp metadata export supplied to --input
-J3wrgFBLGE,https://www.youtube.com/watch?v=-J3wrgFBLGE,बेहतरीन हेयर ट्रांसप्लांट रिजल्ट #shorts,"Watch The Exclusive Interview of Dr. Satyartha Prakash from Radiance Clinics, Bhubaneswar on "" Amazing Results of Hair Transplant | ହେୟାର୍ ଟ୍ରାନ୍ସପ୍ଲାଣ୍ଟ୍ ପରେ ବେଷ୍ଟ ରେଜଲ୍ଟ | हेयर ट्रांसप्लांट बेस्ट रिजल्ट | Hair Transplant के कैसे रिजल्ट "" #RadianceClinic #हेयर_ट्रांसप्लांट #HairLoss #skincareclinicodisha #hairloss #Hairtransplantresult #hairtransplant #hairtransplantworks #Besthairtransplantcentreinodisha #Drsatyarthprakash #Radianceclinics #besthairtransplantresult #hairtransplantresults #hairtransplantbeforeafter #hairtransplantindia #femalehairtransplant Hair transplant basics explained by Dr. Satyartha Prakash from Radiance Clinics Bhubaneswar. For more information and appointments call 9238321888, 9238122550. Radiance has been the number 1 clinic in eastern India for hair transplant , having successfully treated more than 3000 clients Radiance Clinics Has been awarded has the best Skin Clinics In Odisha by Times Group and I3 survey. If you are looking for a best hair transplant clinic in Bhubaneswar then Radiance is the right option for you. Having world class infrastructure and state of art equipment and all foreign trained doctors, Radiance has been serving the since a Decade. Whatsapp and telephonic consultations available. Learn more at https://radianceclinics.com/. https://radiancehairclinics.com/. ➤Follow our Daily Facebook Updates: https://www.facebook.com/RadianceClinics ➤Get the latest tips from Our Experts on Instagram: https://www.instagram.com/radiancecli... 👩🏻⚕GET TO KNOW US! Radiance Skin & Hair Clinics Plot No – N/1-46, IRC Village, First Lane, Bhubaneswar Tel : +91-674- 255-2550, +91-923-832-1888, +91-923-812-2550 Email: radiance.clinics@gmail.com The Radiance Clinic Bhubaneswar is the largest and most up-to-date dermatology center in Odisha, it was established following the best practices of Skin & Hair experts. The clinic offers treatment of dermatological and all sorts of aesthetic maladies. At Radiance Clinic Bhubaneswar, our objective is to bring you the latest and the most effective techniques in hair transplant ensuring the highest level of care and attention. As one of the best & the Oldest hair transplant centers in Odisha, we provide you with all the information about hair transplant , Hair-loss treatment & Skin Care treatments which helps you understand the right treatment for you. This, in turn, allows you to make an informed choice based on your needs and goals. Most Trusted Skin & Hair Clinic Of Odisha | 25000+ Happy patients . @Radiance Clinics Bhubaneswar . Comments Hair Transplant India Baldness Treatment Hair Transplant in Odisha Hair Clinic in Bhubaneswar Hair Restoration hair transplant information hair transplant clinic best hair transplant clinic hair transplant decision hair clinic hair transplant indecision Dr. Satyartha Prakash Hair Transplant in Bhubaneswar Radiance Skin & Hair Clinics हेयर ट्रांसप्लांट बेस्ट रिजल्ट Best Hair Transplant Clinic Female Hair Transplant महिलाओं में हेयर ट्रांसप्लांट बेस्ट रिजल्ट",2022-08-04,PT1M33S,https://i.ytimg.com/vi/-J3wrgFBLGE/maxresdefault.jpg,Radiance Clinic - Videos,HAIR_TRANSPLANT_RESULT,Hair Transplant,,,/concerns/hair-transplant,Dr. Satyarth Prakash,"Bhubaneswar, Odisha",candidate-only,result research,/results,LOW,false,true,yt-dlp metadata export supplied to --input
RAy4VNUyKng,https://www.youtube.com/watch?v=RAy4VNUyKng,Best Results of Hair Transplant with 2000 Grafts #Shorts,"Watch The Exclusive Interview of Dr. Satyartha Prakash from Radiance Clinics, Bhubaneswar on "" Amazing Results of Hair Transplant | ହେୟାର୍ ଟ୍ରାନ୍ସପ୍ଲାଣ୍ଟ୍ ପରେ ବେଷ୍ଟ ରେଜଲ୍ଟ | हेयर ट्रांसप्लांट बेस्ट रिजल्ट | Hair Transplant के कैसे रिजल्ट "" #RadianceClinic #हेयर_ट्रांसप्लांट #HairLoss #skincareclinicodisha #hairloss #Hairtransplantresult #hairtransplant #hairtransplantworks #Besthairtransplantcentreinodisha #Drsatyarthprakash #Radianceclinics #besthairtransplantresult #hairtransplantresults #hairtransplantbeforeafter #hairtransplantindia #femalehairtransplant Hair transplant basics explained by Dr. Satyartha Prakash from Radiance Clinics Bhubaneswar. For more information and appointments call 9238321888, 9238122550. Radiance has been the number 1 clinic in eastern India for hair transplant , having successfully treated more than 3000 clients Radiance Clinics Has been awarded has the best Skin Clinics In Odisha by Times Group and I3 survey. If you are looking for a best hair transplant clinic in Bhubaneswar then Radiance is the right option for you. Having world class infrastructure and state of art equipment and all foreign trained doctors, Radiance has been serving the since a Decade. Whatsapp and telephonic consultations available. Learn more at https://radianceclinics.com/. https://radiancehairclinics.com/. ➤Follow our Daily Facebook Updates: https://www.facebook.com/RadianceClinics ➤Get the latest tips from Our Experts on Instagram: https://www.instagram.com/radiancecli... 👩🏻⚕GET TO KNOW US! Radiance Skin & Hair Clinics Plot No – N/1-46, IRC Village, First Lane, Bhubaneswar Tel : +91-674- 255-2550, +91-923-832-1888, +91-923-812-2550 Email: radiance.clinics@gmail.com The Radiance Clinic Bhubaneswar is the largest and most up-to-date dermatology center in Odisha, it was established following the best practices of Skin & Hair experts. The clinic offers treatment of dermatological and all sorts of aesthetic maladies. At Radiance Clinic Bhubaneswar, our objective is to bring you the latest and the most effective techniques in hair transplant ensuring the highest level of care and attention. As one of the best & the Oldest hair transplant centers in Odisha, we provide you with all the information about hair transplant , Hair-loss treatment & Skin Care treatments which helps you understand the right treatment for you. This, in turn, allows you to make an informed choice based on your needs and goals. Most Trusted Skin & Hair Clinic Of Odisha | 25000+ Happy patients . @Radiance Clinics Bhubaneswar . Comments Hair Transplant India Baldness Treatment Hair Transplant in Odisha Hair Clinic in Bhubaneswar Hair Restoration hair transplant information hair transplant clinic best hair transplant clinic hair transplant decision hair clinic hair transplant indecision Dr. Satyartha Prakash Hair Transplant in Bhubaneswar Radiance Skin & Hair Clinics हेयर ट्रांसप्लांट बेस्ट रिजल्ट Best Hair Transplant Clinic Female Hair Transplant महिलाओं में हेयर ट्रांसप्लांट बेस्ट रिजल्ट",2022-08-03,PT1M25S,https://i.ytimg.com/vi/RAy4VNUyKng/maxresdefault.jpg,Radiance Clinic - Videos,HAIR_TRANSPLANT_RESULT,Hair Transplant,,,/concerns/hair-transplant,Dr. Satyarth Prakash,"Bhubaneswar, Odisha",candidate-only,result research,/results,LOW,false,true,yt-dlp metadata export supplied to --input
7RLrIwv15AQ,https://www.youtube.com/watch?v=7RLrIwv15AQ,हेयर ट्रांसप्लांट रिजल्ट को बेस्ट कैसे बनाये ? Amazing Results of Hair Transplant | Radiance Clinics,"Watch The Exclusive Interview of Dr. Satyartha Prakash from Radiance Clinics, Bhubaneswar on "" Amazing Results of Hair Transplant | ହେୟାର୍ ଟ୍ରାନ୍ସପ୍ଲାଣ୍ଟ୍ ପରେ ବେଷ୍ଟ ରେଜଲ୍ଟ | हेयर ट्रांसप्लांट बेस्ट रिजल्ट | Hair Transplant के कैसे रिजल्ट "" #RadianceClinic #हेयर_ट्रांसप्लांट #HairLoss #skincareclinicodisha #hairloss #Hairtransplantresult #hairtransplant #hairtransplantworks #Besthairtransplantcentreinodisha #Drsatyarthprakash #Radianceclinics #besthairtransplantresult #hairtransplantresults #hairtransplantbeforeafter #hairtransplantindia Hair transplant basics explained by Dr. Satyartha Prakash from Radiance Clinics Bhubaneswar. For more information and appointments call 9238321888, 9238122550. Radiance has been the number 1 clinic in eastern India for hair transplant , having successfully treated more than 3000 clients Radiance Clinics Has been awarded has the best Skin Clinics In Odisha by Times Group and I3 survey. If you are looking for a best hair transplant clinic in Bhubaneswar then Radiance is the right option for you. Having world class infrastructure and state of art equipment and all foreign trained doctors, Radiance has been serving the since a Decade. Whatsapp and telephonic consultations available. Learn more at https://radianceclinics.com/. https://radiancehairclinics.com/. ➤Follow our Daily Facebook Updates: https://www.facebook.com/RadianceClinics ➤Get the latest tips from Our Experts on Instagram: https://www.instagram.com/radiancecli... 👩🏻⚕GET TO KNOW US! Radiance Skin & Hair Clinics Plot No – N/1-46, IRC Village, First Lane, Bhubaneswar Tel : +91-674- 255-2550, +91-923-832-1888, +91-923-812-2550 Email: radiance.clinics@gmail.com The Radiance Clinic Bhubaneswar is the largest and most up-to-date dermatology center in Odisha, it was established following the best practices of Skin & Hair experts. The clinic offers treatment of dermatological and all sorts of aesthetic maladies. At Radiance Clinic Bhubaneswar, our objective is to bring you the latest and the most effective techniques in hair transplant ensuring the highest level of care and attention. As one of the best & the Oldest hair transplant centers in Odisha, we provide you with all the information about hair transplant , Hair-loss treatment & Skin Care treatments which helps you understand the right treatment for you. This, in turn, allows you to make an informed choice based on your needs and goals. Most Trusted Skin & Hair Clinic Of Odisha | 25000+ Happy patients . @Radiance Clinics Bhubaneswar . Comments Hair Transplant India Baldness Treatment Hair Transplant in Odisha Hair Clinic in Bhubaneswar Hair Restoration hair transplant information hair transplant clinic best hair transplant clinic hair transplant decision hair clinic hair transplant indecision Dr. Satyartha Prakash Hair Transplant in Bhubaneswar Radiance Skin & Hair Clinics हेयर ट्रांसप्लांट बेस्ट रिजल्ट Best Hair Transplant Clinic |",2022-08-03,PT2M24S,https://i.ytimg.com/vi/7RLrIwv15AQ/maxresdefault.jpg,Radiance Clinic - Videos,HAIR_TRANSPLANT_RESULT,Hair Transplant,,,/concerns/hair-transplant,Dr. Satyarth Prakash,"Bhubaneswar, Odisha",candidate-only,result research,/results,MEDIUM,false,true,yt-dlp metadata export supplied to --input
b6xITSoOuhM,https://www.youtube.com/watch?v=b6xITSoOuhM,Female Hair Transplant Best Result | महिलाओं में हेयर ट्रांसप्लांट बेस्ट रिजल्ट | Radiance Clinics,"Watch The Exclusive Interview of Dr. Satyartha Prakash from Radiance Clinics, Bhubaneswar on "" Amazing Results of Hair Transplant | ହେୟାର୍ ଟ୍ରାନ୍ସପ୍ଲାଣ୍ଟ୍ ପରେ ବେଷ୍ଟ ରେଜଲ୍ଟ | हेयर ट्रांसप्लांट बेस्ट रिजल्ट | Hair Transplant के कैसे रिजल्ट "" #RadianceClinic #हेयर_ट्रांसप्लांट #HairLoss #skincareclinicodisha #hairloss #Hairtransplantresult #hairtransplant #hairtransplantworks #Besthairtransplantcentreinodisha #Drsatyarthprakash #Radianceclinics #besthairtransplantresult #hairtransplantresults #hairtransplantbeforeafter #hairtransplantindia #femalehairtransplant Hair transplant basics explained by Dr. Satyartha Prakash from Radiance Clinics Bhubaneswar. For more information and appointments call 9238321888, 9238122550. Radiance has been the number 1 clinic in eastern India for hair transplant , having successfully treated more than 3000 clients Radiance Clinics Has been awarded has the best Skin Clinics In Odisha by Times Group and I3 survey. If you are looking for a best hair transplant clinic in Bhubaneswar then Radiance is the right option for you. Having world class infrastructure and state of art equipment and all foreign trained doctors, Radiance has been serving the since a Decade. Whatsapp and telephonic consultations available. Learn more at https://radianceclinics.com/. https://radiancehairclinics.com/. ➤Follow our Daily Facebook Updates: https://www.facebook.com/RadianceClinics ➤Get the latest tips from Our Experts on Instagram: https://www.instagram.com/radiancecli... 👩🏻⚕GET TO KNOW US! Radiance Skin & Hair Clinics Plot No – N/1-46, IRC Village, First Lane, Bhubaneswar Tel : +91-674- 255-2550, +91-923-832-1888, +91-923-812-2550 Email: radiance.clinics@gmail.com The Radiance Clinic Bhubaneswar is the largest and most up-to-date dermatology center in Odisha, it was established following the best practices of Skin & Hair experts. The clinic offers treatment of dermatological and all sorts of aesthetic maladies. At Radiance Clinic Bhubaneswar, our objective is to bring you the latest and the most effective techniques in hair transplant ensuring the highest level of care and attention. As one of the best & the Oldest hair transplant centers in Odisha, we provide you with all the information about hair transplant , Hair-loss treatment & Skin Care treatments which helps you understand the right treatment for you. This, in turn, allows you to make an informed choice based on your needs and goals. Most Trusted Skin & Hair Clinic Of Odisha | 25000+ Happy patients . @Radiance Clinics Bhubaneswar . Comments Hair Transplant India Baldness Treatment Hair Transplant in Odisha Hair Clinic in Bhubaneswar Hair Restoration hair transplant information hair transplant clinic best hair transplant clinic hair transplant decision hair clinic hair transplant indecision Dr. Satyartha Prakash Hair Transplant in Bhubaneswar Radiance Skin & Hair Clinics हेयर ट्रांसप्लांट बेस्ट रिजल्ट Best Hair Transplant Clinic Female Hair Transplant महिलाओं में हेयर ट्रांसप्लांट बेस्ट रिजल्ट",2022-08-02,PT2M8S,https://i.ytimg.com/vi/b6xITSoOuhM/maxresdefault.jpg,Radiance Clinic - Videos,HAIR_TRANSPLANT_RESULT,Hair Transplant,,,/concerns/hair-transplant,Dr. Satyarth Prakash,"Bhubaneswar, Odisha",candidate-only,result research,/results,MEDIUM,false,true,yt-dlp metadata export supplied to --input
pCHwKWTdw1o,https://www.youtube.com/watch?v=pCHwKWTdw1o,କମ୍ ପଇସାରେ ହେୟାର୍ ଟ୍ରାନ୍ସପ୍ଲାଣ୍ଟର ବେଷ୍ଟ ରେଜଲ୍ଟ | Hair Transplant in Low Price |,"Watch The Exclusive Interview of Dr. Satyartha Prakash from Radiance Clinics, Bhubaneswar on "" Amazing Results of Hair Transplant in Low Price | କମ୍ ପଇସାରେ ହେୟାର୍ ଟ୍ରାନ୍ସପ୍ଲାଣ୍ଟ୍ ବେଷ୍ଟ ରେଜଲ୍ଟ | कम ख़र्चा में हेयर ट्रांसप्लांट बेस्ट रिजल्ट | Hair Transplant के कैसे रिजल्ट "" #RadianceClinic #हेयर_ट्रांसप्लांट #HairLoss #skincareclinicodisha #hairloss #Hairtransplantresult #hairtransplant #hairtransplantworks #Besthairtransplantcentreinodisha #Drsatyarthprakash #Radianceclinics #besthairtransplantresult #hairtransplantresults #hairtransplantbeforeafter #hairtransplantindia Hair transplant basics explained by Dr. Satyartha Prakash from Radiance Clinics Bhubaneswar. For more information and appointments call 9238321888, 9238122550. Radiance has been the number 1 clinic in eastern India for hair transplant , having successfully treated more than 3000 clients Radiance Clinics Has been awarded has the best Skin Clinics In Odisha by Times Group and I3 survey. If you are looking for a best hair transplant clinic in Bhubaneswar then Radiance is the right option for you. Having world class infrastructure and state of art equipment and all foreign trained doctors, Radiance has been serving the since a Decade. Whatsapp and telephonic consultations available. Learn more at https://radianceclinics.com/. https://radiancehairclinics.com/. ➤Follow our Daily Facebook Updates: https://www.facebook.com/RadianceClinics ➤Get the latest tips from Our Experts on Instagram: https://www.instagram.com/radiancecli... 👩🏻⚕GET TO KNOW US! Radiance Skin & Hair Clinics Plot No – N/1-46, IRC Village, First Lane, Bhubaneswar Tel : +91-674- 255-2550, +91-923-832-1888, +91-923-812-2550 Email: radiance.clinics@gmail.com The Radiance Clinic Bhubaneswar is the largest and most up-to-date dermatology center in Odisha, it was established following the best practices of Skin & Hair experts. The clinic offers treatment of dermatological and all sorts of aesthetic maladies. At Radiance Clinic Bhubaneswar, our objective is to bring you the latest and the most effective techniques in hair transplant ensuring the highest level of care and attention. As one of the best & the Oldest hair transplant centers in Odisha, we provide you with all the information about hair transplant , Hair-loss treatment & Skin Care treatments which helps you understand the right treatment for you. This, in turn, allows you to make an informed choice based on your needs and goals. Most Trusted Skin & Hair Clinic Of Odisha | 25000+ Happy patients . @Radiance Clinics Bhubaneswar . Comments Hair Transplant India Baldness Treatment Hair Transplant in Odisha Hair Clinic in Bhubaneswar Hair Restoration hair transplant information hair transplant clinic best hair transplant clinic hair transplant decision hair clinic hair transplant indecision Dr. Satyartha Prakash Hair Transplant in Bhubaneswar Radiance Skin & Hair Clinics हेयर ट्रांसप्लांट बेस्ट रिजल्ट Best Hair Transplant Clinic Hair Transplant in Low Price",2022-08-01,PT1M39S,https://i.ytimg.com/vi/pCHwKWTdw1o/maxresdefault.jpg,Radiance Clinic - Videos,HAIR_TRANSPLANT_RESULT,Hair Transplant,,,/concerns/hair-transplant,Dr. Satyarth Prakash,"Bhubaneswar, Odisha",candidate-only,result research,/results,MEDIUM,false,true,yt-dlp metadata export supplied to --input
jGxdb1go-C0,https://www.youtube.com/watch?v=jGxdb1go-C0,सबसे सस्ता हेयर ट्रांसप्लांट | Best Hair Transplant Results | Radiance Skin & Hair Clinics,"Watch The Exclusive Interview of Dr. Satyartha Prakash from Radiance Clinics, Bhubaneswar on "" सबसे सस्ता हेयर ट्रांसप्लांट | Best Hair Transplant Results | Amazing Results of Hair Transplant | ହେୟାର୍ ଟ୍ରାନ୍ସପ୍ଲାଣ୍ଟ୍ ପରେ ବେଷ୍ଟ ରେଜଲ୍ଟ | हेयर ट्रांसप्लांट बेस्ट रिजल्ट | Hair Transplant के कैसे रिजल्ट "" #RadianceClinic #हेयर_ट्रांसप्लांट #HairLoss #skincareclinicodisha #hairloss #Hairtransplantresult #hairtransplant #hairtransplantworks #Besthairtransplantcentreinodisha #Drsatyarthprakash #Radianceclinics #besthairtransplantresult #hairtransplantresults #hairtransplantbeforeafter #hairtransplantindia Hair transplant basics explained by Dr. Satyartha Prakash from Radiance Clinics Bhubaneswar. For more information and appointments call 9238321888, 9238122550. Radiance has been the number 1 clinic in eastern India for hair transplant , having successfully treated more than 3000 clients Radiance Clinics Has been awarded has the best Skin Clinics In Odisha by Times Group and I3 survey. If you are looking for a best hair transplant clinic in Bhubaneswar then Radiance is the right option for you. Having world class infrastructure and state of art equipment and all foreign trained doctors, Radiance has been serving the since a Decade. Whatsapp and telephonic consultations available. Learn more at https://radianceclinics.com/. https://radiancehairclinics.com/. ➤Follow our Daily Facebook Updates: https://www.facebook.com/RadianceClinics ➤Get the latest tips from Our Experts on Instagram: https://www.instagram.com/radiancecli... 👩🏻⚕GET TO KNOW US! Radiance Skin & Hair Clinics Plot No – N/1-46, IRC Village, First Lane, Bhubaneswar Tel : +91-674- 255-2550, +91-923-832-1888, +91-923-812-2550 Email: radiance.clinics@gmail.com The Radiance Clinic Bhubaneswar is the largest and most up-to-date dermatology center in Odisha, it was established following the best practices of Skin & Hair experts. The clinic offers treatment of dermatological and all sorts of aesthetic maladies. At Radiance Clinic Bhubaneswar, our objective is to bring you the latest and the most effective techniques in hair transplant ensuring the highest level of care and attention. As one of the best & the Oldest hair transplant centers in Odisha, we provide you with all the information about hair transplant , Hair-loss treatment & Skin Care treatments which helps you understand the right treatment for you. This, in turn, allows you to make an informed choice based on your needs and goals. Most Trusted Skin & Hair Clinic Of Odisha | 25000+ Happy patients . @Radiance Clinics Bhubaneswar . Comments Hair Transplant India Baldness Treatment Hair Transplant in Odisha Hair Clinic in Bhubaneswar Hair Restoration hair transplant information hair transplant clinic best hair transplant clinic hair transplant decision hair clinic hair transplant indecision Dr. Satyartha Prakash Hair Transplant in Bhubaneswar Radiance Skin & Hair Clinics हेयर ट्रांसप्लांट बेस्ट रिजल्ट Best Hair Transplant Clinic |",2022-08-01,PT2M11S,https://i.ytimg.com/vi/jGxdb1go-C0/maxresdefault.jpg,Radiance Clinic - Videos,HAIR_TRANSPLANT_RESULT,Hair Transplant,,,/concerns/hair-transplant,Dr. Satyarth Prakash,"Bhubaneswar, Odisha",candidate-only,result research,/results,MEDIUM,false,true,yt-dlp metadata export supplied to --input
T8-toUywb2Y,https://www.youtube.com/watch?v=T8-toUywb2Y,ହେୟାର୍ ଟ୍ରାନ୍ସପ୍ଲାଣ୍ଟ୍ ପରେ ବେଷ୍ଟ ରେଜଲ୍ଟ | Best Hair Transplant Results | Best Hair Transplant Clinic,"Watch The Exclusive Interview of Dr. Satyartha Prakash from Radiance Clinics, Bhubaneswar on "" Amazing Results of Hair Transplant | ହେୟାର୍ ଟ୍ରାନ୍ସପ୍ଲାଣ୍ଟ୍ ପରେ ବେଷ୍ଟ ରେଜଲ୍ଟ | हेयर ट्रांसप्लांट बेस्ट रिजल्ट | Hair Transplant के कैसे रिजल्ट "" #RadianceClinic #हेयर_ट्रांसप्लांट #HairLoss #skincareclinicodisha #hairloss #Hairtransplantresult #hairtransplant #hairtransplantworks #Besthairtransplantcentreinodisha #Drsatyarthprakash #Radianceclinics #besthairtransplantresult #hairtransplantresults #hairtransplantbeforeafter #hairtransplantindia Hair transplant basics explained by Dr. Satyartha Prakash from Radiance Clinics Bhubaneswar. For more information and appointments call 9238321888, 9238122550. Radiance has been the number 1 clinic in eastern India for hair transplant , having successfully treated more than 3000 clients Radiance Clinics Has been awarded has the best Skin Clinics In Odisha by Times Group and I3 survey. If you are looking for a best hair transplant clinic in Bhubaneswar then Radiance is the right option for you. Having world class infrastructure and state of art equipment and all foreign trained doctors, Radiance has been serving the since a Decade. Whatsapp and telephonic consultations available. Learn more at https://radianceclinics.com/. https://radiancehairclinics.com/. ➤Follow our Daily Facebook Updates: https://www.facebook.com/RadianceClinics ➤Get the latest tips from Our Experts on Instagram: https://www.instagram.com/radiancecli... 👩🏻⚕GET TO KNOW US! Radiance Skin & Hair Clinics Plot No – N/1-46, IRC Village, First Lane, Bhubaneswar Tel : +91-674- 255-2550, +91-923-832-1888, +91-923-812-2550 Email: radiance.clinics@gmail.com The Radiance Clinic Bhubaneswar is the largest and most up-to-date dermatology center in Odisha, it was established following the best practices of Skin & Hair experts. The clinic offers treatment of dermatological and all sorts of aesthetic maladies. At Radiance Clinic Bhubaneswar, our objective is to bring you the latest and the most effective techniques in hair transplant ensuring the highest level of care and attention. As one of the best & the Oldest hair transplant centers in Odisha, we provide you with all the information about hair transplant , Hair-loss treatment & Skin Care treatments which helps you understand the right treatment for you. This, in turn, allows you to make an informed choice based on your needs and goals. Most Trusted Skin & Hair Clinic Of Odisha | 25000+ Happy patients . @Radiance Clinics Bhubaneswar . Comments Hair Transplant India Baldness Treatment Hair Transplant in Odisha Hair Clinic in Bhubaneswar Hair Restoration hair transplant information hair transplant clinic best hair transplant clinic hair transplant decision hair clinic hair transplant indecision Dr. Satyartha Prakash Hair Transplant in Bhubaneswar Radiance Skin & Hair Clinics हेयर ट्रांसप्लांट बेस्ट रिजल्ट Best Hair Transplant Clinic |",2022-08-01,PT2M13S,https://i.ytimg.com/vi/T8-toUywb2Y/maxresdefault.jpg,Radiance Clinic - Videos,HAIR_TRANSPLANT_RESULT,Hair Transplant,,,/concerns/hair-transplant,Dr. Satyarth Prakash,"Bhubaneswar, Odisha",candidate-only,result research,/results,MEDIUM,false,true,yt-dlp metadata export supplied to --input
xyBy4kFuRbw,https://www.youtube.com/watch?v=xyBy4kFuRbw,Best Hair Transplant Results Before & After Only 2000 Grafts Changed The Life | Dr Satyarth Prakash,"#RadianceClinic #हेयर_ट्रांसप्लांट #HairLoss #skincareclinicodisha #Hairtransplantresult #hairtransplantworks #Besthairtransplantcentreinodisha #Drsatyarthprakash #Radianceclinics Watch The Exclusive Interview of Dr. Satyartha Prakash from Radiance Clinics, Bhubaneswar on "" Amazing Results of Hair Transplant | हेयर ट्रांसप्लांट क्या है? हेयर ट्रांसप्लांट जल्द रिजल्ट | Hair Transplant के कैसे रिजल्ट | Hair Transplant in Bhubaneswar | Hair transplant basics explained by Dr. Satyartha Prakash from Radiance Clinics Bhubaneswar. For more information and appointments call 9238321888, 9238122550. Radiance has been the number 1 clinic in eastern India for hair transplant , having successfully treated more than 3000 clients Radiance Clinics Has been awarded has the best Skin Clinics In Odisha by Times Group and I3 survey. If you are looking for a best hair transplant clinic in Bhubaneswar then Radiance is the right option for you. Having world class infrastructure and state of art equipment and all foreign trained doctors, Radiance has been serving the since a Decade. Whatsapp and telephonic consultations available. Learn more at https://radianceclinics.com/. https://radiancehairclinics.com/. ➤Follow our Daily Facebook Updates: https://www.facebook.com/RadianceClinics ➤Get the latest tips from Our Experts on Instagram: https://www.instagram.com/radiancecli... 👩🏻⚕GET TO KNOW US! Radiance Skin & Hair Clinics Plot No – N/1-46, IRC Village, First Lane, Bhubaneswar Tel : +91-674- 255-2550, +91-923-832-1888, +91-923-812-2550 Email: radiance.clinics@gmail.com",2022-05-25,PT2M1S,https://i.ytimg.com/vi/xyBy4kFuRbw/maxresdefault.jpg,Radiance Clinic - Videos,HAIR_TRANSPLANT_RESULT,Hair Transplant,,,/concerns/hair-transplant,Dr. Satyarth Prakash,"Bhubaneswar, Odisha",candidate-only,result research,/results,MEDIUM,false,true,yt-dlp metadata export supplied to --input
vp4lQLBkQ3E,https://www.youtube.com/watch?v=vp4lQLBkQ3E,Natural Looking Hair | Hair Transplant Before & After Results Dr Satyartha Prakash #Radiance,"#RadianceClinic #हेयर_ट्रांसप्लांट #HairLoss #skincareclinicodisha #Hairtransplantresult #hairtransplantworks #Besthairtransplantcentreinodisha #Drsatyarthprakash #Radianceclinics Watch The Exclusive Interview of Dr. Satyartha Prakash from Radiance Clinics, Bhubaneswar on "" Amazing Results of Hair Transplant | हेयर ट्रांसप्लांट क्या है? हेयर ट्रांसप्लांट जल्द रिजल्ट | Hair Transplant के कैसे रिजल्ट "" Hair transplant basics explained by Dr. Satyartha Prakash from Radiance Clinics Bhubaneswar. For more information and appointments call 9238321888, 9238122550. Radiance has been the number 1 clinic in eastern India for hair transplant , having successfully treated more than 3000 clients Radiance Clinics Has been awarded has the best Skin Clinics In Odisha by Times Group and I3 survey. If you are looking for a best hair transplant clinic in Bhubaneswar then Radiance is the right option for you. Having world class infrastructure and state of art equipment and all foreign trained doctors, Radiance has been serving the since a Decade. Whatsapp and telephonic consultations available. Learn more at https://radianceclinics.com/. https://radiancehairclinics.com/. ➤Follow our Daily Facebook Updates: https://www.facebook.com/RadianceClinics ➤Get the latest tips from Our Experts on Instagram: https://www.instagram.com/radiancecli... 👩🏻⚕GET TO KNOW US! Radiance Skin & Hair Clinics Plot No – N/1-46, IRC Village, First Lane, Bhubaneswar Tel : +91-674- 255-2550, +91-923-832-1888, +91-923-812-2550 Email: radiance.clinics@gmail.com",2022-05-22,PT2M33S,https://i.ytimg.com/vi/vp4lQLBkQ3E/maxresdefault.jpg,Radiance Clinic - Videos,HAIR_TRANSPLANT_RESULT,Hair Transplant,,,/concerns/hair-transplant,Dr. Satyarth Prakash,"Bhubaneswar, Odisha",candidate-only,result research,/results,MEDIUM,false,true,yt-dlp metadata export supplied to --input
SMPChIVB9oc,https://www.youtube.com/watch?v=SMPChIVB9oc,Hair Loss और गंजेपन से परेशान लोग | हेयर ट्रांसप्लांट Best रिजल्ट कैसे आ गए? | Dr. Satyartha Prakash,"#RadianceClinic #हेयर_ट्रांसप्लांट #HairLoss #skincareclinicodisha #Hairtransplantresult #hairtransplantworks #Besthairtransplantcentreinodisha #Drsatyarthprakash #Radianceclinics Watch The Exclusive Interview of Dr. Satyartha Prakash from Radiance Clinics, Bhubaneswar on "" Amazing Results of Hair Transplant | हेयर ट्रांसप्लांट क्या है? हेयर ट्रांसप्लांट जल्द रिजल्ट | Hair Transplant के कैसे रिजल्ट "" Hair transplant basics explained by Dr. Satyartha Prakash from Radiance Clinics Bhubaneswar. For more information and appointments call 9238321888, 9238122550. Radiance has been the number 1 clinic in eastern India for hair transplant , having successfully treated more than 3000 clients Radiance Clinics Has been awarded has the best Skin Clinics In Odisha by Times Group and I3 survey. If you are looking for a best hair transplant clinic in Bhubaneswar then Radiance is the right option for you. Having world class infrastructure and state of art equipment and all foreign trained doctors, Radiance has been serving the since a Decade. Whatsapp and telephonic consultations available. Learn more at https://radianceclinics.com/. https://radiancehairclinics.com/. ➤Follow our Daily Facebook Updates: https://www.facebook.com/RadianceClinics ➤Get the latest tips from Our Experts on Instagram: https://www.instagram.com/radiancecli... 👩🏻⚕GET TO KNOW US! Radiance Skin & Hair Clinics Plot No – N/1-46, IRC Village, First Lane, Bhubaneswar Tel : +91-674- 255-2550, +91-923-832-1888, +91-923-812-2550 Email: radiance.clinics@gmail.com The Radiance Clinic Bhubaneswar is the largest and most up-to-date dermatology center in Odisha, it was established following the best practices of Skin & Hair experts. The clinic offers treatment of dermatological and all sorts of aesthetic maladies. At Radiance Clinic Bhubaneswar, our objective is to bring you the latest and the most effective techniques in hair transplant ensuring the highest level of care and attention. As one of the best & the Oldest hair transplant centers in Odisha, we provide you with all the information about hair transplant , Hair-loss treatment & Skin Care treatments which helps you understand the right treatment for you. This, in turn, allows you to make an informed choice based on your needs and goals. Most Trusted Skin & Hair Clinic Of Odisha | 25000+ Happy patients . @Radiance Clinics Bhubaneswar .",2022-05-21,PT1M34S,https://i.ytimg.com/vi/SMPChIVB9oc/maxresdefault.jpg,Radiance Clinic - Videos,HAIR_TRANSPLANT_RESULT,Hair Transplant,,,/concerns/hair-transplant,Dr. Satyarth Prakash,"Bhubaneswar, Odisha",candidate-only,result research,/results,MEDIUM,false,true,yt-dlp metadata export supplied to --input
bNP_b0lUYXA,https://www.youtube.com/watch?v=bNP_b0lUYXA,Receding Hairline Re-construction | Hair Transplant @RadianceClinics | Best hair clinic bhubaneswar,"At Radiance Clinic Bhubaneswar, our objective is to bring you the latest and the most effective techniques in hair transplant ensuring the highest level of care and attention. As one of the best & the oldest hair transplant centers in Odisha, we provide you with all the information about hair transplant which helps you understand the right hair fall treatment for you. This, in turn, allows you to make an informed choice based on your needs and goals. To have treatment from best skin & hair specialist in Bhubaneswar do contact Radiance Clinics. Best dermatologist and hair transplant surgeons and facilities to offer the most effective & perfect skin & hair treatment. You can expect to have the best of skincare services and cosmetic surgery procedures for both men and women .Call at +91-674- 255-2550 ,+91-923-832-1888 , +91-923-812-2550 to book an appointment now . # hair transplant in bhubaneswar #hair transplant in odisha #hair clinic # radiance clinic .",2022-02-14,PT2M23S,https://i.ytimg.com/vi/bNP_b0lUYXA/maxresdefault.jpg,Radiance Clinic - Videos,PROCEDURE,Hair Transplant,,/treatments/hair-restoration/fue-hair-transplant,/concerns/hair-transplant,,"Bhubaneswar, Odisha",,hair transplant education,/hair-transplant-bhubaneswar,MEDIUM,false,false,yt-dlp metadata export supplied to --input
U0sn6Ssf00g,https://www.youtube.com/watch?v=U0sn6Ssf00g,Happy Hair Offer .Regrow your lost Hair and Regain Crown of Glory once again @RadianceClinics .,"This is your CROWN & YOU have to make a CHOICE Choose painless ,effortless and permanent solution to hair Loss . Applying oil doesn't control hair fall. It needs the right treatment. Many patients who we had consulted did the following: ➡️ Applied different types of oil ➡️ Applied many types of shampoo that promised them hair re-growth ➡️ Took multi-vitamins without consulting doctors None of these helped them much and hair loss continued to happen. Why? Because hair loss can be due to multiple reasons: ➡️ family hereditary ➡️ lifestyle ➡️ food habits ➡️ stress-level At Radiance Clinics , we give our patients the right solution after understanding their history. Radiance Clinics is India's No.1 Hair Growth and Skin Care clinic as per Times of India and has treated more than 20,000+ cases. Why choose Radiance Clinic? ✅ The Centre is run by Dr. Satyarth Prakash, MBBS, MD, an experienced dermatologist with 18+ years of experience. ✅ Has performed 25000+ successful hair transplants Book an telephonic Consultation For FREE NOW and discuss your case in detail with Dr. Satyartha Prakash herself. In this Consultation ,Our Team Of Experts will answer all your queries regarding - Hair Loss - What is the best treatment? - How many grafts are required? - Price of the procedure Book your appointment NOW . Call at +91-674- 255-2550 ,+91-923-832-1888 , +91-923-812-2550 t See Yourself The Best Results @ Radiance Clinics www.radianceclinics.com",2022-01-26,PT1M18S,https://i.ytimg.com/vi/U0sn6Ssf00g/maxresdefault.jpg,Radiance Clinic - Videos,HAIR_TRANSPLANT_RESULT,Hair Transplant,,,/concerns/hair-transplant,Dr. Satyarth Prakash,,candidate-only,result research,/results,MEDIUM,false,true,yt-dlp metadata export supplied to --input
LYHDC1WpAGs,https://www.youtube.com/watch?v=LYHDC1WpAGs,ଚୁଟି ଉପୁଡିବାର ପ୍ରମୁଖ କାରଣ ଓ ଉପଚାର | Know Key Reasons Of Hair Fall By Dr Satyarth@RadianceClinics,"କେଶ ଝଡ଼ିବା ସାଧାରଣତଃ ନିମ୍ନଲିଖିତ କାରଣଗୁଡ଼ିକ ମଧ୍ୟରୁ ଗୋଟିଏ କିମ୍ବା ଅଧିକ ସହିତ ଜଡିତ: ବଂଶାନୁକ୍ରମିକ କେଶ ଝଡ଼ିବାର ସବୁଠାରୁ ବ୍ୟାପକ ସ୍ୱୀକୃତିପ୍ରାପ୍ତ କାରଣ ହେଉଛି ଏକ ଅନ୍ତର୍ନିହିତ ଅବସ୍ଥା ଯାହା ପରିପକ୍ୱତା ସହିତ ଘଟେ | ଏହି ଅବସ୍ଥାକୁ ଆଣ୍ଡ୍ରୋଜେନିକ୍ ଆଲୋପେସିଆ, ପୁରୁଷ-ଡିଜାଇନ୍ କେଶହୀନତା ଏବଂ ମହିଳା-ଡିଜାଇନ୍ ସ୍ୱଳ୍ପତା କୁହାଯାଏ | ଏହା ଏକ ନିୟମ ଭାବରେ ପର୍ଯ୍ୟାୟ କ୍ରମେ ଏବଂ ଅପ୍ରତ୍ୟାଶିତ ଉଦାହରଣଗୁଡିକରେ ଘଟେ - ଏକ ସବସିଡିଙ୍ଗ୍ ହେୟାର ଲାଇନ୍ ଏବଂ ପୁରୁଷମାନଙ୍କରେ ଖାଲି ଦାଗ ଏବଂ ମହିଳାମାନଙ୍କ ସ୍କାଲ୍ ମୁକୁଟ ସହିତ କେଶ ହ୍ରାସ ହୁଏ | ହରମୋନାଲ ପରିବର୍ତ୍ତନ ଏବଂ ଅସୁସ୍ଥତା | ଗର୍ଭଧାରଣ, ଶ୍ରମ, ମେନୋପାଜ୍ ଏବଂ ଥାଇରଏଡ୍ ପରି ହରମୋନ୍ ପରିବର୍ତ୍ତନ ସମସ୍ୟା ହେତୁ ସ୍ଥାୟୀ କିମ୍ବା ଅସ୍ଥାୟୀ ଭାବରେ କେଶ ଝଡ଼ିବାର ସମସ୍ୟା ଉପୁଜି ପାରେ | ରୋଗଗୁଡିକ ଆଲୋପେସିଆ ଆରେଟା (al-o-PEE-she-uh ar-eA-tuh) କୁ ଅନ୍ତର୍ଭୁକ୍ତ କରେ, ଯାହା patchy hair loss, ରିଙ୍ଗୱର୍ମ ପରି ତ୍ୱଚା ରୋଗ ଏବଂ ଟ୍ରାଇକୋଟିଲୋମାନିଆ(trik-o-til-o-MAY-nee-uh). ନାମକ ଏକ କେଶ ଟାଣିବା ସମସ୍ୟା ପାଇଁ ହୁଏ | ଔଷଧ ଏବଂ ସପ୍ଲିମେଣ୍ଟସ୍ | କେଶ ଝଡ଼ିବା ନିର୍ଦ୍ଦିଷ୍ଟ ଔଷଧ ର ଏକ ଲକ୍ଷଣ ହୋଇପାରେ, ଉଦାହରଣ ସ୍ୱରୂପ, Cancer,., ଗଣ୍ଠି ପ୍ରଦାହ (arthritis), ଦୁଃଖ (depression), ହୃଦଘାତ (heart problems), ଏବଂ ଉଚ୍ଚ ରକ୍ତଚାପ (high blood pressure) ପାଇଁ ହୁଏ | ଚାପ (Stress ) ଅନେକ ବ୍ୟକ୍ତି ଶାରୀରିକ କିମ୍ବା ଉତ୍ସାହୀ ଷ୍ଟଣ୍ଟ ପରେ କିଛି ସମୟ କେଶର ସାମଗ୍ରିକ ହ୍ରାସ ଅନୁଭବ କରନ୍ତି | ଏହି ପ୍ରକାରର ବାଳ ଯିବା କ୍ଷଣସ୍ଥାୟୀ | କେଶ ଶୈଳୀ ଏବଂ ଚିକିତ୍ସା | ଅତ୍ୟଧିକ ହେୟାର ଷ୍ଟାଇଲ୍ କିମ୍ବା ହେୟାର ଷ୍ଟାଇଲ୍ ଯାହା ଆପଣଙ୍କ କେଶକୁ ଟାଣେ, ଟ୍ରାକ୍ସନ୍ ଆଲୋପେସିଆ ନାମକ ଏକ ପ୍ରକାର କେଶ ଉପୁଡିବା କାରଣ ହୋଇପାରେ | ଗରମ ତେଲ କେଶର ଚିକିତ୍ସା ଏବଂ ସ୍ଥାୟୀତା ମଧ୍ୟ କେଶ ଉପୁଡିବା କାରଣ ହୋଇପାରେ ରେଡିଏନ୍ସ କ୍ଲିନିକ୍, ଭୁବନେଶ୍ୱର ହେଉଛି ଓଡିଶାର ସର୍ବୋତ୍ତମ ଏବଂ ସର୍ବ ପୁରାତନ ସ୍କିନ୍ ଆଣ୍ଡ ହେୟାର କ୍ଲିନିକ୍ ଯେଉଁ ଠାରେ ସର୍ବୋତ୍ତମ ଏବଂ ଅତ୍ୟାଧୁନିକ ପଦ୍ଧତିରେ କେଶ ଉପୁଡିବା ଚିକିତ୍ସା କରାଯାଏ | The Radiance Clinic Bhubaneswar is the largest and most up-to-date dermatology center in Odisha, it was established following the best practices of Skin & Hair experts. The clinic offers treatment of dermatological and all sorts of aesthetic maladies . visit our website - www.radianceclinics.com. Call now for a free consultation over call & Book an appointment now . +91-674- 255-2550 , +91-923-832-1888 , +91-923-812-2550 Book an appointment now .",2022-01-06,PT3M58S,https://i.ytimg.com/vi/LYHDC1WpAGs/maxresdefault.jpg,Radiance Clinic - Videos,DOCTOR_EXPLANATION,Hair Loss,,/treatments/hair-restoration/advanced-hair-fall-solutions,/concerns/hair-loss-scalp,Dr. Satyarth Prakash,"Bhubaneswar, Odisha",,hair loss education,/concerns/hair-loss-scalp,HIGH,false,false,yt-dlp metadata export supplied to --input
RwFEzjiUvSM,https://www.youtube.com/watch?v=RwFEzjiUvSM,Radiance Skin Care New Year Offer,"The Radiance Clinic Bhubaneswar is the largest and most up-to-date dermatology center in Odisha, it was established following the best practices of Skin & Hair experts. The clinic offers treatment of dermatological and all sorts of aesthetic maladies. At Radiance Clinic Bhubaneswar, our objective is to bring you the latest and the most effective techniques in hair transplant ensuring the highest level of care and attention. As one of the best & the Oldest hair transplant centers in Odisha, we provide you with all the information about hair transplant , Hair-loss treatment & Skin Care treatments which helps you understand the right treatment for you. This, in turn, allows you to make an informed choice based on your needs and goals.",2022-01-06,PT11S,https://i.ytimg.com/vi/RwFEzjiUvSM/maxresdefault.jpg,Radiance Clinic - Videos,TREATMENT_EXPLAINER,Hair Transplant,,/treatments/hair-restoration/fue-hair-transplant,/concerns/hair-transplant,,"Bhubaneswar, Odisha",,hair transplant education,/hair-transplant-bhubaneswar,HIGH,false,false,yt-dlp metadata export supplied to --input
HOC-9dGnOTs,https://www.youtube.com/watch?v=HOC-9dGnOTs,Now or Never Offer @Radiance Clinics .This New Year Toss Hair-loss Away from your Life,"At Radiance Clinic Bhubaneswar, our objective is to bring you the latest and the most effective techniques in hair transplant ensuring the highest level of care and attention. As one of the best & the oldest hair transplant centers in Odisha, we provide you with all the information about hair transplant which helps you understand the right hair fall treatment for you. This, in turn, allows you to make an informed choice based on your needs and goals.",2022-01-06,PT12S,https://i.ytimg.com/vi/HOC-9dGnOTs/maxresdefault.jpg,Radiance Clinic - Videos,TREATMENT_EXPLAINER,Hair Transplant,,/treatments/hair-restoration/fue-hair-transplant,/concerns/hair-transplant,,"Bhubaneswar, Odisha",,hair transplant education,/hair-transplant-bhubaneswar,HIGH,false,false,yt-dlp metadata export supplied to --input
fU0oeBk_6Ik,https://www.youtube.com/watch?v=fU0oeBk_6Ik,Get The Most Promising Hair Transplant at a Pocket Friendly Price.,"At Radiance Clinic Bhubaneswar, our objective is to bring you the latest and the most effective techniques in hair transplant ensuring the highest level of care and attention. As one of the best & the oldest hair transplant centers in Odisha, we provide you with all the information about hair transplant which helps you understand the right hair fall treatment for you. This, in turn, allows you to make an informed choice based on your needs and goals..",2021-11-26,PT24S,https://i.ytimg.com/vi/fU0oeBk_6Ik/maxresdefault.jpg,Radiance Clinic - Videos,TREATMENT_EXPLAINER,Hair Transplant,,/treatments/hair-restoration/fue-hair-transplant,/concerns/hair-transplant,,"Bhubaneswar, Odisha",,hair transplant education,/hair-transplant-bhubaneswar,HIGH,false,false,yt-dlp metadata export supplied to --input
Pr3_8J7hSOc,https://www.youtube.com/watch?v=Pr3_8J7hSOc,Get Rid Of Unwanted Hair With Laser Treatment In Bhubaneswar! Radiance Clinics,"Making Laser Hair Removal Smooth Process For Men And Women With Advanced Aft And Diode Before the introduction of the advanced hair removal therapy in Bhubaneswar by Radiance Hair Clinics, most patients would have to go through torturous process of removal of unwanted hair from different parts of the body. There are processes like the waxing, creams for self removal, painful electrolysis methods and razor removal. When people are not able to get proper access to quality methods with assured results, they are sure to resort to such methods. But, Radiance Clinics in Bhubaneswar has given thousands of people safe and effective means of hair removal using advanced laser and diode technology for both men and women. We do these processes with complete confidence of the patients after providing them with the necessary information. How hair removal process is carried out At present, the most advanced systems of hair removal from different body parts are the use of laser AFT method and diode. In the former, the Advanced Fluorescence Technology or AFT is used to put intensified pulsed light on the hair while in the diode laser method, long wavelength of light is used for hair removal on darker skin texture. Both these methods are highly effective, producing very fine results and effects the parts of body, from where you would be interested to remove unwanted body hair. Diode hair removal In the process of diode laser hair removal, our expert cosmetologists will guide you about the suitability of the condition, so that you would be assured about the outcome of the process. This is primarily a process by which the diode laser of larger wavelength can be put on dark skinned people. It penetrates properly and smoothly through the epidermal layer and removals the hair follicles, without destroying any other part. Since this kind of laser beam tends to be focussed on larger skin area, it is possible to go for faster healing process. Overall advantages of diode laser are many, for which people are willing to undergo such process with consultation of their doctors and bring around the best in hair removal. Laser AFT Advanced Fluorescence Technology is one of the newest features of laser hair removal from the different parts of the body, where laser light is focussed on the single hair strand. The intense pulsed light system releases filtered light on the follicle, so that it very finely destroys the follicle and makes it fall off. Laser AFT technique can be gradually extended to different other hair strands and gradually, all the unwanted hair can be removed. Many advantages of the laser AFT have brought popularity for this kind of therapy for hair removal at our set up of Radiance Hair Clinics, so that people come for finding the most appropriate answer to this particular type of method. It is quite safe and can be utilised for all types of skin colours and hairs at any part of the body. But, it is particularly suited for hair with melanin as it is absorbed by the melanin, heating up the hair and then destroying the follicle. In a way, this is about the safest method for people to get their hair removal without the fear of scarring or pain. Depending on the number of hairs to be removed, the time would have to be decided. #hairremoval #hairemovalmen #hairremovalforwomen #laserhairremoval #hairremovalathome",2021-11-26,PT1M21S,https://i.ytimg.com/vi/Pr3_8J7hSOc/maxresdefault.jpg,Radiance Clinic - Videos,SKIN_RESULT,Laser Hair Reduction,,,/concerns/laser-hair-reduction,,"Bhubaneswar, Odisha",candidate-only,result research,/results,MEDIUM,false,true,yt-dlp metadata export supplied to --input
1q3YEDypN_w,https://www.youtube.com/watch?v=1q3YEDypN_w,Amazing Results of Hair Transplant @Radiance Clinics. Get Back your Looks.Get Back your Confidence .,"The Radiance Clinic Bhubaneswar is the largest and most up-to-date dermatology center in Odisha, it was established following the best practices of Skin & Hair experts. The clinic offers treatment of dermatological and all sorts of aesthetic maladies. At Radiance Clinic Bhubaneswar, our objective is to bring you the latest and the most effective techniques in hair transplant ensuring the highest level of care and attention. As one of the best & the Oldest hair transplant centers in Odisha, we provide you with all the information about hair transplant , Hair-loss treatment & Skin Care treatments which helps you understand the right treatment for you. This, in turn, allows you to make an informed choice based on your needs and goals. Most Trusted Skin & Hair Clinic Of Odisha | 25000+ Happy patients . @Radiance Clinics Bhubaneswar .",2021-09-30,PT1M5S,https://i.ytimg.com/vi/1q3YEDypN_w/maxresdefault.jpg,Radiance Clinic - Videos,HAIR_TRANSPLANT_RESULT,Hair Transplant,,,/concerns/hair-transplant,,"Bhubaneswar, Odisha",candidate-only,result research,/results,MEDIUM,false,true,yt-dlp metadata export supplied to --input
4VQYFfE2jdg,https://www.youtube.com/watch?v=4VQYFfE2jdg,Odisha's Most Trusted Hair Loss Treatment Clinic. Radiance Clinic | Bhubaneswar,"At Radiance Clinic Bhubaneswar, our objective is to bring you the latest and the most effective techniques in hair transplant ensuring the highest level of care and attention. As one of the best & the oldest hair transplant centers in Odisha, we provide you with all the information about hair transplant which helps you understand the right hair fall treatment for you. This, in turn, allows you to make an informed choice based on your needs and goals.",2021-09-23,PT26S,https://i.ytimg.com/vi/4VQYFfE2jdg/hqdefault.jpg?sqp=-oaymwEmCOADEOgC8quKqQMa8AEB-AHUBoAC4AOKAgwIABABGDIgEyh_MA8=&rs=AOn4CLCADhpqzXvFk8OAx03o70p5Vo0o9w,Radiance Clinic - Videos,TREATMENT_EXPLAINER,Hair Transplant,,/treatments/hair-restoration/fue-hair-transplant,/concerns/hair-transplant,,"Bhubaneswar, Odisha",,hair transplant education,/hair-transplant-bhubaneswar,HIGH,false,false,yt-dlp metadata export supplied to --input
ykiwThYOKpA,https://www.youtube.com/watch?v=ykiwThYOKpA,Hair Loss Treatment in Bhubaneswar | ADVANCED PRP Treatment @RadianceClinics,"Mr Om Prakash Sharing his easy experience how of overcoming the Hair-loss problem through PRP ( Platelet-Rich Plasma ) treatment @RadianceClinics Bhubaneswar ,Odisha. and very happy with his results in 5 months as you can see in this video. Individual who are looking for hair transplant in India, should visit Radiance Clinics Bhubaneswar for quality and effective treatment .To have treatment from best skin & hair specialist in Bhubaneswar do contact Radiance Clinics. Best dermatologist and hair transplant surgeons and facilities to offer the most effective & perfect skin & hair treatment. You can expect to have the best of skincare services and cosmetic surgery procedures for both men and women .Call at +91-674- 255-2550 ,+91-923-832-1888 , +91-923-812-2550 to book an appointment now .",2021-08-27,PT1M16S,https://i.ytimg.com/vi/ykiwThYOKpA/maxresdefault.jpg,Radiance Clinic - Videos,HAIR_TRANSPLANT_RESULT,Hair Transplant,,,/concerns/hair-transplant,,"Bhubaneswar, Odisha",candidate-only,result research,/results,MEDIUM,false,true,yt-dlp metadata export supplied to --input
oB4ug_cPEhk,https://www.youtube.com/watch?v=oB4ug_cPEhk,5 Months Hair Restoration Result by PRP Treatment | Without Hair Transplant @RadianceClinics,"Aman Hussain explaining how easy it is to overcome the Hair-loss problem through proper hair-care Treatments in Bhubaneswar ,Odisha , sharing his experience at Radiance Clinics. He got this result in just 5 months only by the PRP treatment at Radiance Clinics and very happy with his results as you can see in this video. Individual who are looking for hair transplant in India, should visit Radiance Clinics Bhubaneswar for quality and effective treatment .To have treatment from best skin & hair specialist in Bhubaneswar do contact Radiance Clinics. Best dermatologist and hair transplant surgeons and facilities to offer the most effective & perfect skin & hair treatment. You can expect to have the best of skincare services and cosmetic surgery procedures for both men and women .Call at +91-674- 255-2550 ,+91-923-832-1888 , +91-923-812-2550 to book an appointment now .",2021-08-23,PT38S,https://i.ytimg.com/vi/oB4ug_cPEhk/maxresdefault.jpg,Radiance Clinic - Videos,HAIR_TRANSPLANT_RESULT,Hair Transplant,,,/concerns/hair-transplant,,"Bhubaneswar, Odisha",candidate-only,result research,/results,LOW,false,true,yt-dlp metadata export supplied to --input
4WlBbtQV_UI,https://www.youtube.com/watch?v=4WlBbtQV_UI,Amazing result in Hairline Restoration | @RadianceClinicsBhubaneswar,"At Radiance Clinic Bhubaneswar, our objective is to bring you the latest and the most effective techniques in hair transplant ensuring the highest level of care and attention. As one of the best & the oldest hair transplant centers in Odisha, we provide you with all the information about hair transplant which helps you understand the right hair fall treatment for you. This, in turn, allows you to make an informed choice based on your needs and goals. We have the best aesthetic surgeons and modern equipment, enabling them to perform hair transplantation using advanced methodologies. www.radianceclinics.com www.radiancehairclinics.com . Call now for a free consultation over call & Book an appointment now . +91-674- 255-2550 , +91-923-832-1888 , +91-923-812-2550 Book an appointment now .",2021-08-09,PT1M9S,https://i.ytimg.com/vi/4WlBbtQV_UI/maxresdefault.jpg,Radiance Clinic - Videos,HAIR_TRANSPLANT_RESULT,Hair Transplant,,,/concerns/hair-transplant,,"Bhubaneswar, Odisha",candidate-only,result research,/results,MEDIUM,false,true,yt-dlp metadata export supplied to --input
bw_aEWt41rU,https://www.youtube.com/watch?v=bw_aEWt41rU,The Most advanced Skin Care Treatments @RadianceClinics Bhubaneswar. Odisha. Trusted By 25000+,"Radiance Clinics is an ISO 9001:2000 certified skin clinic in Bhubaneswar renowned for providing the best skincare and cosmetic services that are scientifically proven. We take pride in having the best skin specialist in Bhubaneswar, well-known for delivering the best cosmetic surgery treatments. Our qualified skin specialists focus on helping people take care of their individual skincare and beauty needs by using the most advanced technologies available in the world. Radiance Clinics - Best Skin Specialist Clinic in Bhubaneswar If you have been looking for an experienced and qualified dermatologist in Bhubaneswar who can effectively treat your skin-related issues, look no further and contact us. Call now for a free consultation over call & Book an appointment now . +91-674- 255-2550 +91-923-832-1888 +91-923-812-2550 Book an appointment now . We offer a myriad of best quality skin treatment services that include: • Laser Hair Removal • Laser Resurfacing • Laser Photo Rejuvenation • Microdermabrasion • Chemical Peel • Tattoo Removal • Mole Removal • Wart Removal • Anti-Wrinkle Treatments • Skin brightening solutions • Invisible facelifts and more. Whether you want to get rid of acne, moles, warts, birthmarks, wrinkles, sun damage, under-eye dark circles, age spots, or any other skin flaw to make your skin look flawless, we can help you with that. Our skin specialist in BBSR has years of experience in skin procedures. Why Radiance Clinics is the Best Skin Clinic in Bhubaneswar? Radiance Clinics is a physician-directed, most advanced personal enhancement treatment center with highly qualified skin specialists in Bhubaneswar. Moreover, we employ advanced technologies to ensure that we offer the best possible skincare and beauty needs to our clients. One of the most effective technologies that we have introduced is the world’s latest skin laser ALMA HARMONY (US FDA approved) in Orissa that is known to treat the host of skin ailments. The other technologies we have include nonablative RF bodies, shaping twice 2940 pixel Erbium YAG, Q switch Nd YAG, Nd YAG, laser for hair removal, IPL, and whole-body UVB Chamber. Microdermabrador, Radiofrequency cautery, and more. Take advantage of our advanced skin solutions! Contact our best skin doctor in Bhubaneswar today! Call now for a free consultation over call & Book an appointment now . +91-674- 255-2550 , +91-923-832-1888 , +91-923-812-2550 Book an appointment now .",2021-07-21,PT1M1S,https://i.ytimg.com/vi/bw_aEWt41rU/maxresdefault.jpg,Radiance Clinic - Videos,PROCEDURE,Acne,,,/concerns/acne,,"Bhubaneswar, Odisha",,acne education,/concerns/acne,MEDIUM,false,false,yt-dlp metadata export supplied to --input
YcDpJg4J3f4,https://www.youtube.com/watch?v=YcDpJg4J3f4,Why Choose Radiance Clinic Bhubaneswar,"At Radiance Clinic Bhubaneswar, our objective is to bring you the latest and the most effective techniques in hair transplant ensuring the highest level of care and attention. As one of the best & the Oldest hair transplant centres in Odisha, we provide you with all the information about hair transplant which helps you understand the right hair fall treatment for you. This, in turn, allows you to make an informed choice based on your needs and goals. Call now for a free consultation over call & Book an appointment now . +91-674- 255-2550 , +91-923-832-1888 , +91-923-812-2550 Book an appointment now .",2021-07-02,PT27S,https://i.ytimg.com/vi/YcDpJg4J3f4/maxresdefault.jpg,Radiance Clinic - Videos,FAQ,Hair Transplant,,/treatments/hair-restoration/fue-hair-transplant,/concerns/hair-transplant,,"Bhubaneswar, Odisha",,hair transplant education,/hair-transplant-bhubaneswar,HIGH,false,false,yt-dlp metadata export supplied to --input
CPlPVkoEirs,https://www.youtube.com/watch?v=CPlPVkoEirs,Amazing Hair Transplant Result The Most Trusted & Experienced Clinic Of Odisha @RadianceClinics,"If you are searching for a hair transplant clinic in Bhubaneswar, then the primary step you take is to search over the internet. You must have realized how difficult it is as you come in front of various choices. Google brings you in front of many clinics in Bhubaneswar and some even offering significant discounts. You know that a significant discount is not the criteria that will help you decide on the clinic where you can have hair transplanted. There are various other factors to consider, as a surgical procedure is not a matter of joke. So, let us see how we can select the best clinic for having a hair transplant in Bhubaneswar. Select a clinic having a bright background and experienced cosmetic surgeons The process of hair transplantation involves surgery. As the modern technology of hair transplantation is delicate, the cosmetic surgeons need to have the proper experience to perform it best. If you see that a clinic is new to this venture, then it is better to shift to another clinic. Moreover, it would help if you looked at the experience level of the cosmetologists attached to the clinic. If you see that they have not performed many hair transplantations before, you also need to avoid that clinic where they have an association. However, if you are at a clinic that is in this field for some time, you can expect of reputed cosmetologists associated with it and the presence of modern pieces of equipment to perform the hair transplant surgery. Moreover, the clinic must have the ability to offer hair transplantation not only to the scalp but also to different body parts. Have a look at the experience level of the surgeon You need to have explicit knowledge about the experience level of the surgeon who performs hair transplantation at a clinic. There are various modern and refined methods of hair transplantation as Follicular Unit Extraction and Direct Hair Transplantation. The surgeon in a clinic must have adequate exposure to such techniques and must have performed hair transplantation using such methodology. You only can trust a certified practitioner to have the best hair transplantation. Know the hair transplantation process in details You need to know the process of hair transplantation in detail before you opt to have one. It would help if you did not Google to see the process but ask the clinic where you intend to have hair transplanted. You can have three responses; one is they can say it is highly technical for the ordinary person to understand; they can delay giving you an answer or fix an appointment with the surgeon to understand the process. Yes, we know it is impossible to understand all the steps in detail by us, but at least we can have a fair idea of how the transplantation happens. The reason for asking the clinic to have an explanation of the hair transplantation process is to gauge how open they are in discussing with patients the process they follow and whether they have, a qualified surgeon associated with them. Choose a local clinic It is always convenient to have hair transplanted at a local clinic if we consider pre and post-operative comfort. As the clinic is local, you can directly be at the clinic to ascertain the clinic's proficiency before you have the treatment from them. It would be easier for you to travel to the clinic to have the surgery and follow-up after the treatment if the clinic is local. As you choose a hair transplant clinic in Bhubaneswar and live at Bhubaneswar, you can find many known to you who have had hair transplantation. You can talk with them directly and understand whether it is best to have hair transplantation at that clinic. Radiance Clinics is the Best hair transplantation clinic that you can depend on to have the best hair transplant in Bhubaneswar. We have the best aesthetic surgeons and modern equipment, enabling them to perform hair transplantation using advanced methodologies. www.radianceclinics.com www.radiancehairclinics.com Call now for a free consultation over call & Book an appointment now . +91-674- 255-2550 , +91-923-832-1888 , +91-923-812-2550 #hairtransplantinbhubaneswar #radianceclinic #radiancebhubaneswar #hairlosstreatment ,#besthairtransplantclinicodisha",2021-06-21,PT3M1S,https://i.ytimg.com/vi/CPlPVkoEirs/maxresdefault.jpg,Radiance Clinic - Videos,HAIR_TRANSPLANT_RESULT,Hair Transplant,,,/concerns/hair-transplant,,"Bhubaneswar, Odisha",candidate-only,result research,/results,MEDIUM,false,true,yt-dlp metadata export supplied to --input
NCmAGymASq0,https://www.youtube.com/watch?v=NCmAGymASq0,Amazing Hair Transplant Result at @RadianceClinics . Bhubaneswar,"Mr Sanjay explaining how easy it is to overcome the Hair-loss problem through proper hair transplant surgery in Bhubaneswar ,Odisha , sharing his experience at Radiance Clinics. He got Hair Transplant at Radiance Clinics and very happy with his results in 5 months as you can see in this video. Individual who are looking for hair transplant in India, should visit Radiance Clinics Bhubaneswar for quality and effective treatment .At Radiance Clinic Bhubaneswar, our objective is to bring you the latest and the most effective techniques in hair transplant ensuring the highest level of care and attention. As one of the best & the oldest hair transplant centers in Odisha, we provide you with all the information about hair transplant which helps you understand the right hair fall treatment for you. This, in turn, allows you to make an informed choice based on your needs and goals. www.radianceclinics.com www.radiancehairclinics.com . Call now for a free consultation over call & Book an appointment now . +91-674- 255-2550 , +91-923-832-1888 , +91-923-812-2550 Book an appointment now . #hairtransplantinbhubaneswar #radianceclinic #radiancebhubaneswar #hairlosstreatment ,#besthairtransplantclinicodisha",2021-06-20,PT1M42S,https://i.ytimg.com/vi/NCmAGymASq0/maxresdefault.jpg,Radiance Clinic - Videos,HAIR_TRANSPLANT_RESULT,Hair Transplant,,,/concerns/hair-transplant,,"Bhubaneswar, Odisha",candidate-only,result research,/results,MEDIUM,false,true,yt-dlp metadata export supplied to --input
u1sDjPQh9xc,https://www.youtube.com/watch?v=u1sDjPQh9xc,Hair transplant without trimming Only Frontal Area | Hair transplant | Radiance Clinics,"Sometimes client does not want to shave before the hair transplant due to certain reasons . In those type of customers we prefer to do a hair transplant by doing a partial trimming method .The Radiance Clinic Bhubaneswar is the largest and most up-to-date dermatology center in Odisha, it was established following the best practices of Skin & Hair experts. The clinic offers treatment of dermatological and all sorts of aesthetic maladies. At Radiance Clinic Bhubaneswar, our objective is to bring you the latest and the most effective techniques in hair transplant ensuring the highest level of care and attention. As one of the best & the Oldest hair transplant centers in Odisha, we provide you with all the information about hair transplant , Hair-loss treatment & Skin Care treatments which helps you understand the right treatment for you. This, in turn, allows you to make an informed choice based on your needs and goals. Most Trusted Skin & Hair Clinic Of Odisha | 25000+ Happy patients . @Radiance Clinics Bhubaneswar . Call now for a free consultation over call & Book an appointment now . +91-674- 255-2550 , +91-923-832-1888 , +91-923-812-2550 Book an appointment now . #hairtransplantinbhubaneswar #radianceclinic #radiancebhubaneswar #hairlosstreatment ,#besthairtransplantclinicodisha",2021-06-15,PT2M25S,https://i.ytimg.com/vi/u1sDjPQh9xc/maxresdefault.jpg,Radiance Clinic - Videos,TREATMENT_EXPLAINER,Hair Transplant,,/treatments/hair-restoration/fue-hair-transplant,/concerns/hair-transplant,,"Bhubaneswar, Odisha",,hair transplant education,/hair-transplant-bhubaneswar,HIGH,false,false,yt-dlp metadata export supplied to --input
9mWrCIC8djU,https://www.youtube.com/watch?v=9mWrCIC8djU,କେଶ ଝଡ଼ିବା ଓ ପ୍ରତିରୋପଣକୁ ନେଇ ଥିବା ପ୍ରଶ୍ନ ଏବଂ ତାହାର ଉତ୍ତର | ଡା. ସତ୍ୟାର୍ଥ ପ୍ରକାଶ |@RadianceClinics,"କେଶ ଝଡ଼ିବା (ଆଲୋପେସିଆ) କେବଳ ଆପଣଙ୍କ ତ୍ୱଚା କିମ୍ବା ଆପଣଙ୍କ ଶରୀରକୁ ପ୍ରଭାବିତ କରିଥାଏ ଏବଂ ଏହା ଅସ୍ଥାୟୀ କିମ୍ବା ସ୍ଥାୟୀ ହୋଇପାରେ | ଏହା ବଂଶାନୁକ୍ରମିକ, ହରମୋନାଲ ପରିବର୍ତ୍ତନ, ଚିକିତ୍ସା ଅବସ୍ଥା କିମ୍ବା ବାର୍ଦ୍ଧକ୍ୟର ଏକ ସାଧାରଣ ଅଂଶର ଫଳାଫଳ ହୋଇପାରେ | ଯେକେହି ସେମାନଙ୍କ ମୁଣ୍ଡରେ କେଶ ହରାଇ ପାରନ୍ତି, କିନ୍ତୁ ଏହା ପୁରୁଷମାନଙ୍କଠାରେ ଅଧିକ ଦେଖାଯାଏ | ଚନ୍ଦାପଣ ସାଧାରଣତଃ ଆପଣଙ୍କ ତ୍ୱଚାରୁ ଅଧିକ କେଶ ଝଡ଼ିବାକୁ ବୁଝାଯାଏ | ବୟସ ସହିତ ବଂଶାନୁକ୍ରମିକ କେଶ ଝଡ଼ିବା ହେଉଛି ଚନ୍ଦା ହେବାର ସବୁଠାରୁ ସାଧାରଣ କାରଣ | କିଛି ଲୋକ ସେମାନଙ୍କର କେଶ ଝଡ଼ିବାକୁ ଚିକିତ୍ସା ମାଧ୍ୟମ ରେ ତ କିଛି ଲୋକ ଲୁଚାଇ ଦେବାକୁ ପସନ୍ଦ କରନ୍ତି | ଅନ୍ୟମାନେ ଏହାକୁ ହେୟାର ଷ୍ଟାଇଲ୍, ମେକଅପ୍, ଟୋପି କିମ୍ବା ସ୍କାର୍ଫ୍ ଦ୍ୱାରା ଘୋଡାଇ ପାରନ୍ତି | ଏବଂ ଅନ୍ୟମାନେ କେଶ ଝଡ଼ିବାକୁ ରୋକିବା କିମ୍ବା ରୋପଣ କରିବା ପାଇଁ ଉପଲବ୍ଧ ଚିକିତ୍ସା ମଧ୍ୟରୁ ଗୋଟିଏ ବାଛନ୍ତି | କେଶ ଝଡିବା ଚିକିତ୍ସା କରିବା ପୂର୍ବରୁ, ଆପଣଙ୍କର କେଶ ଝଡ଼ିବାର କାରଣ ଏବଂ ଚିକିତ୍ସା ବିକଳ୍ପ ବିଷୟରେ ଡାକ୍ତର ସତ୍ୟାର୍ଥଙ୍କ ଠାରୁ ଜାଣନ୍ତୁ | ରେଡିଏନ୍ସ କ୍ଲିନିକ୍, ଭୁବନେଶ୍ୱର ହେଉଛି ଓଡିଶାର ସର୍ବୋତ୍ତମ ଏବଂ ସର୍ବ ପୁରାତନ ସ୍କିନ୍ ଆଣ୍ଡ ହେୟାର କ୍ଲିନିକ୍ ଯେଉଁ ଠାରେ ସର୍ବୋତ୍ତମ ଏବଂ ଅତ୍ୟାଧୁନିକ ପଦ୍ଧତିରେ କେଶ ଉପୁଡିବା ଚିକିତ୍ସା କରାଯାଏ | କଲ୍ ଉପରେ ଏକ ମାଗଣା ପରାମର୍ଶ ପାଇଁ ବର୍ତ୍ତମାନ କଲ୍ କରନ୍ତୁ ଏବଂ ଆପଏଣ୍ଟମେଣ୍ଟ ବୁକ୍ କରନ୍ତୁ | + 91-674- 255-2550, + 91-923-832-1888, + 91-923-812-2550 ବର୍ତ୍ତମାନ ଆପଏଣ୍ଟମେଣ୍ଟ ବୁକ୍ କରନ୍ତୁ |",2021-06-15,PT5M31S,https://i.ytimg.com/vi/9mWrCIC8djU/maxresdefault.jpg,Radiance Clinic - Videos,PATIENT_EDUCATION,Clinic & Doctor,,,,,,,clinic & doctor education,/about,MEDIUM,false,false,yt-dlp metadata export supplied to --input
SKoqCCvz_2U,https://www.youtube.com/watch?v=SKoqCCvz_2U,Things to Know Before Going for a Hair Transplant | Radiance Skin & Hair Clinics,"If you are planning to have a hair transplant, you need to know about certain precautions. The list of precautions or tasks to take before a hair transplant is not very extensive but it plays a significant role in the result. The steps are simple, and you don’t have to worry too much. To help prevent infection and keep the process running smoothly, patients should ask the professional doctor for precautions. The Radiance Skin & Hair Clinics is the largest and most up-to-date dermatology center in Bhubaneswar, Odisha. It was established following the best practices of Skin & Hair experts. The clinic offers treatment of dermatological and all sorts of aesthetic maladies. At Radiance Skin & Hair Clinics our objective is to bring you the latest and the most effective techniques in hair transplant ensuring the highest level of care and attention. As one of the best & the oldest hair transplant centers in Bhubaneswar Odisha, we provide you with all the information about hair transplant, Hair-loss treatment & Skin Care treatments which helps you understand the right treatment for you. This, in turn, allows you to make an informed choice based on your needs and goals. Most Trusted Skin & Hair Clinic of Odisha. Learn more at https://radiancehairclinics.com/ Highlights of Radiance Skin & Hair Clinics: ✔️ 25000+ Served patients across country ✔️ 80000000+ graft placed ✔️ 100% Bacteria & Fungus free operating rooms ✔️ 5 Star Interiors ✔️ UV+ Sterilization ✔️ Member of AHRS ✔️ Member of ISHRS ➤Follow our Daily Facebook Updates: https://www.facebook.com/RadianceClinics ➤Get the latest tips from Our Experts on Instagram: https://www.instagram.com/radianceclinics/ 👩🏻‍⚕GET TO KNOW US! Radiance Skin & Hair Clinics Plot No – N/1-46, IRC Village, First Lane , Bhubaneswar. Tel : +91-674- 255-2550, +91-923-832-1888, +91-923-812-2550 Email: radiance.clinics@gmail.com #hairtransplant #hairtransplantclinic #hairtransplantinbhubaneswar #hairlosstreatment #hairtransplantclinicodisha #besthairtransplantclinicodisha",2021-06-15,PT2M57S,https://i.ytimg.com/vi/SKoqCCvz_2U/maxresdefault.jpg,Radiance Clinic - Videos,HAIR_TRANSPLANT_RESULT,Hair Transplant,,,/concerns/hair-transplant,,"Bhubaneswar, Odisha",candidate-only,result research,/results,MEDIUM,false,true,yt-dlp metadata export supplied to --input
HEDefwh6298,https://www.youtube.com/watch?v=HEDefwh6298,Top Rated Skin & Hair Clinic in Bhubaneswar | 60000+ Happy Patients | Radiance Skin & Hair Clinics,"The Radiance Skin & Hair Clinic is the largest and most up-to-date center in Odisha, It was established following the best practices of Skin & Hair experts. The clinic offers treatment of dermatological and all sorts of aesthetic maladies. At Radiance Skin & Hair Clinics, our objective is to bring you the latest and the most effective techniques in hair transplant ensuring the highest level of care and attention. As one of the best & the oldest hair transplant centers in Odisha, we provide you with all the information about hair transplant, Hair-loss treatment & Skin Care treatments which helps you understand the right treatment for you. This, in turn, allows you to make an informed choice based on your needs and goals. Learn more at https://radiancehairclinics.com/ and https://radianceclinics.com/. Highlights of Radiance Skin & Hair Clinics: ✔️ 25000+ Served patients across country ✔️ 80000000+ graft placed ✔️ 100% Bacteria & Fungus free operating rooms ✔️ 5 Star Interiors ✔️ UV+ Sterilization ✔️ Member of AHRS ✔️ Member of ISHRS ➤Follow our Daily Facebook Updates: https://www.facebook.com/RadianceClinics ➤Get the latest tips from Our Experts on Instagram: https://www.instagram.com/radianceclinics/ 👩🏻‍⚕GET TO KNOW US! Radiance Skin & Hair Clinics Plot No – N/1-46, IRC Village, First Lane , Bhubaneswar. Tel : +91-674- 255-2550, +91-923-832-1888, +91-923-812-2550 Email: radiance.clinics@gmail.com",2021-06-09,PT2M3S,https://i.ytimg.com/vi/HEDefwh6298/maxresdefault.jpg,Radiance Clinic - Videos,TREATMENT_EXPLAINER,Hair Transplant,,/treatments/hair-restoration/fue-hair-transplant,/concerns/hair-transplant,,"Bhubaneswar, Odisha",,hair transplant education,/hair-transplant-bhubaneswar,HIGH,false,true,yt-dlp metadata export supplied to --input
y7MzTLDAr_E,https://www.youtube.com/watch?v=y7MzTLDAr_E,4 Months Hair Transplant Journey From Bald to Bold | Best Hair Transplant in Bhubaneswar,"Mr Yashwant Singh sharing his experience, how easily after 4 months he is happy with the result of proper hair transplant surgery in Radiance Skin & Hair Clinics Bhubaneswar, Odisha. Individuals who are looking for hair transplant in India, should visit Radiance Skin & Hair Clinics for quality and effective treatment. To have treatment from the best skin & hair specialist in Bhubaneswar do contact Radiance Skin & Hair Clinics. Best dermatologist and hair transplant surgeons and facilities to offer the most effective & perfect skin & hair treatments. You can expect to have the best of skincare services and cosmetic surgery procedures for both men and women. Call at +91-674- 255-2550, +91-923-832-1888, +91-923-812-2550 to book an appointment now. #HairTransplant #Hairtransplantresult #hairtransplantworks #HairTransplantfeedback Learn more at https://radiancehairclinics.com/. ➤Follow our Daily Facebook Updates: https://www.facebook.com/RadianceClinics ➤Get the latest tips from Our Experts on Instagram: https://www.instagram.com/radianceclinics/ 👩🏻‍⚕GET TO KNOW US! Radiance Skin & Hair Clinics Plot No – N/1-46, IRC Village, First Lane, Bhubaneswar Tel : +91-674- 255-2550, +91-923-832-1888, +91-923-812-2550 Email: radiance.clinics@gmail.com",2021-06-07,PT3M42S,https://i.ytimg.com/vi/y7MzTLDAr_E/maxresdefault.jpg,Radiance Clinic - Videos,HAIR_TRANSPLANT_RESULT,Hair Transplant,,,/concerns/hair-transplant,,"Bhubaneswar, Odisha",candidate-only,result research,/results,MEDIUM,false,true,yt-dlp metadata export supplied to --input
YRmBWuRBg3A,https://www.youtube.com/watch?v=YRmBWuRBg3A,Common Doubts on Hair Transplant | Best Hair Transplant Centre in Odisha |Radiance Hair Clinics,"How to have best of hair transplantation in Bhubaneswar If you are searching for a hair transplant clinic in Bhubaneswar, then the primary step you take is to search over the internet. You must have realized how difficult it is as you come in front of various choices. Google brings you in front of many clinics in Bhubaneswar and some even offering significant discounts. You know that a significant discount is not the criteria that will help you decide on the clinic where you can have hair transplanted. There are various other factors to consider, as a surgical procedure is not a matter of joke. So, let us see how we can select the best clinic for having a hair transplant in Bhubaneswar. Select a clinic having a bright background and experienced cosmetic surgeons The process of hair transplantation involves surgery. As the modern technology of hair transplantation is delicate, the cosmetic surgeons need to have the proper experience to perform it best. If you see that a clinic is new to this venture, then it is better to shift to another clinic. Moreover, it would help if you looked at the experience level of the cosmetologists attached to the clinic. If you see that they have not performed many hair transplantations before, you also need to avoid that clinic where they have an association. However, if you are at a clinic that is in this field for some time, you can expect of reputed cosmetologists associated with it and the presence of modern pieces of equipment to perform the hair transplant surgery. Moreover, the clinic must have the ability to offer hair transplantation not only to the scalp but also to different body parts. Have a look at the experience level of the surgeon You need to have explicit knowledge about the experience level of the surgeon who performs hair transplantation at a clinic. There are various modern and refined methods of hair transplantation as Follicular Unit Extraction and Direct Hair Transplantation. The surgeon in a clinic must have adequate exposure to such techniques and must have performed hair transplantation using such methodology. You only can trust a certified practitioner to have the best hair transplantation. Know the hair transplantation process in details You need to know the process of hair transplantation in detail before you opt to have one. It would help if you did not Google to see the process but ask the clinic where you intend to have hair transplanted. You can have three responses; one is they can say it is highly technical for the ordinary person to understand; they can delay giving you an answer or fix an appointment with the surgeon to understand the process. Yes, we know it is impossible to understand all the steps in detail by us, but at least we can have a fair idea of how the transplantation happens. The reason for asking the clinic to have an explanation of the hair transplantation process is to gauge how open they are in discussing with patients the process they follow and whether they have, a qualified surgeon associated with them. Choose a local clinic It is always convenient to have hair transplanted at a local clinic if we consider pre and post-operative comfort. As the clinic is local, you can directly be at the clinic to ascertain the clinic's proficiency before you have the treatment from them. It would be easier for you to travel to the clinic to have the surgery and follow-up after the treatment if the clinic is local. As you choose a hair transplant clinic in Bhubaneswar and live at Bhubaneswar, you can find many known to you who have had hair transplantation. You can talk with them directly and understand whether it is best to have hair transplantation at that clinic. Radiance Clinics is the Best hair transplantation clinic that you can depend on to have the best hair transplant in Bhubaneswar.we have the best aesthetic surgeons and modern equipment, enabling them to perform hair transplantation using advanced methodologies. #skincareclinicodisha #Hairtransplantresult #hairtransplantworks #Besthairtransplantcentreinodisha #Drsatyarthprakash #Radianceclinics Learn more at https://radianceclinics.com/. https://radiancehairclinics.com/ ➤Follow our Daily Facebook Updates: https://www.facebook.com/RadianceClinics ➤Get the latest tips from Our Experts on Instagram: https://www.instagram.com/radianceclinics/ 👩🏻‍⚕GET TO KNOW US! Radiance Skin & Hair Clinics Plot No – N/1-46, IRC Village, First Lane, Bhubaneswar Tel : +91-674- 255-2550, +91-923-832-1888, +91-923-812-2550 Email: radiance.clinics@gmail.com",2021-05-26,PT5M12S,https://i.ytimg.com/vi/YRmBWuRBg3A/maxresdefault.jpg,Radiance Clinic - Videos,HAIR_TRANSPLANT_RESULT,Hair Transplant,,,/concerns/hair-transplant,Dr. Satyarth Prakash,"Bhubaneswar, Odisha",candidate-only,result research,/results,MEDIUM,false,true,yt-dlp metadata export supplied to --input
wwT6CX3a1FY,https://www.youtube.com/watch?v=wwT6CX3a1FY,ମହିଳା ମାନଙ୍କର କେଶ ଝଡ଼ିବାର କାରଣ ଏବଂ ନିରାକରଣ | ରେଡ଼ିଏନ୍ସ କ୍ଲିନିକ ଭୁବନେଶ୍ୱର | ଡ଼କ୍ଟର ସତ୍ୟାର୍ଥ ପ୍ରକାଶ,"କେଶ ଝଡ଼ିବା ସାଧାରଣତଃ ନିମ୍ନଲିଖିତ କାରଣଗୁଡ଼ିକ ମଧ୍ୟରୁ ଗୋଟିଏ କିମ୍ବା ଅଧିକ ସହିତ ଜଡିତ: ବଂଶାନୁକ୍ରମିକ କେଶ ଝଡ଼ିବାର ସବୁଠାରୁ ବ୍ୟାପକ ସ୍ୱୀକୃତିପ୍ରାପ୍ତ କାରଣ ହେଉଛି ଏକ ଅନ୍ତର୍ନିହିତ ଅବସ୍ଥା ଯାହା ପରିପକ୍ୱତା ସହିତ ଘଟେ | ଏହି ଅବସ୍ଥାକୁ ଆଣ୍ଡ୍ରୋଜେନିକ୍ ଆଲୋପେସିଆ, ପୁରୁଷ-ଡିଜାଇନ୍ କେଶହୀନତା ଏବଂ ମହିଳା-ଡିଜାଇନ୍ ସ୍ୱଳ୍ପତା କୁହାଯାଏ | ଏହା ଏକ ନିୟମ ଭାବରେ ପର୍ଯ୍ୟାୟ କ୍ରମେ ଏବଂ ଅପ୍ରତ୍ୟାଶିତ ଉଦାହରଣଗୁଡିକରେ ଘଟେ - ଏକ ସବସିଡିଙ୍ଗ୍ ହେୟାର ଲାଇନ୍ ଏବଂ ପୁରୁଷମାନଙ୍କରେ ଖାଲି ଦାଗ ଏବଂ ମହିଳାମାନଙ୍କ ସ୍କାଲ୍ ମୁକୁଟ ସହିତ କେଶ ହ୍ରାସ ହୁଏ | ହରମୋନାଲ ପରିବର୍ତ୍ତନ ଏବଂ ଅସୁସ୍ଥତା | ଗର୍ଭଧାରଣ, ଶ୍ରମ, ମେନୋପାଜ୍ ଏବଂ ଥାଇରଏଡ୍ ପରି ହରମୋନ୍ ପରିବର୍ତ୍ତନ ସମସ୍ୟା ହେତୁ ସ୍ଥାୟୀ କିମ୍ବା ଅସ୍ଥାୟୀ ଭାବରେ କେଶ ଝଡ଼ିବାର ସମସ୍ୟା ଉପୁଜି ପାରେ | ରୋଗଗୁଡିକ ଆଲୋପେସିଆ ଆରେଟା (al-o-PEE-she-uh ar-eA-tuh) କୁ ଅନ୍ତର୍ଭୁକ୍ତ କରେ, ଯାହା patchy hair loss, ରିଙ୍ଗୱର୍ମ ପରି ତ୍ୱଚା ରୋଗ ଏବଂ ଟ୍ରାଇକୋଟିଲୋମାନିଆ(trik-o-til-o-MAY-nee-uh). ନାମକ ଏକ କେଶ ଟାଣିବା ସମସ୍ୟା ପାଇଁ ହୁଏ | ଔଷଧ ଏବଂ ସପ୍ଲିମେଣ୍ଟସ୍ | କେଶ ଝଡ଼ିବା ନିର୍ଦ୍ଦିଷ୍ଟ ଔଷଧ ର ଏକ ଲକ୍ଷଣ ହୋଇପାରେ, ଉଦାହରଣ ସ୍ୱରୂପ, Cancer,., ଗଣ୍ଠି ପ୍ରଦାହ (arthritis), ଦୁଃଖ (depression), ହୃଦଘାତ (heart problems), ଏବଂ ଉଚ୍ଚ ରକ୍ତଚାପ (high blood pressure) ପାଇଁ ହୁଏ | ଚାପ (Stress ) ଅନେକ ବ୍ୟକ୍ତି ଶାରୀରିକ କିମ୍ବା ଉତ୍ସାହୀ ଷ୍ଟଣ୍ଟ ପରେ କିଛି ସମୟ କେଶର ସାମଗ୍ରିକ ହ୍ରାସ ଅନୁଭବ କରନ୍ତି | ଏହି ପ୍ରକାରର ବାଳ ଯିବା କ୍ଷଣସ୍ଥାୟୀ | କେଶ ଶୈଳୀ ଏବଂ ଚିକିତ୍ସା | ଅତ୍ୟଧିକ ହେୟାର ଷ୍ଟାଇଲ୍ କିମ୍ବା ହେୟାର ଷ୍ଟାଇଲ୍ ଯାହା ଆପଣଙ୍କ କେଶକୁ ଟାଣେ, ଟ୍ରାକ୍ସନ୍ ଆଲୋପେସିଆ ନାମକ ଏକ ପ୍ରକାର କେଶ ଉପୁଡିବା କାରଣ ହୋଇପାରେ | ଗରମ ତେଲ କେଶର ଚିକିତ୍ସା ଏବଂ ସ୍ଥାୟୀତା ମଧ୍ୟ କେଶ ଉପୁଡିବା କାରଣ ହୋଇପାରେ ରେଡିଏନ୍ସ କ୍ଲିନିକ୍, ଭୁବନେଶ୍ୱର ହେଉଛି ଓଡିଶାର ସର୍ବୋତ୍ତମ ଏବଂ ସର୍ବ ପୁରାତନ ସ୍କିନ୍ ଆଣ୍ଡ ହେୟାର କ୍ଲିନିକ୍ ଯେଉଁ ଠାରେ ସର୍ବୋତ୍ତମ ଏବଂ ଅତ୍ୟାଧୁନିକ ପଦ୍ଧତିରେ କେଶ ଉପୁଡିବା ଚିକିତ୍ସା କରାଯାଏ | Call now for a free consultation over call & Book an appointment now . +91-674- 255-2550 , +91-923-832-1888 , +91-923-812-2550 Book an appointment now . #hairtransplantinbhubaneswar #radianceclinic #radiancebhubaneswar #hairlosstreatment ,#besthairtransplantclinicodisha",2021-05-16,PT2M24S,https://i.ytimg.com/vi/wwT6CX3a1FY/maxresdefault.jpg,Radiance Clinic - Videos,TREATMENT_EXPLAINER,Hair Loss,,/treatments/hair-restoration/advanced-hair-fall-solutions,/concerns/hair-loss-scalp,,"Bhubaneswar, Odisha",,hair loss education,/concerns/hair-loss-scalp,HIGH,false,false,yt-dlp metadata export supplied to --input
0pS_youEL8U,https://www.youtube.com/watch?v=0pS_youEL8U,ସ୍କିନ କଲର ଏବଂ ଗ୍ଲୋ କେମିତି ବଢ଼ାଇବେ | ରେଡ଼ିଏନ୍ସ କ୍ଲିନିକ ଭୁବନେଶ୍ୱର | ଡ଼କ୍ଟର ସତ୍ୟାର୍ଥ ପ୍ରକାଶ,"Cosmetic clinics are nowadays utilising the best features to whiten the skin tone and bring about the right kind of complexions in people. In this case, Radiance Clinics has earned a great name for itself, especially because of the use of advanced technologies in the process. We have patients coming in with demands that vary from different types of photo laser rejuvenation therapy to simple peels and even injections of glutathione. But our experts take proper decisions on each case after due assessment and bring forth the best deals for you, so that your aesthetic appeal will be quite good. In the case of laser photo rejuvenation, we have the advanced machineries to be used on the patients. Upon the discretion of the cosmetologists, we try to utilise the best features of laser beams for treatment of wrinkles, skin damaged by sun, scarring and keratosis and telangiectasis. Through variety of sittings, using different techniques, the laser light rejuvenation has lots of flexibility and combines with different other procedures. As a result, in comparison to various other procedures, this kind of process has been considered to be quite efficient and long lasting. The Nd yag laser has been considered to be the most commonly utilised form of laser beam, where the results are most efficient and widely acceptable among our patients. Done by experts, this kind of cosmetic surgery will bring forth the most efficient results. Another very effective method that is utilised in Radiance Clinics is the use of peels, derived from chemicals as alphahydroxy or betahydroxy acids or some other herbal products. Primarily, this kind of peel works with the creation of a fine microabrasion, when then heals and gives the fresh look to the skin. But, patients are required to carry out the process under expert supervision and consult their cosmetologists and surgeons. Providing natural methods to reduce the melanin growth on the skin is also a technique in our clinics utilised by the doctors. Our experts are well aware about the methods of utilising the glutathione to ensure that the best features of the application can be elicited. In this kind of treatment, the glutathione works through variety of modes, so that the best features should be clearly evident in the patients. So, when you are planning on having brightened skin features, check our range of features to ensure that the best results are obtained under the guidance of our expert cosmetic surgeons. #skincareclinicodisha #Hairtransplantresult #hairtransplantworks #Besthairtransplantcentreinodisha #Drsatyarthprakash #Radianceclinics Learn more at https://radianceclinics.com/. ➤Follow our Daily Facebook Updates: https://www.facebook.com/RadianceClinics ➤Get the latest tips from Our Experts on Instagram: https://www.instagram.com/radianceclinics/ 👩🏻⚕GET TO KNOW US! Radiance Skin & Hair Clinics Plot No – N/1-46, IRC Village, First Lane, Bhubaneswar Tel : +91-674- 255-2550, +91-923-832-1888, +91-923-812-2550 Email: radiance.clinics@gmail.com",2021-05-16,PT1M58S,https://i.ytimg.com/vi/0pS_youEL8U/sddefault.jpg,Radiance Clinic - Videos,SKIN_RESULT,Pigmentation,,,/concerns/pigmentation,Dr. Satyarth Prakash,"Bhubaneswar, Odisha",candidate-only,result research,/results,MEDIUM,false,true,yt-dlp metadata export supplied to --input
8_OcmciswBE,https://www.youtube.com/watch?v=8_OcmciswBE,"Re-Grow Hair without Hair Transplant | RADIANCE SKIN & HAIR CLINICS | IN BHUBANESWAR ,ODISHA","Aman Hussain explaining how easy it is to overcome the Hair-loss problem through proper PRP treatment (without any surgery ) in Bhubaneswar ,Odisha , sharing his experience at Radiance Clinics. He got PRP Treatment done at Radiance Clinics and very happy with his results in 5 months as you can see in this video. Individual who are suffering from hair loss in India, should visit Radiance Clinics Bhubaneswar for actually understand the possible and effective treatments available to regrow hair before taking any decision to do Hair-Transplant .To have treatment from best skin specialist in Bhubaneswar do contact Radiance Clinics. Best dermatologist and hair transplant surgeons and facilities to offer perfect skin & hair treatment . You can expect to have the best of skincare services and cosmetic surgery procedures for both men and women . Call at +91-674- 255-2550 ,+91-923-832-1888 , +91-923-812-2550 to book an appointment now . ▬▬▬▬▬▬▬▬▬▬▬▬▬▬▬▬▬▬▬▬▬▬▬▬▬▬▬▬▬▬▬▬▬▬▬▬▬▬▬▬▬▬▬▬ #hairtransplantinbhubaneswar #radianceclinic #radiancebhubaneswar #hairlosstreatment ▬▬▬▬▬▬▬▬▬▬▬▬▬▬▬▬▬▬▬▬▬▬▬▬▬▬▬▬▬▬▬▬▬▬▬▬▬▬▬▬▬▬▬▬",2021-05-08,PT4M5S,https://i.ytimg.com/vi/8_OcmciswBE/maxresdefault.jpg,Radiance Clinic - Videos,HAIR_TRANSPLANT_RESULT,Hair Transplant,,,/concerns/hair-transplant,,"Bhubaneswar, Odisha",candidate-only,result research,/results,MEDIUM,false,true,yt-dlp metadata export supplied to --input
qBKFQ45lX2M,https://www.youtube.com/watch?v=qBKFQ45lX2M,ଚନ୍ଦାପଣ ର ସଫଳ ଚିକିତ୍ସ୍ୟା | ହେୟାର ଟ୍ରାନ୍ସପ୍ଲାଣ୍ଟ ଭୁବନେଶ୍ୱର | ରେଡ଼ିଏନ୍ସ ହେୟାର ଟ୍ରାନ୍ସପ୍ଲାଣ୍ଟ |,ରେଡ଼ିଏନ୍ସ କ୍ଲିନିକ ଭୁବନେଶ୍ୱର ରେ ଅତ୍ୟାଧୁନିକ ଟେକ୍ନୋଲୋଜିରେ ହେୟାର ଟ୍ରାନ୍ସପ୍ଲାଣ୍ଟ ହେଇପାରୁଛି . ରେଡ଼ିଏନ୍ସ କ୍ଲିନିକରେ ଦୀର୍ଘ ୧୪ ବର୍ଷ ହେଲାଣି ହେୟାର ଟ୍ରାନ୍ସପ୍ଲାଣ୍ଟ କରାଯାଉଛି ୧୦୦ ପରସେଣ୍ଟ ସକ୍ସେସ ରେଟରେ . ଅନ୍ୟ ମେଟ୍ରୋ ସହର ଅପେକ୍ଷା ରେଡ଼ିଏନ୍ସରେ ଅପେକ୍ଷାକୃତ ସ୍ୱଳ୍ପ ଖର୍ଚ୍ଚରେ ହେୟାର ଟ୍ରାନ୍ସପ୍ଲାଣ୍ଟ କରାଯାଉଛି | ଆପଏଣ୍ଟମେଣ୍ଟ ପାଇଁ ନିମ୍ନଲିଖିତ ନମ୍ବରରେ ଯୋଗାଯୋଗ କରନ୍ତୁ 9238321888 9238122550,2021-04-25,PT1M14S,https://i.ytimg.com/vi/qBKFQ45lX2M/sddefault.jpg?v=6a4ce0cc,Radiance Clinic - Videos,PATIENT_EDUCATION,Other,,,,,,,other education,/videos,MEDIUM,true,false,yt-dlp metadata export supplied to --input
rbnlBSIQSUs,https://www.youtube.com/watch?v=rbnlBSIQSUs,BEST HAIR TRANSPLANT | HAIR TRANSPLANT IN BHUBANESWAR | RADIANCE CLINIC | HAIRFALL ODISHA|,"live testimonial of the various hairloss patients who have been treated at Radiance Hair Transplant Clinic in Bhubaneswar | At the most, people will want to get a good appearance of their face and body by having natural looking fuller hair. It would be great for those with receding hairline or falling hair to get back their normal hair, so that they can regain their looks. This has been very much possible because of the presence of Radiance Hair Clinics, at Bhubaneswar. Now people in and around Odisha have the best features in hair transplantation without having to worry about high costs and travelling. In our set up of Radiance, we have wide range of advanced techniques and machineries for carrying out different procedures of hair transplantation, which would be suitable for most people. Both females and males can get hair transplantation from the expert transplant surgeons, so that they can have youthful looks. This has been made possible by different modern and refined techniques like Follicular Unit Extraction or FUE and Direct Hair Transplantation or DHT, so that there can be given results for different types of baldness. Our doctors explain in detail the work that would be required to be done for a particular patient. This brings in improved confidence as well as gives the right results when the processes are undertaken. At the given moment, they can be told about various other aspects of the hair transplantation procedures, by our expert counsellors and also by the doctors. There is no room for worry when you arrive at our centre, because we are well equipped with advanced machineries as well as highly experienced hair transplant surgeons in Odisha. Besides the hair transplantation on the scalp, we also offer the transplant for different body parts such as facial hair, beard, moustache, and even on the limbs. Since people have different reasons to get hair transplant, it is important to have the prior consultation with the doctors to ensure that the right procedures are adopted. This ensures that the results are also fine with work being done by the best hair transplantation surgeons.",2021-04-17,PT2M18S,https://i.ytimg.com/vi/rbnlBSIQSUs/maxresdefault.jpg,Radiance Clinic - Videos,HAIR_TRANSPLANT_RESULT,Hair Transplant,,,/concerns/hair-transplant,,"Bhubaneswar, Odisha",candidate-only,result research,/results,MEDIUM,false,true,yt-dlp metadata export supplied to --input
ZcVwQSfC3JE,https://www.youtube.com/watch?v=ZcVwQSfC3JE,"କଣ କୁହନ୍ତି ନିଜେ ଜଣେ ଡାକ୍ତର | ରେଡିଏନ୍ସ କ୍ଲିନିକ୍, ଭୁବନେଶ୍ୱରରେ ନିଜେ ହେୟାର ଟ୍ରାନ୍ସପ୍ଲାଣ୍ଟ କରିବା ପରେ","The video presentation is of dr shakti pattanaik who helped us spread the awareness of Hair Transplant by sharing his own experience . Two sessions have been done in a span of 6 months . the first hair transplant was done using 2500 grafts from the scalp and for the second session appoximately 2000 grafts was done using the same scalp hair as the donor area was good . The results being shown in the video is 4 months after the second hair transplant , where more growth is expected around 40 % hair is yet to grow at the crown portion which will eventually happen over the period of another 4 months . Three reasons to have a hair transplant in Bhubaneswar The accomplishment rate of transplantation of hair in Bhubaneswar is high. About 80% of the relocated hair follicles will form into hair to give a distinctive look. Various reasons may lead you to have a hair transplant in Bhubaneswar. On the off chance that you need to assess this smart strategy or attempt to figure out how to handle this humiliating circumstance of going bald, read on to find a few reasons to have hair transplantation in Bhubaneswar. There are reputed hair clinics in Bhubaneswar like Radiance having the expertise to offer the FUE and FUT nature of hair transplant at an affordable rate. The reasons to have hair transplantation in Bhubaneswar Many clinics in Bhubaneswar and elsewhere claim to offer the best of hair transplantation. However, well-known hair clinics in Bhubaneswar stand isolated from other facilities offering hair transplantation for different reasons. Permit us to discuss those real factors. Adoption of the best method to collect hair follicle from the donor zone Indeed, specialists at these facilities accumulate grafts from areas comparable to others at different clinics. They use territories like the face, neck, arms, legs and chest to have hair follicles. The differentiation lies in the curing of the donor zone. Experts at various hair clinics do not follow the suitable modern method to collect hair follicles. As they do not follow the appropriate procedure, the skin has harm. The damaged skin endeavours to patch itself, and there is the development of collagen fibres leading to inciting thick scar tissues. Regardless, the specialists at reputed hair clinics in Bhubaneswar use modern FUE instruments to accumulate hair follicle from a donor area that does not damage the skin. Hence, you will not have to face any problem having any redness or scars in the donor area. Use of modern instruments for hair transplantation Experts at the reputed hair clinics in Bhubaneswar use modern devices for hair transplantation. The use of such devices does not allow hair follicles to have any damage. These exact handheld mechanized instruments tenderly draw the follicle to detach it from the donor area. Such devices do not leave any scar; nonetheless, it makes it possible to have the best hair follicles. As the hair follicles stay sound after the extraction, the possibility of having the best hair transplantation increases. They offer the best hair transplantation strategy Reputed hair clinics in Bhubaneswar have trained skin and hair professionals and current equipment to provide modern hair treatment. When you have excessive hair loss, you can depend upon these clinics in Bhubaneswar to have the best hair transplantation. There are two methods. Each is significant, yet both have different qualities. These facilities' hair experts will empower you to get to the best hair transplantation strategy, as demonstrated by your condition. The specialists have the ability and data to offer both FUT and FUE hair transplantation. The well-known clinics have the best modern equipment allowing the hair specialists to play out the hair relocation in an ideal manner. The experts examine you to understand your condition and suggest a simple procedure for hair transplantation. FUT is the ideal strategy when you need to have full hair development, while FUE helps control hair fall and let you have fuller and thicker hair development. You can depend upon Radiance Hair Clinics in Bhubaneswar to have the best hair transplant in Bhubaneswar. They find the right reason for going bald and undertake the best cycle for transplantation. Similarly, their skin experts have an inclination concerning Bio hair transplant and can relocate hair not solely to your scalp yet to any body parts you need. They have the best experts who can attempt the modern-day treatment methodology to achieve the hair transplant perseveres through long redesigning your look. To have hair transplantation at this clinic, call at 0674-2552550 and 9238321888.",2021-04-16,PT2M46S,https://i.ytimg.com/vi/ZcVwQSfC3JE/maxresdefault.jpg,Radiance Clinic - Videos,HAIR_TRANSPLANT_RESULT,Hair Transplant,,,/concerns/hair-transplant,,"Bhubaneswar, Odisha",candidate-only,result research,/results,MEDIUM,false,true,yt-dlp metadata export supplied to --input
nQq7xh7nkF4,https://www.youtube.com/watch?v=nQq7xh7nkF4,HAIR LOSS CAUSES AND ITS TREATMENT | RADIANCE CLINIC BHUBANESWAR | BEST CLINIC FOR HAIRLOSS,"Watch Dr Satyartha Prakash speak about most common reasons of hair fall and its treatment . Radiance has been one of the pioneers in treating hair-loss since a decade. The Radiance Clinic Bhubaneswar is the largest and most up-to-date dermatology center in Odisha, it was established following the best practices of Skin & Hair experts. The clinic offers treatment of dermatological and all sorts of aesthetic maladies. At Radiance Clinic Bhubaneswar, our objective is to bring you the latest and the most effective techniques in hair transplant ensuring the highest level of care and attention. As one of the best & the Oldest hair transplant centers in Odisha, we provide you with all the information about hair transplant , Hair-loss treatment & Skin Care treatments which helps you understand the right treatment for you. This, in turn, allows you to make an informed choice based on your needs and goals. Most Trusted Skin & Hair Clinic Of Odisha | 25000+ Happy patients . @Radiance Clinics Bhubaneswar #skincareclinicodisha #Hairtransplantresult #hairtransplantworks #Besthairtransplantcentreinodisha #Drsatyarthprakash #Radianceclinics Learn more at https://radianceclinics.com/. https://radiancehairclinics.com/. ➤Follow our Daily Facebook Updates: https://www.facebook.com/RadianceClinics ➤Get the latest tips from Our Experts on Instagram: https://www.instagram.com/radianceclinics/ 👩🏻⚕GET TO KNOW US! Radiance Skin & Hair Clinics Plot No – N/1-46, IRC Village, First Lane, Bhubaneswar Tel : +91-674- 255-2550, +91-923-832-1888, +91-923-812-2550 Email: radiance.clinics@gmail.com",2020-08-01,PT2M59S,https://i.ytimg.com/vi/nQq7xh7nkF4/maxresdefault.jpg,Radiance Clinic - Videos,HAIR_TRANSPLANT_RESULT,Hair Transplant,,,/concerns/hair-transplant,Dr. Satyarth Prakash,"Bhubaneswar, Odisha",candidate-only,result research,/results,MEDIUM,false,true,yt-dlp metadata export supplied to --input
Q1QymkglWUs,https://www.youtube.com/watch?v=Q1QymkglWUs,Hair Transplant in Bhubaneswar - Hair Transplant Customer Reviews | Radiance Clinics Bhubaneswar,"We are glad to share a positive review as one of our clients had undergone 2500 grafts for frontal area restoration along with temporal reconstruction. The result shown is approximately six months post hair transplant. We are the first hair transplant clinic in Bhubaneswar to start hair transplant service almost 13 years back and with over 3000+ successful cases and received satisfied feedback. Radiance Clinics now has become a top destination of hair transplant in India with internationally acclaimed doctors and high quality instruments, Clinics has become a top destination for hair transplant service in Bhubaneswar as well. Feel free to call us at 0674-2552550 and 9238321888 for a consultation. For more information about hair transplant and hair loss treatment visit us at https://radiancehairclinics.com/",2020-06-02,PT2M6S,https://i.ytimg.com/vi/Q1QymkglWUs/maxresdefault.jpg,Radiance Clinic - Videos,HAIR_TRANSPLANT_RESULT,Hair Transplant,,,/concerns/hair-transplant,,"Bhubaneswar, Odisha",candidate-only,result research,/results,MEDIUM,false,true,yt-dlp metadata export supplied to --input
X74YHvMRXGc,https://www.youtube.com/watch?v=X74YHvMRXGc,Incredible results of only 2000 grafts| By Dr Satyartha Prakash | Radiance Clinics Bhubanaeswar,"Results displayed in the video is just of 2000 grafts planted on the front side . The back side development is achieved by giving certain medications and few sessions of prp. The hair transplant on back side is planned after 6 months from the first session. Carrying out the high density hair transplant requires high level of expertise which is present with our doctors at Radiance. This is because of the extensive training in many foreign clinics and long years of experience with variety of cases. When you are seeking to get thicker and bushier hair on the scalp, consult with our doctors and get the most suitable transplant. Depending on the suitability of the patient, this kind of transplant can be very easily carried out. Although this procedure would require a bit longer time to be carried out in comparison to the normal FUE and FUT methods, it still has better appearances when finished. for more information log on to www.radiancehairclinics.com. www.radianceclinics.com face book page - https://www.facebook.com/RadianceClinics/ for many such stories and videos kindly subscribe to our channel.",2020-06-02,PT1M44S,https://i.ytimg.com/vi/X74YHvMRXGc/maxresdefault.jpg,Radiance Clinic - Videos,HAIR_TRANSPLANT_RESULT,Hair Transplant,,,/concerns/hair-transplant,Dr. Satyarth Prakash,,candidate-only,result research,/results,MEDIUM,false,true,yt-dlp metadata export supplied to --input
yVObHfdXQb8,https://www.youtube.com/watch?v=yVObHfdXQb8,COST OF HAIR TRANSPLANT | DETAILS EXPLAINED BY DR SATYARTHA PRAKASH,"Cost of Hair Transplant explained by Dr Satyartha Prakash from Radiance Clinics Bhubaneswar. Money is an important factor, but again it is advisable not to avoid quality treatment just to save a few thousands. Across Bhubaneswar, there are innumerable hair transplant clinics that offer inexpensive hair transplantation. However, it is not necessary that the cheapest clinic will be the best. To visit a clinic that will give you the best and the most hygienic treatment, you must ensure chalking out your budget and prepare yourself with the amount that you necessarily need to spend on your hair transplant. An inexpensive hair transplant center might leave your scalp with visible scars. Thus, to get high-quality service and treatment, it is best that you opt for an clinic which gives you a quality treatment at an affordable price. website- https://www.radianceclinics.com/ https://www.facebook.com/RadianceClinics/?eid=ARALFofE82bmNaqz_cqRoLp_0vyZzMhNl8S6TpHpuvsPpL6LCIYu2ZOoSW2wHzxOPQ_xv_a6Pc_7zcN4 other results 1. amazing results - https://www.youtube.com/watch?v=byA3VbPCkwU 2. great results - https://www.youtube.com/watch?v=3i2gw_YiR_8 3. live results of Hair Transplant- https://www.youtube.com/watch?v=U2HtLnCD63o our location - https://www.google.com/maps/place/Radiance+Hair+Transplant+Clinic+In+Bhubaneswar+Odisha/@20.2873214,85.8069333,17z/data=!3m1!4b1!4m5!3m4!1s0x3a1909d365aadd17:0x54ccd139d7fd20d7!8m2!3d20.2873214!4d85.809122",2020-04-22,PT2M36S,https://i.ytimg.com/vi/yVObHfdXQb8/maxresdefault.jpg,Radiance Clinic - Videos,HAIR_TRANSPLANT_RESULT,Hair Transplant,,,/concerns/hair-transplant,Dr. Satyarth Prakash,"Bhubaneswar, Odisha",candidate-only,result research,/results,MEDIUM,false,true,yt-dlp metadata export supplied to --input
-NVx1UC93p0,https://www.youtube.com/watch?v=-NVx1UC93p0,ACNE TREATMENT & SOLUTIONS | RADIANCE CLINICS,"One of the most common facial skin problems for adolescents is acne, a troubling skin condition that can affect confidence and self-esteem. As sebaceous glands become over active and produce excess oil, follicles become plugged, resulting in blackheads and white-heads. These plugged follicles can then become inflamed, causing pimples, nodules and cysts. Although acne is not harmful to health and will usually go away after time, moderate to severe acne can leave scars. There are several acne treatment options available that can effectively treat acne and eliminate or reduce the scarring it causes. #acne #dermatolgy #radiance clinics",2020-04-22,PT3M8S,https://i.ytimg.com/vi/-NVx1UC93p0/sddefault.jpg,Radiance Clinic - Videos,SKIN_RESULT,Acne,,,/concerns/acne,,,candidate-only,result research,/results,MEDIUM,false,true,yt-dlp metadata export supplied to --input
byA3VbPCkwU,https://www.youtube.com/watch?v=byA3VbPCkwU,Amazing Results of Hair transplant | Radiance Clinics Bhubaneswar,"3500 grafts has been planted on this patient , this is the results after 6 months , more 20-30 percent results is expected . the density is more on the frontal position and a bit less on the back side as maximum of 3500 grafts were taken on a single day . the next density fill up session on the back side is planned after 6 months. #hairtransplant #hairtransplantresults #haircare #hairgrafts #grafts #hairgrowth #hairlosstreatment #hairlosssolutions #hairlosshelp #hairlossspecialist #hairlossclinic #hairlossremedy #baldnesscure #baldnesssolution #baldnessmen #baldnesstreatment",2020-04-08,PT2M18S,https://i.ytimg.com/vi/byA3VbPCkwU/maxresdefault.jpg,Radiance Clinic - Videos,HAIR_TRANSPLANT_RESULT,Hair Transplant,,,/concerns/hair-transplant,,"Bhubaneswar, Odisha",candidate-only,result research,/results,MEDIUM,false,true,yt-dlp metadata export supplied to --input
3i2gw_YiR_8,https://www.youtube.com/watch?v=3i2gw_YiR_8,A Great Experience of Hair Transplant At Radiance Clinics Bhubaneswar | Radiance Hair Transplant|,"2500 grafts have been planted only on the front side to create a natural looking hair line design, the crown portion has been somewhat developed by prp treatments but will be soon be be planted in the next session . The success rate of hair transplant in Bhubaneswar is high. About 80% of the transplanted hair follicles will grow into hair to give a natural look. Various reasons might lead you to undergo hair transplant in Bhubaneswar. If you want to try out this stylish procedure or correct a long-term defect, read on to find out about the success rate of hair transplant and about the types of transplant surgeries possible to have. Radiance Hair Clinics is the best hair clinic in Bhubaneswar where one can have hair transplantation in both FUE and FUT process. They have reputed hair specialist and modern equipment to offer the best of transplantation. They do not charge much and have no hidden charges. Call 9238321888 to book an appointment. #hair #hairtransplant #haircare #hairtransplantinbhubnaeswar #hairlosscontroll #hairtreatments #hairlosshelp #hairlossspecialist #hairlossclinic #hairlossremedy #hairlosstreatment #bhubaneswarclinic #baldness #baldnesscure #baldnesssolution #baldnessmen #baldnesstreatment",2020-03-25,PT2M28S,https://i.ytimg.com/vi/3i2gw_YiR_8/maxresdefault.jpg,Radiance Clinic - Videos,PROCEDURE,Hair Transplant,,/treatments/hair-restoration/fue-hair-transplant,/concerns/hair-transplant,,"Bhubaneswar, Odisha",,hair transplant education,/hair-transplant-bhubaneswar,MEDIUM,false,false,yt-dlp metadata export supplied to --input
gsdGPy_faNo,https://www.youtube.com/watch?v=gsdGPy_faNo,ମୁ ଗୋରା କେମିତି ହେଲି | ରେଡ଼ିଏନ୍ସ ହିଁ ଭରୋସା ଯୋଗ୍ୟ | ରେଡ଼ିଏନ୍ସ କ୍ଲିନିକ ଭୁବନେଶ୍ୱର | ଡ. ସତ୍ୟାର୍ଥ ପ୍ରକାଶ,"Adding Wide Range Of Options For Skin Brightening Solutions Cosmetic clinics are nowadays utilizing the best features to whiten the skin tone and bring about the right kind of complexions in people. In this case, Radiance Clinics has earned a great name for itself, especially because of the use of advanced technologies in the process. We have patients coming in with demands that vary from different types of photo laser rejuvenation therapy to simple peels and even injections of glutathione. But our experts take proper decisions on each case after due assessment and bring forth the best deals for you, so that your aesthetic appeal will be quite good. #skincare #skin #dermatologist #skinbrightening #skintreatments #skincaretips #skincareformen #skincareobsessed #skincareroutines #skincareIndia #skincareBhubaneswar #pimplecare #skincareforwomen",2020-03-25,PT3M53S,https://i.ytimg.com/vi/gsdGPy_faNo/maxresdefault.jpg,Radiance Clinic - Videos,TREATMENT_EXPLAINER,Acne,,,/concerns/acne,,"Bhubaneswar, Odisha",,acne education,/concerns/acne,HIGH,false,false,yt-dlp metadata export supplied to --input
3M0QoafTNvE,https://www.youtube.com/watch?v=3M0QoafTNvE,PERMANENT LASER HAIR REDUCTION | RADIANCE CLINIC BHUBANESWAR,"Just like you for many men and women, unwanted hair is a nightmare. Until now the only options for removing unwanted hair were smelly hair removal creams, sharp razors, stinging wax or painful electrolysis needles. But we at Radiance Skin & Hair Clinic provide advanced approach to beautiful skin through LASER hair removal - the ultimate solution. Our Diode LASER gently removes unwanted hair, putting an end to routine shaving and waxing. The treatments leave your skin looking and feeling smoother as well as silkier. This FDA approved technology transcends the older, painful hair removal treatments to deliver long-lasting results. You can also visit our website http://www.radianceclinics.com/laser-treatment-for-hair-removal/ for more information. #hairremoval #hairreduction #laserhairremoval #hairreduction #laserhairreduction #permanenthairremoval #hairremovallaser #hairremovaltreatment #hairremovalmachine #hairremovaltips #permanenthairremoval #hairremovalspecialist",2020-01-29,PT1M10S,https://i.ytimg.com/vi/3M0QoafTNvE/maxresdefault.jpg,Radiance Clinic - Videos,SKIN_RESULT,Laser Hair Reduction,,,/concerns/laser-hair-reduction,,"Bhubaneswar, Odisha",candidate-only,result research,/results,MEDIUM,false,true,yt-dlp metadata export supplied to --input
70IrOaXiH6w,https://www.youtube.com/watch?v=70IrOaXiH6w,No Root Touch Hair Transplant | Radiance Clinic Bhubnaeswar,"No root touch technique is a special technique practiced by Dr Satyartha Prakash in which the roots are not touch by any instruments or fingers , thus preventing any injury to the delicate grafts. In this technique the grafts are quicker to implant and survival of the grafts is more. The latest developments have made hair transplant surgery quite a bit easier. The patients also feel less discomfort and downtime. The client’s satisfaction rate is also much higher with the advanced FUE hair transplant procedures, and it offers the more natural-look result and volume as well. Additionally, the patients realize that the cost was well worth the outcome. Clients can resume their normal activities in just a few days. Also, the hair starts to appear over the next few months as the hair growth cycle begins. FUE hair transplant procedures can be the best option for your hair loss issue. But, it’s essential to work with a qualified physician at Radiance Hair Clinics Bhubaneswar. They encourage you to prefer the medically proven option and speak with you before the condition worsens! #hair #hairtransplant #hairloss #hairtransplant #haircare #femalehairloss #baldness #FUEhairtransplant",2019-12-29,PT1M33S,https://i.ytimg.com/vi/70IrOaXiH6w/maxresdefault.jpg,Radiance Clinic - Videos,HAIR_TRANSPLANT_RESULT,Hair Transplant,,,/concerns/hair-transplant,Dr. Satyarth Prakash,"Bhubaneswar, Odisha",candidate-only,result research,/results,MEDIUM,false,true,yt-dlp metadata export supplied to --input
eN-OI9rSbJo,https://www.youtube.com/watch?v=eN-OI9rSbJo,କାହିଁକି ଆସୁଛି ଅଧିକ ରିଂକିଲ | ଚିକିତ୍ସ୍ୟ କେମିତି କରିବେ | ରଡ଼ିଏନ୍ସ କ୍ଲିନିକ ଭୁବନେଶ୍ୱର,"How to prevent wrinkles naturally in odia by dr satyartha prakash . Radiance has been a top destination for antiwrinkle treatment in eastern india . Contact 9238321888, 9238122550 for appoitments. #skincare #skincaretips #skincareformen #skincareobsessed #skincareroutines #skincareIndia #skincareBhubaneswar #skincareforwomen",2019-11-28,PT3M12S,https://i.ytimg.com/vi/eN-OI9rSbJo/maxresdefault.jpg,Radiance Clinic - Videos,DOCTOR_EXPLANATION,Aesthetic Dermatology,,/treatments/aesthetic-dermatology/injectable-aesthetics,/concerns/aging-aesthetics,Dr. Satyarth Prakash,"Bhubaneswar, Odisha",,aesthetic dermatology education,/treatments/aesthetic-dermatology/injectable-aesthetics,HIGH,false,false,yt-dlp metadata export supplied to --input
UoFXf44F4yc,https://www.youtube.com/watch?v=UoFXf44F4yc,SKIN PIGMENTATION ISSUES AND TREATMENT BY DR SATYARTHA PRAKASH,"Watch Dr Satyartha Prakash speak on skin pigmentation issues and its treatment , Radaince has been a top destination for quality treatments for skin and hair . contact 9238321888 for appoitments",2019-11-27,PT2M23S,https://i.ytimg.com/vi/UoFXf44F4yc/maxresdefault.jpg,Radiance Clinic - Videos,DOCTOR_EXPLANATION,Pigmentation,,/treatments/skin-laser/laser-pigmentation-program,/concerns/pigmentation,Dr. Satyarth Prakash,,,pigmentation education,/pigmentation-treatment-bhubaneswar,HIGH,false,false,yt-dlp metadata export supplied to --input
yP1e3iFLrbo,https://www.youtube.com/watch?v=yP1e3iFLrbo,ଛୁଟି କାହିଁକି ଝଡ଼େ | କାରଣ ଏବଂ ନିରାକରଣ | ରଡ଼ିଏନ୍ସ କ୍ଲିନିକ | ଡ଼କ୍ଟର ସତ୍ୟାର୍ଥ ପ୍ରକାଶ,"Watch Dr Satyartha Prakash speak on common causes of hairloss and its treatments. Radiance has been a top destination for hairloss treatments and hair transplant since a decade . Major Common & Not-So-Common Causes Of Hair Loss Hair loss is widely noticed both among men and women, and it’s pretty reasonable to some extent. However, excessive hair loss can affect not your scalp but your entire body and personality as well. In compared to women, men are more likely to lose hair more, mostly because of the male pattern baldness. But thinning hair and split ends are more common among women, which is also no less demoralizing. And the Causes of Hair Loss can range from the simple and temporary – vitamin deficiency to the more complex causes like a sinking health issue or genetic aspects. It also can be the effect of hormonal changes, genetics, excessive use of medications, and medical conditions. In most of the hair loss cases, there are medical treatments available to treat both male and female hair loss problems, and it all depends on the causes. Hair Loss Reasons Physical & Emotional Stress: Any kind of physical and mental stress including trauma, severe illness, accident, anxiety or any other stress can cause severe hair loss among both men and women. Intake Of Excessive Vitamin A: Excessive consumption of vitamin A or medications can also trigger hair loss. Lack Of Protein & Vitamin B: If your regular diet lacks Vitamin B and protein; you may experience severe hair loss. Heredity Issues: The most common cause of hair loss is hereditary issues including male-pattern baldness and female-pattern baldness. Imbalanced Female Hormone: Just like pregnancy, any other issues like taking birth control pills can cause imbalanced female hormone and eventually hair loss. Medical Conditions: Severe illness and syndromes with excessive consumption of medications and drugs can foster hairlessness among both men and women. Use Of Hair Styling Products: Ladies who regularly use hair styling tools or products may experience a higher amount of hair loss. #hair #hairloss #hairtransplant #hairlosstreatmentodisha ଏହି ସାକ୍ଷାତକାରରେ Dr Satyartha Prakash କେଶ ଝଡିବାର ପ୍ରକୃତ କାରଣ ଓ ପ୍ରତିକାର ସେ ସମ୍ପର୍କରେ ଆଲୋଚନା କରିଛନ୍ତି - : ୧- କେଶ ଝଡିବା ରୁ ମୁକ୍ତି ପାଆନ୍ତୁ ଆପଣାନ୍ତୁ ଏହି ସହଜ ଉପାୟ ନିଶ୍ଚୟ ମିଳିବ ଲାଭ ... ୨- କେଶ ଝଡ଼ିବା ସମସ୍ୟା - କାରଣ ଓ ନିରାକରଣ ୩- କେଶ ଝଡିବା ସମସ୍ୟା ଏବଂ ନୂତନ କେଶ ପାଇଁ ଉପାୟ ୪- କେଶ ଝଡିବା ସମସ୍ୟା ରୁ ମୁକ୍ତି ପାଆନ୍ତୁ ୫- ଘରୋଇ ଉପଚାର ରେ ଆପଣଙ୍କ କେଶ ର ଯତ୍ନ ନିଅନ୍ତୁ ୬- ନିଜର କେଶ ଝଡିବା ବନ୍ଦ କରନ୍ତୁ ସବୁଦିନ ୭- କେଶ ସମସ୍ୟାର ଆୟୁର୍ବେଦିକ ଚିକିତ୍ସା ୮- କେଶ ଝଡିବା ଓ ରୂପି ହବା କମି ଯିବ ୯- କେଶ ଝଡ଼ିବା ସମସ୍ୟାକୁ ଦୂର କରିବା ପାଇଁ ଚମତ୍କାରୀ ଘରୋଇ ଉପଚାର ୧୦- କେଶ ଝଡିବା ସମସ୍ୟାରୁ କେମିତି ମୁକ୍ତି ପାଇପାରିବା ୧୧- ଯଦି କେଶ ଝଡିବା କମୁନି ତେବେ ୧୨- କେଶ ଝଡ଼ିବା ବନ୍ଦ କରିବା ପାଇଁ ଏହି ସବୁ ଉପାୟ କରନ୍ତୁ କେଶ ଝଡିବ ନାହିଁ ୧୨- କେଶ ଝଡ଼ିବା ସମସ୍ୟା ରୁ ମୁକ୍ତି ୧୩- କେଶ ଝଡ଼ିବା ସମସ୍ୟାକୁ ଦୂର କରିବା ପାଇଁ ୧୪- କେଶ ଝଡ଼ିବା ରୋକିବ ଏହି ଘରୋଇ ଉପଚାର ୧୫- କେଶ ଝଡ଼ିବା ର ଘରୋଇ ଉପଚାର",2019-11-27,PT3M7S,https://i.ytimg.com/vi/yP1e3iFLrbo/maxresdefault.jpg,Radiance Clinic - Videos,DOCTOR_EXPLANATION,Hair Transplant,,/treatments/hair-restoration/fue-hair-transplant,/concerns/hair-transplant,Dr. Satyarth Prakash,"Bhubaneswar, Odisha",,hair transplant education,/hair-transplant-bhubaneswar,HIGH,false,false,yt-dlp metadata export supplied to --input
JfysAv3FsGU,https://www.youtube.com/watch?v=JfysAv3FsGU,WRINKLE TREATMENT EXPLAINED BY DR SATYARTHA PRAKASH | RADIANCE CLINICS,"watch Dr Satyartha Prakash explaining about wrinkle treatments . more more information on treatments call 9238321888, 9238122550.",2019-11-09,PT3M43S,https://i.ytimg.com/vi/JfysAv3FsGU/maxresdefault.jpg,Radiance Clinic - Videos,DOCTOR_EXPLANATION,Aesthetic Dermatology,,/treatments/aesthetic-dermatology/injectable-aesthetics,/concerns/aging-aesthetics,Dr. Satyarth Prakash,,,aesthetic dermatology education,/treatments/aesthetic-dermatology/injectable-aesthetics,HIGH,false,false,yt-dlp metadata export supplied to --input
JVvD-xamCds,https://www.youtube.com/watch?v=JVvD-xamCds,WHY CHOOSE RADIANCE CLINICS FOR HAIR TRANSPLANTATION | IN ODIA,"Watch Dr Satyartha prakash explain why choose radiance clinic for hair transplantation , Radiance has been a top destination for hair transplant in eastern india. It is a centre for high quality Hair transplant",2019-11-09,PT3M22S,https://i.ytimg.com/vi/JVvD-xamCds/maxresdefault.jpg,Radiance Clinic - Videos,DOCTOR_EXPLANATION,Hair Transplant,,/treatments/hair-restoration/fue-hair-transplant,/concerns/hair-transplant,Dr. Satyarth Prakash,,,hair transplant education,/hair-transplant-bhubaneswar,HIGH,false,false,yt-dlp metadata export supplied to --input
JgFDhObysHI,https://www.youtube.com/watch?v=JgFDhObysHI,PRECAUTION AFTER HAIR TRANSPLANT IN ODIA | BY DR SATYARTHA PRAKASH,watch dr satyartha prakash explains about necessary precautions after hair transplant in odia . Radiance has been a top destination of hair transplant for patients from india and abroad . Contact 9238321888 for more details,2019-11-05,PT3M,https://i.ytimg.com/vi/JgFDhObysHI/maxresdefault.jpg,Radiance Clinic - Videos,DOCTOR_EXPLANATION,Hair Transplant,,/treatments/hair-restoration/fue-hair-transplant,/concerns/hair-transplant,Dr. Satyarth Prakash,,,hair transplant education,/hair-transplant-bhubaneswar,HIGH,false,false,yt-dlp metadata export supplied to --input
w-zQaOXuZyY,https://www.youtube.com/watch?v=w-zQaOXuZyY,MYTH REGARDING HAIR TRANSPLANT IN ODIA | RADIANCE CLINICS,"There are lot of misconceptions about hair transplant , watch dr satyartha prakash from radiance clinics clarify common myths regarding hair transplant.",2019-11-01,PT2M43S,https://i.ytimg.com/vi/w-zQaOXuZyY/maxresdefault.jpg,Radiance Clinic - Videos,DOCTOR_EXPLANATION,Hair Transplant,,/treatments/hair-restoration/fue-hair-transplant,/concerns/hair-transplant,Dr. Satyarth Prakash,,,hair transplant education,/hair-transplant-bhubaneswar,HIGH,false,false,yt-dlp metadata export supplied to --input
8nt4ucV6H0o,https://www.youtube.com/watch?v=8nt4ucV6H0o,ADVANTAGES OF HAIR TRANSPLANT IN ODIA | BY RADIANCE CLINICS,"Advantages of hair transplant explained in odia by Dr Satyartha Prakash. Radiance Clinics Bhubnaeswar has been a top destination for quality Hair transplant from patients from india and abroad . The FUE hair transplant method has been popular around for over two decades. It seems like a revolutionary procedure for restoring the natural look of your hairline. TheFUE hair transplant involves harvesting hair follicles from a donor site at the back of the head and moving them to transplant on the bald areas to create a natural-looking hairline. This unique method doesn’t involve removing a strip of tissue from the back of the head like the FUT technique. Instead, the experts collect individual hair follicles directly from the scalp and inserting them carefully into small incisions made at the recipient site or bald area. It results in less chance of error during harvesting and implantation since each hair follicles are transplanted individually with due care. Of course, the detailed FUE technique involves more time in surgery than its counterparts. It eliminates the linear scar and advanced wound care for peace of mind. This technique of hair transplantation also minimizes the downtime and lowers levels of post-procedure discomfort. The ultimate output will found to be looking more natural because there is less error possibility during both harvesting and implantation. #hair #hairtransplant #hairloss #hairtransplant in bhubnaeswar #dematologist #hairtransplantation",2019-11-01,PT2M16S,https://i.ytimg.com/vi/8nt4ucV6H0o/maxresdefault.jpg,Radiance Clinic - Videos,HAIR_TRANSPLANT_RESULT,Hair Transplant,,,/concerns/hair-transplant,Dr. Satyarth Prakash,,candidate-only,result research,/results,MEDIUM,false,true,yt-dlp metadata export supplied to --input
5n26u5h8gtg,https://www.youtube.com/watch?v=5n26u5h8gtg,CHOOSING A RIGHT HAIR TRANSPLANT CENTRE | RADIANCE CLINICS,"This video will give a basic knowledge of choosing a right hair transplant centre . Radiance has been a top destination offering quality hair transplant in bhubnaeswar , since last 11 years. Contact 9238321888, 9238122550 for appoitments and enquiries.",2019-10-30,PT3M8S,https://i.ytimg.com/vi/5n26u5h8gtg/maxresdefault.jpg,Radiance Clinic - Videos,TREATMENT_EXPLAINER,Hair Transplant,,/treatments/hair-restoration/fue-hair-transplant,/concerns/hair-transplant,,,,hair transplant education,/hair-transplant-bhubaneswar,HIGH,false,false,yt-dlp metadata export supplied to --input
9-fc_UZegzs,https://www.youtube.com/watch?v=9-fc_UZegzs,HOW HAIR TRANSPLANT CHANGED MY LIFE | LIVE HAIR TRANSPLANT RESULTS,"Watch Dr Satyartha Prakash from Radiance Clinics Bhubaneswar, demonstrate live results of hair transplant , 2220 grafts were planted on the frontal side and in the next session the crown portion would be covered. Dr Satyartha Prakash has changed lives of many people by giving excellent results . He is one of the top hair transplant surgeons of india and has done more than 3000 cases.",2019-10-16,PT2M39S,https://i.ytimg.com/vi/9-fc_UZegzs/maxresdefault.jpg,Radiance Clinic - Videos,HAIR_TRANSPLANT_RESULT,Hair Transplant,,,/concerns/hair-transplant,Dr. Satyarth Prakash,"Bhubaneswar, Odisha",candidate-only,result research,/results,MEDIUM,false,true,yt-dlp metadata export supplied to --input
U2HtLnCD63o,https://www.youtube.com/watch?v=U2HtLnCD63o,LIVE RESULTS OF HAIR TRANSPLANT | RADIANCE HAIR TRANSPLANT| DR SATYARTHA PRAKASH,"watch live testimonila video of Mr vivek , where only 1500 grafts were planted . the results is after six months post hair transplant and more growth is expected . watch the artistic hair line creation by Dr satyartha prakash who has been a pioneer in Hair transplant since a decade and is currently the medical director of Radiance Clinics. Contact us to see such numerous results of of hair transplants which has been done By Dr Satyartha Prakash. for appoitments contact 9238321888. website - https://radiancehairclinics.com/ website- https://www.radianceclinics.com/ https://www.facebook.com/RadianceClinics/?eid=ARALFofE82bmNaqz_cqRoLp_0vyZzMhNl8S6TpHpuvsPpL6LCIYu2ZOoSW2wHzxOPQ_xv_a6Pc_7zcN4 other results 1. amazing results - https://www.youtube.com/watch?v=byA3VbPCkwU 2. great results - https://www.youtube.com/watch?v=3i2gw_YiR_8 3. live results of Hair Transplant- https://www.youtube.com/watch?v=U2HtLnCD63o our location - https://www.google.com/maps/place/Radiance+Hair+Transplant+Clinic+In+Bhubaneswar+Odisha/@20.2873214,85.8069333,17z/data=!3m1!4b1!4m5!3m4!1s0x3a1909d365aadd17:0x54ccd139d7fd20d7!8m2!3d20.2873214!4d85.809122",2019-09-25,PT2M23S,https://i.ytimg.com/vi/U2HtLnCD63o/maxresdefault.jpg,Radiance Clinic - Videos,HAIR_TRANSPLANT_RESULT,Hair Transplant,,,/concerns/hair-transplant,Dr. Satyarth Prakash,"Bhubaneswar, Odisha",candidate-only,result research,/results,MEDIUM,false,true,yt-dlp metadata export supplied to --input
IH0v8M_Jcq8,https://www.youtube.com/watch?v=IH0v8M_Jcq8,ହ୍ୱିରଟ୍ରନ୍ସପ୍ଲାଣ୍ଟ ରେ ଖର୍ଚ କେତେ ହୁଏ | ରଡ଼ିଏନ୍ସ ହିର ଟ୍ରାନ୍ସପ୍ଲାଣ୍ଟ | ହିର ଟ୍ରାନ୍ସପ୍ଲାଣ୍ଟୟ ଭୁବନେଶ୍ୱର,"Cost of hair transplant in odia explained by Dr Satyartha Prakash, in this price war it is very important to choose a right Hair transplant Centre. Dr Satyartha Prakash from Radiance Clinic explains in odia details about the cost and how it is being calculated. Radiance has been a top destination of hair transplant from patients from India and abroad. For more information on cost of hair transplant kindly call us on 9238321888. For detailed information log on to https://radiancehairclinics.com/",2019-09-24,PT3M13S,https://i.ytimg.com/vi/IH0v8M_Jcq8/maxresdefault.jpg,Radiance Clinic - Videos,DOCTOR_EXPLANATION,Hair Transplant,,/treatments/hair-restoration/fue-hair-transplant,/concerns/hair-transplant,Dr. Satyarth Prakash,,,hair transplant education,/hair-transplant-bhubaneswar,HIGH,false,false,yt-dlp metadata export supplied to --input
AULeySgSfRA,https://www.youtube.com/watch?v=AULeySgSfRA,ଲିଭି ପାରିବ ଆଖି ତଳ କଳା ଦାଗ | ରେଡିଏନ୍ସ ସ୍କିନ ଆଣ୍ଡ ହେୟାର କ୍ଲିନିକ ଭୁବନେଶ୍ୱର |,"under eye dark circle treatment at bhubaneswar explained by Dr satyartha prakash at radiance clinics bhubaneswar. Radiance has been a top destination for under dark circle treatment in odisha , there are various treatments offered like medipeels , radio frequency , lasers , vampire eye lifts etc . contact for professional solutions to under eye problem . For appointments contact 9238321888/ 9238122550 address- plot no n1/46 , irc village , bhubaneswar website - http://www.radianceclinics.com/ #undereyedarkcircle #skinspecialistinbhubnaeswar #dermatologistinbhubnaeswar #best skin clinic",2019-09-19,PT3M41S,https://i.ytimg.com/vi/AULeySgSfRA/maxresdefault.jpg,Radiance Clinic - Videos,DOCTOR_EXPLANATION,Pigmentation,,/treatments/skin-laser/laser-pigmentation-program,/concerns/pigmentation,Dr. Satyarth Prakash,"Bhubaneswar, Odisha",,pigmentation education,/pigmentation-treatment-bhubaneswar,HIGH,false,false,yt-dlp metadata export supplied to --input
5c-tAvbpsdo,https://www.youtube.com/watch?v=5c-tAvbpsdo,ଲେସର ଟାଟୁ ରିମୁବାଲ I ରେଡ଼ିଏନ୍ସ କ୍ଲିନିକ ଭୁବନେଶ୍ୱର,"Tatoo removal explained by Dr Satyartha Prakash at Radiance Clinics Bhubaneswar . Radiance has been doing Tatoo removal since a decade and uses all USA FDA approved lasers from Alma family. Tatoo removal usually takes few sessions to remove a tatoo. kindly contact Radiance Clinics , Plot NO N1/46 , IRC VILLAGE , BHUBNAESWAR , ODISHA . For More information visit www.radianceclinics.com FOR APPOITMENTS #TattooRemoval #RadianceClinic #DrSatyarthaPrakash #Dermatologistinbhubnaeswar #SkinSpecialist #bbsrbestskinspecialist",2019-09-18,PT2M3S,https://i.ytimg.com/vi/5c-tAvbpsdo/maxresdefault.jpg,Radiance Clinic - Videos,DOCTOR_EXPLANATION,Skin Health,,,/concerns/skin-texture,Dr. Satyarth Prakash,"Bhubaneswar, Odisha",,skin health education,/skin-clinic-bhubaneswar,HIGH,false,false,yt-dlp metadata export supplied to --input
7gx3N3kuXfA,https://www.youtube.com/watch?v=7gx3N3kuXfA,LIVE RESULTS OF ONLY 1000 GRAFTS | DR SATYARTHA PRAKASH RADIANCE CLINICS,"Dr Satyartha Prakash explains how in lesser number of grafts a moderate results can be achieved, only 1000 grafts is being planted on the bald area to give him a new look so that he doesnt look bald. Dr Satyartha has done numerous such cases where lot of people had been benefited. Radiance is a leading Hair transplant clinic for both male and female in bhubaneswar, it has been a best Hair Clinics In Bhubaneswar, Odisha since a decade. We, at Radiance Clinics offer hair loss treatments, natural hair transplant, hair transplant in easy EMI. Clinic Address: plot no-N1 - 46, Lane Number 1, N1, Block N1, IRC Village, Nayapalli, Bhubaneswar, Odisha 751015 #HairTransplant #HairClinic #RadianceHairClinic #DrSatyarthaPrakash",2019-09-14,PT1M12S,https://i.ytimg.com/vi/7gx3N3kuXfA/maxresdefault.jpg,Radiance Clinic - Videos,HAIR_TRANSPLANT_RESULT,Hair Transplant,,,/concerns/hair-transplant,Dr. Satyarth Prakash,"Bhubaneswar, Odisha",candidate-only,result research,/results,MEDIUM,false,true,yt-dlp metadata export supplied to --input
JU32KKhcPMU,https://www.youtube.com/watch?v=JU32KKhcPMU,Hair Transplant in Bhubaneswar at Radiance Clinics by Dr Satyartha Prakash,"Hair transplant basics explained by Dr Satyartha Prakash from Radiance Clinics Bhubaneswar. For more information and appointments call 9238321888, 9238122550. Radiance has been the number 1 clinic in eastern India for hair transplant , having successfully treated more than 3000 clients Radiance Clinics Has been awarded has the best Skin Clinics In Odisha by Times Group and I3 survey. If you are looking for a best hair transplant clinic in Bhubaneswar then Radiance is the right option for you. Having world class infrastructure and state of art equipment and all foreign trained doctors, Radiance has been serving the since a Decade. Whatsapp and telephonic consultations available. Visit our website: https://radiancehairclinics.com/ SUBSCRIBE TO OUR CHANNEL: https://www.youtube.com/channel/UCOVCxAsGI2NIyWgwzzBenJA CONNECT WITH US: Face book: https://www.facebook.com/RadianceClinics/ Twitter: https://twitter.com/RadianceBBSR LinkedIn: https://www.linkedin.com/in/radiance-skin-and-hair-clinic-231124131/",2019-09-10,PT2M30S,https://i.ytimg.com/vi/JU32KKhcPMU/sddefault.jpg,Radiance Clinic - Videos,DOCTOR_EXPLANATION,Hair Transplant,,/treatments/hair-restoration/fue-hair-transplant,/concerns/hair-transplant,Dr. Satyarth Prakash,"Bhubaneswar, Odisha",,hair transplant education,/hair-transplant-bhubaneswar,HIGH,false,false,yt-dlp metadata export supplied to --input
9b2IxoZAttM,https://www.youtube.com/watch?v=9b2IxoZAttM,BEST HAIR LOSS TREATMENT IN BHUBANESWAR | RADIANCE CLINICS,"Various chronic diseases have been considered to be responsible for hair loss, such as diabetes, thyroid disorders, scalp ringworm infection and lupus disorder , genetic cause etc . At Radiance Hair Clinics, we strive to identify these disorders and advice for proper remedies for you to get back your youthful lush, long and shiny hair.",2018-12-26,PT1M12S,https://i.ytimg.com/vi/9b2IxoZAttM/hqdefault.jpg,Radiance Clinic - Videos,TREATMENT_EXPLAINER,Hair Loss,,/treatments/hair-restoration/advanced-hair-fall-solutions,/concerns/hair-loss-scalp,,"Bhubaneswar, Odisha",,hair loss education,/concerns/hair-loss-scalp,HIGH,false,false,yt-dlp metadata export supplied to --input
jls0zPsiKJw,https://www.youtube.com/watch?v=jls0zPsiKJw,SKIN BRIGHTENING TREATMENT | FAIRNESS TREATMENT IN BHUBANESWAR | HOW TO ACHIEVE A FAIR SKIN,Radiance Clinic is one of the best known Skin Care Clinic in Bhubaneswar and provides the latest skin brightening treatments. Here you'll find a center of excellence dedicated to meeting your every skin-care need.#SkinBrighteningTreatment #FairnessTreatment #GlowingSkin #SkinWhiteningTreatment #HyperpigmentationTreatment #SkinCareTips #Dermatologist #PigmentationTreatment #GlassSkin #SkinGlowTreatment,2018-12-17,PT1M54S,https://i.ytimg.com/vi/jls0zPsiKJw/maxresdefault.jpg,Radiance Clinic - Videos,TREATMENT_EXPLAINER,Pigmentation,,/treatments/skin-laser/laser-pigmentation-program,/concerns/pigmentation,,"Bhubaneswar, Odisha",,pigmentation education,/pigmentation-treatment-bhubaneswar,HIGH,false,false,yt-dlp metadata export supplied to --input
BQPUNACNzb8,https://www.youtube.com/watch?v=BQPUNACNzb8,ACNE SCARS TEATMENT IN BHUBANESWAR AT RADIANCE CLINIC,"Acne is the most common skin condition in India, and there are plenty of acne treatments available—but not all of these treatments are created equally. At Radiance clinics you deserve clear skin, and we’re here to help you get it. Understanding how to treat acne starts with understanding acne itself, and the first part of any acne treatment plan is diagnosis.",2018-12-11,PT1M31S,https://i.ytimg.com/vi/BQPUNACNzb8/maxresdefault.jpg,Radiance Clinic - Videos,TREATMENT_EXPLAINER,Acne Scars,,/treatments/skin-laser/acne-scar-revision,/concerns/acne-scars,,"Bhubaneswar, Odisha",,acne scars education,/acne-scar-treatment-bhubaneswar,HIGH,false,false,yt-dlp metadata export supplied to --input
syAuh9Ybfh4,https://www.youtube.com/watch?v=syAuh9Ybfh4,"BEST SKIN CLINIC IN BHUBANESWAR,","Radiance Clinic is one of the best known Skin Care Clinic in Bhubaneswar and provides the latest skin laser treatments. Here you'll find a center of excellence dedicated to meeting your every skin-care need. Our multi-disciplinary team are here to support you along your skin health journey, helping you to maintain healthy, beautiful skin – no matter your age or lifestyle.",2018-12-08,PT1M46S,https://i.ytimg.com/vi/syAuh9Ybfh4/maxresdefault.jpg,Radiance Clinic - Videos,TREATMENT_EXPLAINER,Skin Health,,,/concerns/skin-texture,,"Bhubaneswar, Odisha",,skin health education,/skin-clinic-bhubaneswar,HIGH,false,false,yt-dlp metadata export supplied to --input
9YF-7lb7W9Y,https://www.youtube.com/watch?v=9YF-7lb7W9Y,ACNE TREATMENT IN BHUBANESWAR,"One of the most common facial skin problems for adolescents is acne, a troubling skin condition that can affect confidence and self-esteem. As sebaceous glands become over active and produce excess oil, follicles become plugged, resulting in blackheads and white-heads.",2018-12-06,PT2M9S,https://i.ytimg.com/vi/9YF-7lb7W9Y/maxresdefault.jpg,Radiance Clinic - Videos,SKIN_RESULT,Acne,,,/concerns/acne,,"Bhubaneswar, Odisha",candidate-only,result research,/results,MEDIUM,false,true,yt-dlp metadata export supplied to --input
5opMf0na9DA,https://www.youtube.com/watch?v=5opMf0na9DA,PIGMENTATION TREATMENT BY LASER At Radiance,"Pigmentation increases how old you look – more so than wrinkles. So, if there’s something about your skin that’s bothering you it’s easy to do something about it. Here at Radiance pigmentation are treated using specialized services and products containing effective ingredients.",2018-11-15,PT1M15S,https://i.ytimg.com/vi/5opMf0na9DA/maxresdefault.jpg,Radiance Clinic - Videos,TREATMENT_EXPLAINER,Pigmentation,,/treatments/skin-laser/laser-pigmentation-program,/concerns/pigmentation,,,,pigmentation education,/pigmentation-treatment-bhubaneswar,HIGH,false,false,yt-dlp metadata export supplied to --input
5_911Q4KBLc,https://www.youtube.com/watch?v=5_911Q4KBLc,Laser Hair Removal in Bhubaneswar at Radiance clinics,Laser hair removal is one of the most commonly done cosmetic procedures in the India. It beams highly concentrated light into hair follicles. Pigment in the follicles absorb the light. That destroys the hair.,2018-11-05,PT1M28S,https://i.ytimg.com/vi/5_911Q4KBLc/maxresdefault.jpg,Radiance Clinic - Videos,PROCEDURE,Laser Hair Reduction,,/treatments/skin-laser/laser-hair-reduction,/concerns/laser-hair-reduction,,"Bhubaneswar, Odisha",,laser hair reduction education,/laser-hair-removal-bhubaneswar,MEDIUM,false,false,yt-dlp metadata export supplied to --input
WqOCZr1u7EU,https://www.youtube.com/watch?v=WqOCZr1u7EU,"Looking for the #1 hair transplant clinic in Bhubaneswar, Odisha?","Can’t deal with excessive hair fall? Looking for the #1 hair transplant clinic in Bhubaneswar, Odisha? Radiance Hair Clinics is the best source for you! We bring you the best combination of the latest surgical & medical solutions to hair transplantation, ensuring permanent & natural looking hair without pain & hospital stay. Fall in love with your hair again. Call: 9238321888 for an appointment.",2018-08-24,PT27S,https://i.ytimg.com/vi/WqOCZr1u7EU/hqdefault.jpg,Radiance Clinic - Videos,FAQ,Hair Transplant,,/treatments/hair-restoration/fue-hair-transplant,/concerns/hair-transplant,,"Bhubaneswar, Odisha",,hair transplant education,/hair-transplant-bhubaneswar,HIGH,false,false,yt-dlp metadata export supplied to --input
_uItXKURMSA,https://www.youtube.com/watch?v=_uItXKURMSA,Want to improve your look? Looking for best Aesthetic Treatments in Bhubaneswar?,"Radiance Clinics is the right door for you! We introduce the world’s latest FDA approved skin laser ALMA HARMONY in Orissa to treat a host of skin ailments. We’ve highly skilled aesthetic surgeons, who can improve your overall appearance, making you look young & beautiful than ever. Call: 9238321888.9238122550",2018-08-16,PT31S,https://i.ytimg.com/vi/_uItXKURMSA/maxresdefault.jpg,Radiance Clinic - Videos,FAQ,Skin Health,,,/concerns/skin-texture,,"Bhubaneswar, Odisha",,skin health education,/skin-clinic-bhubaneswar,HIGH,false,false,yt-dlp metadata export supplied to --input
KiaEW88ML-I,https://www.youtube.com/watch?v=KiaEW88ML-I,Head wash after hair transplant live video,radiance clinic bhubaneswar after hair transplant head wash video,2017-10-14,PT42S,https://i.ytimg.com/vi/KiaEW88ML-I/maxresdefault.jpg,Radiance Clinic - Videos,TREATMENT_EXPLAINER,Hair Transplant,,/treatments/hair-restoration/fue-hair-transplant,/concerns/hair-transplant,,"Bhubaneswar, Odisha",,hair transplant education,/hair-transplant-bhubaneswar,HIGH,false,false,yt-dlp metadata export supplied to --input
K15jxILLXeY,https://www.youtube.com/watch?v=K15jxILLXeY,"Robotics hair transplant ,first time in bhubaneswar, odisha",Radiance clinic presents robotic hair transplant first time in odisha.,2017-08-15,PT4M53S,https://i.ytimg.com/vi/K15jxILLXeY/sddefault.jpg,Radiance Clinic - Videos,TREATMENT_EXPLAINER,Hair Transplant,,/treatments/hair-restoration/fue-hair-transplant,/concerns/hair-transplant,,"Bhubaneswar, Odisha",,hair transplant education,/hair-transplant-bhubaneswar,HIGH,false,false,yt-dlp metadata export supplied to --input
kO3G_V93Qoc,https://www.youtube.com/watch?v=kO3G_V93Qoc,viral video hair transplant at radiance clinic bhubaneswar,live hair transplant at radiance clinic bhubaneswar went viral http://www.radiancehairclinics.com/locations/hair-transplant-in-bhubaneswar/,2017-07-16,PT1M46S,https://i.ytimg.com/vi/kO3G_V93Qoc/maxresdefault.jpg,Radiance Clinic - Videos,TREATMENT_EXPLAINER,Hair Transplant,,/treatments/hair-restoration/fue-hair-transplant,/concerns/hair-transplant,,"Bhubaneswar, Odisha",,hair transplant education,/hair-transplant-bhubaneswar,HIGH,false,false,yt-dlp metadata export supplied to --input
AbzOKLinhzk,https://www.youtube.com/watch?v=AbzOKLinhzk,Live hair transplantation Viral Video | radiance clinic | Dr. Satyartha Prakash,"Hair transplant at bhubaneswar, live video from radiance skin and hair clinic bhubaneswar",2017-06-25,PT34S,https://i.ytimg.com/vi/AbzOKLinhzk/hqdefault.jpg,Radiance Clinic - Videos,DOCTOR_EXPLANATION,Hair Transplant,,/treatments/hair-restoration/fue-hair-transplant,/concerns/hair-transplant,Dr. Satyarth Prakash,"Bhubaneswar, Odisha",,hair transplant education,/hair-transplant-bhubaneswar,HIGH,false,false,yt-dlp metadata export supplied to --input
omJ7X264BqE,https://www.youtube.com/watch?v=omJ7X264BqE,"Hair Transplant In Bhubaneswar, Patient Testimonial","Dr Satyartha Prakash is talking with the patient Gerum Tadessi ,Sudan South Africa at radiance skin & hair clinics bhubaneswar regarding hair transplant",2017-06-14,PT2M49S,https://i.ytimg.com/vi/omJ7X264BqE/maxresdefault.jpg,Radiance Clinic - Videos,HAIR_TRANSPLANT_RESULT,Hair Transplant,,,/concerns/hair-transplant,Dr. Satyarth Prakash,"Bhubaneswar, Odisha",candidate-only,result research,/results,MEDIUM,false,true,yt-dlp metadata export supplied to --input
an8M8zrzEfE,https://www.youtube.com/watch?v=an8M8zrzEfE,live hair transplant steps,Hair Transplant steps by radiance clinics bhubaneswar odisha. Dr. Satyartha Praksh,2017-06-04,PT26S,https://i.ytimg.com/vi/an8M8zrzEfE/maxresdefault.jpg,Radiance Clinic - Videos,DOCTOR_EXPLANATION,Hair Transplant,,/treatments/hair-restoration/fue-hair-transplant,/concerns/hair-transplant,Dr. Satyarth Prakash,"Bhubaneswar, Odisha",,hair transplant education,/hair-transplant-bhubaneswar,HIGH,false,false,yt-dlp metadata export supplied to --input
skpZjhIAyl8,https://www.youtube.com/watch?v=skpZjhIAyl8,Best Hair Transplant & Hair Care Treatment Clinic in Bhubaneswar,Avail Affordable Female & Male hair transplant in Bhubaneswar with Radiance Hair Clinic .Quick Visit Us: http://www.radiancehairclinics.com/,2017-05-19,PT1M10S,https://i.ytimg.com/vi/skpZjhIAyl8/maxresdefault.jpg,Radiance Clinic - Videos,TREATMENT_EXPLAINER,Hair Transplant,,/treatments/hair-restoration/fue-hair-transplant,/concerns/hair-transplant,,"Bhubaneswar, Odisha",,hair transplant education,/hair-transplant-bhubaneswar,HIGH,false,false,yt-dlp metadata export supplied to --input
3SponEM2Y-I,https://www.youtube.com/watch?v=3SponEM2Y-I,PRP Treatment For Hair Loss at Radiance Clinics,PRP Treatment For Hair Loss at Radiance Clinics,2017-02-09,PT1M29S,https://i.ytimg.com/vi/3SponEM2Y-I/maxresdefault.jpg,Radiance Clinic - Videos,TREATMENT_EXPLAINER,Hair Loss,,/treatments/hair-restoration/advanced-hair-fall-solutions,/concerns/hair-loss-scalp,,,,hair loss education,/concerns/hair-loss-scalp,HIGH,false,false,yt-dlp metadata export supplied to --input
5QmxzkMRav0,https://www.youtube.com/watch?v=5QmxzkMRav0,Pigmentation Treatment at Radiance Clinics in Bhubaneswar,Pigmentation Treatment at Radiance Clinics in Bhubaneswar.,2017-02-08,PT14S,https://i.ytimg.com/vi/5QmxzkMRav0/maxresdefault.jpg,Radiance Clinic - Videos,TREATMENT_EXPLAINER,Pigmentation,,/treatments/skin-laser/laser-pigmentation-program,/concerns/pigmentation,,"Bhubaneswar, Odisha",,pigmentation education,/pigmentation-treatment-bhubaneswar,HIGH,false,false,yt-dlp metadata export supplied to --input
-lMklK3kxzQ,https://www.youtube.com/watch?v=-lMklK3kxzQ,Acne Treatment By Laser- Radiance Clinics,Here Radiance Clinics shows Acne Treatment By Laser. Please check out the video and subscribe our channel.,2017-02-03,PT2M3S,https://i.ytimg.com/vi/-lMklK3kxzQ/hqdefault.jpg,Radiance Clinic - Videos,TREATMENT_EXPLAINER,Acne,,,/concerns/acne,,,,acne education,/concerns/acne,HIGH,false,false,yt-dlp metadata export supplied to --input
2lzcgG7pUK4,https://www.youtube.com/watch?v=2lzcgG7pUK4,Tattoo Removal at Radiance Clinics Bhubaneswar,Tattoo Removal at Radiance Clinics Bhubaneswar,2017-02-02,PT42S,https://i.ytimg.com/vi/2lzcgG7pUK4/maxresdefault.jpg,Radiance Clinic - Videos,SHORT,Clinic & Doctor,,,,,"Bhubaneswar, Odisha",,clinic & doctor education,/about,LOW,false,false,yt-dlp metadata export supplied to --input
5xt8LBSPjt8,https://www.youtube.com/watch?v=5xt8LBSPjt8,Radiance Clinics Treatments Explained by Dr. Satyartha Prakash,In this video Dr. Satyartha Prakash Explained about all Treatments of Radiance Clinics.,2017-02-02,PT4M52S,https://i.ytimg.com/vi/5xt8LBSPjt8/hqdefault.jpg?sqp=-oaymwEmCOADEOgC8quKqQMa8AEB-AH-BIAC4AOKAgwIABABGGUgVihSMA8=&rs=AOn4CLAWKZtLNJ5NApFqYAydVQ0-kMl9-g,Radiance Clinic - Videos,DOCTOR_EXPLANATION,Clinic & Doctor,,,,Dr. Satyarth Prakash,,,clinic & doctor education,/about,HIGH,false,false,yt-dlp metadata export supplied to --input
GjEbBRMHbr8,https://www.youtube.com/watch?v=GjEbBRMHbr8,Hair Transplant Step by Step Explained by Radiance Clinics,Radiance Clinics provides modern Hair Transplant Solutions from Experienced Surgeons with Best Patient Care. Here Radiance Clinics Explained Hair Transplant Step by Step Procedures. For more details visit http://www.RadianceClinics.com,2016-07-22,PT1M24S,https://i.ytimg.com/vi/GjEbBRMHbr8/maxresdefault.jpg,Radiance Clinic - Videos,PROCEDURE,Hair Transplant,,/treatments/hair-restoration/fue-hair-transplant,/concerns/hair-transplant,,,,hair transplant education,/hair-transplant-bhubaneswar,MEDIUM,false,false,yt-dlp metadata export supplied to --input
pHbfTRBx6yQ,https://www.youtube.com/watch?v=pHbfTRBx6yQ,Hair Transplant Testimonial,Hair Transplant video from Radiance Clinics.,2015-03-11,PT1M24S,https://i.ytimg.com/vi/pHbfTRBx6yQ/hqdefault.jpg,Radiance Clinic - Videos,HAIR_TRANSPLANT_RESULT,Hair Transplant,,,/concerns/hair-transplant,,,candidate-only,result research,/results,MEDIUM,false,true,yt-dlp metadata export supplied to --input
RmYB7GUZaXs,https://www.youtube.com/watch?v=RmYB7GUZaXs,Laser Treatment in Bhubaneswar,"Radiance is an Odisha's cosmetic surgery clinic specializing in wrinkles, skin problems cellulite removal, laser hair removal, hair treatment and tattoo removal.",2014-11-24,PT24S,https://i.ytimg.com/vi/RmYB7GUZaXs/sddefault.jpg,Radiance Clinic - Videos,PROCEDURE,Laser Hair Reduction,,/treatments/skin-laser/laser-hair-reduction,/concerns/laser-hair-reduction,,"Bhubaneswar, Odisha",,laser hair reduction education,/laser-hair-removal-bhubaneswar,LOW,false,false,yt-dlp metadata export supplied to --input
F_Rfnqofvk4,https://www.youtube.com/watch?v=F_Rfnqofvk4,Live Laser Treatment in india | Radince Clinic Bhubaneswar,"The Radiance beauty Skin Care clinic Bhubanewsar is a dynamic, caring, and modern facility that offers dermatology, cosmetic surgery, and skin treatment across Odisha, India.",2014-11-24,PT2M3S,https://i.ytimg.com/vi/F_Rfnqofvk4/maxresdefault.jpg,Radiance Clinic - Videos,PROCEDURE,Skin Health,,,/concerns/skin-texture,,"Bhubaneswar, Odisha",,skin health education,/skin-clinic-bhubaneswar,MEDIUM,false,false,yt-dlp metadata export supplied to --input
wphEiTfBLB0,https://www.youtube.com/watch?v=wphEiTfBLB0,Laser Hair Removal in Odisha,Are you Looking for Laser Hair Removal in Odisha? Skin is the most important part of our body. It might lose its charm and glow due to over exposure to sun rays and other radical elements present in the atmosphere. Check out our video here.,2014-11-24,PT1M,https://i.ytimg.com/vi/wphEiTfBLB0/maxresdefault.jpg,Radiance Clinic - Videos,TREATMENT_EXPLAINER,Laser Hair Reduction,,/treatments/skin-laser/laser-hair-reduction,/concerns/laser-hair-reduction,,"Bhubaneswar, Odisha",,laser hair reduction education,/laser-hair-removal-bhubaneswar,HIGH,false,false,yt-dlp metadata export supplied to --input
FjlNEXkAC88,https://www.youtube.com/watch?v=FjlNEXkAC88,Mesotherapy Treatment Clinic Bhubaneswar,"Are you Looking for Mesotherapy Treatment Clinic Bhubaneswar? Radiance Clinics is one of the Best Clinic for Laser and Cosmetic Surgery provides Hair Transplant, Hair Loss, Laser Treatment, Mesotherapy Treatment, Body Shaping, Mole Removal, Tatto Removal, Weight Loss Treatment and more. Visit http://radianceclinics.com now!",2014-11-24,PT20S,https://i.ytimg.com/vi/FjlNEXkAC88/maxresdefault.jpg,Radiance Clinic - Videos,PROCEDURE,Hair Transplant,,/treatments/hair-restoration/fue-hair-transplant,/concerns/hair-transplant,,"Bhubaneswar, Odisha",,hair transplant education,/hair-transplant-bhubaneswar,LOW,false,false,yt-dlp metadata export supplied to --input
VAnB9zC4NZU,https://www.youtube.com/watch?v=VAnB9zC4NZU,Best Hair Transplant by Radiance Clinics,"Best Hair Transplant by Radiance Clinics: Radiance Hair Clinics is one of the Best Hair Transplant provider in Bhubaneswar, Odisha. Hair loss is one of the most embarrassing and self demoralizing thing that can happen to an individual.Radiance Hair Clinic is a best hair treatment clinic in Bhubaneswar, India. To know more about hair treatment clinic visit our website here: http://radiancehairclinics.com/",2014-11-21,PT29S,https://i.ytimg.com/vi/VAnB9zC4NZU/maxresdefault.jpg,Radiance Clinic - Videos,TREATMENT_EXPLAINER,Hair Transplant,,/treatments/hair-restoration/fue-hair-transplant,/concerns/hair-transplant,,"Bhubaneswar, Odisha",,hair transplant education,/hair-transplant-bhubaneswar,HIGH,false,false,yt-dlp metadata export supplied to --input
DEAEkTooDfI,https://www.youtube.com/watch?v=DEAEkTooDfI,Radiance Clinics: Best Hair Transplant Clinic,"Hair loss is one of the most embarrassing and self demoralizing thing that can happen to an individual.Radiance Hair Clinic is a best hair treatment clinic in Bhubaneswar, India. To know more about hair treatment clinic visit our website. http://radiancehairclinics.com/",2014-11-21,PT19S,https://i.ytimg.com/vi/DEAEkTooDfI/maxresdefault.jpg,Radiance Clinic - Videos,TREATMENT_EXPLAINER,Hair Transplant,,/treatments/hair-restoration/fue-hair-transplant,/concerns/hair-transplant,,"Bhubaneswar, Odisha",,hair transplant education,/hair-transplant-bhubaneswar,HIGH,false,false,yt-dlp metadata export supplied to --input
5dWNqyvcMqI,https://www.youtube.com/watch?v=5dWNqyvcMqI,Hair Transplant in India,"Hair transplant surgery is usually the last option in a long line of treatments for male hair loss. Men will typically try medications, lasers, and other methods before finally turning to surgery. If you are considering this option, then you are likely looking for a permanent solution to your receding hairline. Here we will discuss all you need to know about the Hair Transplant Surgery in Bhubaneswar.",2014-11-21,PT35S,https://i.ytimg.com/vi/5dWNqyvcMqI/maxresdefault.jpg,Radiance Clinic - Videos,PROCEDURE,Hair Transplant,,/treatments/hair-restoration/fue-hair-transplant,/concerns/hair-transplant,,"Bhubaneswar, Odisha",,hair transplant education,/hair-transplant-bhubaneswar,LOW,false,false,yt-dlp metadata export supplied to --input
1hQfQizyT60,https://www.youtube.com/watch?v=1hQfQizyT60,Affordable Hair Transplant at Radiance Clinics,"Are you looking for Affordable Hair Transplant? Radiance Clinic is Best hair transplant clinic in Bhubaneswar, Odisha, India. Visit our website at http://radianceclinics.com/ for further queries and appointments call us on +91-9238122550.",2014-11-21,PT1M28S,https://i.ytimg.com/vi/1hQfQizyT60/maxresdefault.jpg,Radiance Clinic - Videos,TREATMENT_EXPLAINER,Hair Transplant,,/treatments/hair-restoration/fue-hair-transplant,/concerns/hair-transplant,,"Bhubaneswar, Odisha",,hair transplant education,/hair-transplant-bhubaneswar,HIGH,false,false,yt-dlp metadata export supplied to --input
qvdN6D85_qQ,https://www.youtube.com/watch?v=qvdN6D85_qQ,Skin Care Clinic in Odisha,"The Radiance beauty Skin Care clinic in Bhubanewsar, Odisha is a dynamic, caring, and modern facility that offers dermatology, cosmetic surgery, and skin treatment across Odisha, India. To know more visit http://radianceclinics.com/.",2014-08-26,PT2M45S,https://i.ytimg.com/vi/qvdN6D85_qQ/sddefault.jpg?sqp=-oaymwEmCIAFEOAD8quKqQMa8AEB-AHUBoAC4AOKAgwIABABGHIgTCgyMA8=&rs=AOn4CLAAZi2wfxjJ3uX58E6grIx_ADaDYg,Radiance Clinic - Videos,PROCEDURE,Skin Health,,,/concerns/skin-texture,,"Bhubaneswar, Odisha",,skin health education,/skin-clinic-bhubaneswar,MEDIUM,false,false,yt-dlp metadata export supplied to --input
